chart_id,index_raw,source_mode,spot,position,stack,opponent,open,bet,source_hash,source_file,compressed_file,image_width,image_height,original_size_bytes,compressed_size_bytes,original_sha256,compressed_sha256
B2_0001,035,vssqueeze,Caller_IP_R_Mid,Any_position,25BB,SB,,5x,b1d6672fc2d1,035__spot-Caller_IP_R_Mid__position-Any_position__stack-25BB__opponent-SB__bet-5x__vssqueeze-b1d6672fc2d1.jpg,charts/0001.webp,434,600,30799,12228,baf19d8b1ad38df8198810eb7dc8a0268a885bf372f0d1a128b521810b67b0e7,4e8e97867ec08f100e1e4a6e7ccbb7f8f9fc537cb32eb0a7e211384d173ce55d
B2_0002,101,vssqueeze,IP_plus_SB,HJ-BTN,25BB,BB,,5x,7b38deb8927b,101__spot-IP_plus_SB__position-HJ-BTN__stack-25BB__opponent-BB__bet-5x__vssqueeze-7b38deb8927b.jpg,charts/0002.webp,434,600,30456,12210,339634e23851feeea46335f18056999f0c80b203a565b69c8d3754b96bbede59,9a15b75e45b8473e2a206f1adaaf0454253994942af94e6d666a0762a7d947c8
B2_0003,139,vssqueeze,Raiser_IP,EP-MP,25BB,BB,,6x,5d134a70f907,139__spot-Raiser_IP__position-EP-MP__stack-25BB__opponent-BB__bet-6x__vssqueeze-5d134a70f907.jpg,charts/0003.webp,434,600,28161,10504,ac55441c7ec4adff59e8e0e7b10f4f49671fa326a2d355ebcfc73181dfd36867,62671b0b53217be21877815cac6759e70b133d7b534b202caad383f0433f504a
B2_0004,127,vssqueeze,IP_plus_SB,SB_R_HJ-BTN,40BB,BB,,6x,f0273ae53155,127__spot-IP_plus_SB__position-SB_R_HJ-BTN__stack-40BB__opponent-BB__bet-6x__vssqueeze-f0273ae53155.jpg,charts/0004.webp,434,600,31494,12610,cc923e03cc6f84e643420a4847a74e68b1915ec8d47434eed0b196638d89acf9,74e066d85e405f99546970a381a720218c72e777ecb43e01dc2ff3af7397158e
B2_0005,030,vssqueeze,Caller_IP_R_Mid,Any_position,100BB,SB,,6x,6df987dc1fd9,030__spot-Caller_IP_R_Mid__position-Any_position__stack-100BB__opponent-SB__bet-6x__vssqueeze-6df987dc1fd9.jpg,charts/0005.webp,434,600,36460,14572,f0cefcab217d57348767c986717541c03d44a64cafd340d44e0aff6e871ce454,46194f82af02c8141ea9f63c9dc3d90beb6fd3cad53cbfd40d6b8cfd97402304
B2_0006,200,vssqueeze,Raiser_OOP,EP-MP,65BB,LJ-HJ,,3x,bfdc8adc7842,200__spot-Raiser_OOP__position-EP-MP__stack-65BB__opponent-LJ-HJ__bet-3x__vssqueeze-bfdc8adc7842.jpg,charts/0006.webp,434,600,33275,13470,4876bfb32b35df7e110cc3ef11e2311b042f95849d422dff7711d8551c3674a8,800eb95d5efd40410e92ccaf30bc811e2f0219bd5e33d66326ab8b1896810716
B2_0007,006,vssqueeze,Caller_IP_R_EP,Any_position,100BB,SB,,6x,178dec1f7026,006__spot-Caller_IP_R_EP__position-Any_position__stack-100BB__opponent-SB__bet-6x__vssqueeze-178dec1f7026.jpg,charts/0007.webp,434,600,34251,13520,a47c405dfed610c15c143cd22d24706b33d231588b8a6455fd5d03ba2aee8c58,acc42c8d6d507c166b42cf393f8c975995023c4c3cc7f7c432009b37cfa0abd3
B2_0008,051,vssqueeze,Caller_OOP_R_EP_MP,Any_position,100BB,CO-BTN,,5x,5e43c7fb876f,051__spot-Caller_OOP_R_EP_MP__position-Any_position__stack-100BB__opponent-CO-BTN__bet-5x__vssqueeze-5e43c7fb876f.jpg,charts/0008.webp,434,600,28444,11360,082a70ff1ed836c183aeb62269dd3562c56c6dc24c1754764a8f991a065994b7,bfdd1ebad4b25a1f6787ed92dab4a38c48d3bcdd5bdcbef849d558062de225eb
B2_0009,039,vssqueeze,Caller_IP_R_Mid,Any_position,40BB,BB,,6x,7cd7bbf0271b,039__spot-Caller_IP_R_Mid__position-Any_position__stack-40BB__opponent-BB__bet-6x__vssqueeze-7cd7bbf0271b.jpg,charts/0009.webp,434,600,28959,11386,66b29e955d886eec87f8d4741d5f0a9249080f22a04c28d74b3cc8e0638744fa,f0de44f14f65357d4413058545e7b1f54842312e2d881f241188734ac0db18e8
B2_0010,075,vssqueeze,Caller_OOP_R_LJ_HJ,Any_position,100BB,CO-BTN,,5x,16c5ecb1dcd3,075__spot-Caller_OOP_R_LJ_HJ__position-Any_position__stack-100BB__opponent-CO-BTN__bet-5x__vssqueeze-16c5ecb1dcd3.jpg,charts/0010.webp,434,600,31460,12848,61c7b891b1af593dbb76376766eba28eece6c8aa876f8a92304943b8b6a47326,3f74b344fe1e9e96ebf0b67b60d7590f74d3c6f05bce83db2f69133188e77035
B2_0011,106,vssqueeze,IP_plus_SB,HJ-BTN,65BB,BB,,4x,eadf3976636e,106__spot-IP_plus_SB__position-HJ-BTN__stack-65BB__opponent-BB__bet-4x__vssqueeze-eadf3976636e.jpg,charts/0011.webp,434,600,34458,13960,1484073398f499371440ccb2287d3d14c08869363e05712992e1195dbea78c4c,a7ae4657705b734c793b752a4582a9b96b4d375b9889b7a5b5b0135c5e2a5108
B2_0012,040,vssqueeze,Caller_IP_R_Mid,Any_position,40BB,SB,,4x,757910c895de,040__spot-Caller_IP_R_Mid__position-Any_position__stack-40BB__opponent-SB__bet-4x__vssqueeze-757910c895de.jpg,charts/0012.webp,434,600,31325,12792,6df380cb6c7c9b2e91761ec9d990383f19ed7748494b05d1265b88ceea7839da,478f839bf663634c78e164cfd26033c083dd72a67ba8ab61ab4e39459bb2416b
B2_0013,064,vssqueeze,Caller_OOP_R_EP_MP,Any_position,40BB,LJ-HJ,,3x,11477d74d941,064__spot-Caller_OOP_R_EP_MP__position-Any_position__stack-40BB__opponent-LJ-HJ__bet-3x__vssqueeze-11477d74d941.jpg,charts/0013.webp,434,600,34496,13962,0087695706643298469238295bc85b30ffb937246239cf50256b19741c1a61ce,6ea93a01e1e630993741cffbff543ff9a1ad66309e58a93c8c62200a6c9815ab
B2_0014,020,vssqueeze,Caller_IP_R_EP,Any_position,65BB,BB,,5x,e1b61674a47d,020__spot-Caller_IP_R_EP__position-Any_position__stack-65BB__opponent-BB__bet-5x__vssqueeze-e1b61674a47d.jpg,charts/0014.webp,434,600,28677,11202,b19a560cf23a716a72f120983fe33437e45083574fc3fe7ed6abb68a11af6a17,3b44a41f199940f4a6c980eb14261ec9b8d59824a3bb25350e150a57ff9f880c
B2_0015,082,vssqueeze,Caller_OOP_R_LJ_HJ,Any_position,65BB,CO-BTN,,3x,1d2e305757c0,082__spot-Caller_OOP_R_LJ_HJ__position-Any_position__stack-65BB__opponent-CO-BTN__bet-3x__vssqueeze-1d2e305757c0.jpg,charts/0015.webp,434,600,38475,15796,4f93075c2bfb57945cfd785f16ae376724c493586f8e6f4b6d0da8a7448b276d,00b2fced9a2a5e044315379692d4007e2c3e93a378c5dabaae2a45c7884d93e2
B2_0016,159,vssqueeze,Raiser_IP,HJ-CO,100BB,SB,,5x,17ed412c8935,159__spot-Raiser_IP__position-HJ-CO__stack-100BB__opponent-SB__bet-5x__vssqueeze-17ed412c8935.jpg,charts/0016.webp,434,600,36157,14786,ad571e6493cf6aeb3a1e4b22debe87fd1e8698809f13ba02c4a2d1d3e687f93b,9eb7d0f424c331738b9500637c6fbb3e6c176e0aae6fd26f1c2727155641af21
B2_0017,033,vssqueeze,Caller_IP_R_Mid,Any_position,25BB,BB,,6x,6892cf9a8be3,033__spot-Caller_IP_R_Mid__position-Any_position__stack-25BB__opponent-BB__bet-6x__vssqueeze-6892cf9a8be3.jpg,charts/0017.webp,434,600,29593,11472,ec9f3649f3f1d1209b178206f14e809058318d2421c1fc6b17c7fba8f6a95e89,15d0565a7e598f3319b75c9f392178836c07bc21334493dfb2cc432a475fde35
B2_0018,153,vssqueeze,Raiser_IP,EP-MP,65BB,SB,,5x,531533b2d619,153__spot-Raiser_IP__position-EP-MP__stack-65BB__opponent-SB__bet-5x__vssqueeze-531533b2d619.jpg,charts/0018.webp,434,600,29874,11786,13592739b398ad8359d06116b9f8a33c653f4ce5b7452d5bacbeb0bb33356428,99fdfaa783152ab376a32e7467d03beaf3641e79a15c988883c0152e2be848ce
B2_0019,166,vssqueeze,Raiser_IP,HJ-CO,25BB,SB,,6x,4a6c4a261611,166__spot-Raiser_IP__position-HJ-CO__stack-25BB__opponent-SB__bet-6x__vssqueeze-4a6c4a261611.jpg,charts/0019.webp,434,600,29123,11306,357319aa6185bcd0aad451396555e8d61d9c998be525f01fe50f3d0cbf0bbeeb,561268c4033536b75b2c53cb3d7eab8fb5ccfd7c650b0e02552282943f3b4186
B2_0020,016,vssqueeze,Caller_IP_R_EP,Any_position,40BB,SB,,4x,03b7f8465b56,016__spot-Caller_IP_R_EP__position-Any_position__stack-40BB__opponent-SB__bet-4x__vssqueeze-03b7f8465b56.jpg,charts/0020.webp,434,600,28150,10922,826aec07027ccf3a17771aae033ea355b8dfd691da62622f05dc03745d9c65d3,bb866d20d574a2416a5542da3ebe7d0335b7ec213596102e1caa65f2e94c9c30
B2_0021,122,vssqueeze,IP_plus_SB,SB_R_HJ-BTN,25BB,BB,,4x,ad6e81151470,122__spot-IP_plus_SB__position-SB_R_HJ-BTN__stack-25BB__opponent-BB__bet-4x__vssqueeze-ad6e81151470.jpg,charts/0021.webp,434,600,30030,11588,7601f5ffccbe152be76167c4525a9fc5d48edcd5c7905d0d51b4865042c2b06e,15aca3ffd77940253d5d77d0982d2af683b3cda53a145a31cbbc2741bd0825c7
B2_0022,052,vssqueeze,Caller_OOP_R_EP_MP,Any_position,100BB,LJ-HJ,,3x,efe59a54f920,052__spot-Caller_OOP_R_EP_MP__position-Any_position__stack-100BB__opponent-LJ-HJ__bet-3x__vssqueeze-efe59a54f920.jpg,charts/0022.webp,434,600,39063,15986,6ccea79cb42f1797a83a995eb04bcec141297beeee69bf35e5c3c2b747e317d5,f294605aa91b6abc86ab0b967fdcdae9f546ff44ab7f513a87b632397da92e18
B2_0023,071,vssqueeze,Caller_OOP_R_EP_MP,Any_position,65BB,LJ-HJ,,4x,0582a532be79,071__spot-Caller_OOP_R_EP_MP__position-Any_position__stack-65BB__opponent-LJ-HJ__bet-4x__vssqueeze-0582a532be79.jpg,charts/0023.webp,434,600,28340,11098,f60f5b6144bc9182a0d56f9f86b7f45d781f4330dae8d1615d795798f0e7cb22,b76524fe2c9efb7a3834ad9bdec8f3fd69cdb1079c588c7319ac001a04d4b78b
B2_0024,038,vssqueeze,Caller_IP_R_Mid,Any_position,40BB,BB,,5x,c68cd70a66f5,038__spot-Caller_IP_R_Mid__position-Any_position__stack-40BB__opponent-BB__bet-5x__vssqueeze-c68cd70a66f5.jpg,charts/0024.webp,434,600,29974,11706,5f926c4f12f6db6d5b5bb19fa856425f0ed7b192b31399d90558ce6ee218c28a,191bff0476b3906eccc353920d29819955bbb6571ae14e9c3cf9fb1d4b405665
B2_0025,189,vssqueeze,Raiser_OOP,EP-MP,25BB,LJ-HJ,,4x,3e42a60ad7b7,189__spot-Raiser_OOP__position-EP-MP__stack-25BB__opponent-LJ-HJ__bet-4x__vssqueeze-3e42a60ad7b7.jpg,charts/0025.webp,434,600,28525,11004,303d280e7105579d560dc1b1e35bf69ec2512d104a7988e1ca7814c7eba6462e,d73984ae57b47a700f12ab08516bac744778e8c461c73ed8be227ecaa7f767fe
B2_0026,005,vssqueeze,Caller_IP_R_EP,Any_position,100BB,SB,,5x,0a973b3815ac,005__spot-Caller_IP_R_EP__position-Any_position__stack-100BB__opponent-SB__bet-5x__vssqueeze-0a973b3815ac.jpg,charts/0026.webp,434,600,36960,14974,ea0874c5317237d78dbd3cd8fd1bb2d60d8b4f68edf9d8e36170c7a712e47b14,dce38ebeac9cb3e3cafe3f2803ad1aa3a1473f9e89197e5e897ed2a3c28799fc
B2_0027,100,vssqueeze,IP_plus_SB,HJ-BTN,25BB,BB,,4x,bbcbac56d3a4,100__spot-IP_plus_SB__position-HJ-BTN__stack-25BB__opponent-BB__bet-4x__vssqueeze-bbcbac56d3a4.jpg,charts/0027.webp,434,600,30147,11656,b39a9d83f06946fa62f74e744d97d460ac80695dcf1e66d55000c9242aeb4aca,ae7192feb9f19568f063c5c38fbbbcc3c22b348f841318d0ed3f047aa694eb49
B2_0028,128,vssqueeze,IP_plus_SB,SB_R_HJ-BTN,65BB,BB,,4x,bfa4226e5cc5,128__spot-IP_plus_SB__position-SB_R_HJ-BTN__stack-65BB__opponent-BB__bet-4x__vssqueeze-bfa4226e5cc5.jpg,charts/0028.webp,434,600,27879,10894,64507698f423bd82cb7fc70a8dc9a52a90dd83b08d24394dfadebd543c44dda0,2a3ae59dd40be077c181f8661e70c8bcde97c243b90492ed3984ab26fa05f48a
B2_0029,142,vssqueeze,Raiser_IP,EP-MP,25BB,SB,,6x,7e80c82fb8cb,142__spot-Raiser_IP__position-EP-MP__stack-25BB__opponent-SB__bet-6x__vssqueeze-7e80c82fb8cb.jpg,charts/0029.webp,434,600,28891,11074,0065188db2bef2b3df8a2b230b493a5cfbb3c0745efe2c621c484b27e6b1c66e,4f0e9610faefe799a79f16b39523017b7e90456e4ce6f7ca7276c350dfd8a102
B2_0030,031,vssqueeze,Caller_IP_R_Mid,Any_position,25BB,BB,,4x,de7337aaab86,031__spot-Caller_IP_R_Mid__position-Any_position__stack-25BB__opponent-BB__bet-4x__vssqueeze-de7337aaab86.jpg,charts/0030.webp,434,600,29899,11668,e62fc0926046d934a36c477ff8c811ff1bfd541ee9df12561bdb739bded57409,fbe460887ac58ed8d49876d76bc259bd625ff967307e233d88e1491b360e96d7
B2_0031,070,vssqueeze,Caller_OOP_R_EP_MP,Any_position,65BB,LJ-HJ,,3x,d70edf1a63b7,070__spot-Caller_OOP_R_EP_MP__position-Any_position__stack-65BB__opponent-LJ-HJ__bet-3x__vssqueeze-d70edf1a63b7.jpg,charts/0031.webp,434,600,35969,15098,e4ce431a18d4fc5c44ec32b30c083368f2dc3622513b7175e6d16381cead790d,349b6eccd04c6fd8d93351a8358a15f6ea26b008e6770ef98f77f225d205869c
B2_0032,079,vssqueeze,Caller_OOP_R_LJ_HJ,Any_position,40BB,CO-BTN,,3x,8e4bea504430,079__spot-Caller_OOP_R_LJ_HJ__position-Any_position__stack-40BB__opponent-CO-BTN__bet-3x__vssqueeze-8e4bea504430.jpg,charts/0032.webp,434,600,36810,15032,7f36396eb3ca57a8c50f39117c146cdcc6fe8073318931ec4995fe2bea66e236,a430f550de3ca9638efd1401a4ab976b8e2e68e5f5ff5a5312f613b9ebb40f23
B2_0033,036,vssqueeze,Caller_IP_R_Mid,Any_position,25BB,SB,,6x,f37e638dfe08,036__spot-Caller_IP_R_Mid__position-Any_position__stack-25BB__opponent-SB__bet-6x__vssqueeze-f37e638dfe08.jpg,charts/0033.webp,434,600,31062,12238,76effe5eb5254145e624e4c74a74949cf5375b871b7a714a3f1bb7559290bb42,a9428ebdf3bdc9d568735b1e06cbc7817d0b73537c2a41ee57011564126de266
B2_0034,177,vssqueeze,Raiser_IP,HJ-CO,65BB,SB,,5x,3449cd99395b,177__spot-Raiser_IP__position-HJ-CO__stack-65BB__opponent-SB__bet-5x__vssqueeze-3449cd99395b.jpg,charts/0034.webp,434,600,31128,12184,6b077fc41430a394cd63f899a6ec60222a6ceb42621833a0eb6addeb99f4eca0,29897593131140cb240214917a4d91c1b26030d10f5a48030daadbef0c532b45
B2_0035,008,vssqueeze,Caller_IP_R_EP,Any_position,25BB,BB,,5x,9bd317f9be9a,008__spot-Caller_IP_R_EP__position-Any_position__stack-25BB__opponent-BB__bet-5x__vssqueeze-9bd317f9be9a.jpg,charts/0035.webp,434,600,27793,10348,895846baf2b06181a5ed33d1d5fc327131ba5bad040ac38024d2df72296885c6,2981daa110cfd1e54f02287a3b06fd02a72d458dc49680954f64cedf12938929
B2_0036,092,vssqueeze,IP_plus_SB,EP-MP,40BB,BB,,5x,55ea94042fab,092__spot-IP_plus_SB__position-EP-MP__stack-40BB__opponent-BB__bet-5x__vssqueeze-55ea94042fab.jpg,charts/0036.webp,434,600,27782,10880,4c54eeb399e1b877d23e69dc6da379bbef4903297f3eca4c582f9a6a0fba63f7,656bd6a0157b1381da7e99d3c48f205088ce0cb255f21fdcb3b193dd6980efb3
B2_0037,074,vssqueeze,Caller_OOP_R_LJ_HJ,Any_position,100BB,CO-BTN,,4x,75e08d492f05,074__spot-Caller_OOP_R_LJ_HJ__position-Any_position__stack-100BB__opponent-CO-BTN__bet-4x__vssqueeze-75e08d492f05.jpg,charts/0037.webp,434,600,37548,15508,4d81f5cae8c65508f6d68f57b829109dd759c5611597dd161eb576b258629af8,f2a5a4590f39cedbf766a82614e6e5c2658aa924cae250744a273b2241e7fc66
B2_0038,054,vssqueeze,Caller_OOP_R_EP_MP,Any_position,100BB,LJ-HJ,,5x,6b3733f34024,054__spot-Caller_OOP_R_EP_MP__position-Any_position__stack-100BB__opponent-LJ-HJ__bet-5x__vssqueeze-6b3733f34024.jpg,charts/0038.webp,434,600,28437,11288,93371d953a126125396ade6b10cf3ec2b0c9ed1e63ccaa4e620d8ce3bd9429bc,386ecdd68856a06e2e0b2eade5603d3ce0869fd8d7af141a50e7915411b9333e
B2_0039,068,vssqueeze,Caller_OOP_R_EP_MP,Any_position,65BB,CO-BTN,,4x,c7678fe2846d,068__spot-Caller_OOP_R_EP_MP__position-Any_position__stack-65BB__opponent-CO-BTN__bet-4x__vssqueeze-c7678fe2846d.jpg,charts/0039.webp,434,600,29367,11574,0831b6c247fd243339d0f1ee7cd3e9ea5558c994591d828bb8237facfad77b8e,f0a3d2719cd0c07058ac1d97ca7a519c6e24c5fe081364161494e3614237d633
B2_0040,034,vssqueeze,Caller_IP_R_Mid,Any_position,25BB,SB,,4x,a59c415b96fd,034__spot-Caller_IP_R_Mid__position-Any_position__stack-25BB__opponent-SB__bet-4x__vssqueeze-a59c415b96fd.jpg,charts/0040.webp,434,600,31304,12430,f1a997d6095333e7cff03eb1ca1166b55b4d775524b116eeaf6ffcac8dd20b3a,82c8024202eed25f6278b2d0df8bcf52439e39be0c5df45ae9fce1082198dccc
B2_0041,143,vssqueeze,Raiser_IP,EP-MP,40BB,BB,,4x,48f8557fa7d2,143__spot-Raiser_IP__position-EP-MP__stack-40BB__opponent-BB__bet-4x__vssqueeze-48f8557fa7d2.jpg,charts/0041.webp,434,600,28113,10940,8b959381bcd691dfed12a3aa6afa5aa7ba8807852755191a2f6ae53bc670395e,c8549b427479a76dfd4655d03177e50599beba80c8d16b600cbab94e3bfecdd2
B2_0042,059,vssqueeze,Caller_OOP_R_EP_MP,Any_position,25BB,LJ-HJ,,4x,edbc32e0a338,059__spot-Caller_OOP_R_EP_MP__position-Any_position__stack-25BB__opponent-LJ-HJ__bet-4x__vssqueeze-edbc32e0a338.jpg,charts/0042.webp,434,600,29957,11694,fa4b58a6581f21f9b39b37344f3c3348ce5568b517584828df7c3176bb3a04b2,c9213849461d77e955d58bc529c59df52873c90d8bbb2e3bba34e0b44928b5ad
B2_0043,026,vssqueeze,Caller_IP_R_Mid,Any_position,100BB,BB,,5x,fd97cd7aae0f,026__spot-Caller_IP_R_Mid__position-Any_position__stack-100BB__opponent-BB__bet-5x__vssqueeze-fd97cd7aae0f.jpg,charts/0043.webp,434,600,35081,14330,01be0ad6df293a34735da667de18cb40a4d0ba2748f21adff9cce96f20967133,7ba88d3b44cff7a945f0d337f97ed11ffa627f3e88e234a784bac5164d9d5ee7
B2_0044,121,vssqueeze,IP_plus_SB,SB_R_HJ-BTN,100BB,BB,,6x,c0952ddb1bea,121__spot-IP_plus_SB__position-SB_R_HJ-BTN__stack-100BB__opponent-BB__bet-6x__vssqueeze-c0952ddb1bea.jpg,charts/0044.webp,434,600,29987,11820,2bf2badcafe88ac304dbe66676329d38136189ea152355fb5bf464ea40dd9d99,9d488ee45d0c3e66411e10f059adacd1c5be13c398291d0c52886231c1fd1f04
B2_0045,124,vssqueeze,IP_plus_SB,SB_R_HJ-BTN,25BB,BB,,6x,b3efb5443aac,124__spot-IP_plus_SB__position-SB_R_HJ-BTN__stack-25BB__opponent-BB__bet-6x__vssqueeze-b3efb5443aac.jpg,charts/0045.webp,434,600,32326,13064,1d467c030613f8f33f6cfc2f8d09160349a28bba97f2f0ada7736628ab4320ad,9cd894a47897a55b840317ff7552f27d7b8dd01ff9bf78b25f08d65ea7781ac0
B2_0046,193,vssqueeze,Raiser_OOP,EP-MP,40BB,CO-BTN,,5x,298a55bab616,193__spot-Raiser_OOP__position-EP-MP__stack-40BB__opponent-CO-BTN__bet-5x__vssqueeze-298a55bab616.jpg,charts/0046.webp,434,600,29221,11454,a4598f62d59cd36432d829269468fc12576a7a365ab981fd195a803b1e9cb87d,6cae8641b9efac969cce999de348037994b21b8aaf92fb56b642d4ac69e913a4
B2_0047,058,vssqueeze,Caller_OOP_R_EP_MP,Any_position,25BB,LJ-HJ,,3x,88bf5511261a,058__spot-Caller_OOP_R_EP_MP__position-Any_position__stack-25BB__opponent-LJ-HJ__bet-3x__vssqueeze-88bf5511261a.jpg,charts/0047.webp,434,600,33432,13638,f453ba00a91007c3fda4f5f4797871ac43594e2a9611b82d37efd5f8f1601709,9b77419620033b4186f0c62422e3a2d41c33212ecd821715b9fe9a0ae2b624f5
B2_0048,022,vssqueeze,Caller_IP_R_EP,Any_position,65BB,SB,,4x,d62dfedc681c,022__spot-Caller_IP_R_EP__position-Any_position__stack-65BB__opponent-SB__bet-4x__vssqueeze-d62dfedc681c.jpg,charts/0048.webp,434,600,32392,12796,d3deff55b59c3fcec232c4876bd73fbc18b828deefcb5eb7fcf34d89c9003e2e,3acd6b814d5307bc4b7f97fdb2a15d8e3b1373403ea2682a80e4e93fe8f4d5f2
B2_0049,187,vssqueeze,Raiser_OOP,EP-MP,25BB,CO-BTN,,5x,7d3ef839fb39,187__spot-Raiser_OOP__position-EP-MP__stack-25BB__opponent-CO-BTN__bet-5x__vssqueeze-7d3ef839fb39.jpg,charts/0049.webp,434,600,29024,11414,da138a671281af33e60a4d82c7285864361f337021adbd09371d9c981dc1c1a7,847d4d789da4e151785f1d49768919b391f44a7655c7088c72f5014f2c7e259c
B2_0050,047,vssqueeze,Caller_IP_R_Mid,Any_position,65BB,SB,,5x,0fa19e2c187e,047__spot-Caller_IP_R_Mid__position-Any_position__stack-65BB__opponent-SB__bet-5x__vssqueeze-0fa19e2c187e.jpg,charts/0050.webp,434,600,34727,13716,3a40be41e79fc8a28c7879f24831fbcafe212a2b268740f4c80a31d08aaa1053,19f7781578c7b3647b499fec464ab22571b3671c9801890dd63443f3ffe00c38
B2_0051,107,vssqueeze,IP_plus_SB,HJ-BTN,65BB,BB,,5x,5623d6718cbf,107__spot-IP_plus_SB__position-HJ-BTN__stack-65BB__opponent-BB__bet-5x__vssqueeze-5623d6718cbf.jpg,charts/0051.webp,434,600,33930,13574,d963516f0f0801eaf2bcdf61529bf7b856ba06d64ac50ec0b01b1506765f6ebd,1784d6039b735b7afc638be73009f6369ba79330ed5f5da0df0a018b51829b8d
B2_0052,154,vssqueeze,Raiser_IP,EP-MP,65BB,SB,,6x,7866a40d1dac,154__spot-Raiser_IP__position-EP-MP__stack-65BB__opponent-SB__bet-6x__vssqueeze-7866a40d1dac.jpg,charts/0052.webp,434,600,28032,10912,ff2915f821ba1a7f186c9309386afac260770e115e8f4a79c63ed298089d1550,bd604e58f04f9efcd8d4da5cd8aed726fb03b466183a17b4e370ff5e3e73e150
B2_0053,144,vssqueeze,Raiser_IP,EP-MP,40BB,BB,,5x,b71f406e6f77,144__spot-Raiser_IP__position-EP-MP__stack-40BB__opponent-BB__bet-5x__vssqueeze-b71f406e6f77.jpg,charts/0053.webp,434,600,28730,11238,ef4bd1721db4e0c6e9b283fa1a15295746a7bf3dde911f037e4e11b19d79daa4,aca4e7896dc814d6f3fd4a6ef346284b2d3a93bd9263cc1bd923e3d59c5b357f
B2_0054,046,vssqueeze,Caller_IP_R_Mid,Any_position,65BB,SB,,4x,6fcdcd813b40,046__spot-Caller_IP_R_Mid__position-Any_position__stack-65BB__opponent-SB__bet-4x__vssqueeze-6fcdcd813b40.jpg,charts/0054.webp,434,600,36782,15052,b9343bc900a7f51726156c17487b52be7a2d8af067c1e7142dfd2623936c2c0c,0283b45c47e2df46995ea38800781e47605f1956386cb743196a2be0a1a00ada
B2_0055,053,vssqueeze,Caller_OOP_R_EP_MP,Any_position,100BB,LJ-HJ,,4x,5110eb07a9f3,053__spot-Caller_OOP_R_EP_MP__position-Any_position__stack-100BB__opponent-LJ-HJ__bet-4x__vssqueeze-5110eb07a9f3.jpg,charts/0055.webp,434,600,32515,13172,6a6b694323b37a7444222fca3d43e4e3a5d9e8c7d844d0e3685f247f05a6d332,ddc6f43c3be21d39b8c8bde2d417883019549ec11099d287a66cd2f894b7a05e
B2_0056,007,vssqueeze,Caller_IP_R_EP,Any_position,25BB,BB,,4x,436743c6bcc1,007__spot-Caller_IP_R_EP__position-Any_position__stack-25BB__opponent-BB__bet-4x__vssqueeze-436743c6bcc1.jpg,charts/0056.webp,434,600,27544,10356,e670d69b6e7cbf3563f8fd30a2af99927627ea379f2bb145ad922e886f579304,d0ffdc46e4484b6d5a16564446df894aa1929eb01b8bdc72e7a03abbc5aad67b
B2_0057,062,vssqueeze,Caller_OOP_R_EP_MP,Any_position,40BB,CO-BTN,,4x,ce67a2e2e136,062__spot-Caller_OOP_R_EP_MP__position-Any_position__stack-40BB__opponent-CO-BTN__bet-4x__vssqueeze-ce67a2e2e136.jpg,charts/0057.webp,434,600,31272,12560,d2487f9be248d8e8040be1a6f7867e67ba7e9bcf7ec33b5bfbe6f8010e958c51,c837ef53ee0f8ced17d50a19e37b40e9f25804087c0d004b2b008175c2cba557
B2_0058,181,vssqueeze,Raiser_OOP,EP-MP,100BB,CO-BTN,,5x,b38d233e5718,181__spot-Raiser_OOP__position-EP-MP__stack-100BB__opponent-CO-BTN__bet-5x__vssqueeze-b38d233e5718.jpg,charts/0058.webp,434,600,28725,11456,a4a1cd336bf47e60877d7eec6221af29291dfbb53b60672e40bebc2be5184585,5f3c132a2af5a131efbbc70dd61a73d6fce5745e550ac9935873856c9fe4867e
B2_0059,085,vssqueeze,IP_plus_SB,EP-MP,100BB,BB,,4x,7e5c8783ff9d,085__spot-IP_plus_SB__position-EP-MP__stack-100BB__opponent-BB__bet-4x__vssqueeze-7e5c8783ff9d.jpg,charts/0059.webp,434,600,34406,13990,0cd9e80ed2e81da3ef5d910ec629a0c50537e36178db0c62c46cb00fb69ce146,b45d8da86c32f6bea9c6fca8d37e8aaa2a3e4c3161d785c31a2210496114845a
B2_0060,110,vssqueeze,IP_plus_SB,SB_R_EP-MP,100BB,BB,,5x,ef3ac5f6e2c6,110__spot-IP_plus_SB__position-SB_R_EP-MP__stack-100BB__opponent-BB__bet-5x__vssqueeze-ef3ac5f6e2c6.jpg,charts/0060.webp,434,600,27816,10938,e75d0555d47979c191efde4d149af7bbd576ffe803fe1f6bc3b6f3de5bd5ab82,4c2b197ee09c1c23e85427c139a666d76b5032c812e49adb2f3fddffcb9564cf
B2_0061,150,vssqueeze,Raiser_IP,EP-MP,65BB,BB,,5x,d42a0c00ccda,150__spot-Raiser_IP__position-EP-MP__stack-65BB__opponent-BB__bet-5x__vssqueeze-d42a0c00ccda.jpg,charts/0061.webp,434,600,28671,11164,878f65bcb6cc7df187a00b0bfc6983324f3e34f8f9b22ee7674f61a445e04888,0f17f60aec4dff6f6634ffb97ee123ee0f2757ea06e98d0a6b1c6c221052615c
B2_0062,081,vssqueeze,Caller_OOP_R_LJ_HJ,Any_position,40BB,CO-BTN,,5x,6b994585c725,081__spot-Caller_OOP_R_LJ_HJ__position-Any_position__stack-40BB__opponent-CO-BTN__bet-5x__vssqueeze-6b994585c725.jpg,charts/0062.webp,434,600,29949,12148,feb960fb8568ecf93ecd616e636bab3513498bc3c3a36f444a19cfef55ae8733,6c7fa624737e745394e94d22727d800b2e7f5b921687f85616f524e91d19b847
B2_0063,156,vssqueeze,Raiser_IP,HJ-CO,100BB,BB,,5x,428cbcf2befe,156__spot-Raiser_IP__position-HJ-CO__stack-100BB__opponent-BB__bet-5x__vssqueeze-428cbcf2befe.jpg,charts/0063.webp,434,600,35568,14704,4f74004ef7b6005f89a9ba31aff80ac3e14696dfc3f1ce2c002be0af968e48de,404a9f511c314a78d69e2fc834a0108dfba13c71cda808c632ed3976a09c487a
B2_0064,141,vssqueeze,Raiser_IP,EP-MP,25BB,SB,,5x,cead6fbf6509,141__spot-Raiser_IP__position-EP-MP__stack-25BB__opponent-SB__bet-5x__vssqueeze-cead6fbf6509.jpg,charts/0064.webp,434,600,28738,11080,f8c6262f8c53546014ff4dce7fb5202fd6e80ef1f9edf24d681ba75f4e7a01c7,fb662daed0fb3f9668e2c01e2e624a49fce690a72af51747b325d990c70ae92c
B2_0065,185,vssqueeze,Raiser_OOP,EP-MP,25BB,CO-BTN,,3x,4d018bb3b888,185__spot-Raiser_OOP__position-EP-MP__stack-25BB__opponent-CO-BTN__bet-3x__vssqueeze-4d018bb3b888.jpg,charts/0065.webp,434,600,30935,12518,dbb06adcc82279ba8c55eed6a80e89b05994b576fe00f09ba2471ed2cf200cf0,cae2ff046743dcd36e78122e10f0561c03ffa3f274d478d9dd8af72b2effe223
B2_0066,176,vssqueeze,Raiser_IP,HJ-CO,65BB,SB,,4x,af09be391b0e,176__spot-Raiser_IP__position-HJ-CO__stack-65BB__opponent-SB__bet-4x__vssqueeze-af09be391b0e.jpg,charts/0066.webp,434,600,32552,12972,fc1c80590edd556b2c7eb8de1d5a2e3ce20de979d61553cd7cbfaf95ab422f6c,44862ca51fe1beb6b08c143e4c3d0271d0a448711b100e48826e7a76411ed451
B2_0067,152,vssqueeze,Raiser_IP,EP-MP,65BB,SB,,4x,4579249103de,152__spot-Raiser_IP__position-EP-MP__stack-65BB__opponent-SB__bet-4x__vssqueeze-4579249103de.jpg,charts/0067.webp,434,600,32082,12754,d2c9b059b8d8bc38284e9dc543c9765e6c34fa17202303b8a578350365fff164,8e051207bf49327dab36127ad292b0b8c42002e9a8e6c573a5385380d97ff8d3
B2_0068,192,vssqueeze,Raiser_OOP,EP-MP,40BB,CO-BTN,,4x,801abc4be078,192__spot-Raiser_OOP__position-EP-MP__stack-40BB__opponent-CO-BTN__bet-4x__vssqueeze-801abc4be078.jpg,charts/0068.webp,434,600,29368,11468,41c793e2900e5ff2bb6f83070170f4addd3b75eeb0bedad047876259d62f5bf4,0cf569d62d125ea806e828d21c30e7f2d614fb585e6fd2146640f292de78423b
B2_0069,088,vssqueeze,IP_plus_SB,EP-MP,25BB,BB,,4x,7cac880d4c5c,088__spot-IP_plus_SB__position-EP-MP__stack-25BB__opponent-BB__bet-4x__vssqueeze-7cac880d4c5c.jpg,charts/0069.webp,434,600,27391,10548,20b1cf7ec4ea1bdc84f5112074a063d3a28c875ffe506d43767f9ea707bc9b09,ecf2192eae251344aba3ee8edd82e618f9056bfc27cbc7b2044d00f1de58bd05
B2_0070,076,vssqueeze,Caller_OOP_R_LJ_HJ,Any_position,25BB,CO-BTN,,3x,bcbc164342c8,076__spot-Caller_OOP_R_LJ_HJ__position-Any_position__stack-25BB__opponent-CO-BTN__bet-3x__vssqueeze-bcbc164342c8.jpg,charts/0070.webp,434,600,38243,16134,0636e1cf77b97d3dce8e8ab7128fcd7d103226538c08c5211fe5c64be6993983,d043429b0aff2f54dc68aae54c9f8d89daf14be31afed9760c14e51850eb38b0
B2_0071,102,vssqueeze,IP_plus_SB,HJ-BTN,25BB,BB,,6x,2d7e42432a5f,102__spot-IP_plus_SB__position-HJ-BTN__stack-25BB__opponent-BB__bet-6x__vssqueeze-2d7e42432a5f.jpg,charts/0071.webp,434,600,31005,12416,8efdeaf33d38ba0d32c98b79b71c456082e146621471d2b40cb7c5b9c574afed,187e8d919a303e8a22bba714c6d2c7f8d696a799b3a3f2ad4401743fbeb6d470
B2_0072,090,vssqueeze,IP_plus_SB,EP-MP,25BB,BB,,6x,4b732b606e3b,090__spot-IP_plus_SB__position-EP-MP__stack-25BB__opponent-BB__bet-6x__vssqueeze-4b732b606e3b.jpg,charts/0072.webp,434,600,27738,10674,94e4f18328173158fc2e2f2edffa3936275c1ff2fa98261954bef9902608cf97,e28263b3cab23c13f5bb38fa4bc90ea7ab2956a4427f12dc4f4f30ff2ed65ab1
B2_0073,164,vssqueeze,Raiser_IP,HJ-CO,25BB,SB,,4x,146e03dae5d7,164__spot-Raiser_IP__position-HJ-CO__stack-25BB__opponent-SB__bet-4x__vssqueeze-146e03dae5d7.jpg,charts/0073.webp,434,600,29847,11462,82f83adf4f0cf81584213940640d5cc42f61df23f960f63202ff6ef6f6006b43,216a536a3c1a9c2778a7d56dd5b95aa95ecb4b05436bc619fbbb7e9d8a039def
B2_0074,057,vssqueeze,Caller_OOP_R_EP_MP,Any_position,25BB,CO-BTN,,5x,ed2a4a8298a4,057__spot-Caller_OOP_R_EP_MP__position-Any_position__stack-25BB__opponent-CO-BTN__bet-5x__vssqueeze-ed2a4a8298a4.jpg,charts/0074.webp,434,600,30260,12318,de960b4cb4e2434c24741fd9f2bb08ca274b00ffa53923f2b2aed64900714d12,cb72c711013f9478e3039e924870c717b571b5f8031c5da294a0b97530c3128f
B2_0075,080,vssqueeze,Caller_OOP_R_LJ_HJ,Any_position,40BB,CO-BTN,,4x,c485c2249c74,080__spot-Caller_OOP_R_LJ_HJ__position-Any_position__stack-40BB__opponent-CO-BTN__bet-4x__vssqueeze-c485c2249c74.jpg,charts/0075.webp,434,600,28855,11336,90d4bcf81c95b65f67eb353381d1ea7fbe4054de3be5279b461e6576cff9dbbd,f40f4851ae0686526a5bf9c11997232728a566bb171e2e2069f4a78a35e23cd7
B2_0076,087,vssqueeze,IP_plus_SB,EP-MP,100BB,BB,,6x,bef8c7437956,087__spot-IP_plus_SB__position-EP-MP__stack-100BB__opponent-BB__bet-6x__vssqueeze-bef8c7437956.jpg,charts/0076.webp,434,600,31712,12816,34a73e81a20f52600ff8774ac11d5dc0505f94c2b1dd8502f717130eee9fed54,a386c2d120adc1ab96632d1c8cd126582eb9862ccb31848fccddb018b08ed37f
B2_0077,028,vssqueeze,Caller_IP_R_Mid,Any_position,100BB,SB,,4x,ec6828e0a782,028__spot-Caller_IP_R_Mid__position-Any_position__stack-100BB__opponent-SB__bet-4x__vssqueeze-ec6828e0a782.jpg,charts/0077.webp,434,600,36734,14720,7f7ac4fba716ec5a6fc4f8415ba1cfe4f4fdafa561c5da03cc0a4f8568cde078,5bfcbe3ec66696836383545a1926b2f071e9fdd0c99459f019c4b8a7ca67b0c0
B2_0078,199,vssqueeze,Raiser_OOP,EP-MP,65BB,CO-BTN,,5x,93c4a1c76dcd,199__spot-Raiser_OOP__position-EP-MP__stack-65BB__opponent-CO-BTN__bet-5x__vssqueeze-93c4a1c76dcd.jpg,charts/0078.webp,434,600,28306,11090,7ba6276cd0f199cec0c558761b23c4c63b1b5abaac645f2e1132adcc2e4ed4e4,f7e0cc3209bf87ce8dfbcea83ba2e862ce759ca49db01b59a23221b4aff85f08
B2_0079,093,vssqueeze,IP_plus_SB,EP-MP,40BB,BB,,6x,d46f9f1e43e0,093__spot-IP_plus_SB__position-EP-MP__stack-40BB__opponent-BB__bet-6x__vssqueeze-d46f9f1e43e0.jpg,charts/0079.webp,434,600,27813,10894,1dc5f721ffbb45cbeec62b216aa739faecf9b8aaa450a1159c7ac8d366ca78b7,1353b30f33cbb5c7fbdfc3aae42099166717b3a9879de642285f17141b105714
B2_0080,180,vssqueeze,Raiser_OOP,EP-MP,100BB,CO-BTN,,4x,4adedc7ffd13,180__spot-Raiser_OOP__position-EP-MP__stack-100BB__opponent-CO-BTN__bet-4x__vssqueeze-4adedc7ffd13.jpg,charts/0080.webp,434,600,32728,13322,e9006335ad5424983aff3e8298aff93e549ab9bd042021860bff6e60678d0c52,d849e8e445ee9db5cc2a1cf45b0d9cc18211e9fb0ba6fac9928b7ea3e4c4f359
B2_0081,135,vssqueeze,Raiser_IP,EP-MP,100BB,SB,,5x,17589b462306,135__spot-Raiser_IP__position-EP-MP__stack-100BB__opponent-SB__bet-5x__vssqueeze-17589b462306.jpg,charts/0081.webp,434,600,35087,14178,0204ddad566c542852ae383b520a240bf59cf89a95bb09325ad92284aeb7da68,3812a285e0287e97d73a222594a6d71e076769b9c05cfc547a04ebecba09fc7a
B2_0082,202,vssqueeze,Raiser_OOP,EP-MP,65BB,LJ-HJ,,5x,49367ed1a06c,202__spot-Raiser_OOP__position-EP-MP__stack-65BB__opponent-LJ-HJ__bet-5x__vssqueeze-49367ed1a06c.jpg,charts/0082.webp,434,600,28015,11134,e68891b8647a16606d43115b9d299ae9b078fd53286a948abbfd8de37f6f5b12,0706343dbe53b179705033dd257a47af51815dd8b2ca2584059ea21ff40e1561
B2_0083,174,vssqueeze,Raiser_IP,HJ-CO,65BB,BB,,5x,8744323c5f09,174__spot-Raiser_IP__position-HJ-CO__stack-65BB__opponent-BB__bet-5x__vssqueeze-8744323c5f09.jpg,charts/0083.webp,434,600,30103,11830,7e980327978ea4e8144eb296e0bc0ae25132087d1e915d172cd2df0b9d9d6fd4,5fd070c54407295277444c51acbd1594bd0f401eefcb1fa904b8387bbbca68f9
B2_0084,084,vssqueeze,Caller_OOP_R_LJ_HJ,Any_position,65BB,CO-BTN,,5x,8d6c72e9a663,084__spot-Caller_OOP_R_LJ_HJ__position-Any_position__stack-65BB__opponent-CO-BTN__bet-5x__vssqueeze-8d6c72e9a663.jpg,charts/0084.webp,434,600,31018,12700,81bd79b3258aa5dca99f9cef54f7dad0bf98d12efaee504d32523e85237bb115,f2126c7bb81bdc27aa7125827a43456be9584ab37875750d097d0bb7ecf7251d
B2_0085,201,vssqueeze,Raiser_OOP,EP-MP,65BB,LJ-HJ,,4x,da33ab5af231,201__spot-Raiser_OOP__position-EP-MP__stack-65BB__opponent-LJ-HJ__bet-4x__vssqueeze-da33ab5af231.jpg,charts/0085.webp,434,600,28057,11108,0d7ebdb7c819ffa14eb7dc5e6cc55a09874101f48d2b358d8dfe43dbf7c1a880,b1ecdf5f62f9013c52634c6c794ae520e844994ebf5dc7b31e6804da7195081e
B2_0086,167,vssqueeze,Raiser_IP,HJ-CO,40BB,BB,,4x,101f5413f66f,167__spot-Raiser_IP__position-HJ-CO__stack-40BB__opponent-BB__bet-4x__vssqueeze-101f5413f66f.jpg,charts/0086.webp,434,600,30287,12026,1e6b54ff6634be2c427f897ce06947240f118944b0dc894412bbab3860ca3c6c,fd56e281d2fe555440d5d15afa6667c67bac3c891c1061044499fbc547c0c064
B2_0087,056,vssqueeze,Caller_OOP_R_EP_MP,Any_position,25BB,CO-BTN,,4x,5ab1691fd287,056__spot-Caller_OOP_R_EP_MP__position-Any_position__stack-25BB__opponent-CO-BTN__bet-4x__vssqueeze-5ab1691fd287.jpg,charts/0087.webp,434,600,31064,12608,2727dea2155a7b50fc0cd8744b46da98923f13ad644b4746bbb25b1780771053,29d971e01685be717a8c1b6d065b5e3c4db46ad5d329e8cd755bb61148467d06
B2_0088,146,vssqueeze,Raiser_IP,EP-MP,40BB,SB,,4x,ecd1ffdb7d94,146__spot-Raiser_IP__position-EP-MP__stack-40BB__opponent-SB__bet-4x__vssqueeze-ecd1ffdb7d94.jpg,charts/0088.webp,434,600,28987,11262,d566a792918f561d2c61f0398eea6c1d17db9fbff6440387a73a84b6ee3fc174,6ad6d673d6080499ad19b88c5bc5cc143b2f08613a2ceec13b0394c5318cfbb7
B2_0089,098,vssqueeze,IP_plus_SB,HJ-BTN,100BB,BB,,5x,ed747726601a,098__spot-IP_plus_SB__position-HJ-BTN__stack-100BB__opponent-BB__bet-5x__vssqueeze-ed747726601a.jpg,charts/0089.webp,434,600,40119,16856,e2210b299519066df70da1ca9fdf42389f32a93ad29075a99373306be5af9a29,12fb332f8e16528fc45c4c9a593130b49997cd287f68ce54659e1b9e431f667d
B2_0090,117,vssqueeze,IP_plus_SB,SB_R_EP-MP,65BB,BB,,5x,8d6e881ed415,117__spot-IP_plus_SB__position-SB_R_EP-MP__stack-65BB__opponent-BB__bet-5x__vssqueeze-8d6e881ed415.jpg,charts/0090.webp,434,600,27797,10960,ed38e4de50ab7534b4630470fedcc238ee3120aecfca45a524f6dd5388994cbc,eb4edc786480edf979b90b3d2082373518c8396ae8c02446b265f21373124225
B2_0091,037,vssqueeze,Caller_IP_R_Mid,Any_position,40BB,BB,,4x,f41efe28823e,037__spot-Caller_IP_R_Mid__position-Any_position__stack-40BB__opponent-BB__bet-4x__vssqueeze-f41efe28823e.jpg,charts/0091.webp,434,600,30875,12446,48bf0510d155cc45d0c5cb1136119d5dbbef3915497aa618b5c541be24c2043a,eda350a1ec5954bb74a13ae3ceed0cd2c90fb2df6d232a6f82ae3ba5a8871522
B2_0092,027,vssqueeze,Caller_IP_R_Mid,Any_position,100BB,BB,,6x,18b7c6a14aa5,027__spot-Caller_IP_R_Mid__position-Any_position__stack-100BB__opponent-BB__bet-6x__vssqueeze-18b7c6a14aa5.jpg,charts/0092.webp,434,600,33062,13310,99bd6973dea2c66891ed8c0315984a910092ef5bd029c0f7ad06da8ae3eb0a86,a1fead628af9fd820746ae1ea2b0808bb35f08b6612772f641e459ee653860b3
B2_0093,183,vssqueeze,Raiser_OOP,EP-MP,100BB,LJ-HJ,,4x,dee2f392bc60,183__spot-Raiser_OOP__position-EP-MP__stack-100BB__opponent-LJ-HJ__bet-4x__vssqueeze-dee2f392bc60.jpg,charts/0093.webp,434,600,31861,13026,d31b0b590ded9aad37aa77fc7b4c4a0751e604ba27eba37761e801bbc7dd409a,1d9f6ca316f4c809cdd9bfcbe63b27740f8fe3243c20f8898fcb0bc76217c50f
B2_0094,123,vssqueeze,IP_plus_SB,SB_R_HJ-BTN,25BB,BB,,5x,8d751c90b19b,123__spot-IP_plus_SB__position-SB_R_HJ-BTN__stack-25BB__opponent-BB__bet-5x__vssqueeze-8d751c90b19b.jpg,charts/0094.webp,434,600,31101,12476,6daf6f334b9fe8bd9b0cca8e5d525e5d44978bb0e129176691a65f37272d9e11,84f5a028471c22af78271384e568c55182f5094c95f52a9d5f1212190879da6b
B2_0095,023,vssqueeze,Caller_IP_R_EP,Any_position,65BB,SB,,5x,5f4ec8411be0,023__spot-Caller_IP_R_EP__position-Any_position__stack-65BB__opponent-SB__bet-5x__vssqueeze-5f4ec8411be0.jpg,charts/0095.webp,434,600,29839,11794,669fbb9c7606944fe8ee6e45ad9f9bf5b4dfc3fb98391f682e9efd458cfa99da,3043590bbf94bf4f52a826eee7129010f8dd44c10fd2ccf5ef82054edb47ff02
B2_0096,077,vssqueeze,Caller_OOP_R_LJ_HJ,Any_position,25BB,CO-BTN,,4x,948f4b261e6f,077__spot-Caller_OOP_R_LJ_HJ__position-Any_position__stack-25BB__opponent-CO-BTN__bet-4x__vssqueeze-948f4b261e6f.jpg,charts/0096.webp,434,600,33584,13472,7c49fbca03d4ed71be7cc5c263650a217225560971a04b9f609e207900b4ab18,ac3c1c858a0144638015cd411072df430045c73a397a98c4c742475fe18ce2fb
B2_0097,094,vssqueeze,IP_plus_SB,EP-MP,65BB,BB,,4x,15234067f480,094__spot-IP_plus_SB__position-EP-MP__stack-65BB__opponent-BB__bet-4x__vssqueeze-15234067f480.jpg,charts/0097.webp,434,600,29332,11526,a4f280b5f263fcea0967d029ff08306603fa3d93bda7ee14ea8fb6d531cc04da,8207775ce04c45789ecda51927b937c2d21a7692e37e9a0a2d43725c110d0168
B2_0098,170,vssqueeze,Raiser_IP,HJ-CO,40BB,SB,,4x,02f7b6fd8abd,170__spot-Raiser_IP__position-HJ-CO__stack-40BB__opponent-SB__bet-4x__vssqueeze-02f7b6fd8abd.jpg,charts/0098.webp,434,600,29865,11586,bba8b642ad1ae10b16beb072abc6d66bd45cd75e642032c35756696851536919,ed3164b9fdb28b48f28c1a46176e56d2a26d9a638f52c764e6fc10565a702807
B2_0099,050,vssqueeze,Caller_OOP_R_EP_MP,Any_position,100BB,CO-BTN,,4x,0ff00f0aa875,050__spot-Caller_OOP_R_EP_MP__position-Any_position__stack-100BB__opponent-CO-BTN__bet-4x__vssqueeze-0ff00f0aa875.jpg,charts/0099.webp,434,600,33071,13752,cb130e5f2a66c70db06afb9b2df75ef6cb5d1c646e515a5c03f655062abb9fda,69bd0ebeab8e2e97a670458a52abda342d373f0a46b245c411f2885d90b3b436
B2_0100,089,vssqueeze,IP_plus_SB,EP-MP,25BB,BB,,5x,3774b57a6f24,089__spot-IP_plus_SB__position-EP-MP__stack-25BB__opponent-BB__bet-5x__vssqueeze-3774b57a6f24.jpg,charts/0100.webp,434,600,27855,10790,915c2419b1ee71b729b0447aca1406ee488b40a6807b0cdc66ea789342e8ff4d,a9feac27112e7a5824acc3b99b525c825a1a21612a32d57f0d6854ae491277f8
B2_0101,161,vssqueeze,Raiser_IP,HJ-CO,25BB,BB,,4x,1241c4459a0a,161__spot-Raiser_IP__position-HJ-CO__stack-25BB__opponent-BB__bet-4x__vssqueeze-1241c4459a0a.jpg,charts/0101.webp,434,600,29001,11420,089851c44fbe75bb14c182f72e6272a7d19216a250237214865505cc74e27210,a5b11f27a7d294975fafa37a3521e3ee33bebb9ea5da32ff6f3203590053ce38
B2_0102,171,vssqueeze,Raiser_IP,HJ-CO,40BB,SB,,5x,f74e68db4933,171__spot-Raiser_IP__position-HJ-CO__stack-40BB__opponent-SB__bet-5x__vssqueeze-f74e68db4933.jpg,charts/0102.webp,434,600,30226,11746,ad81c86b80e55211c1adf6e7ffcf2ea40316c1475c47589a8eeb2dbc3f4274d0,3d43df29da58db70cb9e82d5b76b032deb14c190743b1223d0c8edb5b671937a
B2_0103,125,vssqueeze,IP_plus_SB,SB_R_HJ-BTN,40BB,BB,,4x,340442fc0f06,125__spot-IP_plus_SB__position-SB_R_HJ-BTN__stack-40BB__opponent-BB__bet-4x__vssqueeze-340442fc0f06.jpg,charts/0103.webp,434,600,28866,11296,c50ac8539d7619f8fe0459956484d0e98a869a03877be688ab9f666b63cd3ad5,337f8d8b774ca3e50cbc0298216fea48c8cbcd72873b113d3e0d42ba34b8cb37
B2_0104,147,vssqueeze,Raiser_IP,EP-MP,40BB,SB,,5x,58719c7142c5,147__spot-Raiser_IP__position-EP-MP__stack-40BB__opponent-SB__bet-5x__vssqueeze-58719c7142c5.jpg,charts/0104.webp,434,600,28773,11174,8b8ce4dc13e7b1b2ee6539232cfb8c4ee0cb5baf6647259f9112210067e3a01f,ebecbfba52236ccd0177f7d3c7b389e3bfe0dcfbb362c20d0652c5ddf7bf9ae7
B2_0105,021,vssqueeze,Caller_IP_R_EP,Any_position,65BB,BB,,6x,3a35b90e57e9,021__spot-Caller_IP_R_EP__position-Any_position__stack-65BB__opponent-BB__bet-6x__vssqueeze-3a35b90e57e9.jpg,charts/0105.webp,434,600,28223,11088,cb08f3fe589f97eb4d124da880991b639ad24ee31cd81b2a61649fa12c6b57fe,f7980fe21bfc34c6c5b7a5475e31460283683b548031a7336a439f0376135b77
B2_0106,097,vssqueeze,IP_plus_SB,HJ-BTN,100BB,BB,,4x,40ff28a79d49,097__spot-IP_plus_SB__position-HJ-BTN__stack-100BB__opponent-BB__bet-4x__vssqueeze-40ff28a79d49.jpg,charts/0106.webp,434,600,39127,15924,4c7a0aeb6e00e9fa322c697578ffbdbfd6c36ad9fdb6e1b58b57e052e0b03e6b,b0ebf16795c5d7aa6522892eeea3aedf9d0ff69a772ae533a5922626657539ce
B2_0107,066,vssqueeze,Caller_OOP_R_EP_MP,Any_position,40BB,LJ-HJ,,5x,a8e2e652b20b,066__spot-Caller_OOP_R_EP_MP__position-Any_position__stack-40BB__opponent-LJ-HJ__bet-5x__vssqueeze-a8e2e652b20b.jpg,charts/0107.webp,434,600,29308,11408,ab1e1d8f3a363ee3a932a4314f03beca6a259a0cc58e16f7b02605b00b6e278a,22bd795caa72484db9bcb877132cb0fa17b7cd13417cb049f92710b251a8f301
B2_0108,004,vssqueeze,Caller_IP_R_EP,Any_position,100BB,SB,,4x,b380543872cc,004__spot-Caller_IP_R_EP__position-Any_position__stack-100BB__opponent-SB__bet-4x__vssqueeze-b380543872cc.jpg,charts/0108.webp,434,600,39236,15878,aeb56fc3d894f474e72b2695ca79c0934ff03d9a589c787f220ed60abe2b8635,e3071af97c958b06887d353ad6920ec2ee835a306ba1779b319e1b789fea27e2
B2_0109,073,vssqueeze,Caller_OOP_R_LJ_HJ,Any_position,100BB,CO-BTN,,3x,59af295d2d87,073__spot-Caller_OOP_R_LJ_HJ__position-Any_position__stack-100BB__opponent-CO-BTN__bet-3x__vssqueeze-59af295d2d87.jpg,charts/0109.webp,434,600,41758,17114,2bc011e1915bb7813b3ac572f2f27c912aeba40e7144598501d05121bb001c8c,20e5db5e67f7df2b905361a69e2d98e14b021475c85a1e1b065f4bed986524d1
B2_0110,196,vssqueeze,Raiser_OOP,EP-MP,40BB,LJ-HJ,,5x,2f7b38a02ff5,196__spot-Raiser_OOP__position-EP-MP__stack-40BB__opponent-LJ-HJ__bet-5x__vssqueeze-2f7b38a02ff5.jpg,charts/0110.webp,434,600,27811,10952,529b648ca6831baea0f92e76e667e07785127b9596d88b405adaa29eb087152c,ba852efb2a85cd1b9a5dc52b9d253a8dcb3414ba3fdfca01a29961615c173e06
B2_0111,103,vssqueeze,IP_plus_SB,HJ-BTN,40BB,BB,,4x,001df7da6eaa,103__spot-IP_plus_SB__position-HJ-BTN__stack-40BB__opponent-BB__bet-4x__vssqueeze-001df7da6eaa.jpg,charts/0111.webp,434,600,31363,12850,9fd0b00ec15789402ae3e649b95570743f2b4ee961c00ced13547f2048e0885b,0e4a77829aa7e78e34e289adb618a5190a39c12478ab7d45a5c101abd595c458
B2_0112,104,vssqueeze,IP_plus_SB,HJ-BTN,40BB,BB,,5x,2bd9f40c11be,104__spot-IP_plus_SB__position-HJ-BTN__stack-40BB__opponent-BB__bet-5x__vssqueeze-2bd9f40c11be.jpg,charts/0112.webp,434,600,31172,12650,d04be1f006d857024ed747893ba66ee04f5de913cf47729d74a8ce527de7c11c,488cc010b4bd5e09975fbda7968f8e54d55764fe1be89635570a23541e1555d8
B2_0113,012,vssqueeze,Caller_IP_R_EP,Any_position,25BB,SB,,6x,aa769a62d54e,012__spot-Caller_IP_R_EP__position-Any_position__stack-25BB__opponent-SB__bet-6x__vssqueeze-aa769a62d54e.jpg,charts/0113.webp,434,600,29706,11444,2c1bcb9d97bc6e274a1363348cceb24a7ea89345ae27995320ad23fea9b46f1d,4fb209aaaaa235de01aa5836c80d24916a2aadd70fc425ac8de75bf662eb563a
B2_0114,163,vssqueeze,Raiser_IP,HJ-CO,25BB,BB,,6x,1cc3dd0e5fa1,163__spot-Raiser_IP__position-HJ-CO__stack-25BB__opponent-BB__bet-6x__vssqueeze-1cc3dd0e5fa1.jpg,charts/0114.webp,434,600,28642,11168,0676d2a5b1ec37f6129d0cab2be4c73a48384dfcc7ab5804b8d73db2fafbf5c5,fb3914ffc6336a4a7299dd3480b9c50ee9471da633b55b6c3c8f2fe9c57b6a45
B2_0115,179,vssqueeze,Raiser_OOP,EP-MP,100BB,CO-BTN,,3x,e0d3862cf1ce,179__spot-Raiser_OOP__position-EP-MP__stack-100BB__opponent-CO-BTN__bet-3x__vssqueeze-e0d3862cf1ce.jpg,charts/0115.webp,434,600,38518,15896,0386abfeb2d8ccadc005c9a4c934b731d77d480e957ed743ea9ce307943249ee,0618f12016cb96398343be55b39a7723de262427316075df6f0c2323e6b759b4
B2_0116,173,vssqueeze,Raiser_IP,HJ-CO,65BB,BB,,4x,a3803b6fcd47,173__spot-Raiser_IP__position-HJ-CO__stack-65BB__opponent-BB__bet-4x__vssqueeze-a3803b6fcd47.jpg,charts/0116.webp,434,600,33751,13432,5e00337f7a56b36e7aaeb5caaebec77e70aa05b63931ededc13430a21c80ae12,0623f1a6d7bf3b9c8af06a190e9772180496d53264b88f6fd3b9683e9caa1e5c
B2_0117,044,vssqueeze,Caller_IP_R_Mid,Any_position,65BB,BB,,5x,0a390564c6c0,044__spot-Caller_IP_R_Mid__position-Any_position__stack-65BB__opponent-BB__bet-5x__vssqueeze-0a390564c6c0.jpg,charts/0117.webp,434,600,32629,13300,877b02e471575bede68554394d993caeacb0c96bf959a86475fa3fb785627287,a40850df4e0ac6e9bac7ee405b011c0d74d2b2165f3f88e723d516094e1a695e
B2_0118,086,vssqueeze,IP_plus_SB,EP-MP,100BB,BB,,5x,18943384f480,086__spot-IP_plus_SB__position-EP-MP__stack-100BB__opponent-BB__bet-5x__vssqueeze-18943384f480.jpg,charts/0118.webp,434,600,28969,11382,8f63b059a3dec83a542fdcc4acfd13952a6ef02268ba725c11d05e839e1ee98a,290589198a299c8ffb5824dfbaef1317b87695cdcd15e7425e976c192b432fe1
B2_0119,010,vssqueeze,Caller_IP_R_EP,Any_position,25BB,SB,,4x,5bbf318b4de6,010__spot-Caller_IP_R_EP__position-Any_position__stack-25BB__opponent-SB__bet-4x__vssqueeze-5bbf318b4de6.jpg,charts/0119.webp,434,600,27880,10656,9c254b30347a09cc2e08b23b8d7666196472d22d1523a427d058286b9195af3a,8cf5657bdbb7a0eb98e6e7fd38e2fec973ef4ab155eded19d0fe1fda470e14f2
B2_0120,198,vssqueeze,Raiser_OOP,EP-MP,65BB,CO-BTN,,4x,14d702697c33,198__spot-Raiser_OOP__position-EP-MP__stack-65BB__opponent-CO-BTN__bet-4x__vssqueeze-14d702697c33.jpg,charts/0120.webp,434,600,43434,11412,0e97748a6ef332f76811664b4528279601ef099c1b1f95170fa2a5201634218c,9d26ec5204f3443e7dc4bfbce1f55c352a20d5251f783d34e983809a0b0442b1
B2_0121,175,vssqueeze,Raiser_IP,HJ-CO,65BB,BB,,6x,0e01042f2557,175__spot-Raiser_IP__position-HJ-CO__stack-65BB__opponent-BB__bet-6x__vssqueeze-0e01042f2557.jpg,charts/0121.webp,434,600,28660,11338,125304d450c858b648f4f7c5ea3cc19a57cd146d6232fb378eae9e50714fd17b,e7dc4421dd73a896987bbc83b38d6e3515d1979b3d510c7e1bb2daebb99536cc
B2_0122,109,vssqueeze,IP_plus_SB,SB_R_EP-MP,100BB,BB,,4x,0ad7f1e41758,109__spot-IP_plus_SB__position-SB_R_EP-MP__stack-100BB__opponent-BB__bet-4x__vssqueeze-0ad7f1e41758.jpg,charts/0122.webp,434,600,27299,10368,39068ca8a6ff0238d708f8bedc202b63cb527f458ff4140ac7b7a7265b0369e1,418f0f180a5f73d2d48a0f8a6898a5637126e68ca50895a56e867a4cb3992010
B2_0123,130,vssqueeze,IP_plus_SB,SB_R_HJ-BTN,65BB,BB,,6x,15d31b0fe299,130__spot-IP_plus_SB__position-SB_R_HJ-BTN__stack-65BB__opponent-BB__bet-6x__vssqueeze-15d31b0fe299.jpg,charts/0123.webp,434,600,29825,11660,537a2e85deb309f306c8b67d3ecd2afb5b8faec9c0ce130c1a60a14bdfde740a,2bc454fb4cee70bde8d12c9187c6ce358a3559a08cab1e771b3930db0313d51f
B2_0124,140,vssqueeze,Raiser_IP,EP-MP,25BB,SB,,4x,723904d16465,140__spot-Raiser_IP__position-EP-MP__stack-25BB__opponent-SB__bet-4x__vssqueeze-723904d16465.jpg,charts/0124.webp,434,600,27979,10550,605860fe094e4533ed8f854ba85d30408befa300f01410d12f597ed155362cfa,5ad3ae3a585482c447b9ab2f2d5f1e6ea99819aa8a40850e838832b6324c904c
B2_0125,158,vssqueeze,Raiser_IP,HJ-CO,100BB,SB,,4x,e4971a3897e3,158__spot-Raiser_IP__position-HJ-CO__stack-100BB__opponent-SB__bet-4x__vssqueeze-e4971a3897e3.jpg,charts/0125.webp,434,600,32956,13116,fae814481cbe7b5953ec5ac1108dec897b2cbf99a9dd2cd2701f5df11296b323,cc105d624553c816792bae6c36a100ee96685ea94cf922b35d24a70c515c3d1a
B2_0126,019,vssqueeze,Caller_IP_R_EP,Any_position,65BB,BB,,4x,a0c52afdcccb,019__spot-Caller_IP_R_EP__position-Any_position__stack-65BB__opponent-BB__bet-4x__vssqueeze-a0c52afdcccb.jpg,charts/0126.webp,434,600,31013,12438,f3924f6ae25d27e2755520485491c35e3d532f94fa6960bdd22721065b3e9723,bcd6b4b46ba813ddb55cdfd0312eded3ac56dcb47c561e3ae7ea92523e656d00
B2_0127,120,vssqueeze,IP_plus_SB,SB_R_HJ-BTN,100BB,BB,,5x,02e77829856d,120__spot-IP_plus_SB__position-SB_R_HJ-BTN__stack-100BB__opponent-BB__bet-5x__vssqueeze-02e77829856d.jpg,charts/0127.webp,434,600,31420,12780,7ba3248438234d696942b290689a0778347dcd6220c219d83960f89173746574,a50ce03221c1bc50ab3cfefca7825f55cdb95fabe7fb57e7b2133eae9fe0c0c6
B2_0128,013,vssqueeze,Caller_IP_R_EP,Any_position,40BB,BB,,4x,81ad43441615,013__spot-Caller_IP_R_EP__position-Any_position__stack-40BB__opponent-BB__bet-4x__vssqueeze-81ad43441615.jpg,charts/0128.webp,434,600,28016,10588,28103eaff915669a69a2c622111aa16dec8b370a8f304f0f5b815dda228e3e5b,623dd1f0fc6bc6af0d5e0822b8aeea06e068a41bcb797c07eb6e41460d1b9790
B2_0129,045,vssqueeze,Caller_IP_R_Mid,Any_position,65BB,BB,,6x,e0aefd08a234,045__spot-Caller_IP_R_Mid__position-Any_position__stack-65BB__opponent-BB__bet-6x__vssqueeze-e0aefd08a234.jpg,charts/0129.webp,434,600,29811,11646,e86fc8ddad99ce859886377427a7b11c09ab371f1c17f8d66548185f07337337,5817fa51c259004694e289251608414efd61b0442c8dc92fac26e7cd6d7f0af5
B2_0130,115,vssqueeze,IP_plus_SB,SB_R_EP-MP,40BB,BB,,5x,f2f1400d170d,115__spot-IP_plus_SB__position-SB_R_EP-MP__stack-40BB__opponent-BB__bet-5x__vssqueeze-f2f1400d170d.jpg,charts/0130.webp,434,600,27125,10224,417683c2c1d8b696b3a25161fbf44cfdb40cc21a0aa778b9b0a31aa2947d3893,2c5c9e680fb400a1ad710e681fb9f703f55f00ae430c503efc21cd7893644b40
B2_0131,119,vssqueeze,IP_plus_SB,SB_R_HJ-BTN,100BB,BB,,4x,8ef09f56bbec,119__spot-IP_plus_SB__position-SB_R_HJ-BTN__stack-100BB__opponent-BB__bet-4x__vssqueeze-8ef09f56bbec.jpg,charts/0131.webp,434,600,30399,11874,48df1ef3912d35da6713343fd722c7d214cc1eb8ada3781110a5f6be4f45c262,92f95f6bdf85fc58c62ccfbdfc890df926f9061f683bf4ed91951ec3f72c621f
B2_0132,017,vssqueeze,Caller_IP_R_EP,Any_position,40BB,SB,,5x,232a881cbbef,017__spot-Caller_IP_R_EP__position-Any_position__stack-40BB__opponent-SB__bet-5x__vssqueeze-232a881cbbef.jpg,charts/0132.webp,434,600,28834,11204,ee52e6f6fa92fb4c35e29d1d68294979d4f1ba038af4be8e869c6e6f5cfb74d9,7c606710ff025a11b0b7ec39c4b3425cad06fc037622c39daf77ce62ad265783
B2_0133,099,vssqueeze,IP_plus_SB,HJ-BTN,100BB,BB,,6x,5d4bbde60272,099__spot-IP_plus_SB__position-HJ-BTN__stack-100BB__opponent-BB__bet-6x__vssqueeze-5d4bbde60272.jpg,charts/0133.webp,434,600,38126,15540,fe031da3e0c0b569d5bfa5d473ecbef6d619a9e2037f59364af805763f3bcbda,d9cecc317d9c0338398dba8f4e18114616ea23a0daa9fd11085d919b722e19e9
B2_0134,061,vssqueeze,Caller_OOP_R_EP_MP,Any_position,40BB,CO-BTN,,3x,0410be84c07c,061__spot-Caller_OOP_R_EP_MP__position-Any_position__stack-40BB__opponent-CO-BTN__bet-3x__vssqueeze-0410be84c07c.jpg,charts/0134.webp,434,600,36026,14968,32413a5f7ee580de8ae20ab3fcd963f19698e2e2f599aaa78717bd99967e9db1,9f810e41aedc63d084ddfd7f31c2e4c8d670ca050000cce18441e898c01ec3c4
B2_0135,029,vssqueeze,Caller_IP_R_Mid,Any_position,100BB,SB,,5x,b3ab3836a1e6,029__spot-Caller_IP_R_Mid__position-Any_position__stack-100BB__opponent-SB__bet-5x__vssqueeze-b3ab3836a1e6.jpg,charts/0135.webp,434,600,41166,16774,1ac0b20e88a3014e9205d35c81c68de9cf225b6cfb26b47ee721064a48d3b1a0,f0d01a045cf99c036e6382f07801a99ceaf05624ffd99eca2cc925832bc1b944
B2_0136,009,vssqueeze,Caller_IP_R_EP,Any_position,25BB,BB,,6x,ffa17d5d25c5,009__spot-Caller_IP_R_EP__position-Any_position__stack-25BB__opponent-BB__bet-6x__vssqueeze-ffa17d5d25c5.jpg,charts/0136.webp,434,600,28324,10886,cb634979ac4eb5085d1adbdb0eb38ffceee26f111bc693490bb3a3fa13f8d292,72577001ec9d5aec71e039f8b4b55a5293baf47062391baf4b42151a91a724e5
B2_0137,108,vssqueeze,IP_plus_SB,HJ-BTN,65BB,BB,,6x,03bf43197297,108__spot-IP_plus_SB__position-HJ-BTN__stack-65BB__opponent-BB__bet-6x__vssqueeze-03bf43197297.jpg,charts/0137.webp,434,600,33595,13550,5be1af61c0b488f0b60f2e9fe77ee2c7d2e6eac0404cd54e05477fe760291cc5,518fae227d45a554fa388170336fbfb0ee16e2b0efd6ca09363ec9883c4c36e5
B2_0138,083,vssqueeze,Caller_OOP_R_LJ_HJ,Any_position,65BB,CO-BTN,,4x,6934ebf8287f,083__spot-Caller_OOP_R_LJ_HJ__position-Any_position__stack-65BB__opponent-CO-BTN__bet-4x__vssqueeze-6934ebf8287f.jpg,charts/0138.webp,434,600,32133,13006,fc889bd922e1f0322316dbb56b62c4971fe4e56200016e13aadbf6990daf819c,560a3f805f10ce510ce0e3b3ee884fd4f5bdf3ed26c4b3ae696b3432b348c3e1
B2_0139,032,vssqueeze,Caller_IP_R_Mid,Any_position,25BB,BB,,5x,42ff78869ae1,032__spot-Caller_IP_R_Mid__position-Any_position__stack-25BB__opponent-BB__bet-5x__vssqueeze-42ff78869ae1.jpg,charts/0139.webp,434,600,30121,12096,1015643cc5c060f80cbd856d7d885b3fdde79d1732141ec9e81426f67890b785,397fd54b7a8c5212c3e52e0bf6eb494b84c8f25cea565e712a63bd2b74672409
B2_0140,131,vssqueeze,Raiser_IP,EP-MP,100BB,BB,,4x,803c3c6d8b74,131__spot-Raiser_IP__position-EP-MP__stack-100BB__opponent-BB__bet-4x__vssqueeze-803c3c6d8b74.jpg,charts/0140.webp,434,600,34789,13692,b17b66b0c74fb9dba5db34d8e9d18d286bc257b8f9d1cf923ff4c43a92a7f63f,f764c7304b070e40ff7099d6256b28e7e6d2be8b10b8a63d081ea9876d37db9f
B2_0141,048,vssqueeze,Caller_IP_R_Mid,Any_position,65BB,SB,,6x,58f3af42b52d,048__spot-Caller_IP_R_Mid__position-Any_position__stack-65BB__opponent-SB__bet-6x__vssqueeze-58f3af42b52d.jpg,charts/0141.webp,434,600,30525,11824,b80fd7c033387e3b08db35d0962ba2a739706ad1b1ddf8174df79f6f820fe557,6be905afd552fc46121fed6b4a1b3f964f124a5ff91c3770900582aa557fa931
B2_0142,157,vssqueeze,Raiser_IP,HJ-CO,100BB,BB,,6x,838bcd2fa6ba,157__spot-Raiser_IP__position-HJ-CO__stack-100BB__opponent-BB__bet-6x__vssqueeze-838bcd2fa6ba.jpg,charts/0142.webp,434,600,32587,13210,3952d0edf26ed786ab85d643b3b3778d0ac7eaf6570345b104676eb1db75adf7,1a0576be28021f2d2559fabb5df9a15343c789d2b3f9b06af246d6d127b6c097
B2_0143,091,vssqueeze,IP_plus_SB,EP-MP,40BB,BB,,4x,0ac9847c9c02,091__spot-IP_plus_SB__position-EP-MP__stack-40BB__opponent-BB__bet-4x__vssqueeze-0ac9847c9c02.jpg,charts/0143.webp,434,600,28763,11256,9b50722fc6a5a6519e690219c6d068015fc54465d0984bee9ba3b2b1418aae80,a71d84692bd86f0ff8ab700b850b5a09308040c2e32554ad2a07173259bc0663
B2_0144,001,vssqueeze,Caller_IP_R_EP,Any_position,100BB,BB,,4x,5ee19eecbc40,001__spot-Caller_IP_R_EP__position-Any_position__stack-100BB__opponent-BB__bet-4x__vssqueeze-5ee19eecbc40.jpg,charts/0144.webp,434,600,36850,15052,02edb917eb2593b730a1b35affbfb32bf2351b43b0d0aa4d0c9c749e60c752fa,8702a9754379c81a923f50c2c017faa144b18b8069e4c23df87ae3555bcf232a
B2_0145,149,vssqueeze,Raiser_IP,EP-MP,65BB,BB,,4x,272569a484e4,149__spot-Raiser_IP__position-EP-MP__stack-65BB__opponent-BB__bet-4x__vssqueeze-272569a484e4.jpg,charts/0145.webp,434,600,30488,11886,e8cf534bffa44c61918c7a523cabdaa47b0a53a4ffc5d21f5d092dfc71793284,c78c2ef2b9043a68558da1d9b43dd6ab237b3c21bb5178709b31c4c3ccdb78d0
B2_0146,194,vssqueeze,Raiser_OOP,EP-MP,40BB,LJ-HJ,,3x,8dda5de71034,194__spot-Raiser_OOP__position-EP-MP__stack-40BB__opponent-LJ-HJ__bet-3x__vssqueeze-8dda5de71034.jpg,charts/0146.webp,434,600,30587,12568,840cfa7a1b6316b094761e97255c84b56a2e681aa6d601e8309cd17b1da75d29,ee39e9e7d287c8acdde2bc3bb9eff2d974b03e2a4333e372b9de016c14a814cb
B2_0147,025,vssqueeze,Caller_IP_R_Mid,Any_position,100BB,BB,,4x,b29401710b96,025__spot-Caller_IP_R_Mid__position-Any_position__stack-100BB__opponent-BB__bet-4x__vssqueeze-b29401710b96.jpg,charts/0147.webp,434,600,34476,13482,9950e678214261d80aa131a6d23c4ccf212155574a235af24f50a5701d03f030,1cdd75ea7d36b43fb99f901154fdc8ab0cb0167ced77ed2568fa9b22fb0a2534
B2_0148,011,vssqueeze,Caller_IP_R_EP,Any_position,25BB,SB,,5x,8f5d52e80a16,011__spot-Caller_IP_R_EP__position-Any_position__stack-25BB__opponent-SB__bet-5x__vssqueeze-8f5d52e80a16.jpg,charts/0148.webp,434,600,29848,11480,ad9ca7ec71a4f694d106d33b309418b126f5e6abab9319c7fdc3fd0053440110,fb17401d4d1540bee636c1acd2d97c854595a420071020bc5bc37b0c5c241db2
B2_0149,155,vssqueeze,Raiser_IP,HJ-CO,100BB,BB,,4x,b816fcdc0eb0,155__spot-Raiser_IP__position-HJ-CO__stack-100BB__opponent-BB__bet-4x__vssqueeze-b816fcdc0eb0.jpg,charts/0149.webp,434,600,33329,13258,b484bf24a1e2ed1ac13cb043a8341efa8186de8c8e375bb02b898e3f7e5b4d16,ab44ff349b8f908b16188d93583f6bf86fa49f46d57a609fb0fb327cee47ea3f
B2_0150,002,vssqueeze,Caller_IP_R_EP,Any_position,100BB,BB,,5x,c79fa52c0c80,002__spot-Caller_IP_R_EP__position-Any_position__stack-100BB__opponent-BB__bet-5x__vssqueeze-c79fa52c0c80.jpg,charts/0150.webp,434,600,30678,11702,a2036b646532e176b0733a9a31d3be5c28fdba9835089e41d86444075aa26a1f,0b87b60ab6190bfe69c761fe0397834379d66834bec10b53c4dc1d2b780bd471
B2_0151,195,vssqueeze,Raiser_OOP,EP-MP,40BB,LJ-HJ,,4x,5a9adb1d4a57,195__spot-Raiser_OOP__position-EP-MP__stack-40BB__opponent-LJ-HJ__bet-4x__vssqueeze-5a9adb1d4a57.jpg,charts/0151.webp,434,600,28922,11542,add2f0ea500bcabcb986cfd6899ece1cbaa9b4a4b207cb1c283b27de115e667b,4f971c1e22467165a9e88ed82412d0d96f19802f646b2e1aa9037ace267aa1c1
B2_0152,191,vssqueeze,Raiser_OOP,EP-MP,40BB,CO-BTN,,3x,bb12f5ca89d3,191__spot-Raiser_OOP__position-EP-MP__stack-40BB__opponent-CO-BTN__bet-3x__vssqueeze-bb12f5ca89d3.jpg,charts/0152.webp,434,600,31317,12802,873b689ebcfbcc001ba75b70264b8a1eb5a5d16846907f7be7b17bdc7d259427,58fa8a5af1c96b36a735b29a1b1054237c62a253cac388f8fb158a931bf595ba
B2_0153,113,vssqueeze,IP_plus_SB,SB_R_EP-MP,25BB,BB,,5x,aef2a0848d1d,113__spot-IP_plus_SB__position-SB_R_EP-MP__stack-25BB__opponent-BB__bet-5x__vssqueeze-aef2a0848d1d.jpg,charts/0153.webp,434,600,27808,10770,009fe9f5b2c1321b068f6eda2f42fdb6dbd51ac02f17a1e52256de1a2216d00d,15fa9620c98f7af18b82ffbb057ae299dd295696be401096bebdf3ea7fbf169b
B2_0154,168,vssqueeze,Raiser_IP,HJ-CO,40BB,BB,,5x,da4f825c9f96,168__spot-Raiser_IP__position-HJ-CO__stack-40BB__opponent-BB__bet-5x__vssqueeze-da4f825c9f96.jpg,charts/0154.webp,434,600,29554,11564,095f2739fedf89a59daef22a5bc8739ccc7fdb51b9dc14c7cfa2802a193dc4ba,c44ee2cf021b9beac37a80bc99309b899078672c4082f75ed210a5c0ff5d23bb
B2_0155,014,vssqueeze,Caller_IP_R_EP,Any_position,40BB,BB,,5x,17ef5320b87a,014__spot-Caller_IP_R_EP__position-Any_position__stack-40BB__opponent-BB__bet-5x__vssqueeze-17ef5320b87a.jpg,charts/0155.webp,434,600,28376,10836,3fcf9f3343f992394ed17ad27265244438df38e4f24254a2635af5bbef37f6f3,13fdde20b8c8adb1b5ad192449353b31d72ffe0073967dfe286b91e7446ee976
B2_0156,096,vssqueeze,IP_plus_SB,EP-MP,65BB,BB,,6x,2635ae2b4f9f,096__spot-IP_plus_SB__position-EP-MP__stack-65BB__opponent-BB__bet-6x__vssqueeze-2635ae2b4f9f.jpg,charts/0156.webp,434,600,28391,11248,bb3a5e9c55f47bff934c73e88b7be35db6db75fe474047d0999d7107adcf43d9,b2eefd63c97ae02cb7f999811f0a7c5df8738143dfb7e0a74ff9bc4cca1de86f
B2_0157,134,vssqueeze,Raiser_IP,EP-MP,100BB,SB,,4x,ec1e65ddcd11,134__spot-Raiser_IP__position-EP-MP__stack-100BB__opponent-SB__bet-4x__vssqueeze-ec1e65ddcd11.jpg,charts/0157.webp,434,600,37512,15356,f639baab0d3f978fd2a8d6f7d5b37f8285105080836760c4dbe87ec43cd967e9,c6736d441d960e3dbd1e33c96feaf9d466506ce56cbf91e60e04b3d733ad24d8
B2_0158,169,vssqueeze,Raiser_IP,HJ-CO,40BB,BB,,6x,b7ec723e6cbf,169__spot-Raiser_IP__position-HJ-CO__stack-40BB__opponent-BB__bet-6x__vssqueeze-b7ec723e6cbf.jpg,charts/0158.webp,434,600,28465,11012,ef0d3dd454d18a0b5e165e1c710b2a31623021528eab18eab737b13a858f893c,452a7be0561f869395ea012bcd10b51424983a28b67c050463f560e97b846195
B2_0159,112,vssqueeze,IP_plus_SB,SB_R_EP-MP,25BB,BB,,4x,4a5bf71ca382,112__spot-IP_plus_SB__position-SB_R_EP-MP__stack-25BB__opponent-BB__bet-4x__vssqueeze-4a5bf71ca382.jpg,charts/0159.webp,434,600,27158,10212,3979cb0f19b669fcbda26299cf7347d9b05ee3da3cb1db8977c73288f672b44e,1acbd89388c972d1996906de1d49b6fb12f3a197325013ec3f1ba9ffb3f8cbaa
B2_0160,060,vssqueeze,Caller_OOP_R_EP_MP,Any_position,25BB,LJ-HJ,,5x,4927dcea9e6d,060__spot-Caller_OOP_R_EP_MP__position-Any_position__stack-25BB__opponent-LJ-HJ__bet-5x__vssqueeze-4927dcea9e6d.jpg,charts/0160.webp,434,600,28935,11326,1f8ae1e229e2ea185bbb1a975f2ec84eb3ea9c869dbc8e837a323da0252ac09e,1f0006a28f7282ea085f0953c232199132fd8d43bc23c0699c55b82ec402ac3d
B2_0161,024,vssqueeze,Caller_IP_R_EP,Any_position,65BB,SB,,6x,2c4328a8c769,024__spot-Caller_IP_R_EP__position-Any_position__stack-65BB__opponent-SB__bet-6x__vssqueeze-2c4328a8c769.jpg,charts/0161.webp,434,600,29796,11626,92f895b1c29ced5f95c0fe7736559d1a653a841e457cfc656f4668ae73713a0a,57c6fa99870f629ecb0189d42e4e5c678bc1c9c90cbd1da69999d6ce8f47c823
B2_0162,055,vssqueeze,Caller_OOP_R_EP_MP,Any_position,25BB,CO-BTN,,3x,cc34a076aaf2,055__spot-Caller_OOP_R_EP_MP__position-Any_position__stack-25BB__opponent-CO-BTN__bet-3x__vssqueeze-cc34a076aaf2.jpg,charts/0162.webp,434,600,35219,14702,9c07ff62a9c28ce192ddd2707eaa76de0e530e00276db44072adf43c028e8b71,272236e9ddd6973c99789c245edcac4b650186cb11288148cd65e07988f407b5
B2_0163,145,vssqueeze,Raiser_IP,EP-MP,40BB,BB,,6x,7e5f88519560,145__spot-Raiser_IP__position-EP-MP__stack-40BB__opponent-BB__bet-6x__vssqueeze-7e5f88519560.jpg,charts/0163.webp,434,600,27754,10372,55cd45cd95b69936a22b8a8a732f0c2e3b65d910bbddb897c50162f9a35eb8a0,52a0e30c3028319b26ed26b0df312c6fbdc0936bb4008675a8ce85a0870112ce
B2_0164,136,vssqueeze,Raiser_IP,EP-MP,100BB,SB,,6x,83772e44c43b,136__spot-Raiser_IP__position-EP-MP__stack-100BB__opponent-SB__bet-6x__vssqueeze-83772e44c43b.jpg,charts/0164.webp,434,600,33043,13320,d95379dabf660667643dfa41efb5258fe18424905033d33aa8929a086b4f1568,5fcd3aa7d08961b9b118c8f101d56ffccd7c07a43fd454070bb591a535096dc9
B2_0165,069,vssqueeze,Caller_OOP_R_EP_MP,Any_position,65BB,CO-BTN,,5x,9904039fd577,069__spot-Caller_OOP_R_EP_MP__position-Any_position__stack-65BB__opponent-CO-BTN__bet-5x__vssqueeze-9904039fd577.jpg,charts/0165.webp,434,600,28547,11372,bb62e64323c6a73f402282079d29053ad82019dc3dd55ee69e6c2b4a818d59d2,85cdbb87b85e1e8aea651df13c3a93ba4745d9252b33f00855b8598e611aa5d6
B2_0166,132,vssqueeze,Raiser_IP,EP-MP,100BB,BB,,5x,f4aac51b5bdf,132__spot-Raiser_IP__position-EP-MP__stack-100BB__opponent-BB__bet-5x__vssqueeze-f4aac51b5bdf.jpg,charts/0166.webp,434,600,30873,12440,9686f68535094df1fe3a5298866e947ac4b214252deda1d815ed63b16f73d5cd,2218300d88c64ada4c0936180820b6458f731af91917446a2e55abd9c86aef09
B2_0167,015,vssqueeze,Caller_IP_R_EP,Any_position,40BB,BB,,6x,4c43b2c1b806,015__spot-Caller_IP_R_EP__position-Any_position__stack-40BB__opponent-BB__bet-6x__vssqueeze-4c43b2c1b806.jpg,charts/0167.webp,434,600,27817,10496,831b66d28e003e87966fc617c2881acfae56b443d1e1b68d8799255400e18bb0,789b5cafca7c74115a8ca0489abb906c9d0af3d36786279dcef761fc3afe6e61
B2_0168,137,vssqueeze,Raiser_IP,EP-MP,25BB,BB,,4x,e607f7ba9b80,137__spot-Raiser_IP__position-EP-MP__stack-25BB__opponent-BB__bet-4x__vssqueeze-e607f7ba9b80.jpg,charts/0168.webp,434,600,27907,10518,e24de39269a2d824684d921fa911e13cb5c4fdb62a3b570bd55c9fe10050f0d6,7b0c577f97587fe030d68667b1f1d91308159e17fdd32d9c9c89926c4dd5740b
B2_0169,063,vssqueeze,Caller_OOP_R_EP_MP,Any_position,40BB,CO-BTN,,5x,ca4ae4c9d1ec,063__spot-Caller_OOP_R_EP_MP__position-Any_position__stack-40BB__opponent-CO-BTN__bet-5x__vssqueeze-ca4ae4c9d1ec.jpg,charts/0169.webp,434,600,30788,12442,268f6357b52164c7b92b7b5754eef1c29f15152ba434720c14581068a3600a48,1de97136002a786bea55c19a97c2be72f6cdf20452117a320bc2f43829380297
B2_0170,190,vssqueeze,Raiser_OOP,EP-MP,25BB,LJ-HJ,,5x,c0dadf84be26,190__spot-Raiser_OOP__position-EP-MP__stack-25BB__opponent-LJ-HJ__bet-5x__vssqueeze-c0dadf84be26.jpg,charts/0170.webp,434,600,28215,10940,a3d89f2b9970866d92a48b00f4018ebbab962577dd4508148382226423cf0999,d10ec1f0c40cd91e2678c5b624257cef2707fcf353f030d221b925b9b6c99d91
B2_0171,151,vssqueeze,Raiser_IP,EP-MP,65BB,BB,,6x,417c19b1941c,151__spot-Raiser_IP__position-EP-MP__stack-65BB__opponent-BB__bet-6x__vssqueeze-417c19b1941c.jpg,charts/0171.webp,434,600,28534,11276,73727b868cc8e128e99761be27052d925815f277d50a4dd1a2c4b60223b23285,e7aa8d1eb4d360b9749b63b609563ce965f355b131cc39d9a232ddcddf92bcd5
B2_0172,018,vssqueeze,Caller_IP_R_EP,Any_position,40BB,SB,,6x,16633c13ea96,018__spot-Caller_IP_R_EP__position-Any_position__stack-40BB__opponent-SB__bet-6x__vssqueeze-16633c13ea96.jpg,charts/0172.webp,434,600,29802,11442,597c83e0964b6af2f3795c69332468e5de0c7ddca889a2b5db7a5670bd5fc58c,83d65d2c9f648056138ddae1c58c64466267a4fa4d48dec01ff8158d935dbfce
B2_0173,078,vssqueeze,Caller_OOP_R_LJ_HJ,Any_position,25BB,CO-BTN,,5x,5819ecae9619,078__spot-Caller_OOP_R_LJ_HJ__position-Any_position__stack-25BB__opponent-CO-BTN__bet-5x__vssqueeze-5819ecae9619.jpg,charts/0173.webp,434,600,31628,12850,ac4baccc54083a859565da8ef2f84365613a687e4fba08b1db6c8f5d8c5a9872,890bf2938514077331f73aeca3663f57440f5f9d81c98bef1957d679ed48ea53
B2_0174,186,vssqueeze,Raiser_OOP,EP-MP,25BB,CO-BTN,,4x,f1d54a539319,186__spot-Raiser_OOP__position-EP-MP__stack-25BB__opponent-CO-BTN__bet-4x__vssqueeze-f1d54a539319.jpg,charts/0174.webp,434,600,28823,11340,f43dd38e0938707426ce69a83ca000ce79c447fdc52719a142c64f96edff9ae5,25e536fbdbcffcb0362e760adad34f740fd1083297a52a65fac2e27b998f446d
B2_0175,041,vssqueeze,Caller_IP_R_Mid,Any_position,40BB,SB,,5x,641d4edb2026,041__spot-Caller_IP_R_Mid__position-Any_position__stack-40BB__opponent-SB__bet-5x__vssqueeze-641d4edb2026.jpg,charts/0175.webp,434,600,30794,12328,58de8e62e2ef18a5ece0693ab66b5d419a84fa3692be935b8aa3259985f16016,3dc47ff72dba6d1ab44bc7efdd21aba35705e903484a7f57564356b7fb6b6630
B2_0176,160,vssqueeze,Raiser_IP,HJ-CO,100BB,SB,,6x,8dfd73391cf9,160__spot-Raiser_IP__position-HJ-CO__stack-100BB__opponent-SB__bet-6x__vssqueeze-8dfd73391cf9.jpg,charts/0176.webp,434,600,32304,13134,a63fd2bd21a06fe480f6b102b80819c97318be1ef594bc2acdbd6a3c2e8f58ea,b4b7bfdc0ca87e2cb4d64c437ec89b362fbeb3c5d9b4db6ea48dd7680a30a2c6
B2_0177,172,vssqueeze,Raiser_IP,HJ-CO,40BB,SB,,6x,167c6d31ef5e,172__spot-Raiser_IP__position-HJ-CO__stack-40BB__opponent-SB__bet-6x__vssqueeze-167c6d31ef5e.jpg,charts/0177.webp,434,600,29175,11336,3f17da707a3cda116ec53fe2c101d205efc0b03c7dbca0fa4a488df4e7324016,ea99d8aefcc937eb37d821e293a216513312d0c4aff2eb4613b0daf5ef30fb0d
B2_0178,116,vssqueeze,IP_plus_SB,SB_R_EP-MP,40BB,BB,,6x,6450812bc1f1,116__spot-IP_plus_SB__position-SB_R_EP-MP__stack-40BB__opponent-BB__bet-6x__vssqueeze-6450812bc1f1.jpg,charts/0178.webp,434,600,27616,10776,9fd37f0a3d8bb3bdf2be8c04d8e61f690b2263d4f3af5ef531f5f9352e2a02ba,1f3be8ad31a37564893213995737d3c8b6c1cd97e66c9c6fe555271a69c3a3e2
B2_0179,072,vssqueeze,Caller_OOP_R_EP_MP,Any_position,65BB,LJ-HJ,,5x,3ea2a90ab5f2,072__spot-Caller_OOP_R_EP_MP__position-Any_position__stack-65BB__opponent-LJ-HJ__bet-5x__vssqueeze-3ea2a90ab5f2.jpg,charts/0179.webp,434,600,27513,10772,7424082a855f266f31af7656500236db9347f7652f799dcac4cc29e6cbc9bef8,6fc14ade510045eafc7005c147b3bc0fda3e0cb60c5a6aa0184ea0dc61012099
B2_0180,105,vssqueeze,IP_plus_SB,HJ-BTN,40BB,BB,,6x,1aa8a11df47e,105__spot-IP_plus_SB__position-HJ-BTN__stack-40BB__opponent-BB__bet-6x__vssqueeze-1aa8a11df47e.jpg,charts/0180.webp,434,600,30402,12060,eddfc2789497efcb9563802d7a3d4ef79fd1c5e085a1304d3b8b5497a458f4cf,8a07cd30b0d3a941955d9b45807b43a59df93737fb431ee6bca549b093c2e197
B2_0181,188,vssqueeze,Raiser_OOP,EP-MP,25BB,LJ-HJ,,3x,dc0561f18a81,188__spot-Raiser_OOP__position-EP-MP__stack-25BB__opponent-LJ-HJ__bet-3x__vssqueeze-dc0561f18a81.jpg,charts/0181.webp,434,600,29589,11690,6f544e4f2d758046dbeb4865f494788cae01b21bfa39095990477c24be99d488,6ab8f81fd50d4ea517c4ec5ce48e5532d12cdf560fe08ca491f5b95793112857
B2_0182,042,vssqueeze,Caller_IP_R_Mid,Any_position,40BB,SB,,6x,f6d5920388d1,042__spot-Caller_IP_R_Mid__position-Any_position__stack-40BB__opponent-SB__bet-6x__vssqueeze-f6d5920388d1.jpg,charts/0182.webp,434,600,30767,12100,ad8cb90ae857fbfc0bb3e2966afbc8bd40271be315c72d91fc35a526791d5034,3bf1bb367e5aae9163e9b02913afcd6d3e24e421d4a49d531a26309b83e9dc92
B2_0183,165,vssqueeze,Raiser_IP,HJ-CO,25BB,SB,,5x,463f1ac60cbb,165__spot-Raiser_IP__position-HJ-CO__stack-25BB__opponent-SB__bet-5x__vssqueeze-463f1ac60cbb.jpg,charts/0183.webp,434,600,29357,11216,038242d58c6ad7b275840eedf886b764190ef1b6cbac49ebde676260e93a2014,8af89f762dae9b80dfd87d9c72f83f1b91ec8747ec10d3d6da90fac971fb4c9e
B2_0184,162,vssqueeze,Raiser_IP,HJ-CO,25BB,BB,,5x,643fa23fdabc,162__spot-Raiser_IP__position-HJ-CO__stack-25BB__opponent-BB__bet-5x__vssqueeze-643fa23fdabc.jpg,charts/0184.webp,434,600,28841,11308,404b1b984e20b2d8732c6194960d0b6a0e1c6d6f2eb6a60512cfde54ad8aeb60,c64b92c226732fd40eec55251faa4981484a9df3f7ffb32bd48915a49c573ee2
B2_0185,138,vssqueeze,Raiser_IP,EP-MP,25BB,BB,,5x,e4ee559a85bd,138__spot-Raiser_IP__position-EP-MP__stack-25BB__opponent-BB__bet-5x__vssqueeze-e4ee559a85bd.jpg,charts/0185.webp,434,600,27935,10466,4d00acf3458e02212ba2635ad3e29dcb7bfe946064c2f5e4f537d4b426d325cd,a93ab0a9d0f0dcfdf8e2933498255219c1b1824b454b3232f05a2b3cc6d35bdf
B2_0186,114,vssqueeze,IP_plus_SB,SB_R_EP-MP,25BB,BB,,6x,d6b8089da74c,114__spot-IP_plus_SB__position-SB_R_EP-MP__stack-25BB__opponent-BB__bet-6x__vssqueeze-d6b8089da74c.jpg,charts/0186.webp,434,600,27983,10804,0390eb30dcdc651a44534815dc8b6e8f216b951bec562a35530f78dd3958d34c,dad4783fac821502c39f02f5f764ed4bd47f4680c9dc3e768eec6ec8f0d6d4e9
B2_0187,133,vssqueeze,Raiser_IP,EP-MP,100BB,BB,,6x,23ba0ab285e9,133__spot-Raiser_IP__position-EP-MP__stack-100BB__opponent-BB__bet-6x__vssqueeze-23ba0ab285e9.jpg,charts/0187.webp,434,600,29304,11382,610cde56223af5ae2cc02e45267e1ed5b295d0943fae37994dfee2d31b6deba3,e75a4fd97c24cd7b2c578b60e4d49c52503cdf69e977c4c764c8ff2e23d34ff9
B2_0188,129,vssqueeze,IP_plus_SB,SB_R_HJ-BTN,65BB,BB,,5x,3b76d0e5c70b,129__spot-IP_plus_SB__position-SB_R_HJ-BTN__stack-65BB__opponent-BB__bet-5x__vssqueeze-3b76d0e5c70b.jpg,charts/0188.webp,434,600,28757,11412,4b50f47243dc1f5e17534671e7e8f413203fcae8b19dd332a0d4f54986f32de0,e5dfccbd9d68208bb675f2740bfd917e67d03853bbf7d62919b54c3a2f4361d7
B2_0189,118,vssqueeze,IP_plus_SB,SB_R_EP-MP,65BB,BB,,6x,10c37f95deb9,118__spot-IP_plus_SB__position-SB_R_EP-MP__stack-65BB__opponent-BB__bet-6x__vssqueeze-10c37f95deb9.jpg,charts/0189.webp,434,600,27497,10526,ec0a6a9f3201c4a50935de4c9655d52cd1dad8ceb72c7aa10d1f2dc3e394fee6,8c072f9fcf001d88f0a580b002d4f2d4b32528100f897d3065620e23af4ee3d2
B2_0190,049,vssqueeze,Caller_OOP_R_EP_MP,Any_position,100BB,CO-BTN,,3x,b5b125d35765,049__spot-Caller_OOP_R_EP_MP__position-Any_position__stack-100BB__opponent-CO-BTN__bet-3x__vssqueeze-b5b125d35765.jpg,charts/0190.webp,434,600,39236,16074,9072adf446e2b351f49abfde6014e92c746802698bfad0bc63481567f7b9180e,e837c9bfdcad77925a0eb672a04aa6618b932229d075f9cd76f8a47d1344d6bd
B2_0191,095,vssqueeze,IP_plus_SB,EP-MP,65BB,BB,,5x,3c43cba8fdd2,095__spot-IP_plus_SB__position-EP-MP__stack-65BB__opponent-BB__bet-5x__vssqueeze-3c43cba8fdd2.jpg,charts/0191.webp,434,600,29076,11450,2e97eef194e3ab4d55ca6714f247aa1d38c39876882c2e0a06a1de3ae8b83c60,55e9c5e865f8f5489cacb509f8fc8950cff1baa743da0707c6bb4d3dfbf14b20
B2_0192,182,vssqueeze,Raiser_OOP,EP-MP,100BB,LJ-HJ,,3x,c0e73d71466f,182__spot-Raiser_OOP__position-EP-MP__stack-100BB__opponent-LJ-HJ__bet-3x__vssqueeze-c0e73d71466f.jpg,charts/0192.webp,434,600,37283,15432,2016752dcef6b8d98d3f25e8b9461cb4f18aaf41e5e6d7bd9431c06480bcfee0,1de5576f2833b5c965e3834db904c0c1e6461cfbaa989f3898029e63898babd8
B2_0193,043,vssqueeze,Caller_IP_R_Mid,Any_position,65BB,BB,,4x,8bfe6cd314d7,043__spot-Caller_IP_R_Mid__position-Any_position__stack-65BB__opponent-BB__bet-4x__vssqueeze-8bfe6cd314d7.jpg,charts/0193.webp,434,600,34530,13534,ac20815f333b31c3f724d3d7074140a0ec829a29075e9e74a031cfdb3352c2f1,8d86deb914a34960edcfcb0871807298998f586123111f09c6f87e7b090b0be0
B2_0194,065,vssqueeze,Caller_OOP_R_EP_MP,Any_position,40BB,LJ-HJ,,4x,e85d6cf0a040,065__spot-Caller_OOP_R_EP_MP__position-Any_position__stack-40BB__opponent-LJ-HJ__bet-4x__vssqueeze-e85d6cf0a040.jpg,charts/0194.webp,434,600,29401,11626,745240cb9a7fbbb90073f1515f74e8f089eb60860da89d414ad3f20596802ed4,efe9b71382d7f67d470a8cf2a8dda8b31e13561ed2908ca90d4c22241fce7864
B2_0195,003,vssqueeze,Caller_IP_R_EP,Any_position,100BB,BB,,6x,16cb63c15bf8,003__spot-Caller_IP_R_EP__position-Any_position__stack-100BB__opponent-BB__bet-6x__vssqueeze-16cb63c15bf8.jpg,charts/0195.webp,434,600,28017,10332,9416a038382e6612fae5b80f6eee5d0b7b21187f35c42eb347f27c53d21203a2,4af4d816d1fa6a9b00badd5aafd7f7be34d03171cb7fd42ffd8362a1a2fb5e2e
B2_0196,126,vssqueeze,IP_plus_SB,SB_R_HJ-BTN,40BB,BB,,5x,04229d9d4dcd,126__spot-IP_plus_SB__position-SB_R_HJ-BTN__stack-40BB__opponent-BB__bet-5x__vssqueeze-04229d9d4dcd.jpg,charts/0196.webp,434,600,31045,12546,0369b3e0bf2350af14818dc6aad2f6c1483033fe0088825cee472b3a6f212a73,6a4aa7d168a64f67b074c6846bdf6585a630cdcb2f56fc13bef5304a4f7fd2cd
B2_0197,148,vssqueeze,Raiser_IP,EP-MP,40BB,SB,,6x,9d7ae99fe2fc,148__spot-Raiser_IP__position-EP-MP__stack-40BB__opponent-SB__bet-6x__vssqueeze-9d7ae99fe2fc.jpg,charts/0197.webp,434,600,28421,11058,0adae9d0958483522494acdc5b09e882f78b8825b5897607d0cccbdb483de944,45cc9b3f461f7ae1063953a2f1ee9634d9c207488c87eade684a9eb2f7fecd54
B2_0198,184,vssqueeze,Raiser_OOP,EP-MP,100BB,LJ-HJ,,5x,c81ca656b281,184__spot-Raiser_OOP__position-EP-MP__stack-100BB__opponent-LJ-HJ__bet-5x__vssqueeze-c81ca656b281.jpg,charts/0198.webp,434,600,27940,10926,8b2d394429a9cd239e2ec5aec5ef7c224ce41da27703c7775ef92983abe068de,112c378c8ccdfa972b15d67dda66c7d136c9d9c8613681284dfd76fd3f032bba
B2_0199,111,vssqueeze,IP_plus_SB,SB_R_EP-MP,100BB,BB,,6x,0c81dae0165c,111__spot-IP_plus_SB__position-SB_R_EP-MP__stack-100BB__opponent-BB__bet-6x__vssqueeze-0c81dae0165c.jpg,charts/0199.webp,434,600,27702,10626,1835a9ce0ada58dbb5fd48ad4ab8e971191d24b7c9b963f60b0737c12a512eb7,ae5a0510f8303bf3f564c87b7ffd71653015bcb426baf152c27812ab3fde6f3d
B2_0200,067,vssqueeze,Caller_OOP_R_EP_MP,Any_position,65BB,CO-BTN,,3x,dcd122c747da,067__spot-Caller_OOP_R_EP_MP__position-Any_position__stack-65BB__opponent-CO-BTN__bet-3x__vssqueeze-dcd122c747da.jpg,charts/0200.webp,434,600,37976,15664,1eddb02ea02603c0ef9e685114802a8a9045fefcd7260aae021eefb13bd11817,92342e63ba2065a7b98b5ef6d1ffbe4edafda1ec056868fcaaf2bf6e854f411d
B2_0201,197,vssqueeze,Raiser_OOP,EP-MP,65BB,CO-BTN,,3x,f42fdd4302bb,197__spot-Raiser_OOP__position-EP-MP__stack-65BB__opponent-CO-BTN__bet-3x__vssqueeze-f42fdd4302bb.jpg,charts/0201.webp,434,600,34467,14224,16f7986a2edba8406ac41c1f70ea6ba835d05b5d2d4532d2351471b6080bb86d,3987f34921fe826a54fa482a17ea6d06e8774247a034deaa4c136e40693d69d8
B2_0202,178,vssqueeze,Raiser_IP,HJ-CO,65BB,SB,,6x,a7b420dc7a70,178__spot-Raiser_IP__position-HJ-CO__stack-65BB__opponent-SB__bet-6x__vssqueeze-a7b420dc7a70.jpg,charts/0202.webp,434,600,29363,11626,14e0a408db183bf46f2663e4a7ce0e5b5949421199363ba036d54aad707a72b8,6e08dd9ac595c1818d5faa528a717bb858dc60416b0fc22d9c5d140039a7dfaf
B2_0203,043,vs1r1c,,CO_HJ,12-16BB,IP_IP,2.4-3.2BB,,fb127277d706,043__position-CO_HJ__stack-12-16BB__open-2.4-3.2BB__opponent-IP_IP__vs1r1c-fb127277d706.jpg,charts/0203.webp,434,600,28187,11930,c46097fb9f3a94e6318e89642907982455cc178079b2ab97f04f70912e748d20,6a9cbc5439af52d7ac5bb1c84b1167d585fad4640b94e91a40141a393a858533
B2_0204,027,vs1r1c,,BB,8-12BB,HJBTN_plus_SB,2-2.4BB,,733e9bfe4094,027__position-BB__stack-8-12BB__open-2-2.4BB__opponent-HJBTN_plus_SB__vs1r1c-733e9bfe4094.jpg,charts/0204.webp,434,600,52642,22858,919727041e5cbee2dbbeda155e0617a7df52a9f7d49b4a635f47259f3f0f6174,f18d0d80200448c3a2c56eefd01dea59cf4c4e8a9dad1a4ccb92d1397ea87d80
B2_0205,050,vs1r1c,,CO_HJ,30-40BB,IP_IP,2-2.4BB,,b62cdd53e79a,050__position-CO_HJ__stack-30-40BB__open-2-2.4BB__opponent-IP_IP__vs1r1c-b62cdd53e79a.jpg,charts/0205.webp,434,600,33210,14186,c9c287d6386e9705a6f217d9c45d54ef080c96fa3234a3d3231e1a3df750bcc0,e4a7037a4085897c86e465abfa254296ca815a520336c160e472e26c564120b2
B2_0206,016,vs1r1c,,BB,30-40BB,EPLJ_plus_SB,2-2.4BB,,4c3b29f99d30,016__position-BB__stack-30-40BB__open-2-2.4BB__opponent-EPLJ_plus_SB__vs1r1c-4c3b29f99d30.jpg,charts/0206.webp,434,600,52237,22594,d42ed7e7eab0204914b94098551309ad5870f1d3419db35102f1a5121d4f0442,e2341069fab2286e63c9b77e37654bfc42500ac53d145d224039d6a3ce53870c
B2_0207,010,vs1r1c,,BB,22-30BB,CO_BTN,2-2.4BB,,1193bb1c0c0f,010__position-BB__stack-22-30BB__open-2-2.4BB__opponent-CO_BTN__vs1r1c-1193bb1c0c0f.jpg,charts/0207.webp,434,600,51093,22142,b781cf8d84e61590e83c7c83bbe09251d428119f1d96967656500379ee63cff9,16821a4d8693cc090d9c41fef4243d8e6e87a16f2227a7446d6c5fed5ef8e827
B2_0208,036,vs1r1c,,BTN,30-40BB,IP_IP,2-2.4BB,,f39151a602cb,036__position-BTN__stack-30-40BB__open-2-2.4BB__opponent-IP_IP__vs1r1c-f39151a602cb.jpg,charts/0208.webp,434,600,35731,15220,4939538fb3a3dfd09b4afa0145343b3237f0991d19cf4fb4a1bcabbfd691dcaa,9bf687e766926e2cb069f03ad32a450686e354ac071331d7f3b977a1959fdde8
B2_0209,049,vs1r1c,,CO_HJ,30-40BB,IP_IP,2.4-3.2BB,,a77ef0df052a,049__position-CO_HJ__stack-30-40BB__open-2.4-3.2BB__opponent-IP_IP__vs1r1c-a77ef0df052a.jpg,charts/0209.webp,434,600,30276,12258,0447343b417e9223634a696d2785ce7c4e0c713a1d536cfb065d9b0420703e00,733d11ca0abeaa4f25ded12ab5ea386c71159d50d527c4fadd0ac6292c1debca
B2_0210,048,vs1r1c,,CO_HJ,22-30BB,IP_IP,2-2.4BB,,789c323bbe67,048__position-CO_HJ__stack-22-30BB__open-2-2.4BB__opponent-IP_IP__vs1r1c-789c323bbe67.jpg,charts/0210.webp,434,600,30320,12626,fec17114060b48dbf0405287ddcb667e500d775d245f3c44874f77e1ab5e1125,ed6f6f35f8db2590950a0bf0d0ff56e964122519d8aefbee977b9ea0dc5df832
B2_0211,041,vs1r1c,,CO,40BBplus,IP_IP,2.4-3.2BB,,13d468ef207c,041__position-CO__stack-40BBplus__open-2.4-3.2BB__opponent-IP_IP__vs1r1c-13d468ef207c.jpg,charts/0211.webp,434,600,34280,14708,d32d007d350c20509ef8f0802c4055103e0b5d3dce794c5e6b829bc3b5ac240a,28070972a9bd7211667b24f8a7c3ce8014c0fbb8ddd6e926d4dd2afdd782537a
B2_0212,006,vs1r1c,,BB,16-22BB,EPLJ_plus_SB,2-2.4BB,,39010cb987ab,006__position-BB__stack-16-22BB__open-2-2.4BB__opponent-EPLJ_plus_SB__vs1r1c-39010cb987ab.jpg,charts/0212.webp,434,600,50279,21994,8efdac6d1a129878f0f9681f37cc41023020c7eac5b76f1c575895dc510da929,12cae4a7c2788d2aa532c5f4a8aaaf6644208a85f7b3ad098e6abc89149bd655
B2_0213,047,vs1r1c,,CO_HJ,22-30BB,IP_IP,2.4-3.2BB,,fa319b98d103,047__position-CO_HJ__stack-22-30BB__open-2.4-3.2BB__opponent-IP_IP__vs1r1c-fa319b98d103.jpg,charts/0213.webp,434,600,31472,13734,743c1e4f17e10f7a58550af7c0b6f807547a6969d1731d181650a115c767e420,55912ee509f046e32fd11da6d195cd84155c776b5502abe59b296055e0df57ea
B2_0214,013,vs1r1c,,BB,22-30BB,HJBTN_plus_SB,2-2.4BB,,fea4b47e192d,013__position-BB__stack-22-30BB__open-2-2.4BB__opponent-HJBTN_plus_SB__vs1r1c-fea4b47e192d.jpg,charts/0214.webp,434,600,55782,24064,79cdcd7fbf6e27087a62408a8a996c8e4a8b51f85456b2441084c0fac55db9f5,a1bc140c1463a3ec737d1492912625c6fa0eb82ab383b56c3c5f89a0c0274640
B2_0215,008,vs1r1c,,BB,16-22BB,IP_IP,2-2.4BB,,1aa49656a19c,008__position-BB__stack-16-22BB__open-2-2.4BB__opponent-IP_IP__vs1r1c-1aa49656a19c.jpg,charts/0215.webp,434,600,51979,22658,0d4dcf99cdd5b41b301b0bd7d3fc31699be7460ee461042d711e25673fb7068f,36fd031f4a6ad464dbd82ec756accbfcfed2d0201f35b9eebe62a9baa4745993
B2_0216,011,vs1r1c,,BB,22-30BB,EPLJ_plus_SB,2-2.4BB,,ff4defd6cc28,011__position-BB__stack-22-30BB__open-2-2.4BB__opponent-EPLJ_plus_SB__vs1r1c-ff4defd6cc28.jpg,charts/0216.webp,434,600,50226,22030,8279997394b4c097ce7df1846ed5403e3e252b8fb1860c1afcd7ae7578e7af58,4bdcef3ec0a1303c76f66b33db48bb565f726afc869ac5047f2b35281cff3dc3
B2_0217,052,vs1r1c,,CO_HJ,8-12BB,IP_IP,2-2.4BB,,26a0d92a62c0,052__position-CO_HJ__stack-8-12BB__open-2-2.4BB__opponent-IP_IP__vs1r1c-26a0d92a62c0.jpg,charts/0217.webp,434,600,33125,13740,ee94a203b7eacddbb606f36a7c75031f20592bb1add76c259ff0e859f1bd93da,c5fce2b22dcdd8b2461a593856aec5510a60015317138fc7afe8bab880391c9a
B2_0218,063,vs1r1c,,SB,30-40BB,IP_IP,2.4-3.2BB,,39b4ea854908,063__position-SB__stack-30-40BB__open-2.4-3.2BB__opponent-IP_IP__vs1r1c-39b4ea854908.jpg,charts/0218.webp,434,600,32796,14062,9152d99abad658e414d22e6e871f712159307d808a80b73d58632d8c9bc36d68,63e90a3e27fec766179eb2f7969435c676246bfb15f6a33c4e053441e8cb9298
B2_0219,004,vs1r1c,,BB,12-16BB,IP_IP,2-2.4BB,,b30bf4c6e511,004__position-BB__stack-12-16BB__open-2-2.4BB__opponent-IP_IP__vs1r1c-b30bf4c6e511.jpg,charts/0219.webp,434,600,51215,21992,9114629245afac4f66650114d2a1c940764a11afb90ce037f32872c8a36003c5,6cf466856c707a8ccdecedc98895b06582a15d8a1e74c4667bfcfecbbb772419
B2_0220,005,vs1r1c,,BB,16-22BB,IP_IP,2.4-3.2BB,,568e5bd8987f,005__position-BB__stack-16-22BB__open-2.4-3.2BB__opponent-IP_IP__vs1r1c-568e5bd8987f.jpg,charts/0220.webp,434,600,43716,18960,56ee9d08df2650703d84a60e23ce2e8b0f26f7fb4a72731ee231c687f59c1405,073a8a7212bfd6e9c034a77a01978614362d96b1d289f7fc7c7e36e43e44cf4e
B2_0221,055,vs1r1c,,SB,12-16BB,IP_IP,2.4-3.2BB,,46bb60dc59a7,055__position-SB__stack-12-16BB__open-2.4-3.2BB__opponent-IP_IP__vs1r1c-46bb60dc59a7.jpg,charts/0221.webp,434,600,29810,12388,b17d7b09cdeaa286d9efdcd4bd2337ab2b56c022a819f7c4f98320b244c61c9c,fef61acee328a27535b45c4942031acecfb6752693c16264202c6137f10d0666
B2_0222,057,vs1r1c,,SB,16-22BB,IP_IP,2.4-3.2BB,,261a546caafe,057__position-SB__stack-16-22BB__open-2.4-3.2BB__opponent-IP_IP__vs1r1c-261a546caafe.jpg,charts/0222.webp,434,600,29307,11862,83621e48fcfd07d38192e1ec55168dcd16e6bc5a91b8ece0e7981f51d3271a2d,bf54ed653ed6b9f3ea48bab0f6350db33d75af581e84bae5deaecaf79a72d3ba
B2_0223,029,vs1r1c,,BTN,12-16BB,IP_IP,2.4-3.2BB,,bf40202f4727,029__position-BTN__stack-12-16BB__open-2.4-3.2BB__opponent-IP_IP__vs1r1c-bf40202f4727.jpg,charts/0223.webp,434,600,28474,11878,f3d8dc2bd26ad64f5d0e0aeff03ffb13196e813e8eea3c604990fef02c4c9c3a,a39c1cbd46bc9b94af93864064eee8f545674e46164d252707f7229daabb1fa8
B2_0224,031,vs1r1c,,BTN,16-22BB,IP_IP,2.4-3.2BB,,0afb51e5bf4e,031__position-BTN__stack-16-22BB__open-2.4-3.2BB__opponent-IP_IP__vs1r1c-0afb51e5bf4e.jpg,charts/0224.webp,434,600,28935,11766,833c7228e011d8136ff6057fa3afba039272cccb809ac02aa80bcc582b54f2cf,905c7306ca265de23d5a005241637876981acbab0517267f4f81def764ba5a99
B2_0225,022,vs1r1c,,BB,40BBplus,EPLJ_plus_SB,2-2.4BB,,8691b08276a9,022__position-BB__stack-40BBplus__open-2-2.4BB__opponent-EPLJ_plus_SB__vs1r1c-8691b08276a9.jpg,charts/0225.webp,434,600,51521,22678,b01a8616067d73843da0d02247fedc62ed1be84ff9b71d6e204945827b399f13,31e7f89d27c036d98ffa587f626d8b0420ce1f7a26f4f50bc220a4b043a50395
B2_0226,040,vs1r1c,,BTN,8-12BB,IP_IP,2-2.4BB,,b0aaffce2aee,040__position-BTN__stack-8-12BB__open-2-2.4BB__opponent-IP_IP__vs1r1c-b0aaffce2aee.jpg,charts/0226.webp,434,600,32885,13684,0cfa27afca2fc342003bbbf96481c3b6e4a28a1b7813ad0937a353e6a3ca22a3,49d000aecc482c4312b7195369cf8c29ca4fb96af188b968ad45db41ed9815b1
B2_0227,067,vs1r1c,,SB,8-12BB,IP_IP,2.4-3.2BB,,fb31a52f3a22,067__position-SB__stack-8-12BB__open-2.4-3.2BB__opponent-IP_IP__vs1r1c-fb31a52f3a22.jpg,charts/0227.webp,434,600,30978,12696,05b94b9b4dbed0c5554473e067a322c62e7b498014ad75a4240e4f539042c16f,303a1e70894ead7dd983f640da1d08b006383762869c324fd8adc4e7549f798d
B2_0228,062,vs1r1c,,SB,22-30BB,IP_IP,2-2.4BB,,31730b77d90f,062__position-SB__stack-22-30BB__open-2-2.4BB__opponent-IP_IP__vs1r1c-31730b77d90f.jpg,charts/0228.webp,434,600,33198,13884,14731716e319259ddb5f79cec0957855a4ea74436468a7d302da3690c3a0f771,3a2686741508f73b716096df547c9ab6a9b818ac1d2ee76bb5ceb26625763f30
B2_0229,060,vs1r1c,,SB,22-30BB,EPLJ_plus_SB,2-2.4BB,,b5eb6d5d533e,060__position-SB__stack-22-30BB__open-2-2.4BB__opponent-EPLJ_plus_SB__vs1r1c-b5eb6d5d533e.jpg,charts/0229.webp,434,600,33707,14260,c806ed5f36c55b0cf59bef37afd3e68495558f7ec61e90a1335998df5ac9113f,74789235ac9c94189e5e3e2a080a64652aedbdece1fb029645fa1fcf0b32dce7
B2_0230,056,vs1r1c,,SB,12-16BB,IP_IP,2-2.4BB,,6d301a405201,056__position-SB__stack-12-16BB__open-2-2.4BB__opponent-IP_IP__vs1r1c-6d301a405201.jpg,charts/0230.webp,434,600,34312,14280,c9bcd70cf6a8daae1a3bc6d92379ddbf94de0951e028a51d6d4be0ee414ff877,b5ae11367de19b3f1a95957bd47360a07c966ed5083f026f7dd23f7ccd244ae7
B2_0231,054,vs1r1c,,HJ,40BBplus,IP_IP,2-2.4BB,,38902b51ebf9,054__position-HJ__stack-40BBplus__open-2-2.4BB__opponent-IP_IP__vs1r1c-38902b51ebf9.jpg,charts/0231.webp,434,600,33730,14308,b3de6588a88f2a14f2ea7c7ad77034b3a45a2a80522813523b322ba9d4bc67e6,be24ddead10b3ce4b8e0f656c3c70801d76267bf402b1dc6be94a52112918998
B2_0232,012,vs1r1c,,BB,22-30BB,EPMP_IP,2-2.4BB,,0739f60b3dad,012__position-BB__stack-22-30BB__open-2-2.4BB__opponent-EPMP_IP__vs1r1c-0739f60b3dad.jpg,charts/0232.webp,434,600,51146,22368,65dda4abae51af85302265f536679486f9ab9b338d00412959208b0655ef9954,d8c9e2b44fb5b6ac09a3d18be729a0a0e0a69f35aac87d7c7c399dd0a8e865d2
B2_0233,024,vs1r1c,,BB,40BBplus,IP_IP,2-2.4BB,,43d63f09bc9f,024__position-BB__stack-40BBplus__open-2-2.4BB__opponent-IP_IP__vs1r1c-43d63f09bc9f.jpg,charts/0233.webp,434,600,51310,22524,407e3771e48e022996dc1d870f8cbf4bf49330b4f1b9ce20329d8c3cc522b82f,ef5c666f0806d8d5abfd5d85b41ef0fcb8bd5be6f883be216f1f41b45acb4f7d
B2_0234,028,vs1r1c,,BB,8-12BB,IP_IP,2-2.4BB,,a851b3841996,028__position-BB__stack-8-12BB__open-2-2.4BB__opponent-IP_IP__vs1r1c-a851b3841996.jpg,charts/0234.webp,434,600,52702,22964,2a587db8449330923094ef1d4752ec2a6051a5ac478c16ec2298ac05cd2b62c4,d356d73ad05399e22ee81b20bda1ef79a343942ca4025d800f59715a9247d946
B2_0235,058,vs1r1c,,SB,16-22BB,IP_IP,2-2.4BB,,b63eac4c08d5,058__position-SB__stack-16-22BB__open-2-2.4BB__opponent-IP_IP__vs1r1c-b63eac4c08d5.jpg,charts/0235.webp,434,600,34545,14260,8cf5b9b202e4951debbb28f90582f9ddba2710c58fd2bd83532da9f089abcc48,3a40dc7501f31ce5dd33df0340b4c41ddd94b7deea865adf09a4fd8457facdbc
B2_0236,035,vs1r1c,,BTN,30-40BB,IP_IP,2.4-3.2BB,,d09bb2266120,035__position-BTN__stack-30-40BB__open-2.4-3.2BB__opponent-IP_IP__vs1r1c-d09bb2266120.jpg,charts/0236.webp,434,600,31066,13088,5e27816bff9842312480381ae69cddb491808fc246badeb362ee5fd64805f2bc,eeb631095ab75f817d9bed47e8f8441e7a5dec1957ac675ffd725411965ed55f
B2_0237,030,vs1r1c,,BTN,12-16BB,IP_IP,2-2.4BB,,a5b079772f79,030__position-BTN__stack-12-16BB__open-2-2.4BB__opponent-IP_IP__vs1r1c-a5b079772f79.jpg,charts/0237.webp,434,600,30144,12602,e94ea47d9ea0b0bc22c668e427caeba2b669a4b848300c9f8ed3c3c93e413b9a,14fe0056d30a36d53cf515d48a1acff4400d544f4f27dd53ba640fd086c30435
B2_0238,014,vs1r1c,,BB,22-30BB,HJLJ_IP,2-2.4BB,,59b85b9d2b9c,014__position-BB__stack-22-30BB__open-2-2.4BB__opponent-HJLJ_IP__vs1r1c-59b85b9d2b9c.jpg,charts/0238.webp,434,600,50973,22094,2c68367222e481c256178aa9e05ba198417edc14e2b48df18d9d865fee6ca33a,bc07eff8aa8b47617cf4b0430f2f0db7edd3f1dd3ec156883dc4e9c13762ba53
B2_0239,042,vs1r1c,,CO,40BBplus,IP_IP,2-2.4BB,,f623001db7b3,042__position-CO__stack-40BBplus__open-2-2.4BB__opponent-IP_IP__vs1r1c-f623001db7b3.jpg,charts/0239.webp,434,600,35922,15296,b65c767de821686c11d2daffdc868ca20d4c64396a1f91b0a02f4ed3ba568973,f7a9e40112bc79ae00c19d9923e1006fc1eb59eeacd59782e9cedb7e6c606125
B2_0240,003,vs1r1c,,BB,12-16BB,HJBTN_plus_SB,2-2.4BB,,37320559ed27,003__position-BB__stack-12-16BB__open-2-2.4BB__opponent-HJBTN_plus_SB__vs1r1c-37320559ed27.jpg,charts/0240.webp,434,600,54691,23908,5f6f314726574bf6997cd721e67aaba4f636d49bf601facfd2760b5fc03e15a0,c1c96d8080ab3f8863af30f11be9663ca164a0ee12d746a3f3b0fb89ad87e111
B2_0241,045,vs1r1c,,CO_HJ,16-22BB,IP_IP,2.4-3.2BB,,c66901e01b65,045__position-CO_HJ__stack-16-22BB__open-2.4-3.2BB__opponent-IP_IP__vs1r1c-c66901e01b65.jpg,charts/0241.webp,434,600,30083,12116,d40c611ad6323f3d4611307a234e183089167e5a1720c599c99ba7a72f4b472c,979f4e473ccaa9c7fdb7f28f8f98d32e61634bc8ddfd331134716448223ee971
B2_0242,001,vs1r1c,,BB,12-16BB,IP_IP,2.4-3.2BB,,915ef28d84c5,001__position-BB__stack-12-16BB__open-2.4-3.2BB__opponent-IP_IP__vs1r1c-915ef28d84c5.jpg,charts/0242.webp,434,600,50072,21942,2770b5960f4e01608ed41bdc89a1600a6dcf54b2fc1abbe353bb9030b53af517,31d9e98281e7d8dab46ef877546670b29131dcdaab156d1f4ced7fde301e39e5
B2_0243,061,vs1r1c,,SB,22-30BB,HJBTN_plus_SB,2-2.4BB,,5f4989ac1af6,061__position-SB__stack-22-30BB__open-2-2.4BB__opponent-HJBTN_plus_SB__vs1r1c-5f4989ac1af6.jpg,charts/0243.webp,434,600,33285,13876,c4b962ed1bab051e7c347f8a4274275ec144328545d12a32327b38fd6b5885ab,79d210d2f4942b19362cfb5327924df13ae397d3eee6199ea28eb8b1f3fb2255
B2_0244,064,vs1r1c,,SB,30-40BB,IP_IP,2-2.4BB,,1265e4e42cea,064__position-SB__stack-30-40BB__open-2-2.4BB__opponent-IP_IP__vs1r1c-1265e4e42cea.jpg,charts/0244.webp,434,600,37410,15984,ba33469ffa5e9cdc7612d36c90071c4aff34b58b760ab0df76bfd7444e38117b,5a081a340101596b4af525764f587793a8f61692bfe95d28e8482a08ed42b49b
B2_0245,039,vs1r1c,,BTN,8-12BB,IP_IP,2.4-3.2BB,,1a127b41fcce,039__position-BTN__stack-8-12BB__open-2.4-3.2BB__opponent-IP_IP__vs1r1c-1a127b41fcce.jpg,charts/0245.webp,434,600,30830,12620,76a642617ea50b98dc0a90957cc454d4e6f3b67ab4a5d3b31d48d11b158a2a8c,40057f55038a4e1514d035839035b18e490652231a7cb22e36f8acb87dea4d15
B2_0246,034,vs1r1c,,BTN,22-30BB,IP_IP,2-2.4BB,,cef4a3a1ac81,034__position-BTN__stack-22-30BB__open-2-2.4BB__opponent-IP_IP__vs1r1c-cef4a3a1ac81.jpg,charts/0246.webp,434,600,31014,12880,40456069d04dfb059c80a45434d382aeb53d791b0b19e35f5adec29b415d84a8,5431e8d882eca78b6db46c3a25666c528370e48f6780d40a9cd9b6b3bb6cf884
B2_0247,038,vs1r1c,,BTN,40BBplus,IP_IP,2-2.4BB,,c0414c0675de,038__position-BTN__stack-40BBplus__open-2-2.4BB__opponent-IP_IP__vs1r1c-c0414c0675de.jpg,charts/0247.webp,434,600,40775,17044,fd7338b4b970ade19b13a11d57c061bd1dcca7223921813374a7cdc9339e3141,9df9b135a1ea6abac4692b825bd6f4d444a147ade1a1add8d7ef1e9da5c1c7f6
B2_0248,033,vs1r1c,,BTN,22-30BB,IP_IP,2.4-3.2BB,,4d4a8ab3f7c3,033__position-BTN__stack-22-30BB__open-2.4-3.2BB__opponent-IP_IP__vs1r1c-4d4a8ab3f7c3.jpg,charts/0248.webp,434,600,28588,12054,49da4a4544cf02060547ffeef9341fb315f10050cc69350e629a206e25477369,0a2d2d2961947437f61e9fea252c66e53fc0c3fa0d93c28b0d3c756a8b53b867
B2_0249,051,vs1r1c,,CO_HJ,8-12BB,IP_IP,2.4-3.2BB,,7d775c91d4df,051__position-CO_HJ__stack-8-12BB__open-2.4-3.2BB__opponent-IP_IP__vs1r1c-7d775c91d4df.jpg,charts/0249.webp,434,600,29722,12378,73b5dde0737391d43805d3ca4cf4d23adfb0beb86761ff6bead44a9061a63e73,0a21e52be23693539ddde3ba8bd47004766e665247952e4f1bddea2f647e0b06
B2_0250,018,vs1r1c,,BB,30-40BB,IP_IP,2-2.4BB,,fb658a4a2e8b,018__position-BB__stack-30-40BB__open-2-2.4BB__opponent-IP_IP__vs1r1c-fb658a4a2e8b.jpg,charts/0250.webp,434,600,52014,22652,b37f9a157ca3910078e231d89f5afaca80b3e68ad68a77bc3a926c1bd0cff394,c4f4f207a46627d40971917edce8e5eb6ec49244838aad8e14a9b6e56f738007
B2_0251,020,vs1r1c,,BB,40BBplus,HJBTN_plus_SB,2.4-3.2BB,,cd4fa89d3f1b,020__position-BB__stack-40BBplus__open-2.4-3.2BB__opponent-HJBTN_plus_SB__vs1r1c-cd4fa89d3f1b.jpg,charts/0251.webp,434,600,49902,21998,fdbc10dc188de2ea8eb098ab04a1be4f8861d8df5c8f6ceb7fd6d063ce9bd6b8,b44d2d088367e1dfd644a3b0e9f5727e4679a73e9725f053deb11eda33608227
B2_0252,044,vs1r1c,,CO_HJ,12-16BB,IP_IP,2-2.4BB,,83e485a6db46,044__position-CO_HJ__stack-12-16BB__open-2-2.4BB__opponent-IP_IP__vs1r1c-83e485a6db46.jpg,charts/0252.webp,434,600,29370,12264,2011cb78853a3cdcaf963a93d75aac959d37ec1a372fc0262cbb110b77f62da7,cfd2539162e498467c25fefa1ec30a7bf5b15d021e9e5cef46df236f777c89b0
B2_0253,053,vs1r1c,,HJ,40BBplus,IP_IP,2.4-3.2BB,,f689b9a7551c,053__position-HJ__stack-40BBplus__open-2.4-3.2BB__opponent-IP_IP__vs1r1c-f689b9a7551c.jpg,charts/0253.webp,434,600,31518,13212,3ae06845b4281222ac5ce45b83c86afd92f50ecc469584e482030ca705b2caf5,78dc740621dfb29a70adebb673aa26fc6473086d34f56915be50353cdf01f1a1
B2_0254,009,vs1r1c,,BB,22-30BB,IP_IP,2.4-3.2BB,,fab3f6fba01c,009__position-BB__stack-22-30BB__open-2.4-3.2BB__opponent-IP_IP__vs1r1c-fab3f6fba01c.jpg,charts/0254.webp,434,600,49927,21708,9a5660cd4e125eebfce8752197fc346971963145aafe64bcde77c9e29c2e7d8b,acf3feb3e882bcc74bf5b875fd4e73d805f013b0f370d3df5f573cd44ae326d0
B2_0255,007,vs1r1c,,BB,16-22BB,HJBTN_plus_SB,2-2.4BB,,d4c05d15c59f,007__position-BB__stack-16-22BB__open-2-2.4BB__opponent-HJBTN_plus_SB__vs1r1c-d4c05d15c59f.jpg,charts/0255.webp,434,600,55176,23996,afed02e68006e19d193fb6607a739d9c54169d19497d7b14a72b462be9101f3c,8cc8577922521fccc7ace169f51178868b237a60d37b31a43bc06cc13e568320
B2_0256,025,vs1r1c,,BB,8-12BB,IP_IP,2.4-3.2BB,,70ce9acc3a06,025__position-BB__stack-8-12BB__open-2.4-3.2BB__opponent-IP_IP__vs1r1c-70ce9acc3a06.jpg,charts/0256.webp,434,600,49837,21882,2e96058141e67ab8ce1b13a950f10ab056f60a4baaa25cda26b44ee77004430b,789c8770db27d23763379b1afaead13ca06c0a9d2df3acf9986d832a47bbf92c
B2_0257,065,vs1r1c,,SB,40BBplus,IP_IP,2.4-3.2BB,,49ef73f59475,065__position-SB__stack-40BBplus__open-2.4-3.2BB__opponent-IP_IP__vs1r1c-49ef73f59475.jpg,charts/0257.webp,434,600,35412,14614,2afad33c8ac32539341fbb7322493d8d757b3227e03430942b6bc1c6dd4459f0,0a63f8c1a68cfad5e141997e49ed4f2a985422a0dc955d3b6c1954cc7ec2bd56
B2_0258,059,vs1r1c,,SB,22-30BB,IP_IP,2.4-3.2BB,,b318181acfb3,059__position-SB__stack-22-30BB__open-2.4-3.2BB__opponent-IP_IP__vs1r1c-b318181acfb3.jpg,charts/0258.webp,434,600,29759,12304,e1b199a910d7870d9c19f41ea3e3a39a616f9fcced3aac4ba6294726ef3e7cf8,253172bfe5a611e777da036220049285426a6f36dc83dadb68a79dbd3accbff5
B2_0259,032,vs1r1c,,BTN,16-22BB,IP_IP,2-2.4BB,,b54842bdad30,032__position-BTN__stack-16-22BB__open-2-2.4BB__opponent-IP_IP__vs1r1c-b54842bdad30.jpg,charts/0259.webp,434,600,32969,13428,3e007b7f076e8570b1360e17cea5d10910ce8382ed293c783128af2a80fdc85d,319870827e45e5926c21de29c4e8097997ecb67e74f5e9c139e9e72a0dcda107
B2_0260,046,vs1r1c,,CO_HJ,16-22BB,IP_IP,2-2.4BB,,57612fdd30eb,046__position-CO_HJ__stack-16-22BB__open-2-2.4BB__opponent-IP_IP__vs1r1c-57612fdd30eb.jpg,charts/0260.webp,434,600,32678,13446,35e94b3a87953dd42ab266aa2d704946a092072f49230b601f894fecf0e01f9c,3863cd8b0919f85379d8f3f1394a4b335658f1736c58a7676ac44054c9e574a2
B2_0261,021,vs1r1c,,BB,40BBplus,IP_IP,2.4-3.2BB,,ae5a2611dc64,021__position-BB__stack-40BBplus__open-2.4-3.2BB__opponent-IP_IP__vs1r1c-ae5a2611dc64.jpg,charts/0261.webp,434,600,51833,22660,66ad4c6b3a613785ec947f25382376b95177e79998f6b0ab3ed59452501e3cde,39e169c3accc43b01a2ec85b6bbe5979db1e05e482de72849aefcb5cd594b4b4
B2_0262,066,vs1r1c,,SB,40BBplus,IP_IP,2-2.4BB,,1fcbca4872f6,066__position-SB__stack-40BBplus__open-2-2.4BB__opponent-IP_IP__vs1r1c-1fcbca4872f6.jpg,charts/0262.webp,434,600,42631,17766,16ad9035d32f83543295b20e9d65793e678b4b3c6ae03b21d5a3cc5b94a92751,573335fe03aab1958cbbcd282dcede2d5abbacdc3d944af8fac1448ca266da56
B2_0263,019,vs1r1c,,BB,40BBplus,EPLJ_plus_SB,2.4-3.2BB,,22493cc92802,019__position-BB__stack-40BBplus__open-2.4-3.2BB__opponent-EPLJ_plus_SB__vs1r1c-22493cc92802.jpg,charts/0263.webp,434,600,44368,19304,d2c55a14d82299c965464b8aed58a5045ac87289e211cea6b5698d07c8b99f0d,6ca183e10e6046fe2757c88fbde81fe7e925301856426a096e5429595e54c458
B2_0264,037,vs1r1c,,BTN,40BBplus,IP_IP,2.4-3.2BB,,f98d5f6da022,037__position-BTN__stack-40BBplus__open-2.4-3.2BB__opponent-IP_IP__vs1r1c-f98d5f6da022.jpg,charts/0264.webp,434,600,37201,15762,d46c7761014e6ffaa1c556abe988ade9f7f77d82d7e41cc5786b21134b5e8f59,0c5fc37f3e541f18e5106b2a2300028a74b1d6ba099d66dcce30617252864fa6
B2_0265,015,vs1r1c,,BB,30-40BB,IP_IP,2.4-3.2BB,,656278d90d21,015__position-BB__stack-30-40BB__open-2.4-3.2BB__opponent-IP_IP__vs1r1c-656278d90d21.jpg,charts/0265.webp,434,600,50571,21308,45550b4ff846157d0341a7691ef92027ea08b9fe12682b1fccbbedd088890a93,6c1424893686d37351244a4160856f844a375ca89a876dc06eb17a0cfe38b7ad
B2_0266,026,vs1r1c,,BB,8-12BB,EPLJ_plus_SB,2-2.4BB,,aec07d1edafd,026__position-BB__stack-8-12BB__open-2-2.4BB__opponent-EPLJ_plus_SB__vs1r1c-aec07d1edafd.jpg,charts/0266.webp,434,600,50776,22134,662332a5e6b418addf1cc1a04f03691c67fe8d9c8df07d59b3f580177b74b339,d2cd4cf69a490d117f03773fa424619350d05bf0315fcc2412a76d3a7630cf01
B2_0267,002,vs1r1c,,BB,12-16BB,EPLJ_plus_SB,2-2.4BB,,696a1a48ea89,002__position-BB__stack-12-16BB__open-2-2.4BB__opponent-EPLJ_plus_SB__vs1r1c-696a1a48ea89.jpg,charts/0267.webp,434,600,50422,21846,b55e7cf2e7865db173539a06bfc238e1959d23677e227a1f626503de209214b7,8a61fb1156a39713d626a27b02f154894a975e8939def8f9782ac8a4e3e3d5d4
B2_0268,023,vs1r1c,,BB,40BBplus,HJBTN_plus_SB,2-2.4BB,,a857c1d6ad9b,023__position-BB__stack-40BBplus__open-2-2.4BB__opponent-HJBTN_plus_SB__vs1r1c-a857c1d6ad9b.jpg,charts/0268.webp,434,600,58885,25570,1d298f085b84a2b43cc112a8ea082927db498a25956ec747deb3eb32d084fbc0,6bd77eb91e3142092b7e79435f32602d4a79d7c692e3a67ee0221d04ddf674f4
B2_0269,017,vs1r1c,,BB,30-40BB,HJBTN_plus_SB,2-2.4BB,,11530c812235,017__position-BB__stack-30-40BB__open-2-2.4BB__opponent-HJBTN_plus_SB__vs1r1c-11530c812235.jpg,charts/0269.webp,434,600,55784,24400,761c7cca4d58181bf2dc6d0ab6f4c74e3c82f94e34da6357481874dcedb651ea,3ec4c3305aab7b3c2119757136a4a6327c41e7b3d78e84e176132a67d2582c27
B2_0270,068,vs1r1c,,SB,8-12BB,IP_IP,2-2.4BB,,6f4455139c20,068__position-SB__stack-8-12BB__open-2-2.4BB__opponent-IP_IP__vs1r1c-6f4455139c20.jpg,charts/0270.webp,434,600,36197,15032,5bc6f47dec8d7755049bc0baefc4f840b3e2f309826a466786acd9d1ad014611,cebafb9b74f0ab002c8de2516f89a30d6a83b96096d010484aab7fae33be0f80
B2_0271,017,vs1rshort,Def_BB,BB,vs_15BB_2x,LJ,,,811d09163247,017__spot-Def_BB__position-BB__stack-vs_15BB_2x__opponent-LJ__vs1rshort-811d09163247.jpg,charts/0271.webp,434,600,53671,24112,c87a75f6951d220d04b379155c72e51364ed868e07a6518c7d099b23c878bea2,47d03b34d43edeec8a2366be29a6281b3845d4fecd528199f10ebc502f5244be
B2_0272,030,vs1rshort,3,BTN-CO,vs_20-25BB,EP-HJ,,,2aae06c88c31,030__spot-3__position-BTN-CO__stack-vs_20-25BB__opponent-EP-HJ__vs1rshort-2aae06c88c31.jpg,charts/0272.webp,434,600,34138,13812,7682e865d16568fd03f9f776d8a54e91cb933ca881e27c739420ed35b82f70f9,7162ca4ae022557056f8e165e92ea4d3e6ff5126e23583806fd2308808533289
B2_0273,010,vs1rshort,Def_BB,BB,vs_13BB_2x,HJ,,,a1e08c7f20a8,010__spot-Def_BB__position-BB__stack-vs_13BB_2x__opponent-HJ__vs1rshort-a1e08c7f20a8.jpg,charts/0273.webp,434,600,50376,22534,471c079bf1ad9e77b4d79eaa449a5907dd67fe5ef872df35d6c3caa07425ca8a,edd1c8bc96721a7fee7a445dd68b7b8030cf49be8cb3f5abadff69ceee64dda2
B2_0274,003,vs1rshort,Def_BB,BB,vs_11BB_2x,EP,,,fa43d803e5da,003__spot-Def_BB__position-BB__stack-vs_11BB_2x__opponent-EP__vs1rshort-fa43d803e5da.jpg,charts/0274.webp,434,600,47432,21528,b9e94aba5a9a4c810d6f9a0271be23907e3c860aff8bc2489262fc737d541d58,950957ef44bc697e7d66bd15faadd9b553038c3e009a81a2a3069be0608bedc0
B2_0275,022,vs1rshort,Def_BB,BB,vs_9BB_2x,HJ,,,c557f44f984e,022__spot-Def_BB__position-BB__stack-vs_9BB_2x__opponent-HJ__vs1rshort-c557f44f984e.jpg,charts/0275.webp,434,600,46921,20582,dd7097c4c34874dc2389a31da90ac4e454ccfe41fa684471ed9d307006a52f27,24268277f1e74df9c7b5ed3bea4e9beda56fce3756cdea78ca13e642200f0ebe
B2_0276,016,vs1rshort,Def_BB,BB,vs_15BB_2x,HJ,,,fc1fb0c50ed0,016__spot-Def_BB__position-BB__stack-vs_15BB_2x__opponent-HJ__vs1rshort-fc1fb0c50ed0.jpg,charts/0276.webp,434,600,55069,25220,bb6175198e0dfdd8e5b3d02cea11693fa0c515af422a95c4e8eb731b995c9f05,d41f164a0d18d241a99c90a980b9ec8bb8936e11ee4d7f000c53eecea1d57251
B2_0277,006,vs1rshort,Def_BB,BB,vs_11BB_2x,MP,,,d1b2602b81ff,006__spot-Def_BB__position-BB__stack-vs_11BB_2x__opponent-MP__vs1rshort-d1b2602b81ff.jpg,charts/0277.webp,434,600,47473,21092,26ae68c2608081753f8dc498811330b5a2f004cb193b24bdb9af7a5709d6d1c8,2e430de1166044d58b5ea1704d20938ebaf412387f14695c143148fac93da14b
B2_0278,004,vs1rshort,Def_BB,BB,vs_11BB_2x,HJ,,,ab2afa660e2c,004__spot-Def_BB__position-BB__stack-vs_11BB_2x__opponent-HJ__vs1rshort-ab2afa660e2c.jpg,charts/0278.webp,434,600,44593,19228,c29e994b7e26b0aeb67142b080f3aa872e1bf23d6af80d7e0ccbe67e6b6f4c6b,c49d12a5851b87499c06a803be44e3baea4b4833e70062851702ce43d4fa5c61
B2_0279,011,vs1rshort,Def_BB,BB,vs_13BB_2x,LJ,,,a0663ac1826e,011__spot-Def_BB__position-BB__stack-vs_13BB_2x__opponent-LJ__vs1rshort-a0663ac1826e.jpg,charts/0279.webp,434,600,50383,22414,570434b1f9c23f0df6f40a69006ab332d6f742752d79237895c4ffea6ef31574,2d1d8ea38f9296c7f35e8429256b1a47ab975a8d24c1d4cf0d80ba81e879533d
B2_0280,012,vs1rshort,Def_BB,BB,vs_13BB_2x,MP,,,6298e8b4349f,012__spot-Def_BB__position-BB__stack-vs_13BB_2x__opponent-MP__vs1rshort-6298e8b4349f.jpg,charts/0280.webp,434,600,50244,22638,532789cfb5253f2555b96c3ab1613aa00cd2aa088cd4a61b4e0982e6d5c14dcb,e0cdae828510831f62e885a356df210b7e824667b6322ec71e623d7bcdee1384
B2_0281,029,vs1rshort,3,BTN-CO,vs_16-20BB,EP-HJ,,,52010fc0f8bf,029__spot-3__position-BTN-CO__stack-vs_16-20BB__opponent-EP-HJ__vs1rshort-52010fc0f8bf.jpg,charts/0281.webp,434,600,34115,13824,9546b0298401d0e0fbf6ea4e67bcdfaa66947443bd1e204b30ddb358323323ed,b8938ccb09824b3c51b2cce153b9badbda297937b6fd8420438af79b0bcaf545
B2_0282,014,vs1rshort,Def_BB,BB,vs_15BB_2x,CO,,,8ce84f10c2fa,014__spot-Def_BB__position-BB__stack-vs_15BB_2x__opponent-CO__vs1rshort-8ce84f10c2fa.jpg,charts/0282.webp,434,600,54870,25054,5a11af54fe2df674f9cc3f56757c0234260fb15a68cd4fe099513fa70214a529,49c14a49f666feb9c9565a03361d583fbcf7127afe9df3efc043a443c93fa6d3
B2_0283,005,vs1rshort,Def_BB,BB,vs_11BB_2x,LJ,,,f6d5f6a0280c,005__spot-Def_BB__position-BB__stack-vs_11BB_2x__opponent-LJ__vs1rshort-f6d5f6a0280c.jpg,charts/0283.webp,434,600,45890,19910,dd25c6979404a25c3084b84ec17da0df13cee5af10f72276dd253fba493d0494,a549c4f028d4a599860845236601f4e44cbf2a3d7a45d4683270d2034ab6603c
B2_0284,026,vs1rshort,3,BTN,vs_16-20BB,EP-HJ,,,b4eab2aef243,026__spot-3__position-BTN__stack-vs_16-20BB__opponent-EP-HJ__vs1rshort-b4eab2aef243.jpg,charts/0284.webp,434,600,35948,14844,9ba1212d52416f02911f634b61536c4ea0baec946976dc3bd509d970c337424c,2c6a25a1c6b74bc98abef8de0935318d752cef3e82e30a78e85b4a8960d8f36e
B2_0285,020,vs1rshort,Def_BB,BB,vs_9BB_2x,CO,,,4ea22fae0f37,020__spot-Def_BB__position-BB__stack-vs_9BB_2x__opponent-CO__vs1rshort-4ea22fae0f37.jpg,charts/0285.webp,434,600,46187,20160,54d9cda4697d6905f3dc97c4415afd49f0f1b5933732bba23e4fd900c521c62f,5512b758297e66419cdf36d74a0244d97f73c811878470dfe18f7aee30684d8b
B2_0286,031,vs1rshort,3,MP-HJ,vs_12-16BB,EP-HJ,,,d1e320ceb9c8,031__spot-3__position-MP-HJ__stack-vs_12-16BB__opponent-EP-HJ__vs1rshort-d1e320ceb9c8.jpg,charts/0286.webp,434,600,30349,12028,06323c556ade990efd39d7114ec5eb542d4df85724f459332249f067495ee041,45db7a399708742bb01b939ebbf560555e97277dd0e0a5ec34d97c04e87aa54b
B2_0287,023,vs1rshort,Def_BB,BB,vs_9BB_2x,LJ,,,f33bfbc25c19,023__spot-Def_BB__position-BB__stack-vs_9BB_2x__opponent-LJ__vs1rshort-f33bfbc25c19.jpg,charts/0287.webp,434,600,42275,18414,7df7f1defc20bcaa43671cbd07bf0305d148117b910ce2f374dcd2ac5137b1a0,c69d31b7e49a709c14b8d4630025aa9d8f03ce6e38b81db061a48b871b304619
B2_0288,024,vs1rshort,Def_BB,BB,vs_9BB_2x,MP,,,df4dffd279a4,024__spot-Def_BB__position-BB__stack-vs_9BB_2x__opponent-MP__vs1rshort-df4dffd279a4.jpg,charts/0288.webp,434,600,45117,19502,f329fffc2d40a05f177b7f8e7c45b8ff0e5bcba21aca01ae641f371d2944304e,3f80a1c4042326bee7ce42fde05e52fc795fb74b46308f7aca85d76e043216a8
B2_0289,018,vs1rshort,Def_BB,BB,vs_15BB_2x,MP,,,f91ca4ab6376,018__spot-Def_BB__position-BB__stack-vs_15BB_2x__opponent-MP__vs1rshort-f91ca4ab6376.jpg,charts/0289.webp,434,600,52326,23502,1d66f28a7b4a0bb0af039be8892346cc5c2c616867cfd4cf5b628a008bf40804,b2db0799ff3ded93da13b384d5a12722b85bac53f759cb5ace5b4f3b47ddaecb
B2_0290,028,vs1rshort,3,BTN-CO,vs_12-16BB,EP-HJ,,,b963def08745,028__spot-3__position-BTN-CO__stack-vs_12-16BB__opponent-EP-HJ__vs1rshort-b963def08745.jpg,charts/0290.webp,434,600,32681,13282,1c49ee354c4c4fd85cbad11473419f23d741602dedd388a62642c221691a8582,f02a687e8e5448f90fe407fbbac25083805b79b09b1437b66854915db52cd2b3
B2_0291,007,vs1rshort,Def_BB,BB,vs_13BB_2x,BTN,,,23da91c5738b,007__spot-Def_BB__position-BB__stack-vs_13BB_2x__opponent-BTN__vs1rshort-23da91c5738b.jpg,charts/0291.webp,434,600,51933,23436,e38e9f67a66542ebe3fe9f7594743feb4286a25054f202ec2a1b6db42794d46d,76042958cde75443acb2289efac8dfd28692613d556cceba5074068fd2769948
B2_0292,032,vs1rshort,3,MP-HJ,vs_16-20BB,EP-HJ,,,395f6a434191,032__spot-3__position-MP-HJ__stack-vs_16-20BB__opponent-EP-HJ__vs1rshort-395f6a434191.jpg,charts/0292.webp,434,600,31595,12432,fdbff1f94ac34c07b400f70864e8ff72da9b0497002b10e083d06dcc014251ca,bd70b3ca9807fd4dcf1f2e76ce24d30371fabd4348630bc962f276a96f0a8d4f
B2_0293,025,vs1rshort,3,BTN,vs_12-16BB,EP-HJ,,,4b694b6c2f5a,025__spot-3__position-BTN__stack-vs_12-16BB__opponent-EP-HJ__vs1rshort-4b694b6c2f5a.jpg,charts/0293.webp,434,600,36261,14912,0c14e540aa83a282a586c6bbaa47c97b32ea1c2ec1bd12405c524fd677366f9a,8f2022cd8ffa343194cf01cab60e03d211f386a37a5747d888ac5e5b49c33681
B2_0294,001,vs1rshort,Def_BB,BB,vs_11BB_2x,BTN,,,7be49f43e9ce,001__spot-Def_BB__position-BB__stack-vs_11BB_2x__opponent-BTN__vs1rshort-7be49f43e9ce.jpg,charts/0294.webp,434,600,48556,21394,dfdf6c066e7c4eea281dceaf3a340da9b5da74e44ed34529bf85716fa052ebad,d295e687e00ddeabb812000205a01118293bc14e4237810a6e53df2b3448847c
B2_0295,009,vs1rshort,Def_BB,BB,vs_13BB_2x,EP,,,eea9e686a3ff,009__spot-Def_BB__position-BB__stack-vs_13BB_2x__opponent-EP__vs1rshort-eea9e686a3ff.jpg,charts/0295.webp,434,600,50577,22950,eccfeeb5ec459bec0818f81cd53044101bdd4c49e88070e696c884e924c8a22f,88873a3de94e2d623ba03811fd69d42b950de54615d408f5f6d3dfdb4974e00f
B2_0296,015,vs1rshort,Def_BB,BB,vs_15BB_2x,EP,,,a30b88bb085a,015__spot-Def_BB__position-BB__stack-vs_15BB_2x__opponent-EP__vs1rshort-a30b88bb085a.jpg,charts/0296.webp,434,600,53427,24154,161bcf2b5640e6d0c0751f4b9e8a9cb6c19f9f2d9cc911c973570eb178d5f009,cbb349f2a2c0504bd90d1d4d30fb6c117627b450ad2d7377dba134ffe39d1169
B2_0297,008,vs1rshort,Def_BB,BB,vs_13BB_2x,CO,,,c11a13acf3c4,008__spot-Def_BB__position-BB__stack-vs_13BB_2x__opponent-CO__vs1rshort-c11a13acf3c4.jpg,charts/0297.webp,434,600,50622,22826,b445f2ed39955d06431905d7af4d8173abf40efe7c66c4d34e391b5300574c85,4b4113546ad6f5d1e08efeb195af20c0669d577379393c549b20c561609aff22
B2_0298,013,vs1rshort,Def_BB,BB,vs_15BB_2x,BTN,,,648204bce070,013__spot-Def_BB__position-BB__stack-vs_15BB_2x__opponent-BTN__vs1rshort-648204bce070.jpg,charts/0298.webp,434,600,54605,24790,794f61b730aa941c4ef1f5fd47f2ef75ce741a1ec62df58cbaf43ae2801cd922,4b883dd59785e4bab0a247e26fc7291a7f9555817d96b0ad8c9a8726e38e1b61
B2_0299,033,vs1rshort,3,MP-HJ,vs_20-25BB,EP-HJ,,,02d239beb92c,033__spot-3__position-MP-HJ__stack-vs_20-25BB__opponent-EP-HJ__vs1rshort-02d239beb92c.jpg,charts/0299.webp,434,600,29638,11566,7e5f3ba9d860438f3f532dd5b9bf2f04be4a0c80e7838031d090e7bfad0a0b95,cb32d49c099208aa507a6559596737d06d584393b93d2692bdce694e3859e005
B2_0300,019,vs1rshort,Def_BB,BB,vs_9BB_2x,BTN,,,ba1ed74f6e68,019__spot-Def_BB__position-BB__stack-vs_9BB_2x__opponent-BTN__vs1rshort-ba1ed74f6e68.jpg,charts/0300.webp,434,600,44248,18962,2d166dd8c51b65c29bc08a94d3d5c7a5a2777680b03988f893657a425d8f9c60,61724ffd9fcc4c546dc34a3f7bbfb658184902459981a790c8ba3a937695fec4
B2_0301,021,vs1rshort,Def_BB,BB,vs_9BB_2x,EP,,,28bd621c6deb,021__spot-Def_BB__position-BB__stack-vs_9BB_2x__opponent-EP__vs1rshort-28bd621c6deb.jpg,charts/0301.webp,434,600,46125,20466,68153d885cb7db38c33134a8895d795848d1438e43f3d7934551d0e28564e51d,1a56c05c74aaa1c3a19d9e0a5196784c7a4146e703bcfe905d887435f96ea570
B2_0302,027,vs1rshort,3,BTN,vs_20-25BB,EP-HJ,,,468127667eab,027__spot-3__position-BTN__stack-vs_20-25BB__opponent-EP-HJ__vs1rshort-468127667eab.jpg,charts/0302.webp,434,600,36161,14916,ee8a822be928243460233bbf299e4ac408852931bffc6f5cc30e684f7e29f5f1,5d72e5a9f30e9ceb154f1a0742d99d5800923e91536400eca78f7a37a851ed14
B2_0303,002,vs1rshort,Def_BB,BB,vs_11BB_2x,CO,,,0cafea1eade5,002__spot-Def_BB__position-BB__stack-vs_11BB_2x__opponent-CO__vs1rshort-0cafea1eade5.jpg,charts/0303.webp,434,600,44749,19264,433af44d8e44256338ccac26b160a457e9753e3ae42cfcedf5cf5c282e00a97d,da9ee491ba358d3e98b01b3f3f1abf60e0719fd84f042aa235cbbd457c7c13ee
B2_0304,045,vs3bet,Hero_OOP_HJ-CO_plus_SB,Any_position,30-50BB,,2.4-3.2BB,2.7-3.3x,848c4f5b7d57,045__spot-Hero_OOP_HJ-CO_plus_SB__position-Any_position__stack-30-50BB__open-2.4-3.2BB__bet-2.7-3.3x__vs3bet-848c4f5b7d57.jpg,charts/0304.webp,434,600,45921,12104,2df287c3c8964c24d5d9a967d4b0a1dd11b8a54a3907a0cd6e6b68cea523a0bb,8ce2dde66f81559b75388a2240a154a7a613bee4b8a5a9cc6bcc567cf53adb73
B2_0305,043,vs3bet,Hero_OOP_HJ-CO_plus_SB,Any_position,20-30BB,,2-2.4BB,2-2.7x,663a78b706f1,043__spot-Hero_OOP_HJ-CO_plus_SB__position-Any_position__stack-20-30BB__open-2-2.4BB__bet-2-2.7x__vs3bet-663a78b706f1.jpg,charts/0305.webp,434,600,54018,15048,221e39a02089c56e8ffe50cc314c12e5405b4dd8e0b1cf750d2bf9ba249ce0d3,4b7cf8eaeb84b8b1189796c3f0a15bfd7d95980915778e98c8b730710adcca17
B2_0306,048,vs3bet,Hero_OOP_HJ-CO_plus_SB,Any_position,30-50BB,,2-2.4BB,2.7-3.3x,fa8af19b0e4c,048__spot-Hero_OOP_HJ-CO_plus_SB__position-Any_position__stack-30-50BB__open-2-2.4BB__bet-2.7-3.3x__vs3bet-fa8af19b0e4c.jpg,charts/0306.webp,434,600,53324,14768,de20d1e93892ec1ddcdff430828c4ea30cba9930c9cc7540f767ac071aa524d7,86f8eeaee84d6441145b36e7183f77fd557cf9d78a9c681d22cdee22ab787337
B2_0307,047,vs3bet,Hero_OOP_HJ-CO_plus_SB,Any_position,30-50BB,,2.4-3.2BB,3.3-4.5x,25422e7a822e,047__spot-Hero_OOP_HJ-CO_plus_SB__position-Any_position__stack-30-50BB__open-2.4-3.2BB__bet-3.3-4.5x__vs3bet-25422e7a822e.jpg,charts/0307.webp,434,600,45598,12146,cfd9b561d01763f7d239f360f70d52f888caec8cd26ebc9db7c4bc805f5eefe5,106e51128b9ed18ca890a1e8a44eb35498aa3fba8171bb935fac7394810b3be6
B2_0308,022,vs3bet,Hero_OOP_EP-LJ,Any_position,20-30BB,,2.4-3.2BB,2.7-3.3x,e4ef26b07727,022__spot-Hero_OOP_EP-LJ__position-Any_position__stack-20-30BB__open-2.4-3.2BB__bet-2.7-3.3x__vs3bet-e4ef26b07727.jpg,charts/0308.webp,434,600,43070,10734,bd49ce521f5ec4c1878bae4049c2015b94ce9ae9cfa6e7b20bceb7ac49ecf435,7b665c21e1269a5a1f3be1732363f1fa7b51fe38a5635a4112629c8f094858f9
B2_0309,053,vs3bet,Hero_OOP_HJ-CO_plus_SB,Any_position,50BBplus,,2.4-3.2BB,3.3-4.5x,2abf1d37cefd,053__spot-Hero_OOP_HJ-CO_plus_SB__position-Any_position__stack-50BBplus__open-2.4-3.2BB__bet-3.3-4.5x__vs3bet-2abf1d37cefd.jpg,charts/0309.webp,434,600,42723,10802,8a6cdccc81f1532e6065f581e7f6e5a56adad432613ff9b1b9790de198030910,f573aa315f9519a79e619c604f94ebc61e86a73e5f6f971e61d1222cf12447ba
B2_0310,002,vs3bet,20BB_Game,20BB_game,,CO-BTN,,3Bet_IP_-_small,cc89b7df4e32,002__spot-20BB_Game__position-20BB_game__opponent-CO-BTN__bet-3Bet_IP_-_small__vs3bet-cc89b7df4e32.jpg,charts/0310.webp,434,600,32183,12686,a5d446c278a9a597f09dd39586849c10eb759dab1297564c65ba8e17f7464e09,8424924d320df74f18a1e15d9486d3debc74c5886b57fffe0a42a57c4e1e5fc9
B2_0311,052,vs3bet,Hero_OOP_HJ-CO_plus_SB,Any_position,50BBplus,,2.4-3.2BB,2-2.7x,c2fc27ea9ea7,052__spot-Hero_OOP_HJ-CO_plus_SB__position-Any_position__stack-50BBplus__open-2.4-3.2BB__bet-2-2.7x__vs3bet-c2fc27ea9ea7.jpg,charts/0311.webp,434,600,56816,15910,0bfd0b25741e8dc1b53c0dea364982afffa42670f2ae7aaf0cce6cd15688e122,f45e0cfd24c27c326098ab5c195f9df9e229f6272a9efcb830b45732614dae7f
B2_0312,035,vs3bet,Hero_OOP_EP-LJ,Any_position,50BBplus,,2.4-3.2BB,3.3-4.5x,996fe9e3816e,035__spot-Hero_OOP_EP-LJ__position-Any_position__stack-50BBplus__open-2.4-3.2BB__bet-3.3-4.5x__vs3bet-996fe9e3816e.jpg,charts/0312.webp,434,600,43131,10956,14626bb3a5f6828b85369e07fc7d8d1f4c9e42cf35b75c54676fc58808e29dd6,6673fe49d528379da2ed66bd00ba389ea20ae7416f0e1b43cc31c9ba30ff4eea
B2_0313,028,vs3bet,Hero_OOP_EP-LJ,Any_position,30-50BB,,2.4-3.2BB,2-2.7x,88b42ce6ec05,028__spot-Hero_OOP_EP-LJ__position-Any_position__stack-30-50BB__open-2.4-3.2BB__bet-2-2.7x__vs3bet-88b42ce6ec05.jpg,charts/0313.webp,434,600,45500,11980,5028a2fd0c09c1e34936800aa3986966a31743b45d1deecfbd3b1494930201df,2d1b707c09e9b81fcf1efd8d7c9e12acc31f53d221f37a7bff24c1c3e4f2a880
B2_0314,011,vs3bet,Hero_IP_EP-LJ,Any_position,30-50BB,,2-2.4BB,3.5-4.5x,3fe20a137e5d,011__spot-Hero_IP_EP-LJ__position-Any_position__stack-30-50BB__open-2-2.4BB__bet-3.5-4.5x__vs3bet-3fe20a137e5d.jpg,charts/0314.webp,434,600,47352,13022,575416f2ae6aa7aa0a9732e52985be492dec0bd3fd8390b26c72584a78481242,7f1202c4b07a508467465c97b1dbaa416c2ce40b0e293bbb5a186ef61e9cab29
B2_0315,032,vs3bet,Hero_OOP_EP-LJ,Any_position,30-50BB,,2-2.4BB,3.3-4.5x,1bd4008f5be4,032__spot-Hero_OOP_EP-LJ__position-Any_position__stack-30-50BB__open-2-2.4BB__bet-3.3-4.5x__vs3bet-1bd4008f5be4.jpg,charts/0315.webp,434,600,43318,10910,140cbb654069610b81198ecd8e1b2faad84324e771787b05ff3c26efb3bcdd68,dfc7cd7b5ac23000d3b410b89f1af645da0109517a8c6dbeee765c246ff0f292
B2_0316,055,vs3bet,Hero_OOP_HJ-CO_plus_SB,Any_position,50BBplus,,2-2.4BB,2-2.7x,5789083414c7,055__spot-Hero_OOP_HJ-CO_plus_SB__position-Any_position__stack-50BBplus__open-2-2.4BB__bet-2-2.7x__vs3bet-5789083414c7.jpg,charts/0316.webp,434,600,67946,19754,3bfd6293d97184efa6c5de4aa86e57c6ecbc9f5547905b84593c3daa8fd8da98,6cdf03a16fe520373fcc3b750eafa271a0e84ecd09c76d45c48250a44550bce9
B2_0317,005,vs3bet,20BB_Game,20BB_game,,early_vs_BB,,3Bet_IP_-_big,19b6a577cbfd,005__spot-20BB_Game__position-20BB_game__opponent-early_vs_BB__bet-3Bet_IP_-_big__vs3bet-19b6a577cbfd.jpg,charts/0317.webp,434,600,31439,12798,7306c389336fbe3c21711a55190f8b397bfa0438d806ccd204f28ac42b02c6f1,4d8afa2e5b17dee1a88fc682559935dc5636bbd8ce34df616320f40b49e6d018
B2_0318,037,vs3bet,Hero_OOP_EP-LJ,Any_position,50BBplus,,2-2.4BB,2-2.7x,ddb1a5cb6a5a,037__spot-Hero_OOP_EP-LJ__position-Any_position__stack-50BBplus__open-2-2.4BB__bet-2-2.7x__vs3bet-ddb1a5cb6a5a.jpg,charts/0318.webp,434,600,63642,18230,2677b6382049af756bf94614cd7c99c33aae94c64d447d7203c397dfe783c2b4,f0f28b0c4c7df42bd893d44cc00cd54ef64a4eb3480b9263ccad6882ca7dc50d
B2_0319,040,vs3bet,Hero_OOP_HJ-CO_plus_SB,Any_position,20-30BB,,2.4-3.2BB,2-2.7x,f2cd52c9bf99,040__spot-Hero_OOP_HJ-CO_plus_SB__position-Any_position__stack-20-30BB__open-2.4-3.2BB__bet-2-2.7x__vs3bet-f2cd52c9bf99.jpg,charts/0319.webp,434,600,43067,10856,f7573c522f2e938c3242d4bc87593f2368aff3c5409881f87f125ccf6ff3e43d,7eac3c5fe806a9bcafb3e0116a8f145af41cf28a618f4721219fc9a2e067af03
B2_0320,014,vs3bet,Hero_IP_EP-LJ,Any_position,50BBplus,,2-2.4BB,3.5-4.5x,44f8446fcc67,014__spot-Hero_IP_EP-LJ__position-Any_position__stack-50BBplus__open-2-2.4BB__bet-3.5-4.5x__vs3bet-44f8446fcc67.jpg,charts/0320.webp,434,600,49034,13530,484ea6ed816a49a0308624f95acd683e75c21ed3dead4560aa7a1476ba69eb8d,a496434556c42e46b9eb559495ecf654c6e648f6fedb8ba362383fef8fd5f908
B2_0321,007,vs3bet,20BB_Game,20BB_game,,late_vs_BB,,3Bet_IP_-_big,241d5d7d7b5a,007__spot-20BB_Game__position-20BB_game__opponent-late_vs_BB__bet-3Bet_IP_-_big__vs3bet-241d5d7d7b5a.jpg,charts/0321.webp,434,600,36807,15170,86b224dc0a23d858dd24b09b2bcc85863eb63c1943a91dd13037b0a56a599e76,902deb54478301d9fde6cd9948cd7dbf58fb2248395f3b9328a989dd7d2a5033
B2_0322,038,vs3bet,Hero_OOP_EP-LJ,Any_position,50BBplus,,2-2.4BB,3.3-4.5x,b44d072eb924,038__spot-Hero_OOP_EP-LJ__position-Any_position__stack-50BBplus__open-2-2.4BB__bet-3.3-4.5x__vs3bet-b44d072eb924.jpg,charts/0322.webp,434,600,46462,12554,cee0ac427831116ec50d3d10ecde5cdefe3fb33ffe146a0892420dfef72b53aa,4b5c05bc4584cb0ccb188d3987a2c3861e674d578825d95bfb79dba3412d0676
B2_0323,006,vs3bet,20BB_Game,20BB_game,,early_vs_SB,,3Bet_IP_-_big,20cbbfd98ee1,006__spot-20BB_Game__position-20BB_game__opponent-early_vs_SB__bet-3Bet_IP_-_big__vs3bet-20cbbfd98ee1.jpg,charts/0323.webp,434,600,27815,10300,001752be2a8aeca7874bceec3c4783315c7115c1b2467f8acbfc483fef639c74,4a8c0d87f41c6ad97998966ad148a5fe31c3e8661417f0751ed76547a1dcf3a1
B2_0324,008,vs3bet,20BB_Game,20BB_game,,late_vs_BB,,3Bet_IP_-_small,d0e4dcd2303a,008__spot-20BB_Game__position-20BB_game__opponent-late_vs_BB__bet-3Bet_IP_-_small__vs3bet-d0e4dcd2303a.jpg,charts/0324.webp,434,600,34891,14364,50198f3fee3de70f8e05218eeb1a11a9cefb478bcc36e71958ac76c689a4d609,8c7bb28c601132181e62d0db432db36b6a5ece2e36a7459bde7a27bb60e1442c
B2_0325,001,vs3bet,20BB_Game,20BB_game,,CO-BTN,,3Bet_IP_-_big,626c7ad9f935,001__spot-20BB_Game__position-20BB_game__opponent-CO-BTN__bet-3Bet_IP_-_big__vs3bet-626c7ad9f935.jpg,charts/0325.webp,434,600,31399,12032,5d2a1b2c2c61fa3b15ea3bbc4e59baf6b48d94b9b97f29cac9c5da087f4d8ad1,493495a9e68f6103c9a1f827f7811814e497ffa2a44ec97664f73ac4eed615ec
B2_0326,004,vs3bet,20BB_Game,20BB_game,,HJ-LJ,,3Bet_IP_-_small,bfaedcb7cd60,004__spot-20BB_Game__position-20BB_game__opponent-HJ-LJ__bet-3Bet_IP_-_small__vs3bet-bfaedcb7cd60.jpg,charts/0326.webp,434,600,27653,10226,8eb9ba923126f983940fc67c4d35f4891b59c63d0702127385be5efe40ea4963,d58719a28e6648f231aba7766a8e9322fa7fd1f52f44fb6834c131a00cb1e348
B2_0327,027,vs3bet,Hero_OOP_EP-LJ,Any_position,30-50BB,,2.4-3.2BB,2.7-3.3x,ba3210f51a8b,027__spot-Hero_OOP_EP-LJ__position-Any_position__stack-30-50BB__open-2.4-3.2BB__bet-2.7-3.3x__vs3bet-ba3210f51a8b.jpg,charts/0327.webp,434,600,44034,11550,2edd3e5e315e3fcf5d3e0e706a2c6743b217b14e4aff70493905df7e55d09ac9,aa54f449c5921ba786a1932fed961fea9e134edd73638059c507c9c33dd25158
B2_0328,046,vs3bet,Hero_OOP_HJ-CO_plus_SB,Any_position,30-50BB,,2.4-3.2BB,2-2.7x,2521647d1023,046__spot-Hero_OOP_HJ-CO_plus_SB__position-Any_position__stack-30-50BB__open-2.4-3.2BB__bet-2-2.7x__vs3bet-2521647d1023.jpg,charts/0328.webp,434,600,51294,13784,5d8c5b2efc8df9681c5a775365d4e0429887e6e53c26cdf09bb0dcc6a657214d,2764cc28b7be7bb8fe7eefe671d38b85408905357b281ae84e1b24713f3e1197
B2_0329,051,vs3bet,Hero_OOP_HJ-CO_plus_SB,Any_position,50BBplus,,2.4-3.2BB,2.7-3.3x,2b76e209071b,051__spot-Hero_OOP_HJ-CO_plus_SB__position-Any_position__stack-50BBplus__open-2.4-3.2BB__bet-2.7-3.3x__vs3bet-2b76e209071b.jpg,charts/0329.webp,434,600,50818,13822,5fb4a0d1fefb5bdeebc620ad17a0f5114f275c6dd02cac0a69774581d932b44c,8f6bca71693fa103bff8962ae2aeb039a599541159eed0593aecf489a102fcda
B2_0330,033,vs3bet,Hero_OOP_EP-LJ,Any_position,50BBplus,,2.4-3.2BB,2.7-3.3x,559c69a5d279,033__spot-Hero_OOP_EP-LJ__position-Any_position__stack-50BBplus__open-2.4-3.2BB__bet-2.7-3.3x__vs3bet-559c69a5d279.jpg,charts/0330.webp,434,600,48414,13124,8993bed99d80c1f7a6da3b073840fe5f11d7f48151175690159851cc0a0b9ef2,3fde43c37b367aca92dd8496d57bd52d93254ec187b05149e4a943121ebfa425
B2_0331,023,vs3bet,Hero_OOP_EP-LJ,Any_position,20-30BB,,2.4-3.2BB,3.3-4.5x,bb68696c6d3e,023__spot-Hero_OOP_EP-LJ__position-Any_position__stack-20-30BB__open-2.4-3.2BB__bet-3.3-4.5x__vs3bet-bb68696c6d3e.jpg,charts/0331.webp,434,600,42590,10612,bd9f534caac82f27d129a87d8f1fadbe8ca07b2598fc799065a035c0afa565c0,dedb539be0841f0e0f7e3b0f62595b45ea64d6b243171216cc93a40448c8a00c
B2_0332,049,vs3bet,Hero_OOP_HJ-CO_plus_SB,Any_position,30-50BB,,2-2.4BB,2-2.7x,8f67ccc26d06,049__spot-Hero_OOP_HJ-CO_plus_SB__position-Any_position__stack-30-50BB__open-2-2.4BB__bet-2-2.7x__vs3bet-8f67ccc26d06.jpg,charts/0332.webp,434,600,56367,16146,67085a4e04d1f1d2823db038429785b0c23d4c846b178486dc0c951c44bb80da,1e1b70adba3dc38f3a681bcc8b958c527be36e9d58b475d2f8a8c007e5b816f5
B2_0333,030,vs3bet,Hero_OOP_EP-LJ,Any_position,30-50BB,,2-2.4BB,2.7-3.3x,8262c844e08b,030__spot-Hero_OOP_EP-LJ__position-Any_position__stack-30-50BB__open-2-2.4BB__bet-2.7-3.3x__vs3bet-8262c844e08b.jpg,charts/0333.webp,434,600,47259,12536,07c62c1497c1feca2043776f7c4475728040256736803a023603fcd5a0831115,4507832c9a7269f46677d2a3be4d5bc9b0da1f426dc97a8aa18be4ccdf7ad63e
B2_0334,018,vs3bet,Hero_IP_HJ-BTN,Any_position,30-50BB,,2-2.4BB,4.5-5.5x,8fb63187f40a,018__spot-Hero_IP_HJ-BTN__position-Any_position__stack-30-50BB__open-2-2.4BB__bet-4.5-5.5x__vs3bet-8fb63187f40a.jpg,charts/0334.webp,434,600,30183,11738,5855bbce953886009e8d29213b2416662c4b0d731ff48b96e3b1e832ed38f5ad,410400a874a03b62c6c63df9b1abdcbd6018df96a3968b9b00ab1213ca111370
B2_0335,020,vs3bet,Hero_IP_HJ-BTN,Any_position,50BBplus,,2-2.4BB,3.5-4.5x,a9254e5dac66,020__spot-Hero_IP_HJ-BTN__position-Any_position__stack-50BBplus__open-2-2.4BB__bet-3.5-4.5x__vs3bet-a9254e5dac66.jpg,charts/0335.webp,434,600,37497,15186,d7ab4d7363d51c111a6cf0990c5fc4b8f2c211a9a99e85c1f8d90fce83e881bf,92f57188eb7be1471ca14361c00a51d511e6eafc2e1a46959516a9f805035730
B2_0336,013,vs3bet,Hero_IP_EP-LJ,Any_position,50BBplus,,2-2.4BB,2.5-3.5x,6837ec52362b,013__spot-Hero_IP_EP-LJ__position-Any_position__stack-50BBplus__open-2-2.4BB__bet-2.5-3.5x__vs3bet-6837ec52362b.jpg,charts/0336.webp,434,600,56314,16216,d4c5d45888ef2818ced2bd908e748b27cc8df89092ac3725797dfd5f139639eb,f0019253968185a2d50566a11b776452b0c1de6ce54e061836b4a3beaaf1c211
B2_0337,042,vs3bet,Hero_OOP_HJ-CO_plus_SB,Any_position,20-30BB,,2-2.4BB,2.7-3.3x,6e9c6158cff1,042__spot-Hero_OOP_HJ-CO_plus_SB__position-Any_position__stack-20-30BB__open-2-2.4BB__bet-2.7-3.3x__vs3bet-6e9c6158cff1.jpg,charts/0337.webp,434,600,47701,12776,8ec91c5e3e1b7f1ee58651e6d6d2a4cbd32f27abf3eda6ab2fedc7fcfe28582c,13600626fe69055a120ca0fdba1c6e020f3468ead87379beeb904768b99ee02a
B2_0338,009,vs3bet,20BB_Game,20BB_game,,late_vs_SB,,3Bet_IP_-_big,09968b0eeba0,009__spot-20BB_Game__position-20BB_game__opponent-late_vs_SB__bet-3Bet_IP_-_big__vs3bet-09968b0eeba0.jpg,charts/0338.webp,434,600,33455,13302,d5e78171dea878ee0bff704935dfd998db0b6db5fb2ee0c71ca67f03f721a1f9,13546254a33137091ca39dc3ec86c8b5a38bc90b2b1792ffef554568acb37079
B2_0339,036,vs3bet,Hero_OOP_EP-LJ,Any_position,50BBplus,,2-2.4BB,2.7-3.3x,f42fb21eff90,036__spot-Hero_OOP_EP-LJ__position-Any_position__stack-50BBplus__open-2-2.4BB__bet-2.7-3.3x__vs3bet-f42fb21eff90.jpg,charts/0339.webp,434,600,50237,13740,41a844af282ec0e19159194c368a1611c199c83b47a20b48aee99cdae32be746,d57fa4f2bf4e0dcb9ebfb6c7681032392d6bd6b6ff862725045750e94c3707f4
B2_0340,029,vs3bet,Hero_OOP_EP-LJ,Any_position,30-50BB,,2.4-3.2BB,3.3-4.5x,7578ae92c779,029__spot-Hero_OOP_EP-LJ__position-Any_position__stack-30-50BB__open-2.4-3.2BB__bet-3.3-4.5x__vs3bet-7578ae92c779.jpg,charts/0340.webp,434,600,44424,11560,b8fec74c653948c7281f3cf6b4f46efd52fd9bda5127f194811638c60471d6c1,366b6fb9c6d9fea010f356d325a1e2527758fc8562c7131339afa56d2fb6ea8c
B2_0341,031,vs3bet,Hero_OOP_EP-LJ,Any_position,30-50BB,,2-2.4BB,2-2.7x,ff3e1dabcb64,031__spot-Hero_OOP_EP-LJ__position-Any_position__stack-30-50BB__open-2-2.4BB__bet-2-2.7x__vs3bet-ff3e1dabcb64.jpg,charts/0341.webp,434,600,55325,15194,23f038a707264ebc925ee450e27e5ab144aa141a46acfefbab6e061f8398937c,f9ec35fe3488b6c8aa8a263bbbee31bd8636f25f70f90200a0e04534f4884f5a
B2_0342,015,vs3bet,Hero_IP_EP-LJ,Any_position,50BBplus,,2-2.4BB,4.5-5.5x,61f342ae4e95,015__spot-Hero_IP_EP-LJ__position-Any_position__stack-50BBplus__open-2-2.4BB__bet-4.5-5.5x__vs3bet-61f342ae4e95.jpg,charts/0342.webp,434,600,46154,12318,971cb9e37376d821c6826b7cc5f43172f2d725cf15e53f440cdc63f39039d4d2,d14ce87dc6e55f9bb1e33be3e5df79470986cde5d3dee5b80656aeb4bfb14cea
B2_0343,016,vs3bet,Hero_IP_HJ-BTN,Any_position,30-50BB,,2-2.4BB,2.5-3.5x,cc9dab538f5c,016__spot-Hero_IP_HJ-BTN__position-Any_position__stack-30-50BB__open-2-2.4BB__bet-2.5-3.5x__vs3bet-cc9dab538f5c.jpg,charts/0343.webp,434,600,37480,15438,ce820c3caa15dbc7542cf3e47bdb4b1a15c4282cd170a4eed0b3b55993a347a1,b597189df0ff113f8f5858ef5701f6a8cbe02128d03cf9adad08a92faf4f64a4
B2_0344,050,vs3bet,Hero_OOP_HJ-CO_plus_SB,Any_position,30-50BB,,2-2.4BB,3.3-4.5x,3c2e22cdff7b,050__spot-Hero_OOP_HJ-CO_plus_SB__position-Any_position__stack-30-50BB__open-2-2.4BB__bet-3.3-4.5x__vs3bet-3c2e22cdff7b.jpg,charts/0344.webp,434,600,48225,13298,f9f8eca2686617d412896e9a9993cf2e0562b15fb139bfe552b94eea4de319f7,062f531c26609b5b92f2c687918e85d17b5f2cc773cd534f478b88ad587e905e
B2_0345,026,vs3bet,Hero_OOP_EP-LJ,Any_position,20-30BB,,2-2.4BB,3.3-4.5x,85ebf09ad2ca,026__spot-Hero_OOP_EP-LJ__position-Any_position__stack-20-30BB__open-2-2.4BB__bet-3.3-4.5x__vs3bet-85ebf09ad2ca.jpg,charts/0345.webp,434,600,43031,10798,a251166cbaca65deacaf3cb5654138b4812bf1780d848c821395e0a464a78f12,490bfd64e55f3ab6f0afc592d40f446f2b4b10f893e29f6e7e59f1bdbd26729b
B2_0346,012,vs3bet,Hero_IP_EP-LJ,Any_position,30-50BB,,2-2.4BB,4.5-5.5x,c43c9b75016a,012__spot-Hero_IP_EP-LJ__position-Any_position__stack-30-50BB__open-2-2.4BB__bet-4.5-5.5x__vs3bet-c43c9b75016a.jpg,charts/0346.webp,434,600,43756,11384,3a7612b6b10265accbf83c60d27f70e85c7c043ea2224df8304d258d9a53e16d,593234c6d8154eb5814f6ca5b6b397ae9c3ced40856211ee853f7ff4fc61e086
B2_0347,041,vs3bet,Hero_OOP_HJ-CO_plus_SB,Any_position,20-30BB,,2.4-3.2BB,3.3-4.5x,c05de1c9163d,041__spot-Hero_OOP_HJ-CO_plus_SB__position-Any_position__stack-20-30BB__open-2.4-3.2BB__bet-3.3-4.5x__vs3bet-c05de1c9163d.jpg,charts/0347.webp,434,600,42448,10534,e122dcb4a9d4aac6c79c8f3f57f32f199d6c71980a8328a823ade7689a9aea10,812f4a04924eb49ddedd220be6466b2e4a986325b65bcdec42c6f92ba0f51900
B2_0348,054,vs3bet,Hero_OOP_HJ-CO_plus_SB,Any_position,50BBplus,,2-2.4BB,2.7-3.3x,2d280043239a,054__spot-Hero_OOP_HJ-CO_plus_SB__position-Any_position__stack-50BBplus__open-2-2.4BB__bet-2.7-3.3x__vs3bet-2d280043239a.jpg,charts/0348.webp,434,600,55027,15566,1f4a2c4899a4dd2529b1f1fbd5307a98256519193ed5b9e8b57d08ab0a9c58e2,adc19dd7605fd9c755385c501bde9d876c95f576cea8f5c69d3437b03562692c
B2_0349,010,vs3bet,Hero_IP_EP-LJ,Any_position,30-50BB,,2-2.4BB,2.5-3.5x,9769fe964968,010__spot-Hero_IP_EP-LJ__position-Any_position__stack-30-50BB__open-2-2.4BB__bet-2.5-3.5x__vs3bet-9769fe964968.jpg,charts/0349.webp,434,600,48763,13484,6d86ba023ac3346c01fcceaf2122df4d69659cf24fff3e2ece599dd4fde03b9c,bb9818d49abd25045e58d64dd156ae3d2899f96c93e5195095b7e5046d431bd2
B2_0350,021,vs3bet,Hero_IP_HJ-BTN,Any_position,50BBplus,,2-2.4BB,4.5-5.5x,4bbf28ec92ca,021__spot-Hero_IP_HJ-BTN__position-Any_position__stack-50BBplus__open-2-2.4BB__bet-4.5-5.5x__vs3bet-4bbf28ec92ca.jpg,charts/0350.webp,434,600,34812,14146,4ed8393447940a8dc9459ab53ca6f62d075cfbaf91cf52c9cf9cb5b69efdb9da,27e5529c375ed5c68956593d7f80ba05d6d9276ea013c52393dff46cd63ccdfc
B2_0351,003,vs3bet,20BB_Game,20BB_game,,HJ-LJ,,3Bet_IP_-_big,fbe4f70694fc,003__spot-20BB_Game__position-20BB_game__opponent-HJ-LJ__bet-3Bet_IP_-_big__vs3bet-fbe4f70694fc.jpg,charts/0351.webp,434,600,31848,12740,b4035ebaa25f6dcc50fa3b25c9ce3d2c22d4b33cfe74f83c9982c2edbc8ba631,1e7cc0ce2233db1de1acd8ed2cc6ef89f5d718dc4de97d0ad3c3569adac0c95d
B2_0352,039,vs3bet,Hero_OOP_HJ-CO_plus_SB,Any_position,20-30BB,,2.4-3.2BB,2.7-3.3x,8a05ac173bce,039__spot-Hero_OOP_HJ-CO_plus_SB__position-Any_position__stack-20-30BB__open-2.4-3.2BB__bet-2.7-3.3x__vs3bet-8a05ac173bce.jpg,charts/0352.webp,434,600,43527,11040,93ac9b66993fe991b556c90355501ec8c82c826d6c105dd0de6fb81c50670c57,4dd07b7603b815c38394490780ccd4fa8dc7a613d62379a8d8e22a5bf1f115ed
B2_0353,019,vs3bet,Hero_IP_HJ-BTN,Any_position,50BBplus,,2-2.4BB,2.5-3.5x,28422ddb575c,019__spot-Hero_IP_HJ-BTN__position-Any_position__stack-50BBplus__open-2-2.4BB__bet-2.5-3.5x__vs3bet-28422ddb575c.jpg,charts/0353.webp,434,600,39446,16266,e0e1ce54cbde1c8aedb96c9f88ab7b09472d6d054f0aa5268869f4b92ef764dc,90dab7aa68bd8db5b4cf10d63d43bee22ada1c3060d60ea7e574f12e8d354606
B2_0354,024,vs3bet,Hero_OOP_EP-LJ,Any_position,20-30BB,,2-2.4BB,2.7-3.3x,4b3636714734,024__spot-Hero_OOP_EP-LJ__position-Any_position__stack-20-30BB__open-2-2.4BB__bet-2.7-3.3x__vs3bet-4b3636714734.jpg,charts/0354.webp,434,600,45065,11638,344ed0173ee72afdeabff4cba92ebfd51ba926f8cc3263993a7f9b8ee64f3c80,67139248ad3b8e9fed630ac93b78b382182107d36b6caa3353aee24929c797f8
B2_0355,044,vs3bet,Hero_OOP_HJ-CO_plus_SB,Any_position,20-30BB,,2-2.4BB,3.3-4.5x,95088cdecba2,044__spot-Hero_OOP_HJ-CO_plus_SB__position-Any_position__stack-20-30BB__open-2-2.4BB__bet-3.3-4.5x__vs3bet-95088cdecba2.jpg,charts/0355.webp,434,600,43047,10658,34a34d97999f69a7cd07ca52956e8765585e891fce973da42f7711bb2d55ed0f,a9a0ee49a5072959718cba361fba1af0d6bf7db7ffb1f1fadebbc81f622d9498
B2_0356,056,vs3bet,Hero_OOP_HJ-CO_plus_SB,Any_position,50BBplus,,2-2.4BB,3.3-4.5x,b927130228c1,056__spot-Hero_OOP_HJ-CO_plus_SB__position-Any_position__stack-50BBplus__open-2-2.4BB__bet-3.3-4.5x__vs3bet-b927130228c1.jpg,charts/0356.webp,434,600,47513,12754,8de02a640912fab5e500ecac61b6255f53b423b3aaac710419550df843677593,ada48d8aaf61902831241a076ef437f8c4c780de9bf0f7ec7b82c93e585c0b04
B2_0357,025,vs3bet,Hero_OOP_EP-LJ,Any_position,20-30BB,,2-2.4BB,2-2.7x,ab5ab32990a2,025__spot-Hero_OOP_EP-LJ__position-Any_position__stack-20-30BB__open-2-2.4BB__bet-2-2.7x__vs3bet-ab5ab32990a2.jpg,charts/0357.webp,434,600,53863,14766,bb617a63ce02c2add9a67ace52eb8c1107965d8c6b2c13d18530434d7255ce52,06321de41be7b3f8658126b0104a11b3c442d8da80b4b86db4704a1495cfccc0
B2_0358,017,vs3bet,Hero_IP_HJ-BTN,Any_position,30-50BB,,2-2.4BB,3.5-4.5x,68bf1c8fa277,017__spot-Hero_IP_HJ-BTN__position-Any_position__stack-30-50BB__open-2-2.4BB__bet-3.5-4.5x__vs3bet-68bf1c8fa277.jpg,charts/0358.webp,434,600,36638,15042,979fc70cc2178504ffb133a13ffeb4d02d878eaeab7d9f9e4825745f9f541314,7aaac2f4bdc14d8547a200d4cbc480385a6d46db9468f0bcd899fac1ff6f5e46
B2_0359,034,vs3bet,Hero_OOP_EP-LJ,Any_position,50BBplus,,2.4-3.2BB,2-2.7x,dce144aa93b1,034__spot-Hero_OOP_EP-LJ__position-Any_position__stack-50BBplus__open-2.4-3.2BB__bet-2-2.7x__vs3bet-dce144aa93b1.jpg,charts/0359.webp,434,600,52355,14086,a8adfd1f9a8d79553a34af803a58226e1b60d82c6a69a62488944ddda745760f,e3274aff4c3109d08e4438dc72a815d8b19925b3e6a77493f41a2a73d2335728
B2_0360,306,vs1r,,SB,40BBplus,BTN,2-2.4BB,,39fa23c48675,306__position-SB__stack-40BBplus__open-2-2.4BB__opponent-BTN__vs1r-39fa23c48675.jpg,charts/0360.webp,434,600,42016,17708,e5ae5ab5b45528d75ab31396c7398c04af7697035ecf4198483f0c88f843b466,192274dea8c68a0bfadfce919839de87b2a96161d4c6a2b0fb78fd99c116ee82
B2_0361,043,vs1r,,BB,30-40BB,BTN,2-2.4BB,,e3118c63d683,043__position-BB__stack-30-40BB__open-2-2.4BB__opponent-BTN__vs1r-e3118c63d683.jpg,charts/0361.webp,434,600,59051,26652,e3d9eb0fe0f4b41976a73b3c3a3ab31ddd6cf3cb0dadb496f94d2042e0f499e7,f3403027abe1637b5dbca893e5512472e3d3e14be5153702bdf7ae0c05363d06
B2_0362,071,vs1r,,BB,8-12BB,LJ,2-2.4BB,,eab334581f56,071__position-BB__stack-8-12BB__open-2-2.4BB__opponent-LJ__vs1r-eab334581f56.jpg,charts/0362.webp,434,600,57391,25800,01490b877ca1e01d7954662090e843df7d369e95e8d8daa0bee71f46e22cba9c,761bed30dcc160a34b36b3e0de66d1fc42571527b233b873098ec0ee56252801
B2_0363,167,vs1r,,CO,40BBplus,MP,2.4-3.2BB,,607bf562e28e,167__position-CO__stack-40BBplus__open-2.4-3.2BB__opponent-MP__vs1r-607bf562e28e.jpg,charts/0363.webp,434,600,34285,13718,aecb115d4ea189e729ac8a8ef3a1ea5db37789c1d8e3cf0f997914b5de3a65ab,7aab22e32ff7636ab5abc28da81f4868235133db0d6debc8f089a9fc3191f656
B2_0364,316,vs1r,,SB,8-12BB,LJ,2.4-3.2BB,,fa3d7600b7d0,316__position-SB__stack-8-12BB__open-2.4-3.2BB__opponent-LJ__vs1r-fa3d7600b7d0.jpg,charts/0364.webp,434,600,33529,13452,c0e16175c03135c6ae4c4853eb61907f0e20987569c31d4b8f026ba73baa81de,e100f847a9ffd364656b7c565a74bf5abb378c64241c35f9429db3ca93249966
B2_0365,090,vs1r,,BTN,16-22BB,LJ,2-2.4BB,,ba938991baad,090__position-BTN__stack-16-22BB__open-2-2.4BB__opponent-LJ__vs1r-ba938991baad.jpg,charts/0365.webp,434,600,34620,13952,ed0a93d46925104be9511bf31e46cd51c31bcbca793b17ba3d5e6c59a2bc46f3,4cacab061439fc03ae012d8e92132b141a6460f00627d330bd0193a2aa779f49
B2_0366,267,vs1r,,SB,16-22BB,HJ,2.4-3.2BB,,de116e8f7281,267__position-SB__stack-16-22BB__open-2.4-3.2BB__opponent-HJ__vs1r-de116e8f7281.jpg,charts/0366.webp,434,600,32573,12908,d1ed2759bb4a37f9ed6b9545a967ee3f93410054d88ddcf3df4b492f2a292791,55f73fb820650e76ec983cc3225e8e8999d6908a61d036c8987b3b353ead4a7e
B2_0367,101,vs1r,,BTN,22-30BB,MP,2-2.4BB,,2788e00a5d93,101__position-BTN__stack-22-30BB__open-2-2.4BB__opponent-MP__vs1r-2788e00a5d93.jpg,charts/0367.webp,434,600,36184,14842,d500b574df7794607e905ed3f8919f14ec0df34ff37ca8c9ee6e108ed1d95004,acab40b02f0fa368765475a6d11186d20fe48c1b9bc754184bc5bcb84911f631
B2_0368,026,vs1r,,BB,22-30BB,CO,2.4-3.2BB,,09975068ce2a,026__position-BB__stack-22-30BB__open-2.4-3.2BB__opponent-CO__vs1r-09975068ce2a.jpg,charts/0368.webp,434,600,50166,21728,405229849e380f47f90aa60027c240b9ab56d1eb1d6234f5e5cfaa9820256c9f,24f57628d5f22bcb6036f062862101ab7c0130abd4187e10947ddef3c9ecf292
B2_0369,056,vs1r,,BB,40BBplus,CO,2-2.4BB,,ca96b0ef65f1,056__position-BB__stack-40BBplus__open-2-2.4BB__opponent-CO__vs1r-ca96b0ef65f1.jpg,charts/0369.webp,434,600,59167,26312,e30419c81cbeead91217fcf6b03971fa4b708619caac57681ff0deb24814d242,e49ff86485f0419fcae7bb15f511989aa287cf4686e703b5fa39120cdf3ef227
B2_0370,287,vs1r,,SB,22-30BB,MP,2-2.4BB,,3a3a57aa463c,287__position-SB__stack-22-30BB__open-2-2.4BB__opponent-MP__vs1r-3a3a57aa463c.jpg,charts/0370.webp,434,600,36222,14834,45bb1289a8b7d887f34567714e74e642862b2bfe7ae1b792e7b5e779810973f5,95e268791744f16520b8be88e34d7356c479a168565aec65b8a48e2f4cd41d02
B2_0371,033,vs1r,,BB,22-30BB,EP,2-2.4BB,,0aaf5f6cf3a4,033__position-BB__stack-22-30BB__open-2-2.4BB__opponent-EP__vs1r-0aaf5f6cf3a4.jpg,charts/0371.webp,434,600,51836,22958,899a154da96059e730951b3d9d30f677a5a6927d0bb584de39592eedb2e9d11d,c793dd782e822e86167ec9455cca1e0b67f1069a48e41abaa7815c05354b4596
B2_0372,208,vs1r,,HJ,40BBplus,LJ,2-2.4BB,,fef5e055efda,208__position-HJ__stack-40BBplus__open-2-2.4BB__opponent-LJ__vs1r-fef5e055efda.jpg,charts/0372.webp,434,600,35320,14112,e1f2b930685137efd4dc4eaae5443b0e9c238d73bf3ea9064fdd9b0b39eaa0b2,94e492aa105de698bf9b86529726c6350fb59edefa55b20fd97e5e39dd193ba7
B2_0373,189,vs1r,,HJ,16-22BB,EP,2-2.4BB,,1993529478f0,189__position-HJ__stack-16-22BB__open-2-2.4BB__opponent-EP__vs1r-1993529478f0.jpg,charts/0373.webp,434,600,30513,11710,32e7721885912ba60cdd49a302212bb8e022df6ed444e21cb7935017fe8ff835,a219c40cbd477257dfdf0edf4782cd87e100134d7dcd7cf39ad4924098f8c659
B2_0374,155,vs1r,,CO,22-30BB,MP,2-2.4BB,,96b995b281ca,155__position-CO__stack-22-30BB__open-2-2.4BB__opponent-MP__vs1r-96b995b281ca.jpg,charts/0374.webp,434,600,33167,13158,855ee3ae11a1e6822d898928aa3a8e466c47e06ca40681ddfa075ed6b10186db,c7885d3e54a588d59bbc4c62ae9c5dd1d560010e288e90cb4b8eabe03f3c25bc
B2_0375,022,vs1r,,BB,16-22BB,HJ,2-2.4BB,,4727e1ebb7c9,022__position-BB__stack-16-22BB__open-2-2.4BB__opponent-HJ__vs1r-4727e1ebb7c9.jpg,charts/0375.webp,434,600,51312,22738,9f55e78b38a695264cf5e2c1472236d7f0250054ff699eede97e40c000791b7a,3054723cfb8e7cd9f85109213a38db5503e6eb654eacee711d78e6d39f7298c3
B2_0376,158,vs1r,,CO,30-40BB,LJ,2.4-3.2BB,,044ec420dd1e,158__position-CO__stack-30-40BB__open-2.4-3.2BB__opponent-LJ__vs1r-044ec420dd1e.jpg,charts/0376.webp,434,600,32876,13274,d9bcee87e06546abf6ed2b1599975bd6175fdd84fa06b743f1185eae84366d6f,105e0b8ff890b58cc52dd1805715fc2944c53f90a99129fb5ef5dd19233298cf
B2_0377,132,vs1r,,CO,12-16BB,EP,2.4-3.2BB,,2810ca1fcfc8,132__position-CO__stack-12-16BB__open-2.4-3.2BB__opponent-EP__vs1r-2810ca1fcfc8.jpg,charts/0377.webp,434,600,29645,11308,eef0913d4c23bc57a1625f6fb1e790c866e8ad626dbebe5909cfa7a521a38a62,af30c90678aa7e7737f5cdc86187007dbb53d661c41db5830d621889c85bf541
B2_0378,168,vs1r,,CO,40BBplus,EP,2-2.4BB,,673239832c4d,168__position-CO__stack-40BBplus__open-2-2.4BB__opponent-EP__vs1r-673239832c4d.jpg,charts/0378.webp,434,600,35430,14184,8cc7219da16aa293ce5249d838cb6ba41691beba810e537c446d013b8c678458,e4ebc676cccc8e71221b4c993de39271b3143a4c8fba40365f8a3e5027cf5dfe
B2_0379,095,vs1r,,BTN,22-30BB,LJ,2.4-3.2BB,,557e5bab62d0,095__position-BTN__stack-22-30BB__open-2.4-3.2BB__opponent-LJ__vs1r-557e5bab62d0.jpg,charts/0379.webp,434,600,34333,13744,c8974244a0b3f7d0671528de2cb3df439d98937ec878b88fd7460d7dfb033208,45e0dc437548e19b707a3dd8c42d91c637fbec6921979dd3b0a6a583b0f154e7
B2_0380,216,vs1r,,LJ,12-16BB,EP,2.4-3.2BB,,e72237813c87,216__position-LJ__stack-12-16BB__open-2.4-3.2BB__opponent-EP__vs1r-e72237813c87.jpg,charts/0380.webp,434,600,29237,11108,40113f586c404cc2dbeb74d233f6c11e690da03c9aa611838ec1dbb1618ace3c,9fc72f60fd4c3fa83e70fd8050cd1d52de736821ce3645cd6f6f02a0e109b13d
B2_0381,207,vs1r,,HJ,40BBplus,EP,2-2.4BB,,d9ecd92fd45f,207__position-HJ__stack-40BBplus__open-2-2.4BB__opponent-EP__vs1r-d9ecd92fd45f.jpg,charts/0381.webp,434,600,35510,14262,2ada757785e80b84e703be4f7485e5ae2b32d3ff86292f4a08a4b255623744d3,47cfa27d216341d469e0668119972eed50feed84c7d71364c444b5da70de3186
B2_0382,282,vs1r,,SB,22-30BB,BTN,2-2.4BB,,0459af7cb588,282__position-SB__stack-22-30BB__open-2-2.4BB__opponent-BTN__vs1r-0459af7cb588.jpg,charts/0382.webp,434,600,36570,15154,053ce85ad64c87db01d6f2cd0ea58960bb56f5f11f04417fdb00bff990f16198,234a92ba0f5f3427a2f995877e5591eba79681ca628e0afedeb080fa69b37883
B2_0383,270,vs1r,,SB,16-22BB,BTN,2-2.4BB,,063f5e0a48a7,270__position-SB__stack-16-22BB__open-2-2.4BB__opponent-BTN__vs1r-063f5e0a48a7.jpg,charts/0383.webp,434,600,39005,16168,c2b72227daa6832ede0d7b0f778e199aec7d77fc58a63fb7172d30f9d039c743,39bb5b2a0a43f32f01b29b4438e470e5dcfc95c4165aea393645596b03033361
B2_0384,109,vs1r,,BTN,30-40BB,HJ,2-2.4BB,,914b7ffc9fbb,109__position-BTN__stack-30-40BB__open-2-2.4BB__opponent-HJ__vs1r-914b7ffc9fbb.jpg,charts/0384.webp,434,600,39225,16356,41b93d2fe00c86a4a5924dcbc1736916eb51bc49183e16ac09733786c16a6810,26ae2b2eb90d027ed9ea8714beec9498e144b2dbbf0d20f44b70832fa2d88342
B2_0385,047,vs1r,,BB,30-40BB,LJ,2-2.4BB,,21d4170b3cd2,047__position-BB__stack-30-40BB__open-2-2.4BB__opponent-LJ__vs1r-21d4170b3cd2.jpg,charts/0385.webp,434,600,54811,24152,4e309afb7f5b673f292611446204795fcf417c14b1fc061ab262f36e4b012753,afe55a3b35acc15a0d1e7794f1e39cd681aecb69304c2bc65c2481652586affa
B2_0386,210,vs1r,,HJ,8-12BB,EP,2.4-3.2BB,,b96abc630ae8,210__position-HJ__stack-8-12BB__open-2.4-3.2BB__opponent-EP__vs1r-b96abc630ae8.jpg,charts/0386.webp,434,600,29466,11378,0e18d5048af082e61a5419c4a453b5378c105be939ae9e1eca40dc1abaed1f21,2300997a53b4700b51452aa5b4a574e6477279de2abb69ba5c021f7309c97e21
B2_0387,003,vs1r,,BB,12-16BB,EP,2.4-3.2BB,,a988e9b77b7e,003__position-BB__stack-12-16BB__open-2.4-3.2BB__opponent-EP__vs1r-a988e9b77b7e.jpg,charts/0387.webp,434,600,43637,17966,4476b169e27ab552bc498b1ce3e9a31a7afbc8d8b0a098b639240ea2deed838e,a10075545c19496828c110b0ae1d54ff6be2ff400c66b4e318b2713b3b72fbae
B2_0388,126,vs1r,,BTN,8-12BB,MP,2.4-3.2BB,,f5162823fb18,126__position-BTN__stack-8-12BB__open-2.4-3.2BB__opponent-MP__vs1r-f5162823fb18.jpg,charts/0388.webp,434,600,30627,11700,0db328e7ccc47b3eef084fe7556c4cc91ecb345e1415e8a582323ba97204ef2d,98c374824cdddbb2d970e8aea2b74fd3ac0a0f4ea6d724592a61154f869c50ae
B2_0389,195,vs1r,,HJ,22-30BB,EP,2-2.4BB,,17e92cb40321,195__position-HJ__stack-22-30BB__open-2-2.4BB__opponent-EP__vs1r-17e92cb40321.jpg,charts/0389.webp,434,600,32522,12448,a898958f5f4ee702a4b078d9bc76dc0cb1b9b4a92f6fc69b0ecdb3fedde03edb,89746cc44d8b065843664687edc01d71771b704c7f8e2ce5086650cebc644799
B2_0390,245,vs1r,,MP,22-30BB,EP,2-2.4BB,,248a22d239fe,245__position-MP__stack-22-30BB__open-2-2.4BB__opponent-EP__vs1r-248a22d239fe.jpg,charts/0390.webp,434,600,31021,11882,c2fbf10af30330019ac52ff5850088f4dd3a3aad94bc5d625483c1e424f2630f,db8d97c926f6c7cfa4cadf005e9c1931b77215de51ca4478c7825f7faec79dbc
B2_0391,111,vs1r,,BTN,30-40BB,MP,2-2.4BB,,4266d5c5c67a,111__position-BTN__stack-30-40BB__open-2-2.4BB__opponent-MP__vs1r-4266d5c5c67a.jpg,charts/0391.webp,434,600,36695,15044,0733da2588a7edf7b8d3f0126aaefc77b1979558db24664fdbd5941ed72019d6,ca35db5137afc9592d5b41d2075ff03ddfd85676604880774dfbb2821e78c096
B2_0392,253,vs1r,,SB,12-16BB,CO,2.4-3.2BB,,a8fcd289b6bf,253__position-SB__stack-12-16BB__open-2.4-3.2BB__opponent-CO__vs1r-a8fcd289b6bf.jpg,charts/0392.webp,434,600,34526,13976,e738c63257a65631f43493e01950683ae49866ff7e0a9c7d44f9c09965510dd1,ba98da7818297fea91770c4b8866fa9de38cf167d4344d21e86e24ff9191160c
B2_0393,103,vs1r,,BTN,30-40BB,EP,2.4-3.2BB,,4962222381cc,103__position-BTN__stack-30-40BB__open-2.4-3.2BB__opponent-EP__vs1r-4962222381cc.jpg,charts/0393.webp,434,600,31190,12154,a05aa7398234f4e6308b6b188991b1f305b8472eed043cae6c0d5326166b5f54,8d01b313113fca740768c36c1f5a167f3e841b990d00b034be3aff2e09e51084
B2_0394,165,vs1r,,CO,40BBplus,HJ,2.4-3.2BB,,143b81ae0f90,165__position-CO__stack-40BBplus__open-2.4-3.2BB__opponent-HJ__vs1r-143b81ae0f90.jpg,charts/0394.webp,434,600,35694,14544,6c037aa97507316c191c77ea29c399e4c92adb20be745253256cab6720354543,e737dc96356970d38cecc94b0b5d55d0e209647f5bbf467d56bb34a339414012
B2_0395,083,vs1r,,BTN,16-22BB,EP,2.4-3.2BB,,667aad8bc647,083__position-BTN__stack-16-22BB__open-2.4-3.2BB__opponent-EP__vs1r-667aad8bc647.jpg,charts/0395.webp,434,600,32471,12832,430f9d499ab17e724100a7211c2e6b0d8286a92d2d574273999b707eb611ba4d,e0872acbe07dd51647a9fda47483f20a617f348eefba7977affc8deed4c1522b
B2_0396,318,vs1r,,SB,8-12BB,BTN,2-2.4BB,,af2639cd9dd3,318__position-SB__stack-8-12BB__open-2-2.4BB__opponent-BTN__vs1r-af2639cd9dd3.jpg,charts/0396.webp,434,600,38839,16058,e0f1f27c37b6a707fadd5f05fd330a9c7a8f8f20f75f177298e1a7c71eeaf43a,41dc918e2bc91cb2c8eef24c6380f0dc97ab98c09eed29c74281987b69d879a3
B2_0397,091,vs1r,,BTN,16-22BB,MP,2-2.4BB,,8585c25557d8,091__position-BTN__stack-16-22BB__open-2-2.4BB__opponent-MP__vs1r-8585c25557d8.jpg,charts/0397.webp,434,600,34640,13914,b818121392774633606353c057f34d472fb7055145ac55ddce10fdd77f404aca,b1aaa9664d47747f1e7f6f6b31577755919d2e84a41bdaaa209508e7bdfed3ff
B2_0398,204,vs1r,,HJ,40BBplus,EP,2.4-3.2BB,,1f1e5c968ae0,204__position-HJ__stack-40BBplus__open-2.4-3.2BB__opponent-EP__vs1r-1f1e5c968ae0.jpg,charts/0398.webp,434,600,32643,13120,34d262d54eb915155d6ad2e8280eb9bf33da4f301ea12d1116c131754638918f,fcddb3bfa5f09f8e0e8c2fb9f7fa13fc08bfa48a30601bfff353964092676712
B2_0399,205,vs1r,,HJ,40BBplus,LJ,2.4-3.2BB,,51604d9c30a3,205__position-HJ__stack-40BBplus__open-2.4-3.2BB__opponent-LJ__vs1r-51604d9c30a3.jpg,charts/0399.webp,434,600,49894,13582,c384b52f510c022edd38b87372e15002dd871e0a65201f7758cb7192a7370096,9c71788583f111d9bcaeb689f0c46f7140e4d03a5b6f859c0d15213f640d21b2
B2_0400,299,vs1r,,SB,30-40BB,MP,2-2.4BB,,ce28d2555aa6,299__position-SB__stack-30-40BB__open-2-2.4BB__opponent-MP__vs1r-ce28d2555aa6.jpg,charts/0400.webp,434,600,35390,14406,f613adeb9c5b4521f261f81e6f37b23cb8122b50c83be597a324219f81b427ba,c829bfbe8ff205b8181a603db5c160a3742220c5014a646deff9c7a17fd8d5e6
B2_0401,082,vs1r,,BTN,12-16BB,MP,2-2.4BB,,931bf55dd6ef,082__position-BTN__stack-12-16BB__open-2-2.4BB__opponent-MP__vs1r-931bf55dd6ef.jpg,charts/0401.webp,434,600,34846,13640,6c299b96b231f25f70d673124201058a72c76106c719e6b72dc01f653be19da4,7f4f3aa17f77470cc7cb9254246454873f802cf966a106ebe1779e67a3acbeb6
B2_0402,275,vs1r,,SB,16-22BB,MP,2-2.4BB,,d6d5367e5518,275__position-SB__stack-16-22BB__open-2-2.4BB__opponent-MP__vs1r-d6d5367e5518.jpg,charts/0402.webp,434,600,35154,14174,cb0883a66b22f114addc6942a31bba770f6934d05c4aed50af64f163d6e0179c,7f0cda23590c681272c5030543486390504ebde1f973028375bd7373bf6dc53f
B2_0403,127,vs1r,,BTN,8-12BB,CO,2-2.4BB,,e2eefacebf90,127__position-BTN__stack-8-12BB__open-2-2.4BB__opponent-CO__vs1r-e2eefacebf90.jpg,charts/0403.webp,434,600,36821,15340,5d6c90777f46852e054cbcb2e12bfba2b21f515698ae23231072f351c415f1d0,a5ea0d71428354cd2097e74573d96f01ef2db80be19d345c27d6f00c40219a19
B2_0404,294,vs1r,,SB,30-40BB,BTN,2-2.4BB,,71c1f61bbde9,294__position-SB__stack-30-40BB__open-2-2.4BB__opponent-BTN__vs1r-71c1f61bbde9.jpg,charts/0404.webp,434,600,36183,14852,2781dcaf203161973090e8fb5302ff3ec84fa246947ee98fc7c7b8b90c7fc5ed,fa3d1bac75dfec2bcab901908d6ab49c2563c9ae3ab4ad876010c1fd6da6203a
B2_0405,305,vs1r,,SB,40BBplus,MP,2.4-3.2BB,,83a24772820c,305__position-SB__stack-40BBplus__open-2.4-3.2BB__opponent-MP__vs1r-83a24772820c.jpg,charts/0405.webp,434,600,33073,13452,3bae6a297247322f36013be600e0f4fa3e957ff39624947ebc5556511f5dd752,0c4d33f86472d45a474739fc4c25bd74da9555cd9e13b23f1cb01827007b6c77
B2_0406,051,vs1r,,BB,40BBplus,EP,2.4-3.2BB,,7347644a0605,051__position-BB__stack-40BBplus__open-2.4-3.2BB__opponent-EP__vs1r-7347644a0605.jpg,charts/0406.webp,434,600,47355,20068,90db166999c29dd6e6789f6b6e84942db84179a53b32858f0cfbe971d8956af5,3bbb6854009c93c76833afa1bf897257966be6c10143939f2e0ac8564beb6d3a
B2_0407,049,vs1r,,BB,40BBplus,BTN,2.4-3.2BB,,eb0102843b4d,049__position-BB__stack-40BBplus__open-2.4-3.2BB__opponent-BTN__vs1r-eb0102843b4d.jpg,charts/0407.webp,434,600,50602,22318,b4d0f35d76d59157ff811fc3e31ae6c3cbcc6dab2dd5e225b1e99ef8dcbb61de,3c4f96cd5977f136b9ac6cb24dceed6fef0563a107d5d70ee39a17badd727b51
B2_0408,300,vs1r,,SB,40BBplus,BTN,2.4-3.2BB,,22a299f2c059,300__position-SB__stack-40BBplus__open-2.4-3.2BB__opponent-BTN__vs1r-22a299f2c059.jpg,charts/0408.webp,434,600,36396,14750,ae9d397b5a12ffa279462d46dec3f3846fd19a9bd5718b6a36d1eab41e8be129,6942abdb91be7e0d822f12ddc5ce036578ff7ba6df5441e8fa39686c58e7f730
B2_0409,027,vs1r,,BB,22-30BB,EP,2.4-3.2BB,,a3649b99a7c3,027__position-BB__stack-22-30BB__open-2.4-3.2BB__opponent-EP__vs1r-a3649b99a7c3.jpg,charts/0409.webp,434,600,41319,16662,ab2baa0e3ed2e0168abedef7362a94cf5d846184c68b034b6830585d5516e09a,a8fe1ab08aa221e4f5d914eb957c80c804a3545bc4ddced0ee33cebadf12b6fa
B2_0410,018,vs1r,,BB,16-22BB,MP,2.4-3.2BB,,86f3367e1758,018__position-BB__stack-16-22BB__open-2.4-3.2BB__opponent-MP__vs1r-86f3367e1758.jpg,charts/0410.webp,434,600,49659,21266,6e6198bf1b290b48d84bdde2bd42196f37790fb8b2a2789d2ec677c7adc933e5,7d709fcce56e7b2aac35b39b493ff1a3352ab67ceae9fe9d22358b49a327f9ab
B2_0411,153,vs1r,,CO,22-30BB,HJ,2-2.4BB,,38987466020a,153__position-CO__stack-22-30BB__open-2-2.4BB__opponent-HJ__vs1r-38987466020a.jpg,charts/0411.webp,434,600,34509,13622,4b6f1be4acc6f1d6d5da0c1e8f3ebcf8bc80a9ecb0c665f7f61e54949e0501ce,04716261cf73517fb279493eebf0168a42f13446fc5485ffb63d690c01fa6586
B2_0412,291,vs1r,,SB,30-40BB,HJ,2.4-3.2BB,,fd4d4f3ecb70,291__position-SB__stack-30-40BB__open-2.4-3.2BB__opponent-HJ__vs1r-fd4d4f3ecb70.jpg,charts/0412.webp,434,600,33890,13356,cd065b13125614946ecdcd5407bf145c3458182399adc4622c9b927b412b272c,c42616f921bc656d9a5b1c7844659fb76e600024a4adde1feb0b01cbcee841c2
B2_0413,296,vs1r,,SB,30-40BB,EP,2-2.4BB,,6cc73d16c1cc,296__position-SB__stack-30-40BB__open-2-2.4BB__opponent-EP__vs1r-6cc73d16c1cc.jpg,charts/0413.webp,434,600,35575,14626,bd3245884d87afad6c6690644d75255986975897f004e7c60c95601ee196ebf2,c1597eb99510f75a4c658c581ae662a635ecc46cfe205eb20b0ff23e13823672
B2_0414,131,vs1r,,BTN,8-12BB,MP,2-2.4BB,,594c50ba08bb,131__position-BTN__stack-8-12BB__open-2-2.4BB__opponent-MP__vs1r-594c50ba08bb.jpg,charts/0414.webp,434,600,34104,13906,c87a87c3ffb4e0b152b70616784ba7d2bd8a2a4048775fc4cc277a7bc72e9822,06eb89386f313d80f6764f24fa3c0fcc99ed6016fa7e20c70a5e86c96fa101fa
B2_0415,290,vs1r,,SB,30-40BB,EP,2.4-3.2BB,,07f2d1e6cb30,290__position-SB__stack-30-40BB__open-2.4-3.2BB__opponent-EP__vs1r-07f2d1e6cb30.jpg,charts/0415.webp,434,600,33507,13472,c88066db287e92e812454ec6026854ec6f5d3af42e5ff09db32af0b4423495a6,01e102f7c44a5a0609b962a5c8089476297ae59d81487d46ec796cbed0cdb572
B2_0416,130,vs1r,,BTN,8-12BB,LJ,2-2.4BB,,d6a0e6f8e76c,130__position-BTN__stack-8-12BB__open-2-2.4BB__opponent-LJ__vs1r-d6a0e6f8e76c.jpg,charts/0416.webp,434,600,34721,13952,742f6fd1aab567e352a72e0eb9a4a4c13bb93d37c8f240c81e79adca835fcc3b,c5eb108c8ae54f4acd016d99a98c379f6ab2183bd356e5df0add94d58b9f4ac3
B2_0417,188,vs1r,,HJ,16-22BB,MP,2.4-3.2BB,,ded5c161fee3,188__position-HJ__stack-16-22BB__open-2.4-3.2BB__opponent-MP__vs1r-ded5c161fee3.jpg,charts/0417.webp,434,600,29179,11066,caea1e7f0ddb4674d7e4bd2946c15cefd363b0e39609d5466bbaf42570a1cc4c,9cf6706d5392e1faaf9beb072a98eb461c980293358b2f8d9b8de389492f64e0
B2_0418,148,vs1r,,CO,22-30BB,EP,2.4-3.2BB,,611f1f58c5a8,148__position-CO__stack-22-30BB__open-2.4-3.2BB__opponent-EP__vs1r-611f1f58c5a8.jpg,charts/0418.webp,434,600,30805,11852,29877282913dc598692e32b32861d8909039084c931107d0cf573f82e40adf8d,0f182bbd30f9dbc034e6bfcd782b14f1cccf4dab191a68927051e92a7f6e1df6
B2_0419,016,vs1r,,BB,16-22BB,HJ,2.4-3.2BB,,c5b9dd25e6c1,016__position-BB__stack-16-22BB__open-2.4-3.2BB__opponent-HJ__vs1r-c5b9dd25e6c1.jpg,charts/0419.webp,434,600,49848,21398,2305551ec376f5cf1bdcc97f37e3acbd519921d8942f382c6327ea209d8b69e5,c094978e01955a56c2407785c293065a9ea9f5fa6ab926632c0067affef36671
B2_0420,002,vs1r,,BB,12-16BB,CO,2.4-3.2BB,,0f149851d9cc,002__position-BB__stack-12-16BB__open-2.4-3.2BB__opponent-CO__vs1r-0f149851d9cc.jpg,charts/0420.webp,434,600,51339,22786,d79f1cbcca6c63bbfbef2462d483f6627a9c3b5a30ee172c65ec08216c2e797c,fccfbb961f5791ff84968acbe2399a7738e11ce21074c400e3e325fb13b7b603
B2_0421,262,vs1r,,SB,12-16BB,LJ,2-2.4BB,,628e0ccc6b9a,262__position-SB__stack-12-16BB__open-2-2.4BB__opponent-LJ__vs1r-628e0ccc6b9a.jpg,charts/0421.webp,434,600,34318,13876,3cfa0fa3582b6e3a791223e8d307417ca55423663c035b24bfbe0c05c8eacdfc,a046398be4be6c1d035cf272e78376206a7b70c3102b3191e97982e771b1087a
B2_0422,120,vs1r,,BTN,40BBplus,LJ,2-2.4BB,,3d2a41ef5edd,120__position-BTN__stack-40BBplus__open-2-2.4BB__opponent-LJ__vs1r-3d2a41ef5edd.jpg,charts/0422.webp,434,600,39390,16360,3d0820648a39b20d560624ae2e498a3bd52a03494d9c92b7ec6a262308329bd3,241cda6938b8e2d7e44461f2f6fc55ae0a34d2837128f559ee7a5e6289cd4f70
B2_0423,260,vs1r,,SB,12-16BB,EP,2-2.4BB,,305c5e1a9a2b,260__position-SB__stack-12-16BB__open-2-2.4BB__opponent-EP__vs1r-305c5e1a9a2b.jpg,charts/0423.webp,434,600,34230,13714,3964c3cfe91ceb7e52f0dc81f046050ae1c15ff49506a77dae8a838f0544fb11,de98f7b551dee12d9c69e3d03b12841618202e506a81ce550dd8204ec275e176
B2_0424,274,vs1r,,SB,16-22BB,LJ,2-2.4BB,,f5571b9eb0a2,274__position-SB__stack-16-22BB__open-2-2.4BB__opponent-LJ__vs1r-f5571b9eb0a2.jpg,charts/0424.webp,434,600,34032,13852,ed95f4bc5538f5f3a487de14797d60554560ea5d69e44f9ae3ad24590e69c02f,17d1674fc110e52e5e4f53fddd799754b2174872286383642b884aa20144a4ea
B2_0425,263,vs1r,,SB,12-16BB,MP,2-2.4BB,,9e1df2e1d18a,263__position-SB__stack-12-16BB__open-2-2.4BB__opponent-MP__vs1r-9e1df2e1d18a.jpg,charts/0425.webp,434,600,34240,13730,d2751895a1db4348fff8447a41a1e116bae89266e954a1175f50fcd518b5a942,8bc9fb7eca38ab247c171f464c75fdee42bbefbb27d9359bce844f6f06eb9d21
B2_0426,001,vs1r,,BB,12-16BB,BTN,2.4-3.2BB,,bd5ef00a18dc,001__position-BB__stack-12-16BB__open-2.4-3.2BB__opponent-BTN__vs1r-bd5ef00a18dc.jpg,charts/0426.webp,434,600,53905,23866,1463a0e3a846b0ba9287e2c7e559d5a47c5e12024e2aebcb4b02df31a86b30b0,bd33fa4608d927f082acac14e0958951c82c4deee022dd1c07fa2e3fd13bfb46
B2_0427,163,vs1r,,CO,30-40BB,MP,2-2.4BB,,5b6b07aa1e16,163__position-CO__stack-30-40BB__open-2-2.4BB__opponent-MP__vs1r-5b6b07aa1e16.jpg,charts/0427.webp,434,600,33916,13708,4e723fd64fcede92dcdb79fe3e2b90cfdbb69879d8bf4ede4472d082507f04a0,db01aac2f0989c03986c054542d4d5a66ed5c132c10abcc0db86301c44d36eae
B2_0428,226,vs1r,,LJ,22-30BB,EP,2-2.4BB,,b87bbced3f24,226__position-LJ__stack-22-30BB__open-2-2.4BB__opponent-EP__vs1r-b87bbced3f24.jpg,charts/0428.webp,434,600,32119,12780,ebc88568fb780baafecc82cf725c32364bff5eac02bd00bcbdd6cb89e60a42a8,121c1b1fbca0820b2400dcf423a68c603201ae76762d30562e63038c192267fb
B2_0429,050,vs1r,,BB,40BBplus,CO,2.4-3.2BB,,c3aa49960613,050__position-BB__stack-40BBplus__open-2.4-3.2BB__opponent-CO__vs1r-c3aa49960613.jpg,charts/0429.webp,434,600,48383,20544,fe6bf6ca07d1c5e63e3ac633b50669b7de0383bb6a9bc92ac6f3b011ff1eb2fd,38ac80c8d48209ca8a8a22f677f39c6554fb7c5de1f64bc26bf9c5bb3018ecf4
B2_0430,105,vs1r,,BTN,30-40BB,LJ,2.4-3.2BB,,d9aabd835a4a,105__position-BTN__stack-30-40BB__open-2.4-3.2BB__opponent-LJ__vs1r-d9aabd835a4a.jpg,charts/0430.webp,434,600,34475,13830,28909e79597a3c4e5bcfa4d4288a933eaeff8ea1ec7dff83b6aee43a356783db,61bbf3e1d218915e3d5c6eb71786cff82ad3e8b4404dba8ef6a2609444d030ea
B2_0431,096,vs1r,,BTN,22-30BB,MP,2.4-3.2BB,,3f8937ac15d6,096__position-BTN__stack-22-30BB__open-2.4-3.2BB__opponent-MP__vs1r-3f8937ac15d6.jpg,charts/0431.webp,434,600,34244,13728,5ee4bfa35b89a239495b530b9ba6a239700b3fc92596a65795bdeb7f6aa0346e,6bc9c2deebddf3f0e7bcac9f029b15ec0cee2236675bab1320a1b6d51f6d7603
B2_0432,092,vs1r,,BTN,22-30BB,CO,2.4-3.2BB,,17e2bfcf0b91,092__position-BTN__stack-22-30BB__open-2.4-3.2BB__opponent-CO__vs1r-17e2bfcf0b91.jpg,charts/0432.webp,434,600,35488,14698,84c8196f447c270b58a1e5acfec4b91541df68acf94db0c7fd485ae34c59151b,d1727de4097678752d63cd3ea7d25bf0d85a845be3c335280f481ed612ea44f5
B2_0433,311,vs1r,,SB,40BBplus,MP,2-2.4BB,,7db655564915,311__position-SB__stack-40BBplus__open-2-2.4BB__opponent-MP__vs1r-7db655564915.jpg,charts/0433.webp,434,600,37197,15630,08375e00bc837af42ac7fb0c017043e696e8ba2d5f28e262662ec8527319db7f,79499af3677549c683412d169a27c9c1cd6af43936984a23b82f8a182d888e1c
B2_0434,142,vs1r,,CO,16-22BB,LJ,2.4-3.2BB,,f6fcb72f2add,142__position-CO__stack-16-22BB__open-2.4-3.2BB__opponent-LJ__vs1r-f6fcb72f2add.jpg,charts/0434.webp,434,600,29735,11412,7e0070a3bb260136e1b0ce40f05403e3f3c1e0cf729c749dd3fe40dfc9b08c63,ed58cea10c4cd15342fa21a698d68e34848c5b0cd8ab927f077f4ce674b99c5d
B2_0435,144,vs1r,,CO,16-22BB,EP,2-2.4BB,,f1691f49a892,144__position-CO__stack-16-22BB__open-2-2.4BB__opponent-EP__vs1r-f1691f49a892.jpg,charts/0435.webp,434,600,30128,11492,0a8a99534916211b95e40605989a85ea1b79f2f2456caa9328ab43ca11822f89,b9220ab5b6dc02e0585490874d3d6d04631c06571bf4fd505797970807ae5f04
B2_0436,053,vs1r,,BB,40BBplus,LJ,2.4-3.2BB,,e3302caf4199,053__position-BB__stack-40BBplus__open-2.4-3.2BB__opponent-LJ__vs1r-e3302caf4199.jpg,charts/0436.webp,434,600,47397,20136,f3a34a85364f82b7dea19cb63f4361281d6249cf48ec3e7d240fbae1a20b1018,711097d9ada9be1c346fc8825462f73c0b4e93045bf2673d95789a8bc0714dc2
B2_0437,057,vs1r,,BB,40BBplus,EP,2-2.4BB,,71e13974e64a,057__position-BB__stack-40BBplus__open-2-2.4BB__opponent-EP__vs1r-71e13974e64a.jpg,charts/0437.webp,434,600,52401,23018,3084b6f3ab30d22cb698ae877391d01786f92a9f5b6b0957e46ac1c5597041ec,0c4d9a30ce0e503c190e13d1bb1984c8b926be7999c573e107f42a9cd6bb5d63
B2_0438,193,vs1r,,HJ,22-30BB,LJ,2.4-3.2BB,,fe2556af5dad,193__position-HJ__stack-22-30BB__open-2.4-3.2BB__opponent-LJ__vs1r-fe2556af5dad.jpg,charts/0438.webp,434,600,31934,12730,a87aa3af57ed82c0ba9410dde17960bbfcc1428695a50683b4211dc71fa073d5,53848f0ac6821a6f3632bd74c4bf8e1ee572ad1bcdc21cd05cdd396ece7256f7
B2_0439,074,vs1r,,BTN,12-16BB,EP,2.4-3.2BB,,b5d4ecc1d639,074__position-BTN__stack-12-16BB__open-2.4-3.2BB__opponent-EP__vs1r-b5d4ecc1d639.jpg,charts/0439.webp,434,600,28925,10972,1d03451c124975cc13840abb31594ef33f391684bdb328262de8c159544a3996,b9e1f1017d806402293494567184be68eab6904cbf15587a5d4ce1ed356007e9
B2_0440,234,vs1r,,LJ,40BBplus,EP,2-2.4BB,,77aa93ce21d2,234__position-LJ__stack-40BBplus__open-2-2.4BB__opponent-EP__vs1r-77aa93ce21d2.jpg,charts/0440.webp,434,600,35622,14372,1bf06ea2367b8c78a30163de18e5eb1be494cf57b7ecc5974e6776081e4b18fa,cc0f597f50a13cafc4d8601f0372164159627b60f1fd349ef67229ea150ac971
B2_0441,320,vs1r,,SB,8-12BB,EP,2-2.4BB,,04588f1f9865,320__position-SB__stack-8-12BB__open-2-2.4BB__opponent-EP__vs1r-04588f1f9865.jpg,charts/0441.webp,434,600,34728,14052,7fb4966c64a4430f150d13a9524af2bcb5da4b8dd33521988eb3f775121bfd35,ee9fbd300a9d4f77284f1b799a95f4f4fc67f701e9ed35c48a1e2781d82586b8
B2_0442,178,vs1r,,CO,8-12BB,LJ,2-2.4BB,,7b28ef47058b,178__position-CO__stack-8-12BB__open-2-2.4BB__opponent-LJ__vs1r-7b28ef47058b.jpg,charts/0442.webp,434,600,31558,12424,4972b387f7d146bb3ac83479882d4e1c6d5c67818f25548e9936735a4b009b15,29da878ce513633b9d78e69420934d630804d3aed9c6856edbba4edd2a1a6eec
B2_0443,307,vs1r,,SB,40BBplus,CO,2-2.4BB,,447434b822e1,307__position-SB__stack-40BBplus__open-2-2.4BB__opponent-CO__vs1r-447434b822e1.jpg,charts/0443.webp,434,600,38741,16140,4c8648a4e37c1adfb3caa769a6f1edabd0c26e726e3709210b54660384ca523a,92a5f7769d4b63522794645244b4ce81b35c78b69803a37055ce109312cb3007
B2_0444,084,vs1r,,BTN,16-22BB,HJ,2.4-3.2BB,,e9cb3a634d75,084__position-BTN__stack-16-22BB__open-2.4-3.2BB__opponent-HJ__vs1r-e9cb3a634d75.jpg,charts/0444.webp,434,600,32110,12566,b09dd60271011372287f971c8427dbef1c4666a64987eae6f1c7f4d7c0f7672b,4abc6d1272094684ad351b3f77ee46f2ee514f30f76b01f2a7921e036edbf306
B2_0445,286,vs1r,,SB,22-30BB,LJ,2-2.4BB,,46a364d592a5,286__position-SB__stack-22-30BB__open-2-2.4BB__opponent-LJ__vs1r-46a364d592a5.jpg,charts/0445.webp,434,600,35930,15036,83c7246d0f3fab0aa3cc987493c606f1e66b7129e8938dc9620b975bf5f4d0a1,a6ebd1be4ae03db9142fdcf74d3398abbc73a84c588f233087da671d8f38778a
B2_0446,141,vs1r,,CO,16-22BB,HJ,2.4-3.2BB,,b0275522d914,141__position-CO__stack-16-22BB__open-2.4-3.2BB__opponent-HJ__vs1r-b0275522d914.jpg,charts/0446.webp,434,600,29856,11512,797f50586a0fbdd91d5cb4ba1e83ad43fe4cb3cc41e92c0e6df76af45bcfb2fd,8fa0692182c12ef1589cd2f81457f63899580f90e108c6b17d53fba1584e922c
B2_0447,230,vs1r,,LJ,30-40BB,EP,2-2.4BB,,343011cb4d7e,230__position-LJ__stack-30-40BB__open-2-2.4BB__opponent-EP__vs1r-343011cb4d7e.jpg,charts/0447.webp,434,600,33435,13530,144c687c0dd9b9b5e8a0dbe4a79604ceee171ff710f0fef1666d515b289346fd,89b727bd06fcfb0a4fb1c7e0d94c7c8a5eda92eee3771ccd9b1d02d533af33e4
B2_0448,303,vs1r,,SB,40BBplus,HJ,2.4-3.2BB,,b1bd6988d724,303__position-SB__stack-40BBplus__open-2.4-3.2BB__opponent-HJ__vs1r-b1bd6988d724.jpg,charts/0448.webp,434,600,32820,13286,1481a23f341d7d5689681b90495c971a97dcdd1fd250b8eb911700e1bad8b4e9,0822ef327ddb2ed4b0b8fe1409f56b3e5c0c6431f8ba2cb8fe617ba52db54c64
B2_0449,223,vs1r,,LJ,16-22BB,MP,2-2.4BB,,047ac3154911,223__position-LJ__stack-16-22BB__open-2-2.4BB__opponent-MP__vs1r-047ac3154911.jpg,charts/0449.webp,434,600,30348,11486,1f6039d2a301470d0715acbf134ab21f8c8d950f305324f390fb14ef5bd062ec,faf511f39dec3caf147852d76dbd9f5addd151045a138745a099244edf358c87
B2_0450,157,vs1r,,CO,30-40BB,HJ,2.4-3.2BB,,896303ff6904,157__position-CO__stack-30-40BB__open-2.4-3.2BB__opponent-HJ__vs1r-896303ff6904.jpg,charts/0450.webp,434,600,32861,13252,39cc8994f08180cb47468787705fe774d8de46794ddb503d296b9fbc3303673e,ba4d934ca3c4f0190bd704d887563145b3b626ac2e5fc6e771e641d8bd7486b5
B2_0451,285,vs1r,,SB,22-30BB,HJ,2-2.4BB,,6bf023ebc267,285__position-SB__stack-22-30BB__open-2-2.4BB__opponent-HJ__vs1r-6bf023ebc267.jpg,charts/0451.webp,434,600,35655,14926,2cf6a748e6fd313d3df3d14adfbf9c9940076359fae36fc37a1aca3ea56c5d24,9e51f8a21e0295a066cd261c7eeac7518596ac73aa3d120f7ab3f9cab9332d35
B2_0452,228,vs1r,,LJ,30-40BB,EP,2.4-3.2BB,,aa6b71731c3b,228__position-LJ__stack-30-40BB__open-2.4-3.2BB__opponent-EP__vs1r-aa6b71731c3b.jpg,charts/0452.webp,434,600,32036,12480,b24c127cfc80ad9144ab17e370190843a5f5168b499952dec3881faf0331409f,7f6d569b0292f766956a976c247a058fa34a5b145c35d7a57258b0d9a6564ab4
B2_0453,277,vs1r,,SB,22-30BB,CO,2.4-3.2BB,,7d1e6fa9c1a1,277__position-SB__stack-22-30BB__open-2.4-3.2BB__opponent-CO__vs1r-7d1e6fa9c1a1.jpg,charts/0453.webp,434,600,33618,13446,12aca4b819392cfc108625a62071f428d371037553575bfd76aa068050c752c5,4425f9c467d7ddfc36d007330d4fb541ffe4af5c816cc81fb169296ed2b7d75e
B2_0454,123,vs1r,,BTN,8-12BB,EP,2.4-3.2BB,,e49a6b1d5594,123__position-BTN__stack-8-12BB__open-2.4-3.2BB__opponent-EP__vs1r-e49a6b1d5594.jpg,charts/0454.webp,434,600,30470,11518,51d5fdee8970d628e253bbe08296c95c450f0870db0bc3f50434277a1b1b07a6,85d0fcbec21c2a50824cbf66898b9cb7c3594c1bc589e390f0a0fedb315e016f
B2_0455,297,vs1r,,SB,30-40BB,HJ,2-2.4BB,,4cacc781d5b7,297__position-SB__stack-30-40BB__open-2-2.4BB__opponent-HJ__vs1r-4cacc781d5b7.jpg,charts/0455.webp,434,600,36555,14532,fd961ee2967397d4bf42878d8232358645d3e6d6d21a2322a4870330084222bd,41c3d420f89a6f073021638bf92cba72dad1dfbfc0b1ffbc391b089be06fe225
B2_0456,087,vs1r,,BTN,16-22BB,CO,2-2.4BB,,d29a51ebeb8a,087__position-BTN__stack-16-22BB__open-2-2.4BB__opponent-CO__vs1r-d29a51ebeb8a.jpg,charts/0456.webp,434,600,34184,13584,138f42c5b5c99cb707258d7138b7ec866e8cd89009d76913b60c17aec497a306,87eaeb315b10f10e1dabc0c6b2eb87bcf5418af0d3998d9f7e0fb62413ae6bd2
B2_0457,186,vs1r,,HJ,16-22BB,EP,2.4-3.2BB,,205eec4211ca,186__position-HJ__stack-16-22BB__open-2.4-3.2BB__opponent-EP__vs1r-205eec4211ca.jpg,charts/0457.webp,434,600,28575,10800,85a677e17375957b5aa1668cde6ab0e958d2d75de36761961460f13fad22a423,757d02e022040bfe192b8c44af5e4f5dd20b70d384244f19db6ddfc08c92b7e7
B2_0458,119,vs1r,,BTN,40BBplus,HJ,2-2.4BB,,d5715305d338,119__position-BTN__stack-40BBplus__open-2-2.4BB__opponent-HJ__vs1r-d5715305d338.jpg,charts/0458.webp,434,600,43490,17882,af2ccd6f7397748ba937a4838840486fc527b3d6418fbda47f1a9aab6c26f299,8ff8506b1d7d9e2ae100b8c06ca128acddd290f9122aa6a51db20531513237d6
B2_0459,194,vs1r,,HJ,22-30BB,MP,2.4-3.2BB,,ab438e004f10,194__position-HJ__stack-22-30BB__open-2.4-3.2BB__opponent-MP__vs1r-ab438e004f10.jpg,charts/0459.webp,434,600,31625,12742,5d5228291605424a6363f7e17a8797aad3daf9630fa87dd486366ad571d16273,dada74efb442f114aeabadfaac10b86015b625a89e0e2d8c92c4d067dd4f826d
B2_0460,113,vs1r,,BTN,40BBplus,EP,2.4-3.2BB,,9e0e3ec24dac,113__position-BTN__stack-40BBplus__open-2.4-3.2BB__opponent-EP__vs1r-9e0e3ec24dac.jpg,charts/0460.webp,434,600,36741,14942,0475450f543e834fd82ab18d06dde6c423d991fce259ab9b99d29e923f63de7c,58adafd43e9c6e416e7eee107da80a96ee1a101d10b63cd3b2a793e8034d47ff
B2_0461,179,vs1r,,CO,8-12BB,MP,2-2.4BB,,5ff4aaf131c9,179__position-CO__stack-8-12BB__open-2-2.4BB__opponent-MP__vs1r-5ff4aaf131c9.jpg,charts/0461.webp,434,600,31169,12184,7e9df33af7e932ca109ddbefcf7a14370af0a0599de5a0c7fa9ae6515b1b0933,6245a912f879dd68713cd5354a57647a92cc9a0f467fa7949b355e078c331b8d
B2_0462,183,vs1r,,HJ,12-16BB,EP,2-2.4BB,,e0ffdf0ed596,183__position-HJ__stack-12-16BB__open-2-2.4BB__opponent-EP__vs1r-e0ffdf0ed596.jpg,charts/0462.webp,434,600,30281,11554,c72111c8831ade26e6520536671587b1673978ac2affded5bec488ee911e4e87,460a71cbc0488a1dea162fcb949b9f54816d0253c8b35c3937b89a058bf9ef2e
B2_0463,321,vs1r,,SB,8-12BB,HJ,2-2.4BB,,f0e26c892ee7,321__position-SB__stack-8-12BB__open-2-2.4BB__opponent-HJ__vs1r-f0e26c892ee7.jpg,charts/0463.webp,434,600,36986,15004,cb6463154aab975463b3f53dfeb8bdc7707ed24ea9744ec9c22561b1cde0beee,ca676d4a18e8854f6ff657389c7305c126160a12175556017f2922c8917d723e
B2_0464,251,vs1r,,MP,8-12BB,EP,2-2.4BB,,1d4c897df7cc,251__position-MP__stack-8-12BB__open-2-2.4BB__opponent-EP__vs1r-1d4c897df7cc.jpg,charts/0464.webp,434,600,30389,11492,3b4b53a2f8c7110862cb7a7d00ed7e6827cbc2aa09596e614ad8ce92de000804,a8bf8cc20b72ff41855b97ecf64e33142fd3992608a20f2126b64394115efaa0
B2_0465,197,vs1r,,HJ,22-30BB,MP,2-2.4BB,,02fce067343d,197__position-HJ__stack-22-30BB__open-2-2.4BB__opponent-MP__vs1r-02fce067343d.jpg,charts/0465.webp,434,600,32372,12854,c30ebc5c51b6da29f332c4fc90dd2ee80adfafdb9a7d87e9f9f60c267e7ab17c,f1644a75d5b27eee69b7c81d3090eff251c0a432dcfd5f92cbdf60a607f18ece
B2_0466,249,vs1r,,MP,40BBplus,EP,2-2.4BB,,b097fa56c64f,249__position-MP__stack-40BBplus__open-2-2.4BB__opponent-EP__vs1r-b097fa56c64f.jpg,charts/0466.webp,434,600,33396,13594,54ac474bc8a7d2338f8ce8975ccee05b754e230e81bbc68ebad9749daae8ac24,72bee505e2c1a284ccd35ac2cf33035b3218d629d3fe79993a787dc3b9de4dbf
B2_0467,065,vs1r,,BB,8-12BB,LJ,2.4-3.2BB,,4ae69b527155,065__position-BB__stack-8-12BB__open-2.4-3.2BB__opponent-LJ__vs1r-4ae69b527155.jpg,charts/0467.webp,434,600,51727,22766,9c044567596e039078e8c618d4d9a541d16aba5503e4548d2aa7feaaaa4316c2,a66fe898d82d1372e3800070a0c0d83730f4f83c82793db7e8ededbd5896360f
B2_0468,093,vs1r,,BTN,22-30BB,EP,2.4-3.2BB,,2afcbea4a20f,093__position-BTN__stack-22-30BB__open-2.4-3.2BB__opponent-EP__vs1r-2afcbea4a20f.jpg,charts/0468.webp,434,600,32792,13372,398470e01a672c4353b2a2f7bac3a95dc51b3726aaeb75da23a72d4c01126d48,86ec64cf90db41028f9b56392ee609b6d77d23b441e9838f0f3d6a9677cc9b14
B2_0469,273,vs1r,,SB,16-22BB,HJ,2-2.4BB,,d54bbe77c4ef,273__position-SB__stack-16-22BB__open-2-2.4BB__opponent-HJ__vs1r-d54bbe77c4ef.jpg,charts/0469.webp,434,600,35363,14708,2a27c1ab3c0590eb72dc2a4c7bd1d10eba26bee449e622c977b5b22dd1606dc0,59781040ece4cb93b0d589a6c958935aad4d9387c32a8940a47b11487c489315
B2_0470,221,vs1r,,LJ,16-22BB,MP,2.4-3.2BB,,d43fd5bde538,221__position-LJ__stack-16-22BB__open-2.4-3.2BB__opponent-MP__vs1r-d43fd5bde538.jpg,charts/0470.webp,434,600,28719,10844,fa1957be264cbd403c0166a3bd9bcb7c2aed90df463868f1c4cb769d6c98eeab,55c394777df7ff2332c860d1f7dd3fc4adb34993f3765252b721af50e8dec4f6
B2_0471,079,vs1r,,BTN,12-16BB,EP,2-2.4BB,,46b2040f8048,079__position-BTN__stack-12-16BB__open-2-2.4BB__opponent-EP__vs1r-46b2040f8048.jpg,charts/0471.webp,434,600,34877,13986,b31abb02ae83ee8c97b11263f7f00369cac28f69f35b31e627fba10cd8066aef,903a825a9ab7dc8fecf58e37a54a56aecadb5e2950fce20fbf08cb7fba2002e2
B2_0472,175,vs1r,,CO,8-12BB,MP,2.4-3.2BB,,7ae5538eb17d,175__position-CO__stack-8-12BB__open-2.4-3.2BB__opponent-MP__vs1r-7ae5538eb17d.jpg,charts/0472.webp,434,600,29297,11224,dd0b01102369ee922484ef36636deb16b812d01c1fc7e6ccd4841c9c3515e4c9,f18338ae2dfd30e1c8a64a8141e761e74e458c4b4d463030c14937b56c6694f0
B2_0473,041,vs1r,,BB,30-40BB,LJ,2.4-3.2BB,,772a487dc286,041__position-BB__stack-30-40BB__open-2.4-3.2BB__opponent-LJ__vs1r-772a487dc286.jpg,charts/0473.webp,434,600,50002,21606,be0b1f8606fa8fbdfe29ff59da09c517581360d8ba82131d25da3f091f8a0cda,fcc2bcb479641aa882258ed3ec77e7597981f566e92b9375627537ba756321be
B2_0474,271,vs1r,,SB,16-22BB,CO,2-2.4BB,,e864292f8dc0,271__position-SB__stack-16-22BB__open-2-2.4BB__opponent-CO__vs1r-e864292f8dc0.jpg,charts/0474.webp,434,600,36255,14746,7ceb4c13aa352ad0e55f289a1a4e306a3d1192eb981ff32e46bca3b6ae3f362e,417e8396734172975d8dd3035323db95a8feacd15293082c7939be77e6a2e007
B2_0475,200,vs1r,,HJ,30-40BB,MP,2.4-3.2BB,,892967aa6d09,200__position-HJ__stack-30-40BB__open-2.4-3.2BB__opponent-MP__vs1r-892967aa6d09.jpg,charts/0475.webp,434,600,32905,13204,d3cb44cfd46420f29b8a50f4269cacab3c7f50fe7975063d17de19a3dc0ddb20,41863c596c320da215ef3d4b4111d0a14728f2f78afdd8b35ea7633431e0b4e0
B2_0476,176,vs1r,,CO,8-12BB,EP,2-2.4BB,,7a151cffbabd,176__position-CO__stack-8-12BB__open-2-2.4BB__opponent-EP__vs1r-7a151cffbabd.jpg,charts/0476.webp,434,600,30705,11698,47abc97190d327cd9900588aab3e979a703bf1d68ba58ea2b9b608513b9f9b9a,cab24f628d34d61cdcfc0bee7694c2f15229d12620ef92a85bbe913518b9f8dd
B2_0477,035,vs1r,,BB,22-30BB,LJ,2-2.4BB,,293781fa1f65,035__position-BB__stack-22-30BB__open-2-2.4BB__opponent-LJ__vs1r-293781fa1f65.jpg,charts/0477.webp,434,600,59517,26206,33b94d142f1181854f554a99a872d098a4b5206e23a5b49deac72e6ebe576b8c,a4d6d562812c1f30117d4af02dd763d82089695808e57ef32caf1b96002913c4
B2_0478,137,vs1r,,CO,12-16BB,HJ,2-2.4BB,,6113c5227083,137__position-CO__stack-12-16BB__open-2-2.4BB__opponent-HJ__vs1r-6113c5227083.jpg,charts/0478.webp,434,600,32399,12788,fa04e21c4421051781eb43207286f9bdd73ab949de2fb2aabbacbf80f3ec97a3,85883b3d86f65956ca1948ce5cfc7b22d8f3bcd1c2cd1268a30c9b6a00a64c9a
B2_0479,094,vs1r,,BTN,22-30BB,HJ,2.4-3.2BB,,7f70ef15366d,094__position-BTN__stack-22-30BB__open-2.4-3.2BB__opponent-HJ__vs1r-7f70ef15366d.jpg,charts/0479.webp,434,600,35645,14488,49bdf9a1df12dafcfecc479432e2700fadf9bbf3a3de4df45a83b1cc29aa20d2,059679685740e8a35b43b24f27990d0f35b572eeacab6dfc6488c1a2556a18a1
B2_0480,281,vs1r,,SB,22-30BB,MP,2.4-3.2BB,,21b5ac03aacb,281__position-SB__stack-22-30BB__open-2.4-3.2BB__opponent-MP__vs1r-21b5ac03aacb.jpg,charts/0480.webp,434,600,28858,11218,dd0499bcf88aee54bcc4f24149956008292fb0cd1c431027ce3b35a4f98aeccb,1c7f0b41238f5b55d120556b3693a326876cffe6a761adecc8157c96fbfc4030
B2_0481,108,vs1r,,BTN,30-40BB,EP,2-2.4BB,,67ef7506c2f3,108__position-BTN__stack-30-40BB__open-2-2.4BB__opponent-EP__vs1r-67ef7506c2f3.jpg,charts/0481.webp,434,600,36718,14968,571ab156c911cc1f874f4a998b5eeb476bfa2a25c36275935e1ce1e856884685,093a3801137650b18c3e40e97427279e915fc0fd3cee0a2585105ef50e7327e1
B2_0482,240,vs1r,,MP,12-16BB,EP,2.4-3.2BB,,9b4db021e457,240__position-MP__stack-12-16BB__open-2.4-3.2BB__opponent-EP__vs1r-9b4db021e457.jpg,charts/0482.webp,434,600,28581,11076,10d061a678614e385a630292aa18238799b3385c8aee39b3d1e51e749021dc77,fbbeeaf6ff5210724181d40a2f59bb789740a8a2b9e5d0aa3a50031ffaa63b3a
B2_0483,169,vs1r,,CO,40BBplus,HJ,2-2.4BB,,d1b36da6cc91,169__position-CO__stack-40BBplus__open-2-2.4BB__opponent-HJ__vs1r-d1b36da6cc91.jpg,charts/0483.webp,434,600,35852,14330,baf84dd5d5fd23bdfb3da5481edf286fa9e95189b45a0cf23edc87a99e2eece0,056294858cc254ccbd5e9a9e323200671a81097ad1332aaabc28b85355bcc947
B2_0484,224,vs1r,,LJ,22-30BB,EP,2.4-3.2BB,,c0133bee9d19,224__position-LJ__stack-22-30BB__open-2.4-3.2BB__opponent-EP__vs1r-c0133bee9d19.jpg,charts/0484.webp,434,600,29425,11442,5db953240496c30679116f1855801349f17f374aad98e10323a479ad407279f3,4e93ee5be2988011c4962096582bf181bfec87c24e2a89f380ecbfe87ba87e4c
B2_0485,009,vs1r,,BB,12-16BB,EP,2-2.4BB,,166072f5deb8,009__position-BB__stack-12-16BB__open-2-2.4BB__opponent-EP__vs1r-166072f5deb8.jpg,charts/0485.webp,434,600,50867,22060,9f287a18ef054320f768c998bc19b195569cbf787ee389390088e9ebf006a795,1404490263a1adc4e60e65cfed8b99d6daf3c980448550cfd4d644c4d440bafc
B2_0486,019,vs1r,,BB,16-22BB,BTN,2-2.4BB,,51a88b22e687,019__position-BB__stack-16-22BB__open-2-2.4BB__opponent-BTN__vs1r-51a88b22e687.jpg,charts/0486.webp,434,600,58516,26012,3d3d58ca58dd3476a9b1f6955668fcdbfe57540a704cce3d2d64634e2c9a8d64,2ad64eaa8db3f838a0ca0a12a42d25e2300f3698028df3a1d9abd26dc04e0ac9
B2_0487,323,vs1r,,SB,8-12BB,MP,2-2.4BB,,ac4b03cd0fe4,323__position-SB__stack-8-12BB__open-2-2.4BB__opponent-MP__vs1r-ac4b03cd0fe4.jpg,charts/0487.webp,434,600,35434,14628,06068ac8902975b1d0fb86b8230bd9194a59a0eb69340e38875bc8fa13827e3a,38e92cfeda60aef39b637e38e0726cf917030382e2596b29436f5725bd387873
B2_0488,088,vs1r,,BTN,16-22BB,EP,2-2.4BB,,b76ce7c9d6c9,088__position-BTN__stack-16-22BB__open-2-2.4BB__opponent-EP__vs1r-b76ce7c9d6c9.jpg,charts/0488.webp,434,600,33864,13672,df34c1b7aa1f5d7f369bc8006c62233b622f14502f4d45c6f1f6c16ed389812d,1bf147263ba323cdd41ae76137bab1219b9f02f6aa14677a58f4ff1c18d5ed07
B2_0489,206,vs1r,,HJ,40BBplus,MP,2.4-3.2BB,,26e8a6d512da,206__position-HJ__stack-40BBplus__open-2.4-3.2BB__opponent-MP__vs1r-26e8a6d512da.jpg,charts/0489.webp,434,600,33359,13324,1a4622e05b091fd3b41c2e7e9c6888b2aad0b704004111a2231b2aac2fc683be,d0cc3bfe0cdff2b45541b00c3896708c9cd2dd486ea6f855eaa7c8163de882c4
B2_0490,151,vs1r,,CO,22-30BB,MP,2.4-3.2BB,,449c15997308,151__position-CO__stack-22-30BB__open-2.4-3.2BB__opponent-MP__vs1r-449c15997308.jpg,charts/0490.webp,434,600,31766,12622,fff8d0cc0c7d8b9686c54fd97f8307b710b8df8a8723dce41594417a011c8339,29836eb55006fae54f6ef926d3c681082f30ca9c9e487d4ed8cc39efd0ae276d
B2_0491,007,vs1r,,BB,12-16BB,BTN,2-2.4BB,,c7b282a3772c,007__position-BB__stack-12-16BB__open-2-2.4BB__opponent-BTN__vs1r-c7b282a3772c.jpg,charts/0491.webp,434,600,57977,25364,6711ce7842bea7ec3c6bd680b440140e5d40c84633d6e2a28069d7d6e7a99c66,e413dcbf5a0b35d19db2bff1feeee9d365bc11dca905db5d0ba91c5738b5bdeb
B2_0492,025,vs1r,,BB,22-30BB,BTN,2.4-3.2BB,,923084131bb1,025__position-BB__stack-22-30BB__open-2.4-3.2BB__opponent-BTN__vs1r-923084131bb1.jpg,charts/0492.webp,434,600,51190,22718,8300010483085b25a3f4e536d5346902c8a37b2ce1cd5aa09a0be4674b44087e,a06d31b830dd329f8cc7119050e89470f347ca9b2820d7c0942cdf1203ce0400
B2_0493,048,vs1r,,BB,30-40BB,MP,2-2.4BB,,7712d1bb701a,048__position-BB__stack-30-40BB__open-2-2.4BB__opponent-MP__vs1r-7712d1bb701a.jpg,charts/0493.webp,434,600,53695,24176,2e97659993d60b5d352c749b1941c141788bb68abd619eb2fdc789489113a8b6,8366d32f3b481222d781c8da902ec7b03bac8b07818362b85e10fae8f4477eb8
B2_0494,173,vs1r,,CO,8-12BB,HJ,2.4-3.2BB,,96572d82f6e5,173__position-CO__stack-8-12BB__open-2.4-3.2BB__opponent-HJ__vs1r-96572d82f6e5.jpg,charts/0494.webp,434,600,31443,12404,40aa562363b3ee128e116381c8700a06cd9b8d3037557adfb1468850987bc2ee,72c87bd2afd2666a802cfea0219ba6592f9836c90364fa0fc76191c1a57708ea
B2_0495,036,vs1r,,BB,22-30BB,MP,2-2.4BB,,9fc083fec45a,036__position-BB__stack-22-30BB__open-2-2.4BB__opponent-MP__vs1r-9fc083fec45a.jpg,charts/0495.webp,434,600,59607,26778,1ea28930a7e0ab92de081e6ab1951c7d4a31c0f19a06b53601806880a429a930,6f00e67be890f720408c7982462459854f4d23acc1627d301ae4f8dab0fca659
B2_0496,309,vs1r,,SB,40BBplus,HJ,2-2.4BB,,268c6f5f1a26,309__position-SB__stack-40BBplus__open-2-2.4BB__opponent-HJ__vs1r-268c6f5f1a26.jpg,charts/0496.webp,434,600,37853,15902,329eb6bf756ff5e6f387cd548a37028ecfc20f6d9246520188a94d5f0b0703f9,98f1ca700dde8face70fbfc8c121f82f9fa3d20c4d2bd69299cf143e0cede284
B2_0497,280,vs1r,,SB,22-30BB,LJ,2.4-3.2BB,,26f2a4a6c2e2,280__position-SB__stack-22-30BB__open-2.4-3.2BB__opponent-LJ__vs1r-26f2a4a6c2e2.jpg,charts/0497.webp,434,600,32129,12754,2f75c8f421e4758c4e2fe94da87309ef676a1f03954ea3330820d210421b14f1,b5f36b1f8ab9da9f8a27d6c2519a800a8156c730ac0dbde33a5661974c9e0f2e
B2_0498,147,vs1r,,CO,16-22BB,MP,2-2.4BB,,e13f1b58f0ce,147__position-CO__stack-16-22BB__open-2-2.4BB__opponent-MP__vs1r-e13f1b58f0ce.jpg,charts/0498.webp,434,600,31026,12290,98d2519f634e9ec55f90937676bf66661feacb53b2407b7cb5160ab42fcb51f5,92280622cb079f9a3e743b84b478e64e89d86cc06c1cb6c72c682fd39ac86ef4
B2_0499,170,vs1r,,CO,40BBplus,LJ,2-2.4BB,,8d5a14cd546d,170__position-CO__stack-40BBplus__open-2-2.4BB__opponent-LJ__vs1r-8d5a14cd546d.jpg,charts/0499.webp,434,600,35849,14252,bf3b7783100d0429edddede6e30d2208d4dbc03a9e9c0bd63e3d2c07d27c5aa3,648a2a8a2f750fccdc177a5911a84b25c3743c954a9caf5574516d0216958679
B2_0500,077,vs1r,,BTN,12-16BB,MP,2.4-3.2BB,,2b37c3f36994,077__position-BTN__stack-12-16BB__open-2.4-3.2BB__opponent-MP__vs1r-2b37c3f36994.jpg,charts/0500.webp,434,600,29100,11040,24a55e071e692b43af7a8f6838b7097cb3ec719cc5877964359486fbb7d26e2a,a66b2e62a5228ac8a939b8ef0560db3f252296a45214b1482495a7097a84dadc
B2_0501,038,vs1r,,BB,30-40BB,CO,2.4-3.2BB,,4a2710c6cafc,038__position-BB__stack-30-40BB__open-2.4-3.2BB__opponent-CO__vs1r-4a2710c6cafc.jpg,charts/0501.webp,434,600,50895,22670,e4407c3f1427c60dfcc4bbcdfae1f1bf159079cf652d2cbe91f85c6ad994937d,c1a96765f3b370870c14eb30c2a48b66b62b82d649b81094079a65d679996fa2
B2_0502,015,vs1r,,BB,16-22BB,EP,2.4-3.2BB,,43232596424e,015__position-BB__stack-16-22BB__open-2.4-3.2BB__opponent-EP__vs1r-43232596424e.jpg,charts/0502.webp,434,600,47777,20322,ce5f6bef2bd37bb419cfe810d23b33fec197085a66775d59e9b939a5e3cb957c,8f43441537d5225676be17239f3fc2ebca65fe71a3a403a6205768070f19f17e
B2_0503,008,vs1r,,BB,12-16BB,CO,2-2.4BB,,a3b362d7fe61,008__position-BB__stack-12-16BB__open-2-2.4BB__opponent-CO__vs1r-a3b362d7fe61.jpg,charts/0503.webp,434,600,55374,24928,a91e622008fdbbf0155ba6095ff8634d86daeae4953d68e911a787b96f820f0d,3e853a76fb0db187f166a8c96b675df23e176d9d804983d61fc5f2c7f52545cb
B2_0504,066,vs1r,,BB,8-12BB,MP,2.4-3.2BB,,9f917756a22b,066__position-BB__stack-8-12BB__open-2.4-3.2BB__opponent-MP__vs1r-9f917756a22b.jpg,charts/0504.webp,434,600,51011,22222,189317450b32ae9467515911a793fb89a9ce57c88c444a57b63fed67cf207971,aee0c92466dda94b56299016fb796e871d4a6da89f417d12fd05773a0ddbbec5
B2_0505,060,vs1r,,BB,40BBplus,MP,2-2.4BB,,d62c9ec9f966,060__position-BB__stack-40BBplus__open-2-2.4BB__opponent-MP__vs1r-d62c9ec9f966.jpg,charts/0505.webp,434,600,54378,23848,32d72dd8340f628d6619b4a4e711a7cc05609c8e0e54178de47349729b69cbab,03089e2dbd5694f36f1bcadc19fe8ddf6232865804863b9f3394de43cb46981b
B2_0506,252,vs1r,,SB,12-16BB,BTN,2.4-3.2BB,,fc9e4a6368c2,252__position-SB__stack-12-16BB__open-2.4-3.2BB__opponent-BTN__vs1r-fc9e4a6368c2.jpg,charts/0506.webp,434,600,36018,14754,cd577dc716214f3eb357076ca22b4d2da6d0e3dd8734754559634ad7fd55f828,afebd7a295109f6ad5cd9f27743deed43f2cf051ac85566c2e906408e0830512
B2_0507,278,vs1r,,SB,22-30BB,EP,2.4-3.2BB,,a268362750db,278__position-SB__stack-22-30BB__open-2.4-3.2BB__opponent-EP__vs1r-a268362750db.jpg,charts/0507.webp,434,600,28425,11076,f08bd17c07d7c68a6a2194ecee73932479160c9be60a320408f6e605c4cfd7d4,0a3159ad7a141b2c517f0d458679640f3b6f9abec33bb8e913e981aaef4c2b4d
B2_0508,114,vs1r,,BTN,40BBplus,HJ,2.4-3.2BB,,bd083f22f7cb,114__position-BTN__stack-40BBplus__open-2.4-3.2BB__opponent-HJ__vs1r-bd083f22f7cb.jpg,charts/0508.webp,434,600,37593,15436,482ed833f61d4808148594978e497369577e7eb92eeeb6a319b0d0776b8b9c2d,5f992389f1f1015c87466c942de0543f8fa4a0b7a451540f2e5ca331d376c594
B2_0509,063,vs1r,,BB,8-12BB,EP,2.4-3.2BB,,ff51ec6425d6,063__position-BB__stack-8-12BB__open-2.4-3.2BB__opponent-EP__vs1r-ff51ec6425d6.jpg,charts/0509.webp,434,600,48723,21012,a508f4a368d0d77a1eb174baf5e2be9e39af096a8c528afb5af60b76f0ce0dba,e6e158e768e08f5d4af93f64d28bdb7141e8114be9c22b20dff477791c37a776
B2_0510,034,vs1r,,BB,22-30BB,HJ,2-2.4BB,,085775ef4013,034__position-BB__stack-22-30BB__open-2-2.4BB__opponent-HJ__vs1r-085775ef4013.jpg,charts/0510.webp,434,600,59619,27030,59c6e47c0b4c6745ec8e308e2492421eb7254cac8d81072ef700edb15e799ab2,0e91d34590ba7144a82b62c9604e6ff6d324b8bbfa2f0727e6241fcf4f05bfad
B2_0511,073,vs1r,,BTN,12-16BB,CO,2.4-3.2BB,,f8eaa8ce7afe,073__position-BTN__stack-12-16BB__open-2.4-3.2BB__opponent-CO__vs1r-f8eaa8ce7afe.jpg,charts/0511.webp,434,600,30494,11804,a7858588920f584a5b668c8b755812a7a87a66a6f0aa447f6a4458222428e588,028698787e09265a423fdadbd8bede06fb7748eb61ec6b1f69049d1eb209bd4f
B2_0512,100,vs1r,,BTN,22-30BB,LJ,2-2.4BB,,6dd833a3010e,100__position-BTN__stack-22-30BB__open-2-2.4BB__opponent-LJ__vs1r-6dd833a3010e.jpg,charts/0512.webp,434,600,35962,14564,ff2bd45b54231c9c97dbcd48ce225843ea3473182370974413c57775e025f9ad,3515798375365c5100734c06e9195ee25f92b348a32625499acdb4bb6c3a90d1
B2_0513,058,vs1r,,BB,40BBplus,HJ,2-2.4BB,,7cc5c8dc5d87,058__position-BB__stack-40BBplus__open-2-2.4BB__opponent-HJ__vs1r-7cc5c8dc5d87.jpg,charts/0513.webp,434,600,59297,26186,ef6c536b8ffd60724dfe9dc797b4ca6fef8a8983f68a3192e190b11745803d56,5c784f6d174c8a14114bf1ad4603beee5275f4bfdfffe04c7f5b38ed28095505
B2_0514,190,vs1r,,HJ,16-22BB,LJ,2-2.4BB,,fce6502ab43f,190__position-HJ__stack-16-22BB__open-2-2.4BB__opponent-LJ__vs1r-fce6502ab43f.jpg,charts/0514.webp,434,600,31435,12374,6126346629b295f2a059b51e2aae7c4d2665fc2c30e6d6243252cc120719e10d,f678403a6a20955c791c42b5965ca5923df199afd12676cbb0528c0275e046bb
B2_0515,102,vs1r,,BTN,30-40BB,CO,2.4-3.2BB,,20f941efdda3,102__position-BTN__stack-30-40BB__open-2.4-3.2BB__opponent-CO__vs1r-20f941efdda3.jpg,charts/0515.webp,434,600,35568,14542,ce63d6babb78b72cf515ef0188244a5eba0ca7296a2e95f25fad78ba074801b6,0b42c0f778bb8d713576309ef53fabffd101661e1e383f28feeb8c0e2c80579b
B2_0516,237,vs1r,,LJ,8-12BB,MP,2.4-3.2BB,,09001410a1a6,237__position-LJ__stack-8-12BB__open-2.4-3.2BB__opponent-MP__vs1r-09001410a1a6.jpg,charts/0516.webp,434,600,28869,10994,231e75c4efc0afdecfe845c899b5fcad3d540b81283efc624fca75dabbced164,1fe5f8bd51f4509708484ddef446b60d483d948e50fc030cb719c3dd16224b00
B2_0517,187,vs1r,,HJ,16-22BB,LJ,2.4-3.2BB,,cf59d408ce68,187__position-HJ__stack-16-22BB__open-2.4-3.2BB__opponent-LJ__vs1r-cf59d408ce68.jpg,charts/0517.webp,434,600,29103,11048,7cc71479e6b654bead67c07968ae0088fd79970a0a3c35617a98c924e6c12da8,10884903210834f5ad1ee948fc3fc5fc6821e3d901ef53a53543bf8b62bcf2c4
B2_0518,314,vs1r,,SB,8-12BB,EP,2.4-3.2BB,,361cb52f3131,314__position-SB__stack-8-12BB__open-2.4-3.2BB__opponent-EP__vs1r-361cb52f3131.jpg,charts/0518.webp,434,600,33227,13224,d093c7a583ea3ecb1f2260ca5fcdfe4107c32fcafb02f0f702d1f38fc35aad9c,f4d7bb6a8bad18bc4dcbe7695129ff968a958fd8b28302882f9cc93cb6339973
B2_0519,312,vs1r,,SB,8-12BB,BTN,2.4-3.2BB,,9083d591e9ce,312__position-SB__stack-8-12BB__open-2.4-3.2BB__opponent-BTN__vs1r-9083d591e9ce.jpg,charts/0519.webp,434,600,35886,14548,54daae9d00a2bc3a70f9c842956e634a81089ae2604956279dcffe0ac0ff8d31,b46e14e25aba00ef8b4b881c2dfd6dd5105637d3713f601c07d47e022823a4d9
B2_0520,191,vs1r,,HJ,16-22BB,MP,2-2.4BB,,084aab6bc8d5,191__position-HJ__stack-16-22BB__open-2-2.4BB__opponent-MP__vs1r-084aab6bc8d5.jpg,charts/0520.webp,434,600,31059,12272,3f4789a2554366df7908081d4b262a72e9cc757ffad1f9af604ddab03dea017f,48e35f5a4607dd827f69435f6cae91a2caf7534962232e9d9f920f96d9fdc508
B2_0521,059,vs1r,,BB,40BBplus,LJ,2-2.4BB,,eaa52d9efbda,059__position-BB__stack-40BBplus__open-2-2.4BB__opponent-LJ__vs1r-eaa52d9efbda.jpg,charts/0521.webp,434,600,54868,24218,17bbc7c687433e952e2c493a9f34f4546a2a4bb4d3ed7546d52537c81d938e06,61753a92e67239c28fefd15c54a8fec5d23409ca230a541c117c888a20176b1e
B2_0522,202,vs1r,,HJ,30-40BB,LJ,2-2.4BB,,a82d1e4bdf31,202__position-HJ__stack-30-40BB__open-2-2.4BB__opponent-LJ__vs1r-a82d1e4bdf31.jpg,charts/0522.webp,434,600,33921,13600,421b6d1f8f683b95e22332e1c8c02cc6bb5932ae1e7716589c308607b4703299,8c17f2f8b300b1fc96e9d3c68e68d759ebcbf8c44ede6cf9f0aba60dde76f542
B2_0523,259,vs1r,,SB,12-16BB,CO,2-2.4BB,,f77cf1296555,259__position-SB__stack-12-16BB__open-2-2.4BB__opponent-CO__vs1r-f77cf1296555.jpg,charts/0523.webp,434,600,36912,14764,0952975a5954688382f943618e4386af9f8f788c3bacb3c8766492924f9e296f,5e910aea2a07a1881a9fc43a75eed2cfb5ad7558e0e1f84400ca4d560e71bc99
B2_0524,140,vs1r,,CO,16-22BB,EP,2.4-3.2BB,,f3ca094df3e3,140__position-CO__stack-16-22BB__open-2.4-3.2BB__opponent-EP__vs1r-f3ca094df3e3.jpg,charts/0524.webp,434,600,29398,11204,48fba6a0b52a5b9251edc16b77c23ed1270644fa8b451e003b51e140ae9398bb,bc52707ce971e5566e1ae750d47faa2ffd483a144a795f99ca1a77fec4385042
B2_0525,174,vs1r,,CO,8-12BB,LJ,2.4-3.2BB,,62e325d63cc5,174__position-CO__stack-8-12BB__open-2.4-3.2BB__opponent-LJ__vs1r-62e325d63cc5.jpg,charts/0525.webp,434,600,30790,12228,dcba1cb6749e3a738e474bb110235e7f669b2c1a7347d1e22d94fb2d987f84e2,c66815cb45a0aa04929370e116d304c132be92ed7b647836794407476ab62921
B2_0526,098,vs1r,,BTN,22-30BB,EP,2-2.4BB,,92a66242ca9a,098__position-BTN__stack-22-30BB__open-2-2.4BB__opponent-EP__vs1r-92a66242ca9a.jpg,charts/0526.webp,434,600,35701,14662,5786ed8fbcef71839f1f27bb757ca3f790a114bec12a918728f1ab943c52ed45,0a221e9ae0e66f54c3812e8f7348ddd718d81fb593693590758dc0fae41713c8
B2_0527,185,vs1r,,HJ,12-16BB,MP,2-2.4BB,,cd294e968997,185__position-HJ__stack-12-16BB__open-2-2.4BB__opponent-MP__vs1r-cd294e968997.jpg,charts/0527.webp,434,600,30776,11770,906167397b8009e5c3d71f8c41b045a71e34e809671c9463bf28dc9bfc83de6d,1a5f7fc83b6a35727d2c8116ba2f9177e246082aff78f2ddbb6b7564a722d487
B2_0528,266,vs1r,,SB,16-22BB,EP,2.4-3.2BB,,14cff92037d9,266__position-SB__stack-16-22BB__open-2.4-3.2BB__opponent-EP__vs1r-14cff92037d9.jpg,charts/0528.webp,434,600,32306,12854,3e3deb5d11100c6b78239a00ef42082aa938d9a74ecad92b2bde5ccdd1a5dbb8,ab108a81f8864e4ff35adaf784f2b714cca3773a7d8b2180c26b76bcf5290bcc
B2_0529,261,vs1r,,SB,12-16BB,HJ,2-2.4BB,,9ba6664830ae,261__position-SB__stack-12-16BB__open-2-2.4BB__opponent-HJ__vs1r-9ba6664830ae.jpg,charts/0529.webp,434,600,36921,15374,f3be85d6ed45b1531f934de1c5a6065e7ff624f2066c9ad0ca2d9248a6b2a3ae,226e6fa2c5d65c9280a1f78cdfe99864bfd1ef5246e9ba7a9a784b9393e35d6c
B2_0530,040,vs1r,,BB,30-40BB,HJ,2.4-3.2BB,,11cb121d9cd9,040__position-BB__stack-30-40BB__open-2.4-3.2BB__opponent-HJ__vs1r-11cb121d9cd9.jpg,charts/0530.webp,434,600,50346,22068,89285cbda64ec9cf5c59d39008b594b02cbd00ecdf188719b7e7c70050622b95,abbfb474584df72f84013c999d21589253b9db7cd3f9a3fd4deadcbda54f1509
B2_0531,042,vs1r,,BB,30-40BB,MP,2.4-3.2BB,,599ee29d6d58,042__position-BB__stack-30-40BB__open-2.4-3.2BB__opponent-MP__vs1r-599ee29d6d58.jpg,charts/0531.webp,434,600,49766,21448,62a98154ab4d63da0c6561756a8c3bebe6c5a2af5348a66ab73abb69c67beee8,9947cb0f7417d904c59d7c992d039cc4125a548b4bef8ab7ecb95699aa857583
B2_0532,145,vs1r,,CO,16-22BB,HJ,2-2.4BB,,3abf62f74cde,145__position-CO__stack-16-22BB__open-2-2.4BB__opponent-HJ__vs1r-3abf62f74cde.jpg,charts/0532.webp,434,600,33838,13584,7c76f968394e34d30d813c1e61d030ae88e161b758e87c2b865e9d1446e27f06,d62121d835838a6c135c7e2431f49cd2b597271691bdfc24e36878cc1d7b2be2
B2_0533,128,vs1r,,BTN,8-12BB,EP,2-2.4BB,,e73895c6d657,128__position-BTN__stack-8-12BB__open-2-2.4BB__opponent-EP__vs1r-e73895c6d657.jpg,charts/0533.webp,434,600,33905,13380,40a1e68de5a0266f3480ae00e010d4a8d9fb09ca22a7eb16fbdab5b9ee5bc546,2388369f4add17d030cf81f51ab0823ed32594ae14bae23fa19bfe08d9ff31f9
B2_0534,192,vs1r,,HJ,22-30BB,EP,2.4-3.2BB,,56b597b4d192,192__position-HJ__stack-22-30BB__open-2.4-3.2BB__opponent-EP__vs1r-56b597b4d192.jpg,charts/0534.webp,434,600,30924,12490,304b020a29a706b2ac8db2da2e41d52e12a2ceafea559da2822c165fbc66f9e5,b65a420187fddf202febab50575582e73e001ae0a70e6b7b43761b52707a4efa
B2_0535,236,vs1r,,LJ,8-12BB,EP,2.4-3.2BB,,6d97b96a58c0,236__position-LJ__stack-8-12BB__open-2.4-3.2BB__opponent-EP__vs1r-6d97b96a58c0.jpg,charts/0535.webp,434,600,28663,10878,6df4d90a23455032115584565359415cb3df7057b279afa980ce5d5ed55fbf9d,fe7aba7d5bf272d7dc522d2c4af306ea764fd88dbe9385369c6b0af8e7b40e22
B2_0536,122,vs1r,,BTN,8-12BB,CO,2.4-3.2BB,,dcff7882f1ca,122__position-BTN__stack-8-12BB__open-2.4-3.2BB__opponent-CO__vs1r-dcff7882f1ca.jpg,charts/0536.webp,434,600,35046,13824,557d4532a4d8b0168959f7b818f291ce8fd72251ab7624b195f5ef91a540ecd0,9d5d1546d244bfbed6c80c6e627086d5fd46399604ce0fdb608c492432eb3a71
B2_0537,164,vs1r,,CO,40BBplus,EP,2.4-3.2BB,,15ffa1e7d7e8,164__position-CO__stack-40BBplus__open-2.4-3.2BB__opponent-EP__vs1r-15ffa1e7d7e8.jpg,charts/0537.webp,434,600,33703,13386,710cba029bc70dfac036f033fa50bcd3bf556ff0bf7de5ea2207026c30eea985,1b2d796b88bf233c1ed480eae43f5fa42a9d502eeca1eaa3502064469ec736a4
B2_0538,212,vs1r,,HJ,8-12BB,MP,2.4-3.2BB,,980cfcf12527,212__position-HJ__stack-8-12BB__open-2.4-3.2BB__opponent-MP__vs1r-980cfcf12527.jpg,charts/0538.webp,434,600,30198,11514,daeb45c0da1080a002208379ee0200753f0645ee3647b65ecbf165fd855dcf1b,76e52676c3d2e176eb5c5defd7e73d9df7e052077f74c63727f7ec80f62b6fee
B2_0539,214,vs1r,,HJ,8-12BB,LJ,2-2.4BB,,298ccd56d501,214__position-HJ__stack-8-12BB__open-2-2.4BB__opponent-LJ__vs1r-298ccd56d501.jpg,charts/0539.webp,434,600,31964,12622,ef023f30dd5121299c109667350274518b7266c0125d9ad6303b52765c44c777,81d6f90badd015ea0773b0d24c0460467ef02f789af68595bddd71bff353e348
B2_0540,255,vs1r,,SB,12-16BB,HJ,2.4-3.2BB,,5e38b42b72af,255__position-SB__stack-12-16BB__open-2.4-3.2BB__opponent-HJ__vs1r-5e38b42b72af.jpg,charts/0540.webp,434,600,33091,12816,53bd5ccf3f17e3b2b171c94435d2e38497ae1ee450f060fce76f2df07e9ce905,e7f6bab780738dde9056dea3c7387a42d7836d65564b78917e94b7ce47458999
B2_0541,062,vs1r,,BB,8-12BB,CO,2.4-3.2BB,,2f1c979e5bc4,062__position-BB__stack-8-12BB__open-2.4-3.2BB__opponent-CO__vs1r-2f1c979e5bc4.jpg,charts/0541.webp,434,600,51482,22636,ce0035ed887938aeb9ebd45bd24fca720f851d856cc1099903b51e92954cd202,7cfa6946b832afa785b811da1f03c2502865baed8c501b0d9bf6895103bb508f
B2_0542,086,vs1r,,BTN,16-22BB,MP,2.4-3.2BB,,bb23ea2f3d80,086__position-BTN__stack-16-22BB__open-2.4-3.2BB__opponent-MP__vs1r-bb23ea2f3d80.jpg,charts/0542.webp,434,600,32402,12642,2ef849c4bdf9fd38d4ef8890ae988d0e0eb10c3344bd6e2b6980b92ceafbb840,f489336e27277ee907b9eab5467e71bc8511a856acb4e9f31912a0004350b705
B2_0543,235,vs1r,,LJ,40BBplus,MP,2-2.4BB,,71166d1552a5,235__position-LJ__stack-40BBplus__open-2-2.4BB__opponent-MP__vs1r-71166d1552a5.jpg,charts/0543.webp,434,600,35441,14442,23db4c179a2b3b05047cfb7e4663f5fcc8ce82cc75b9aa6e86107933b47bbf03,0112caadbc029fa4ff6e2f5ba59473496507f7d26a766e36b2a618e302a52943
B2_0544,017,vs1r,,BB,16-22BB,LJ,2.4-3.2BB,,7adca5982d72,017__position-BB__stack-16-22BB__open-2.4-3.2BB__opponent-LJ__vs1r-7adca5982d72.jpg,charts/0544.webp,434,600,49326,21080,08e99046b2869d2a5d1594b1a38e4c79db58a60ba71cbb41300818625f7ed1a0,6a339495b5e815a510042f7776bc2dbf0e6dcd54ba925b268c5246260fd90018
B2_0545,136,vs1r,,CO,12-16BB,EP,2-2.4BB,,728649d49121,136__position-CO__stack-12-16BB__open-2-2.4BB__opponent-EP__vs1r-728649d49121.jpg,charts/0545.webp,434,600,30388,11478,a361545f7f84326201f2019833c232b8b58335ed8be6078a1801f8e7a8aebb96,76d8d47ba24f2e80b6dc970ca46ff4555626dccd2325eb90bf06d11817480cc5
B2_0546,138,vs1r,,CO,12-16BB,LJ,2-2.4BB,,66a9ca2360df,138__position-CO__stack-12-16BB__open-2-2.4BB__opponent-LJ__vs1r-66a9ca2360df.jpg,charts/0546.webp,434,600,31514,12592,b1bd0b00742c92ccc1ab2b3b4f008d11557ddbd39d0b020c4cc287d4991952ac,1587e56670e67cd1ffde87f44a52976ef7cc6a763f1c5c1f02a86079bdd2d434
B2_0547,254,vs1r,,SB,12-16BB,EP,2.4-3.2BB,,36bc67a98e3a,254__position-SB__stack-12-16BB__open-2.4-3.2BB__opponent-EP__vs1r-36bc67a98e3a.jpg,charts/0547.webp,434,600,33623,13128,718a5e79756b2b3c827b53d19f81191b85ed062ac3d0737e43477c901cb2a304,4620ba00a9504f4817aaaec5bfba56e03ed5050655259c1159abe9875f66c18a
B2_0548,078,vs1r,,BTN,12-16BB,CO,2-2.4BB,,d102b439bfd1,078__position-BTN__stack-12-16BB__open-2-2.4BB__opponent-CO__vs1r-d102b439bfd1.jpg,charts/0548.webp,434,600,34429,13756,9d989a501cd091d4a10050607e76f36caed487a81f4dc8918e0ac5e6d3b39b08,360960e986d0fd4d01dfa572013a6622e2fb8b8c88f78b3c36d129909decfb4b
B2_0549,244,vs1r,,MP,22-30BB,EP,2.4-3.2BB,,7d813bfb720d,244__position-MP__stack-22-30BB__open-2.4-3.2BB__opponent-EP__vs1r-7d813bfb720d.jpg,charts/0549.webp,434,600,29305,11302,aff3a5aca79a79b2588cc2ec7874f70c372bdb34e2414cb9ca027000ff8e9032,44a63a42ca31fdd2ecdf784b3e98894060336a4b8140be55166441ce0c2e80bb
B2_0550,046,vs1r,,BB,30-40BB,HJ,2-2.4BB,,a68f98d16e70,046__position-BB__stack-30-40BB__open-2-2.4BB__opponent-HJ__vs1r-a68f98d16e70.jpg,charts/0550.webp,434,600,59029,26446,45d6c3eb7a7461e4a2b43455a88280a4a34d11bab72512d7b5972594e2e36194,b5b9cdb3a8c20c63d90c8ecff4a4c4f34cf9c68e481fa14ed2e87972d8f23d55
B2_0551,055,vs1r,,BB,40BBplus,BTN,2-2.4BB,,a0f43cf4d330,055__position-BB__stack-40BBplus__open-2-2.4BB__opponent-BTN__vs1r-a0f43cf4d330.jpg,charts/0551.webp,434,600,58992,26406,c864236593140d679fcb64b612f77343917b1c99aea1dd751f15b3d15be8a6f1,977766a604b380e65380c9034eb841e8190bde8c63d3cc8538e009108e5312df
B2_0552,232,vs1r,,LJ,40BBplus,EP,2.4-3.2BB,,b52e4a55c946,232__position-LJ__stack-40BBplus__open-2.4-3.2BB__opponent-EP__vs1r-b52e4a55c946.jpg,charts/0552.webp,434,600,32615,12990,89ebbd5fcccb73d21dd578981d82e066a8ab06201e17043e722d0a8cde196462,2f0ef026630b1f737f97d1a3ce3479849c12e67e1d4cbc58cd2fbef57a529095
B2_0553,080,vs1r,,BTN,12-16BB,HJ,2-2.4BB,,6644b458da4d,080__position-BTN__stack-12-16BB__open-2-2.4BB__opponent-HJ__vs1r-6644b458da4d.jpg,charts/0553.webp,434,600,34118,13622,016802415b10f6c26c6ff37691fe0871840176d374926c62fcc6384b6ec37610,ec212e75ee834d6e176017aa3f64778612691e1bba06e5b23278f1de82c0afc0
B2_0554,134,vs1r,,CO,12-16BB,LJ,2.4-3.2BB,,16aec39a659e,134__position-CO__stack-12-16BB__open-2.4-3.2BB__opponent-LJ__vs1r-16aec39a659e.jpg,charts/0554.webp,434,600,30406,11592,3608a3ea161555b78fa7e131b6bbd1d6dcf9604398a312de98d5ab0c8ed22a28,2a3200c9bf6f90724de3af92bd593b07561d222b28a58f013328763476c1626c
B2_0555,279,vs1r,,SB,22-30BB,HJ,2.4-3.2BB,,9ef5eaec9d89,279__position-SB__stack-22-30BB__open-2.4-3.2BB__opponent-HJ__vs1r-9ef5eaec9d89.jpg,charts/0555.webp,434,600,32337,12982,4f059f2d52299cf5feb00626a384c295e751886c2a083949903393cdf537676c,3717bbb9344816f8346b76329d7b7682fe4f1140c4e60ceb8de33b6e29c0897a
B2_0556,288,vs1r,,SB,30-40BB,BTN,2.4-3.2BB,,55a892f751ac,288__position-SB__stack-30-40BB__open-2.4-3.2BB__opponent-BTN__vs1r-55a892f751ac.jpg,charts/0556.webp,434,600,36695,14560,a67400c878fe48346aab8c15c04b7a8dc8587b2bd268ffbd8a15e37db7b3a2be,b6469856361e808af6d91555563feca3121e9390f11727a3fe5133acac19de43
B2_0557,037,vs1r,,BB,30-40BB,BTN,2.4-3.2BB,,192f135809a4,037__position-BB__stack-30-40BB__open-2.4-3.2BB__opponent-BTN__vs1r-192f135809a4.jpg,charts/0557.webp,434,600,53224,23902,5e58ca5ff8e5a929443193091d2d626dbabf1c74bb6fe110c4b757c4d1bdc322,1b59f3089d8509478008abb9e9a5a07183fc751b9a07bb7a8dc2393de76db50c
B2_0558,129,vs1r,,BTN,8-12BB,HJ,2-2.4BB,,bd8e9cf91cb6,129__position-BTN__stack-8-12BB__open-2-2.4BB__opponent-HJ__vs1r-bd8e9cf91cb6.jpg,charts/0558.webp,434,600,35166,14138,a52b72b3534dca2a2b12b770924165da36db94b649132ab5dd9610d5e5d4753e,89a6e65e1bcf70c3655feecb42bd9b8465b62ae765a64eaa398df60d09a83fec
B2_0559,219,vs1r,,LJ,12-16BB,MP,2-2.4BB,,84cc9288e75e,219__position-LJ__stack-12-16BB__open-2-2.4BB__opponent-MP__vs1r-84cc9288e75e.jpg,charts/0559.webp,434,600,30956,11768,d7f22d66bd85f564723a8701a50f2c8df6f5ba69cd38c5eea0618bef326a9a83,9b0698a08836f3ba517ffbebe7860bebbbc4a65841a19e4e5c150d4a52b1bd80
B2_0560,295,vs1r,,SB,30-40BB,CO,2-2.4BB,,cf61f17e17da,295__position-SB__stack-30-40BB__open-2-2.4BB__opponent-CO__vs1r-cf61f17e17da.jpg,charts/0560.webp,434,600,36538,14962,7421abb6b34b7c81c9b240c448a2f6d3c4d09a265500bcb995dbfc2c213d4c2f,67c28d4a2a99e5fbab68a609825a3888e1fe36d4e0aa6aec86743350c0ea932a
B2_0561,072,vs1r,,BB,8-12BB,MP,2-2.4BB,,81738b5d3a58,072__position-BB__stack-8-12BB__open-2-2.4BB__opponent-MP__vs1r-81738b5d3a58.jpg,charts/0561.webp,434,600,57554,25802,b27d81318c2f7f7321bc06876fe0eaf5cbc8dcfb7fa0b6db14cc420c7a5ba41d,4f3a70a621c76117257f2d97f2f3983b817f66acd195ce847fe6cf460cba501b
B2_0562,135,vs1r,,CO,12-16BB,MP,2.4-3.2BB,,9c12fc2993f7,135__position-CO__stack-12-16BB__open-2.4-3.2BB__opponent-MP__vs1r-9c12fc2993f7.jpg,charts/0562.webp,434,600,29671,11172,e713cdc9908d4713113a1d40ea8454b03553ce3b42c71d7dae03d80043eb135d,50c68c77c5917022334dd0b551d1af71c6c7d617fa22bc729c9e8c02281569ef
B2_0563,201,vs1r,,HJ,30-40BB,EP,2-2.4BB,,127cb366f533,201__position-HJ__stack-30-40BB__open-2-2.4BB__opponent-EP__vs1r-127cb366f533.jpg,charts/0563.webp,434,600,33060,13334,7fc384ae1b7b8939e91665f2b27362edc245617d6627a229c1ed1799bff0123a,6f4b8200b590ea09119f2fe328a98c2bf8a9c2f88ea72f7c958554ec34e9e131
B2_0564,257,vs1r,,SB,12-16BB,MP,2.4-3.2BB,,a0ce0a55676f,257__position-SB__stack-12-16BB__open-2.4-3.2BB__opponent-MP__vs1r-a0ce0a55676f.jpg,charts/0564.webp,434,600,33641,13124,fed8b4542dad6a4b5b01644d85f373a304bb0a9a237b800c31875411ae08dec6,e2d8526e4547a9c85941bad236a27bf42402b822cd949d410053e93287432f9e
B2_0565,293,vs1r,,SB,30-40BB,MP,2.4-3.2BB,,05345a9d091c,293__position-SB__stack-30-40BB__open-2.4-3.2BB__opponent-MP__vs1r-05345a9d091c.jpg,charts/0565.webp,434,600,33667,13608,cae96baa99b59903c870fc04a5000910a27d19db0709fc83e4d21b21a6cc6cfd,9d9d7371c412ba8b389d8f14c906f74769f1ea43ad721e5eba24502ab785ccc3
B2_0566,124,vs1r,,BTN,8-12BB,HJ,2.4-3.2BB,,bc96d189e05f,124__position-BTN__stack-8-12BB__open-2.4-3.2BB__opponent-HJ__vs1r-bc96d189e05f.jpg,charts/0566.webp,434,600,32426,12788,26ea5686139f1b920fd9669e148b18de3fe847474c899ec2fd1e6baa5628c391,2b065fe936327fb4be51939935637d233a125f553f13ff0ab0a4be506152bc85
B2_0567,161,vs1r,,CO,30-40BB,HJ,2-2.4BB,,5b85803312d2,161__position-CO__stack-30-40BB__open-2-2.4BB__opponent-HJ__vs1r-5b85803312d2.jpg,charts/0567.webp,434,600,36122,14674,1b7610afd9ddd2d11084ece3ba73f71e6f2d71f664a6b362647ffd67f2094bc8,a15d1e6a56cc68e7d4d967d0f369f526d618e611c0215f6a571480aba6bcaf3c
B2_0568,146,vs1r,,CO,16-22BB,LJ,2-2.4BB,,73db98592e15,146__position-CO__stack-16-22BB__open-2-2.4BB__opponent-LJ__vs1r-73db98592e15.jpg,charts/0568.webp,434,600,32026,12722,efa7dc7da266dd59cd149c6af483cec6d0c110aa2ba64aee103e0f3d71c015d0,b337f7d63a9d7052d1c6ef33a18dcf3b5d46da4d51146511781b1d9da5bb3a42
B2_0569,256,vs1r,,SB,12-16BB,LJ,2.4-3.2BB,,b6e7de484185,256__position-SB__stack-12-16BB__open-2.4-3.2BB__opponent-LJ__vs1r-b6e7de484185.jpg,charts/0569.webp,434,600,33418,13008,f8e074f77b5d3b8b538254c313544b5d0b8b6c571fd088bebb9a807ea819d2a5,b92120d0e705d79deafe10c97f0203f67dfa73fc1ecfa28e7054293170fd0ce2
B2_0570,272,vs1r,,SB,16-22BB,EP,2-2.4BB,,a853815208e1,272__position-SB__stack-16-22BB__open-2-2.4BB__opponent-EP__vs1r-a853815208e1.jpg,charts/0570.webp,434,600,35132,13924,82b730f95e033b7753382b2c204b609249cda288d1a1ce1c9fcccacf031aae3c,9e6cc891a8d1d255b3fee43170919aadf201d8b727cea2d7d2c404cc8a11b79c
B2_0571,085,vs1r,,BTN,16-22BB,LJ,2.4-3.2BB,,fae45229316e,085__position-BTN__stack-16-22BB__open-2.4-3.2BB__opponent-LJ__vs1r-fae45229316e.jpg,charts/0571.webp,434,600,32279,12554,6e0dfe020dd20b473bf813a18705d4d10027ab1257034e0403f43ddcf932941d,fb940351c4375d23a4851d5471ac9b9fc04c7229281e55cc89000ce2f4a5999e
B2_0572,110,vs1r,,BTN,30-40BB,LJ,2-2.4BB,,518965104b32,110__position-BTN__stack-30-40BB__open-2-2.4BB__opponent-LJ__vs1r-518965104b32.jpg,charts/0572.webp,434,600,38338,15808,9333d9b0b66c1835cac3574bf4412b9b112cb85fc5b9a1f71ada329e47d4c7ae,a1678497eeb0cbfbc5c9859cf0e08048a4979c7c5f4661071cb2551e2b32eee6
B2_0573,004,vs1r,,BB,12-16BB,HJ,2.4-3.2BB,,14fb3c380095,004__position-BB__stack-12-16BB__open-2.4-3.2BB__opponent-HJ__vs1r-14fb3c380095.jpg,charts/0573.webp,434,600,51805,22734,970049826d5a0fe7cb153d42c2c2b2cc2bee1390a58c8e56bdc6d180247b81ee,cef23bc57c4dc6aff420cf63be709239e3b2b6eba2f6c3e6652558efdaa0990c
B2_0574,308,vs1r,,SB,40BBplus,EP,2-2.4BB,,4c7840e062e2,308__position-SB__stack-40BBplus__open-2-2.4BB__opponent-EP__vs1r-4c7840e062e2.jpg,charts/0574.webp,434,600,35577,14628,c5253ae1a2f6da4c5da58620ac8265d5e3b757d2e51482bc5e74b07c3979de42,0db3ebbb9649cf714cd9ed0ed368d50b1cb867c9ec28536859693ba4585c081e
B2_0575,097,vs1r,,BTN,22-30BB,CO,2-2.4BB,,0daa3d1ccd52,097__position-BTN__stack-22-30BB__open-2-2.4BB__opponent-CO__vs1r-0daa3d1ccd52.jpg,charts/0575.webp,434,600,36576,14936,0d541abb9e26a403026d90c3409d2867172a7fce68be511185f715e43cf50390,674f7e7027e47c701cf851c0eadae7c1bad941aeb6f4ac1c46c48a03095f9c0c
B2_0576,172,vs1r,,CO,8-12BB,EP,2.4-3.2BB,,1d1a5a90d4c4,172__position-CO__stack-8-12BB__open-2.4-3.2BB__opponent-EP__vs1r-1d1a5a90d4c4.jpg,charts/0576.webp,434,600,29421,11206,8fa794e7853865293f0f65657285efff774f872588a4d41f2d9667e502aa7e30,ec6fbccc7249731006999a67fbe984d7314d2ae62a2ad39b5d5e762f0a3aeb60
B2_0577,171,vs1r,,CO,40BBplus,MP,2-2.4BB,,d9b0e21897ac,171__position-CO__stack-40BBplus__open-2-2.4BB__opponent-MP__vs1r-d9b0e21897ac.jpg,charts/0577.webp,434,600,35424,14106,b8a2ef5453e1ae42ea40f24c175b2614d88c6f0c5a727df22acaa0856abf6e78,b65e3af51b2e5e385e41c8144680767375692b30745cf6943bbcefa7fc80b788
B2_0578,248,vs1r,,MP,40BBplus,EP,2.4-3.2BB,,fd132e0ca7c8,248__position-MP__stack-40BBplus__open-2.4-3.2BB__opponent-EP__vs1r-fd132e0ca7c8.jpg,charts/0578.webp,434,600,32658,13020,bc2cc68947c9524a5fa50364afb3cb4589698503059478881dea136c2c34e2e8,4afbf1a874a3d454a4731b5d5103eb24bb0d76fddf95ee99bb19cf67044cf5a0
B2_0579,162,vs1r,,CO,30-40BB,LJ,2-2.4BB,,8d596c141906,162__position-CO__stack-30-40BB__open-2-2.4BB__opponent-LJ__vs1r-8d596c141906.jpg,charts/0579.webp,434,600,35214,14268,a4fc364ddccad5e3a6017495344d3a024f9269e5cb30401029eb81f9b1554461,b7ad5180b052bf1b9418d4aa7ef8b7677521072f40fff8fd4aa58d2c978e8486
B2_0580,118,vs1r,,BTN,40BBplus,EP,2-2.4BB,,69bf78355a47,118__position-BTN__stack-40BBplus__open-2-2.4BB__opponent-EP__vs1r-69bf78355a47.jpg,charts/0580.webp,434,600,38650,15998,7a2347e6ad650e1e9f66ca474f08a6daf3193a49d94957ade02e9d7141e54edd,b495bbc465e00a82e7ec114f7221cdaa5fde2a1329c0d75d162882ee669a3e6c
B2_0581,215,vs1r,,HJ,8-12BB,MP,2-2.4BB,,2bca72e84eb3,215__position-HJ__stack-8-12BB__open-2-2.4BB__opponent-MP__vs1r-2bca72e84eb3.jpg,charts/0581.webp,434,600,31215,12390,c54695f01f79a85e8eb5abcd5242e958f9688beb86ef93ac3eb16c7b418b7ca5,4f3a40e22e3e41b214a48f30e5545958e95396fb6c4ecd8852179386c7a62b20
B2_0582,006,vs1r,,BB,12-16BB,MP,2.4-3.2BB,,5a1c97fe5508,006__position-BB__stack-12-16BB__open-2.4-3.2BB__opponent-MP__vs1r-5a1c97fe5508.jpg,charts/0582.webp,434,600,47252,19914,0f1320f4eec8d76645f63f3e5060f3284601ad45d01b2193fd6a9f164f4137a0,02f02716aa61bb233f4962c409c06413bd95d6db2f1bee60331a3b9c0ce72ff1
B2_0583,070,vs1r,,BB,8-12BB,HJ,2-2.4BB,,0d2f2aa8b7d4,070__position-BB__stack-8-12BB__open-2-2.4BB__opponent-HJ__vs1r-0d2f2aa8b7d4.jpg,charts/0583.webp,434,600,56874,25660,26e61f8d14f840df9865ff7df0942240ee8ae8c5cc609c171d47f6e2896529d8,5fc46b4a86b14314b4ab01f463d8ce62292348f80779a0cf1de417aef2d6f037
B2_0584,032,vs1r,,BB,22-30BB,CO,2-2.4BB,,c5d2cd798f64,032__position-BB__stack-22-30BB__open-2-2.4BB__opponent-CO__vs1r-c5d2cd798f64.jpg,charts/0584.webp,434,600,59297,26960,44dfe156c6e9aedba5686b2f211abd9f724a2df76a60038686cb9cba3c9fe888,9bf0d994a2f83933109e2810af5fed6169b9d9d26bd942949c6d634cab042bad
B2_0585,213,vs1r,,HJ,8-12BB,EP,2-2.4BB,,c312377259ca,213__position-HJ__stack-8-12BB__open-2-2.4BB__opponent-EP__vs1r-c312377259ca.jpg,charts/0585.webp,434,600,30837,11874,0eed331c9ae5cd150327299fac19f7a83881b89050b231746ff9d630422bd047,f5e431b29f47ff440e04031a203797dc3085666d664b7bdf4191b7f7503faf88
B2_0586,029,vs1r,,BB,22-30BB,LJ,2.4-3.2BB,,cfeaeee16607,029__position-BB__stack-22-30BB__open-2.4-3.2BB__opponent-LJ__vs1r-cfeaeee16607.jpg,charts/0586.webp,434,600,47020,20092,e363cea690f26efde718fed43cb3a337347c0ec037c57d1942544b19c9a20931,9e4e31b2c71fa70abf0e0fa3eed8b98b73387b139c4a8e72fdd1bbdddeabbe8f
B2_0587,292,vs1r,,SB,30-40BB,LJ,2.4-3.2BB,,dbec955239ac,292__position-SB__stack-30-40BB__open-2.4-3.2BB__opponent-LJ__vs1r-dbec955239ac.jpg,charts/0587.webp,434,600,34012,13480,57e7c4d1d998a0e453075a408720a688e1059af1f568db8cf7ae6646af406d15,fef109ce590235cdc0dbe58fc9aca396320266390f6333be4925134c0c29b084
B2_0588,258,vs1r,,SB,12-16BB,BTN,2-2.4BB,,53249344c55d,258__position-SB__stack-12-16BB__open-2-2.4BB__opponent-BTN__vs1r-53249344c55d.jpg,charts/0588.webp,434,600,38255,15800,a32678b35756450f8d3c7ddf60bb54811ea2abde348c83e0dc36348a0052c569,4b2d1edd95bcf5b034d9a6b8cdb7844bb4a240f41bf45f9d40a254117860f212
B2_0589,269,vs1r,,SB,16-22BB,MP,2.4-3.2BB,,c7dfdb60e9ab,269__position-SB__stack-16-22BB__open-2.4-3.2BB__opponent-MP__vs1r-c7dfdb60e9ab.jpg,charts/0589.webp,434,600,32336,12914,93432788e97718ccf4fbb79291c06b7bf7220ddd30b120d210876026fc5ecce5,ccda63425534263e696d256cc3aef0bc1582917721551ec31ff1f560721fb990
B2_0590,250,vs1r,,MP,8-12BB,EP,2.4-3.2BB,,2d1b4ccfc432,250__position-MP__stack-8-12BB__open-2.4-3.2BB__opponent-EP__vs1r-2d1b4ccfc432.jpg,charts/0590.webp,434,600,28671,10894,cac7f9d6416e5fe586b8b5794a9d6e52e56dca0ff0cf25b62c5b9aef6a4dc7ac,e0ff09e70558626fd8f4fc5d4c4fb1ef738551f1a1f350d2f42dfbde0cc880a7
B2_0591,239,vs1r,,LJ,8-12BB,MP,2-2.4BB,,09a33af3fc51,239__position-LJ__stack-8-12BB__open-2-2.4BB__opponent-MP__vs1r-09a33af3fc51.jpg,charts/0591.webp,434,600,31111,12464,b6aeb95dbac2ca8ab6ee28b36a2a57ebb7cc2d689cd16f45899481ba77c23587,b3c2d73865392c57412a4b72d27141523c1d691b01273d158a9ac62a243077ea
B2_0592,149,vs1r,,CO,22-30BB,HJ,2.4-3.2BB,,0993dc0fb2d2,149__position-CO__stack-22-30BB__open-2.4-3.2BB__opponent-HJ__vs1r-0993dc0fb2d2.jpg,charts/0592.webp,434,600,31994,12662,dfc5b761e3716a501f9489a251db4a4dc1c9a78dd6e85124b76208f9edfa5339,e64cd6fa8d405f71e2d8cec4b55ad9a3f5033e3ca7db8a769f547284a51d7f09
B2_0593,044,vs1r,,BB,30-40BB,CO,2-2.4BB,,0d83c2a1c547,044__position-BB__stack-30-40BB__open-2-2.4BB__opponent-CO__vs1r-0d83c2a1c547.jpg,charts/0593.webp,434,600,59487,27090,d7b674db927177b74c350f0d4c0b45d195799d8d0a50b36e9a389eb0f3a0d8fb,76597c39218f324422387917c2064a78f0b05f6d9a929c542cead06110521701
B2_0594,020,vs1r,,BB,16-22BB,CO,2-2.4BB,,3118bd4e8bea,020__position-BB__stack-16-22BB__open-2-2.4BB__opponent-CO__vs1r-3118bd4e8bea.jpg,charts/0594.webp,434,600,51568,23276,694ce13f52a8605ad9517f822506cee9c0cd23cc07a07f0a77d4b7ab6ff69768,779a45a038834acf4311f18f3e24f4dc6a3c75fe5486a1af01fdf394ba0d333d
B2_0595,064,vs1r,,BB,8-12BB,HJ,2.4-3.2BB,,7a83e3f8db97,064__position-BB__stack-8-12BB__open-2.4-3.2BB__opponent-HJ__vs1r-7a83e3f8db97.jpg,charts/0595.webp,434,600,51777,22908,5a738c3e5d8eae79800976f6eb5dde76d581df1659703fec180c10298728f557,9ce7c3bc27c677c76ada5d40fce3f1aeaf276a20237772b7668f3edac89b0983
B2_0596,156,vs1r,,CO,30-40BB,EP,2.4-3.2BB,,e5016bcf93c2,156__position-CO__stack-30-40BB__open-2.4-3.2BB__opponent-EP__vs1r-e5016bcf93c2.jpg,charts/0596.webp,434,600,31784,12932,592b169b2c38bc4dfe0b433cd2bf41e6879bfa0a8981ced6db165567a1adc653,4721615472a577822068141ab32bcab35d6775a7401b9c81b285598260194a42
B2_0597,028,vs1r,,BB,22-30BB,HJ,2.4-3.2BB,,f26f56018d7c,028__position-BB__stack-22-30BB__open-2.4-3.2BB__opponent-HJ__vs1r-f26f56018d7c.jpg,charts/0597.webp,434,600,50257,21796,9b1f3adcded9557df41528622637c31810e3a377f251a2f027acb50704736346,a09a13690b81fcbe91e9b8672d7dffca5faced6ec594637be6d2af7be89cfbfd
B2_0598,284,vs1r,,SB,22-30BB,EP,2-2.4BB,,c4a96946f0e5,284__position-SB__stack-22-30BB__open-2-2.4BB__opponent-EP__vs1r-c4a96946f0e5.jpg,charts/0598.webp,434,600,35539,14440,783d2dcfb7c44a0014c1c83ee3baa60b4c09d5166a9b0a299a7afad6d842bcf4,63b3794e47490ed78f4206fa029684b1a371f812e1db4b3a270064a6b9dcb17a
B2_0599,211,vs1r,,HJ,8-12BB,LJ,2.4-3.2BB,,7a3e9793531b,211__position-HJ__stack-8-12BB__open-2.4-3.2BB__opponent-LJ__vs1r-7a3e9793531b.jpg,charts/0599.webp,434,600,30243,11516,341a6aac8cb53f9f8b44e931dd8657456826e71eced1a619d112626bd78a0106,ee58765e76ae4fac5bcb0164d1a33065bb2832e2f46515f571540dda5a88dfd8
B2_0600,268,vs1r,,SB,16-22BB,LJ,2.4-3.2BB,,9ab7cf3b1854,268__position-SB__stack-16-22BB__open-2.4-3.2BB__opponent-LJ__vs1r-9ab7cf3b1854.jpg,charts/0600.webp,434,600,32257,12810,b3786fea5bff2669395af169d47a4b72af95ad12beb68146d0e477fddd3875d8,b965c08d6f10f940ad368c0611d80970479aa14a1e5977cd19ac0de2b967711a
B2_0601,021,vs1r,,BB,16-22BB,EP,2-2.4BB,,90153f26d6a9,021__position-BB__stack-16-22BB__open-2-2.4BB__opponent-EP__vs1r-90153f26d6a9.jpg,charts/0601.webp,434,600,50713,22072,95b3c59ceb34835579fcb1b28a4fd9f56d541e9464ae23ff844e87fff65818b5,07e70360ada676e70323a9da3f57c08581ee8f3920c9ab3a6ce6abac78b21a24
B2_0602,184,vs1r,,HJ,12-16BB,LJ,2-2.4BB,,ff74462cdcf0,184__position-HJ__stack-12-16BB__open-2-2.4BB__opponent-LJ__vs1r-ff74462cdcf0.jpg,charts/0602.webp,434,600,31170,12306,d17f2c9ac64a899e564ed73bbc361860ce592d14ccb62194e388ef85d5c80b66,38ee0895d5be3946026e03a1a664bad918f5896b4414ea857602c2a2e50d14b0
B2_0603,143,vs1r,,CO,16-22BB,MP,2.4-3.2BB,,591232724b28,143__position-CO__stack-16-22BB__open-2.4-3.2BB__opponent-MP__vs1r-591232724b28.jpg,charts/0603.webp,434,600,29377,11208,53d979a57280aefa363000ca58f5d8abcdc08f813a8bc898a19af731cb8b975d,b5cfb2ef98a496cddd01b20b08efc31635fe2024d3b62397aac810b7ce3aad69
B2_0604,089,vs1r,,BTN,16-22BB,HJ,2-2.4BB,,97dbfa116280,089__position-BTN__stack-16-22BB__open-2-2.4BB__opponent-HJ__vs1r-97dbfa116280.jpg,charts/0604.webp,434,600,34919,14006,bb8ea40af72b8338c763a94310cb76e5e0b86a14a36901157bb7dd3be2e3e59a,1d09f34545a8284d5a75f935529c1906d9ea23c20a40f13ab9de2934b46c1c3c
B2_0605,067,vs1r,,BB,8-12BB,BTN,2-2.4BB,,1126372d6aab,067__position-BB__stack-8-12BB__open-2-2.4BB__opponent-BTN__vs1r-1126372d6aab.jpg,charts/0605.webp,434,600,58531,26546,7ebf60064635d5ecc7c5ea5115f8d89bce046a4b98e7d05ad997ff1f286ec212,7c7f5e4aec62e5c1412db1ed294bea6936e0b538e76a506222f30c6da12b2207
B2_0606,222,vs1r,,LJ,16-22BB,EP,2-2.4BB,,5db4a3c89ee4,222__position-LJ__stack-16-22BB__open-2-2.4BB__opponent-EP__vs1r-5db4a3c89ee4.jpg,charts/0606.webp,434,600,30501,11692,8422856b6d5004a5763af163f6dc53713d6b0a1fcb39ccd488761bd169a5a682,b8c014c9b78bb45c7cae706aec693fcf5c68d05b0e35ecf1d85bcabfa9f23c1e
B2_0607,227,vs1r,,LJ,22-30BB,MP,2-2.4BB,,a003c6372fe8,227__position-LJ__stack-22-30BB__open-2-2.4BB__opponent-MP__vs1r-a003c6372fe8.jpg,charts/0607.webp,434,600,31968,12852,fba3fc655ebb6b91f684af63ad59540d478948058b195047b4cb7382fca881ff,16b33e51f708cf372120197e6040926722cba3af899d176fe0c8e357a88300c8
B2_0608,243,vs1r,,MP,16-22BB,EP,2-2.4BB,,a42893759744,243__position-MP__stack-16-22BB__open-2-2.4BB__opponent-EP__vs1r-a42893759744.jpg,charts/0608.webp,434,600,30250,11366,3124e444df4740190f387f9850ad4155e5bcd8a2978b401aa2139d8b58d879a3,39a031f83628e76d09080d1e83b4284c4be1c1ff146bd1d628e6e60bb10b3480
B2_0609,099,vs1r,,BTN,22-30BB,HJ,2-2.4BB,,9afbac7211aa,099__position-BTN__stack-22-30BB__open-2-2.4BB__opponent-HJ__vs1r-9afbac7211aa.jpg,charts/0609.webp,434,600,36550,14834,1dcc4570cabf80de432c6edd256da6593db1d5b658bd9c7dfa52d1e03f478f11,fba858cf4b31c98f9870db1ee2ff9656afbfc29ead5ff5fff6ae5f46a741c5d4
B2_0610,310,vs1r,,SB,40BBplus,LJ,2-2.4BB,,34a24d582499,310__position-SB__stack-40BBplus__open-2-2.4BB__opponent-LJ__vs1r-34a24d582499.jpg,charts/0610.webp,434,600,37904,15890,07ffdb644aa8d443df2307366e193ec945f6196ab3ce007a97b293bb72c04d2c,9966bccad53cdc8bbb843f4e69cce145005e4fdf2294d19c9483cb990fdbfc4b
B2_0611,061,vs1r,,BB,8-12BB,BTN,2.4-3.2BB,,26bf89fa4a8e,061__position-BB__stack-8-12BB__open-2.4-3.2BB__opponent-BTN__vs1r-26bf89fa4a8e.jpg,charts/0611.webp,434,600,51292,22448,7d3555b879ebe43867bdf2d1006329ce843e62889d815ed9035aa5dedadd8872,2fdcf72e6127fc3faa146df5d11179fc092f0be85e32507969da1281048b9ec6
B2_0612,196,vs1r,,HJ,22-30BB,LJ,2-2.4BB,,4d2e76e6804e,196__position-HJ__stack-22-30BB__open-2-2.4BB__opponent-LJ__vs1r-4d2e76e6804e.jpg,charts/0612.webp,434,600,32458,12928,a1bf6a544a0a0bca9f0a0af56a638e441b9736fdbe82bb8fb62757644b6b4d98,606d1edd3e8eb0ed097e67fd007d4d3213099022dd4ba874ba628ba7f097fcef
B2_0613,315,vs1r,,SB,8-12BB,HJ,2.4-3.2BB,,7ea9a91bd696,315__position-SB__stack-8-12BB__open-2.4-3.2BB__opponent-HJ__vs1r-7ea9a91bd696.jpg,charts/0613.webp,434,600,33998,13594,04cb47e4d2deaa61f2174422442ba747af0b2e07012bdfcb427b1199fd67f66b,e88f67b48b9103389e4cc85f3735e49613346cbcefd5067ff31b4b2867f56bf4
B2_0614,322,vs1r,,SB,8-12BB,LJ,2-2.4BB,,cdb92c12911e,322__position-SB__stack-8-12BB__open-2-2.4BB__opponent-LJ__vs1r-cdb92c12911e.jpg,charts/0614.webp,434,600,35520,14594,7e968fc6783ee26b4764e3de80d7b141613a329eaca3bd42c3a815516223465a,602a348741b526a78472b680b31d05aff52952a0146d95240bf7b3407a82fa5d
B2_0615,283,vs1r,,SB,22-30BB,CO,2-2.4BB,,83e61ecf5b77,283__position-SB__stack-22-30BB__open-2-2.4BB__opponent-CO__vs1r-83e61ecf5b77.jpg,charts/0615.webp,434,600,36363,15154,2d33aba635278cba3418fbeee31d7abfaf3f2a16f1e2f86375553bf50a35ed76,241e95e227138ae4c2858e243f6bc48d60a70771a3ac8182cd84b35b3a00b0ac
B2_0616,177,vs1r,,CO,8-12BB,HJ,2-2.4BB,,2268641b34ca,177__position-CO__stack-8-12BB__open-2-2.4BB__opponent-HJ__vs1r-2268641b34ca.jpg,charts/0616.webp,434,600,32799,12930,0cafe22c927c5fbdc9cf4e4c656d97578fec3b82353dacb952fb10cf8bfcb342,0794da98687be6ef841821f6b701131b8b135b1a6b26c9af2c704948bfa6ec27
B2_0617,081,vs1r,,BTN,12-16BB,LJ,2-2.4BB,,7c242919e6c4,081__position-BTN__stack-12-16BB__open-2-2.4BB__opponent-LJ__vs1r-7c242919e6c4.jpg,charts/0617.webp,434,600,34435,13888,67c25eb5ed2f36db82fb046338c073fed299f2f197529d464292bd646da343c2,878e1d3b2b79b5f36f19bef0b198a74b90c0b9bf9c0d21060730d29804c2ec63
B2_0618,104,vs1r,,BTN,30-40BB,HJ,2.4-3.2BB,,ea758683f63e,104__position-BTN__stack-30-40BB__open-2.4-3.2BB__opponent-HJ__vs1r-ea758683f63e.jpg,charts/0618.webp,434,600,34468,13876,19a7589dbbcdcd65e974bbdedb2b20684b32d8b4f99d6a49be30d14b463d466b,ab215f69b305ec1ed98c38fdd1dba0edc9ddec070a4aee546c7aa24033d0cfb8
B2_0619,159,vs1r,,CO,30-40BB,MP,2.4-3.2BB,,c1a7d88264d8,159__position-CO__stack-30-40BB__open-2.4-3.2BB__opponent-MP__vs1r-c1a7d88264d8.jpg,charts/0619.webp,434,600,32894,13262,a58fc542d8b7ba824ef88470a5b92f636e4f8a11586f04c0f679aea5d483f0bc,d3ca53f16f77e4607bce71f845cb83d71bea454e83d32745922832e588e06d78
B2_0620,011,vs1r,,BB,12-16BB,LJ,2-2.4BB,,561ebca79fcd,011__position-BB__stack-12-16BB__open-2-2.4BB__opponent-LJ__vs1r-561ebca79fcd.jpg,charts/0620.webp,434,600,53686,23768,7aa5eda92010b5cde96a659658db79683782ffc1ca397805b76ee3f610de5743,a9345ffa2a7f85498e0cdac8466bf9ca09c31208fc9830b9fa4d4a3744a0cc85
B2_0621,075,vs1r,,BTN,12-16BB,HJ,2.4-3.2BB,,f6e16cb0e6ac,075__position-BTN__stack-12-16BB__open-2.4-3.2BB__opponent-HJ__vs1r-f6e16cb0e6ac.jpg,charts/0621.webp,434,600,30103,11598,9c393e0f7093f6b7f6c82210a1431077a2688f2feba728e1fcf062e2cfb315a2,aa9aa1fff7760af1e6b11ea5ed2eace794995f478c0a9b3fe3e6ee367d483f35
B2_0622,112,vs1r,,BTN,40BBplus,CO,2.4-3.2BB,,a59448e42457,112__position-BTN__stack-40BBplus__open-2.4-3.2BB__opponent-CO__vs1r-a59448e42457.jpg,charts/0622.webp,434,600,38835,15872,d379de6dae0df84ab63a468017d5d3ca550e6708206e4a7f9128310f668d033b,6da2c3abf896c757ea61b16c042133f06be2081f8f4ee56bf31be1ec22967f95
B2_0623,150,vs1r,,CO,22-30BB,LJ,2.4-3.2BB,,77fc461b48e3,150__position-CO__stack-22-30BB__open-2.4-3.2BB__opponent-LJ__vs1r-77fc461b48e3.jpg,charts/0623.webp,434,600,31646,12570,c75695f5aee05985613462a5b45119694bdaa891ad040be7c8544c1b9f286bf5,39a8a7070c97326733708fab112020c87653c150c43c98690635b4b8d9a36648
B2_0624,024,vs1r,,BB,16-22BB,MP,2-2.4BB,,b6ff486ab8c5,024__position-BB__stack-16-22BB__open-2-2.4BB__opponent-MP__vs1r-b6ff486ab8c5.jpg,charts/0624.webp,434,600,50638,22194,51c78678c3c13c1866c204e11bd8d3aa302de6264d4bceb405c3910584fd7cba,e0fc730a18509e37b55b8742d37ce2d01a72301a4687ca029c856f931ac9d2b4
B2_0625,076,vs1r,,BTN,12-16BB,LJ,2.4-3.2BB,,9a1a79f2aab3,076__position-BTN__stack-12-16BB__open-2.4-3.2BB__opponent-LJ__vs1r-9a1a79f2aab3.jpg,charts/0625.webp,434,600,29540,11276,448160774dd403e542c70203116dcbd08238351cb920b5317dcf598e30ab3446,5cfba8e0efff9064bf5d2e7df893e426ff014b297976d54f7a80a4a921164ca5
B2_0626,182,vs1r,,HJ,12-16BB,MP,2.4-3.2BB,,29fbb678bfe2,182__position-HJ__stack-12-16BB__open-2.4-3.2BB__opponent-MP__vs1r-29fbb678bfe2.jpg,charts/0626.webp,434,600,29156,11168,431a0ecc746545f8be57785cc757424784df47cdff082a19df865d943bd6394a,a5c28bb719a2fd8708814dd5072ccf2526ce5e3da9bf22cd0a2bbc16e24d32c2
B2_0627,054,vs1r,,BB,40BBplus,MP,2.4-3.2BB,,92da0585e0e7,054__position-BB__stack-40BBplus__open-2.4-3.2BB__opponent-MP__vs1r-92da0585e0e7.jpg,charts/0627.webp,434,600,47364,20032,209698b6bdce57286c3e3426ebfa6e725fb2185ff25cc94255f318012dba2a3f,62cc69485da5df1be832d826d0fddcff2b7cb6018162612952babcd6adf897af
B2_0628,107,vs1r,,BTN,30-40BB,CO,2-2.4BB,,274b95ab9d3c,107__position-BTN__stack-30-40BB__open-2-2.4BB__opponent-CO__vs1r-274b95ab9d3c.jpg,charts/0628.webp,434,600,39153,16290,8c5f172cdd7c32568b057e51cfe99b82effd1b02111ff07b4ed47f7daf95accc,df4f50cf98cb8b67982b6a346c58557e80b58f12ba3604b9a31199a2373e3246
B2_0629,039,vs1r,,BB,30-40BB,EP,2.4-3.2BB,,4d26af2e3c49,039__position-BB__stack-30-40BB__open-2.4-3.2BB__opponent-EP__vs1r-4d26af2e3c49.jpg,charts/0629.webp,434,600,46958,20202,cf00928500f62d6cbf6d19ea528997595387cc37950818cf7386a866fb49384c,04a33629cc4c87979e51635c5dbd6ef5f81390c4d829f34154301988de651e09
B2_0630,319,vs1r,,SB,8-12BB,CO,2-2.4BB,,edba793ddd1e,319__position-SB__stack-8-12BB__open-2-2.4BB__opponent-CO__vs1r-edba793ddd1e.jpg,charts/0630.webp,434,600,37417,15374,28004a754b505cdeb6bc9322aedffac6054646de392348480e4dbb8751c3738b,8e66e86a2f34dde3ef906d0ef7ec263f7418d1e5e171e1cc96b5c230df37cc73
B2_0631,317,vs1r,,SB,8-12BB,MP,2.4-3.2BB,,5b5fd72d15cc,317__position-SB__stack-8-12BB__open-2.4-3.2BB__opponent-MP__vs1r-5b5fd72d15cc.jpg,charts/0631.webp,434,600,33566,13500,e3fc53a7016a76f5e6557863fcda1adbe0a5fc34516235b4ba2b0bd4f84c6684,4430065a0dca9d40b92cc977b22ed81374642a2d8397b555630ca1d032f737b6
B2_0632,238,vs1r,,LJ,8-12BB,EP,2-2.4BB,,66395012c60f,238__position-LJ__stack-8-12BB__open-2-2.4BB__opponent-EP__vs1r-66395012c60f.jpg,charts/0632.webp,434,600,31003,11950,4f18b288daad5eb9e22123c956ab92ad1efef13a9607f24d7b41f06a756739ad,88024e5057f9413c67ed36b5789a9bef820fe677a77b48bf8a95aa47b6a2eee4
B2_0633,229,vs1r,,LJ,30-40BB,MP,2.4-3.2BB,,867931dc43c1,229__position-LJ__stack-30-40BB__open-2.4-3.2BB__opponent-MP__vs1r-867931dc43c1.jpg,charts/0633.webp,434,600,32027,12462,f33621d569fa676aecaf433fc3550d449080875a9b0465ce28fda6ef58c11ff2,eacf648b7f402e0ed9e25d04d7f9435424135d094b27296ca9d147f6ea5e45d8
B2_0634,133,vs1r,,CO,12-16BB,HJ,2.4-3.2BB,,77f9240110d2,133__position-CO__stack-12-16BB__open-2.4-3.2BB__opponent-HJ__vs1r-77f9240110d2.jpg,charts/0634.webp,434,600,30320,11610,e6b811b46f31b57b9070b0f6386cf372e6d09790f98a14370fe8f3750e7eb5fe,77b80706b14f6dc840d39ad1790f7d1a2cd6082e4c5b2ae27de2006d08ca7432
B2_0635,181,vs1r,,HJ,12-16BB,LJ,2.4-3.2BB,,c57a1d1c6df2,181__position-HJ__stack-12-16BB__open-2.4-3.2BB__opponent-LJ__vs1r-c57a1d1c6df2.jpg,charts/0635.webp,434,600,29173,11096,ed4a164dedaee26bf0fa986ba7cb94c6abbaf0e0cc91c02ba29d9a72e3d61d10,fb1cf90e62d1de1e3a5b236f8b300625efb4db7bc3b2c7245ffa6f56fcd3cd2f
B2_0636,106,vs1r,,BTN,30-40BB,MP,2.4-3.2BB,,a15f1600c74a,106__position-BTN__stack-30-40BB__open-2.4-3.2BB__opponent-MP__vs1r-a15f1600c74a.jpg,charts/0636.webp,434,600,34457,14008,0bb7a854271bd6bc5861dc6e548fb3fc4a75e9df72c759fd4cb0b24ab040e480,0beea64b3d295f54d7b34e33782ae852211d11b262c1cc971e337c7a996cb107
B2_0637,023,vs1r,,BB,16-22BB,LJ,2-2.4BB,,b79984d142d5,023__position-BB__stack-16-22BB__open-2-2.4BB__opponent-LJ__vs1r-b79984d142d5.jpg,charts/0637.webp,434,600,50286,22176,378660678463e89345d36d1fa61501adaf55cf5a859e63b0b61ab23b49137003,e0e7f3af9715319aed77f4dc800d91da0bf46f510e0ed636fb3cdd6d019ed60f
B2_0638,115,vs1r,,BTN,40BBplus,LJ,2.4-3.2BB,,0bb9cbb5ed97,115__position-BTN__stack-40BBplus__open-2.4-3.2BB__opponent-LJ__vs1r-0bb9cbb5ed97.jpg,charts/0638.webp,434,600,37436,15208,62e77c0a13c86632ead237223bff2c20ba0026291ae520335aca527f54720e42,de36e452d2b2cd9dd4ac6e6395930d9112d704b64d1e99f57a2e88b4047dbee6
B2_0639,116,vs1r,,BTN,40BBplus,MP,2.4-3.2BB,,951c4b3bcf73,116__position-BTN__stack-40BBplus__open-2.4-3.2BB__opponent-MP__vs1r-951c4b3bcf73.jpg,charts/0639.webp,434,600,37490,15226,7f5da1dc6de73ed75ef183aa0f6d3f807a6e7d1a92224e93fae8ce353831a27b,335c6c81328a8d5d33b88e05a340f9f3b1fe9278912540ee512a936346676a41
B2_0640,117,vs1r,,BTN,40BBplus,CO,2-2.4BB,,e7ecb6a38fa9,117__position-BTN__stack-40BBplus__open-2-2.4BB__opponent-CO__vs1r-e7ecb6a38fa9.jpg,charts/0640.webp,434,600,43426,18144,59bb86dbddc63470bd8e9d2738903751034e319d15a502726efa4d81e30ee266,662adbed5e52f7be9a55989f731b7192da4c339b4137afad910b88cb72ef612f
B2_0641,166,vs1r,,CO,40BBplus,LJ,2.4-3.2BB,,8f768159e0d6,166__position-CO__stack-40BBplus__open-2.4-3.2BB__opponent-LJ__vs1r-8f768159e0d6.jpg,charts/0641.webp,434,600,34619,13888,8eb901f9c2cb9721b069c04f5f3513de2617fac34f7446b0a00d5fa846baf1ef,dafb5e30717b629d4a30a538118dad93a9b95de5ba1f6086f4770bd738fc1afb
B2_0642,225,vs1r,,LJ,22-30BB,MP,2.4-3.2BB,,97992f100a64,225__position-LJ__stack-22-30BB__open-2.4-3.2BB__opponent-MP__vs1r-97992f100a64.jpg,charts/0642.webp,434,600,29412,11472,369dfad5e38518492f0af65c7e034bf0677cec3139ce53fc6a4ce668bc54ac9c,1775279313799395121d15f035441eca90b453d5f64cd6b1eb00f060510cdb75
B2_0643,220,vs1r,,LJ,16-22BB,EP,2.4-3.2BB,,294ac75f8ad0,220__position-LJ__stack-16-22BB__open-2.4-3.2BB__opponent-EP__vs1r-294ac75f8ad0.jpg,charts/0643.webp,434,600,28471,10888,7e7178d38f26ac7c5c2a9d6471ab097e3b819f468c2e04d7e8d6494faeb5c9ed,d0f6aa1a10ab854d88e5b6b8a1dafeb6ed45ff83c9011bfcd4fb8f77ac219add
B2_0644,199,vs1r,,HJ,30-40BB,LJ,2.4-3.2BB,,04ea7802cb34,199__position-HJ__stack-30-40BB__open-2.4-3.2BB__opponent-LJ__vs1r-04ea7802cb34.jpg,charts/0644.webp,434,600,33036,13310,015fc8f789969aca4320d73d98b51ae59cea6f9ecd013fb7c822967254f77cbe,4f31cbcc501465ed7258d98e113cbcc0700cafefeea60db38100189b5688be07
B2_0645,052,vs1r,,BB,40BBplus,HJ,2.4-3.2BB,,af7890b69f3d,052__position-BB__stack-40BBplus__open-2.4-3.2BB__opponent-HJ__vs1r-af7890b69f3d.jpg,charts/0645.webp,434,600,48067,20418,8769731c1ca17bf6754b24925421d9d6db0b9fcc07eae2bcd02bef562c0f2213,652fe033a10f6d8578a3cc3c5d4c935a184faa60688cdc33d031e7d421df740e
B2_0646,045,vs1r,,BB,30-40BB,EP,2-2.4BB,,396ec3f9f04e,045__position-BB__stack-30-40BB__open-2-2.4BB__opponent-EP__vs1r-396ec3f9f04e.jpg,charts/0646.webp,434,600,53849,23904,4682fea1ae823e46e4e5c9d0344d4824c6dbb3adbd8d8747a4203dd77897202b,ec95b98c39a1729f7c42996e087c853692b478225d45232da3e0665118c84193
B2_0647,304,vs1r,,SB,40BBplus,LJ,2.4-3.2BB,,41069c808595,304__position-SB__stack-40BBplus__open-2.4-3.2BB__opponent-LJ__vs1r-41069c808595.jpg,charts/0647.webp,434,600,32892,13366,1e4d74ca5f5214aee188357ce8d76756fa24fbe96b63c4c10fa3720b532835ff,fec9d9eec3b932606257cf076d815484e3514ee5df5dd2293de803a5299a47ef
B2_0648,068,vs1r,,BB,8-12BB,CO,2-2.4BB,,110c7365ab60,068__position-BB__stack-8-12BB__open-2-2.4BB__opponent-CO__vs1r-110c7365ab60.jpg,charts/0648.webp,434,600,57986,26172,ca5601608fa8dbd8f47a8411f4a2b772973268a0fdccf558aedd9066d389a386,b8c5b671383c35962f5e0c18b543d35edbf47ba40b0ba6778dad6648708140b5
B2_0649,247,vs1r,,MP,30-40BB,EP,2-2.4BB,,10714f8817cb,247__position-MP__stack-30-40BB__open-2-2.4BB__opponent-EP__vs1r-10714f8817cb.jpg,charts/0649.webp,434,600,33099,13456,97320fcd0c1f9fe0b1ac8f8bce7e67d8982dc46d74f9786519ea60ad7ed4d5ff,6d3d0b3e1ae8cbc53be40be2a0c6031686f6730dad26356716a1945d5cbb3d53
B2_0650,301,vs1r,,SB,40BBplus,CO,2.4-3.2BB,,e00b5a1f5aba,301__position-SB__stack-40BBplus__open-2.4-3.2BB__opponent-CO__vs1r-e00b5a1f5aba.jpg,charts/0650.webp,434,600,35362,14424,dd376470b8f1bd62805ab38ec13c5740891b85b6fe94c717270405a5ce216db2,9b45626a207e5e691d750600ce1df6cff3ec9b121866469d3a9cb464c4574eeb
B2_0651,298,vs1r,,SB,30-40BB,LJ,2-2.4BB,,12c3419bd1b0,298__position-SB__stack-30-40BB__open-2-2.4BB__opponent-LJ__vs1r-12c3419bd1b0.jpg,charts/0651.webp,434,600,36500,14808,b1c2c067c9ed075dcbe326033989d660f5a1ea2513378e60b408b544f202334d,7c69ea9879d871e4f1f9c3c6ddcae9cb87bc96f127091cc24b66220cb0bb1cbb
B2_0652,233,vs1r,,LJ,40BBplus,MP,2.4-3.2BB,,905093c37686,233__position-LJ__stack-40BBplus__open-2.4-3.2BB__opponent-MP__vs1r-905093c37686.jpg,charts/0652.webp,434,600,32705,13004,8d7f492602ca9f664a72f911276a5b4d487ace6295efdd8de7caca72534d29a7,eade89893986bffb7f51629a0953085649ee203db4c5f1daf7912d12bc22429d
B2_0653,152,vs1r,,CO,22-30BB,EP,2-2.4BB,,d724d528bf4f,152__position-CO__stack-22-30BB__open-2-2.4BB__opponent-EP__vs1r-d724d528bf4f.jpg,charts/0653.webp,434,600,32082,12742,27b034690c026cd79960f62ce7b6dc3218690ea68c6a8abef428f8b36402e755,c64a0c4e42464b3f9f755f4c5d932aff2c1ec4bc06c53ee3e1a2809bc5d530ee
B2_0654,231,vs1r,,LJ,30-40BB,MP,2-2.4BB,,16611df86229,231__position-LJ__stack-30-40BB__open-2-2.4BB__opponent-MP__vs1r-16611df86229.jpg,charts/0654.webp,434,600,33361,13450,b66fd8cb6635f80a3f10492d168e42776d9a84cb7a6c1b29ba07e6933aaed00a,44e1dfd8aaba20608acfbc20c64b721a40b6dfcf3d4d743fcd7c6e645cb36f20
B2_0655,209,vs1r,,HJ,40BBplus,MP,2-2.4BB,,1bb7744c0f54,209__position-HJ__stack-40BBplus__open-2-2.4BB__opponent-MP__vs1r-1bb7744c0f54.jpg,charts/0655.webp,434,600,35290,14022,90ea36201ef570d4014dc703b3d797fb9dd2d62c3645723a7792c721fe5032bc,c4f4faf8cb30d37e00afddbcca1cba7c14a0ee5f2abb83bcb5023c078a2cb032
B2_0656,217,vs1r,,LJ,12-16BB,MP,2.4-3.2BB,,6c20e5aa77b9,217__position-LJ__stack-12-16BB__open-2.4-3.2BB__opponent-MP__vs1r-6c20e5aa77b9.jpg,charts/0656.webp,434,600,29205,11140,3b58fa863f0e9e49a6282d1e39aeb58c3ce7d94a7fae7de0b7861f2cbb3ab55c,b96848d952fdc67725545d15b50bf23e8c8f740b2178697ca6bff2bcccc11c05
B2_0657,069,vs1r,,BB,8-12BB,EP,2-2.4BB,,a2c90b2c8c80,069__position-BB__stack-8-12BB__open-2-2.4BB__opponent-EP__vs1r-a2c90b2c8c80.jpg,charts/0657.webp,434,600,57106,25594,a6203c31793c59a232208f67dc64d431c0194d72edd3bcce9f5c0a1474724701,460f2c26024d8c670c1955dce53be82f1e1f90a29d476ef35e09519e8d641da7
B2_0658,121,vs1r,,BTN,40BBplus,MP,2-2.4BB,,4237b6155c19,121__position-BTN__stack-40BBplus__open-2-2.4BB__opponent-MP__vs1r-4237b6155c19.jpg,charts/0658.webp,434,600,38590,15854,8efa8010d99ed257967a6b99074ace57f4e316f421ed193767d5a76f429ea17e,c82dc0cdeb77b189c540053583d26b84fd659663e60b3c1e7c2bf453fd7e14ea
B2_0659,241,vs1r,,MP,12-16BB,EP,2-2.4BB,,9dacef88702b,241__position-MP__stack-12-16BB__open-2-2.4BB__opponent-EP__vs1r-9dacef88702b.jpg,charts/0659.webp,434,600,29602,11322,0f42e933d9c23fa066983ed30ff0ed0e53b860b59c1f59c3882cebf125df17d6,6dd23226620fddf2e3bfac9ec611ba73df844003d37960c1dc2e7e3734d4928a
B2_0660,242,vs1r,,MP,16-22BB,EP,2.4-3.2BB,,b383d5534709,242__position-MP__stack-16-22BB__open-2.4-3.2BB__opponent-EP__vs1r-b383d5534709.jpg,charts/0660.webp,434,600,28057,10884,972be26c6b7c06a788d8f0769971315c61a1a37eeaa2063cbb9f5c7de159dd5c,253764762c3ea6f322f11886942c07d61332934245731e51a0b98508397a2ed2
B2_0661,198,vs1r,,HJ,30-40BB,EP,2.4-3.2BB,,02253f371680,198__position-HJ__stack-30-40BB__open-2.4-3.2BB__opponent-EP__vs1r-02253f371680.jpg,charts/0661.webp,434,600,32644,13166,245962f75eff4add12e799ba8191fd076274d1edf874470f0dcd66d758a753af,d9388d10e18de3e2aa4ee5f37cd7ed28c1b5e41451fc535c950a746a31948f14
B2_0662,180,vs1r,,HJ,12-16BB,EP,2.4-3.2BB,,3f851284d2ff,180__position-HJ__stack-12-16BB__open-2.4-3.2BB__opponent-EP__vs1r-3f851284d2ff.jpg,charts/0662.webp,434,600,29364,11310,5a2d3f577f28962b7e39cf660f0f26af0451c2dbed03a2bfecb1857c4099737f,38b0fb87ced2c39edb700b3b6391e04f3c9a6f97995d485fe2e500194c06157a
B2_0663,160,vs1r,,CO,30-40BB,EP,2-2.4BB,,a5b9a99e3e21,160__position-CO__stack-30-40BB__open-2-2.4BB__opponent-EP__vs1r-a5b9a99e3e21.jpg,charts/0663.webp,434,600,33227,13384,7ef1e8c5ab786c5b6b2b2c2e2a129432386ebe1d1559b9da053af9099bd96ea4,d731c436a1ad2e352233240c75e3208b23300c2cc9b350a0cc288cf86475b596
B2_0664,030,vs1r,,BB,22-30BB,MP,2.4-3.2BB,,cb1bbb406029,030__position-BB__stack-22-30BB__open-2.4-3.2BB__opponent-MP__vs1r-cb1bbb406029.jpg,charts/0664.webp,434,600,47049,19936,1078fe15873d7cb66bf56bbe313bc64a6514cd9ff136d11b183421bb36794c7c,aa4d040c8e9f63d44f88c98e72c5b47541ecf1ca60613868d0cf799a189c2429
B2_0665,013,vs1r,,BB,16-22BB,BTN,2.4-3.2BB,,a8cf894e2bc4,013__position-BB__stack-16-22BB__open-2.4-3.2BB__opponent-BTN__vs1r-a8cf894e2bc4.jpg,charts/0665.webp,434,600,52361,23180,9227c62829f83a74c0ccdb539ca5e500f7e6f16f2167b154e66f55500de82676,c5e25674497b05eb0136519cc438b5820d9bb8b74e81ea357badf676a3288880
B2_0666,125,vs1r,,BTN,8-12BB,LJ,2.4-3.2BB,,100bab5c4cb8,125__position-BTN__stack-8-12BB__open-2.4-3.2BB__opponent-LJ__vs1r-100bab5c4cb8.jpg,charts/0666.webp,434,600,31143,12206,2e8c9fc2bd7a33af7285b083b2702b50cda79617853365478e0254f5f8f611da,f2d8cce62bb94e9b2f2f347ce30668f9ca104c2722bc2962c91e7b96062fab4e
B2_0667,265,vs1r,,SB,16-22BB,CO,2.4-3.2BB,,e8b6de22cccd,265__position-SB__stack-16-22BB__open-2.4-3.2BB__opponent-CO__vs1r-e8b6de22cccd.jpg,charts/0667.webp,434,600,34456,13820,a8600ef2186e640314ebf04360a08a8825e511352974c7fc79cd9dfe7fa44951,74f18fadc0c36c5b03e1638d6066fc8a112b48ce04d73427d7f4b4a84f64ad4f
B2_0668,302,vs1r,,SB,40BBplus,EP,2.4-3.2BB,,fa591860fbf1,302__position-SB__stack-40BBplus__open-2.4-3.2BB__opponent-EP__vs1r-fa591860fbf1.jpg,charts/0668.webp,434,600,32479,13050,4034d801fd58772fa4f913a627a8bbb1391bff5259d07584af67148bf4b51e91,6077c71e58b6668e64051983af1f7957c1a078fa2851bfae790c04c85d789d24
B2_0669,313,vs1r,,SB,8-12BB,CO,2.4-3.2BB,,719c7ea70fa5,313__position-SB__stack-8-12BB__open-2.4-3.2BB__opponent-CO__vs1r-719c7ea70fa5.jpg,charts/0669.webp,434,600,35559,14586,b0612f2fe2c8185cd3d590ce5a8effbe06717f489be5d3d686b22c77dab8edbc,da6b80a713bc4a704ac6773e2265fa94ccc097c0ce2d82a9e122cd400d8d9bc7
B2_0670,014,vs1r,,BB,16-22BB,CO,2.4-3.2BB,,57f17f39a2cb,014__position-BB__stack-16-22BB__open-2.4-3.2BB__opponent-CO__vs1r-57f17f39a2cb.jpg,charts/0670.webp,434,600,49797,21630,58d0d3938bbf176dfe6c6c633ae61a7c7c07a9850c538dce4a3c57f1db2abcf8,dbe593d02ee461e52a2a5eb43b827f6892a6c8651129539bb07b969cd18677ed
B2_0671,203,vs1r,,HJ,30-40BB,MP,2-2.4BB,,f0ead01fcfc6,203__position-HJ__stack-30-40BB__open-2-2.4BB__opponent-MP__vs1r-f0ead01fcfc6.jpg,charts/0671.webp,434,600,49980,13736,983535216e6981e5d3b651bf09307b129e051ccee8325fc7d1e30e6f17ef26b0,a3bbeda7b55ec47068b06e227575149a7f284422d00f48eded94ed47bcbccc71
B2_0672,012,vs1r,,BB,12-16BB,MP,2-2.4BB,,f60c359439c1,012__position-BB__stack-12-16BB__open-2-2.4BB__opponent-MP__vs1r-f60c359439c1.jpg,charts/0672.webp,434,600,52451,23150,83d8499a6acae28ce7a85f11dec1c08f194a2a70c08d23818c5aa0df7c367198,7471d0f3b5c100d3cf49e129c71a1f43ebb1466dc83cd2f46a39b0e3a97c4160
B2_0673,289,vs1r,,SB,30-40BB,CO,2.4-3.2BB,,7135b32c5338,289__position-SB__stack-30-40BB__open-2.4-3.2BB__opponent-CO__vs1r-7135b32c5338.jpg,charts/0673.webp,434,600,35018,14046,5fad58dad8b6013c408724c91b172efd5b406be8c37a0db9af7b4138360fae7a,94eb8e7dd9a7978d7c8fa729f2c23a0b94f4049102045d694aaff8c7aa5c6e8b
B2_0674,218,vs1r,,LJ,12-16BB,EP,2-2.4BB,,a89e5a09d8b9,218__position-LJ__stack-12-16BB__open-2-2.4BB__opponent-EP__vs1r-a89e5a09d8b9.jpg,charts/0674.webp,434,600,30377,11590,be45b502713858e4fbcfe2146bae350ba45ffd02dbd3cb7062a2354d4e2dc9a8,d69a6823555df80bdcff664e8d36ac5126812d9796042e00cd11d5a16302d841
B2_0675,031,vs1r,,BB,22-30BB,BTN,2-2.4BB,,10e3f93c277f,031__position-BB__stack-22-30BB__open-2-2.4BB__opponent-BTN__vs1r-10e3f93c277f.jpg,charts/0675.webp,434,600,59249,26822,bc2c69f98d1ccf97bf0395d4d56f63ebf66f4a60b04648e95f4969d8b5b23041,c8515736be2e51517512a25aa2485a1d58de6db6bee1995f177f94f8e6e4b931
B2_0676,154,vs1r,,CO,22-30BB,LJ,2-2.4BB,,844754a84cbf,154__position-CO__stack-22-30BB__open-2-2.4BB__opponent-LJ__vs1r-844754a84cbf.jpg,charts/0676.webp,434,600,33464,13172,4dcbbfa5d1c7d450ce5321c0730c143e168f1dc7ddcd3d0e3baed906990b36bc,a0e91938e12c7fb74753e61644c52f697d8e52426e7cfdb9abb474bd39e4bcd1
B2_0677,264,vs1r,,SB,16-22BB,BTN,2.4-3.2BB,,b7b665fa3893,264__position-SB__stack-16-22BB__open-2.4-3.2BB__opponent-BTN__vs1r-b7b665fa3893.jpg,charts/0677.webp,434,600,35484,14708,e72ceac8a325dd00ccdc467fd5d7204823b1ddf437ffde0c79a227c937786200,74f54019f4aff8239e7a0f2e390b151270a61a296e1feafd5cd5b1d0500ae8a8
B2_0678,010,vs1r,,BB,12-16BB,HJ,2-2.4BB,,a624d1bee495,010__position-BB__stack-12-16BB__open-2-2.4BB__opponent-HJ__vs1r-a624d1bee495.jpg,charts/0678.webp,434,600,53387,23750,bfb89052320cac9cb0f423fe96d29a3a29e4ad79d53f28dd22ac96dbc26384fe,1eadf5b9cc84a02fe4f7ae5913eb63fa03472f2001adeff7334cea866f5de124
B2_0679,276,vs1r,,SB,22-30BB,BTN,2.4-3.2BB,,4316e2e3ff28,276__position-SB__stack-22-30BB__open-2.4-3.2BB__opponent-BTN__vs1r-4316e2e3ff28.jpg,charts/0679.webp,434,600,53176,14874,43880b6a834355434db668178a48b4aaf3f1ce132d82fa3d2526787fcf21b296,5f4396d3d5cbc9def3c0cecd14270d79f8719efb09cd59bcdc415ebe715c7e60
B2_0680,246,vs1r,,MP,30-40BB,EP,2.4-3.2BB,,36f5ddb4d2a8,246__position-MP__stack-30-40BB__open-2.4-3.2BB__opponent-EP__vs1r-36f5ddb4d2a8.jpg,charts/0680.webp,434,600,31709,12336,4593725b5c51bfbc249d85edcf992e3d637d850c456794f5422c4117f9cc5637,2b8e60ba7406427d6dae5a26a2984eb30ee92f1466d2e576561c29b5776c882f
B2_0681,005,vs1r,,BB,12-16BB,LJ,2.4-3.2BB,,91847801343f,005__position-BB__stack-12-16BB__open-2.4-3.2BB__opponent-LJ__vs1r-91847801343f.jpg,charts/0681.webp,434,600,51601,22728,26fa7bc0cec2e6b4d102ae229ce939d7ea8884ce4fe2bd0ac38501797ab31872,3db9e7b6b1d4b622ae462be6d6a1b23a860f263bd3fef7aebe7aea45cf93ca95
B2_0682,139,vs1r,,CO,12-16BB,MP,2-2.4BB,,2ec5c810eb90,139__position-CO__stack-12-16BB__open-2-2.4BB__opponent-MP__vs1r-2ec5c810eb90.jpg,charts/0682.webp,434,600,30691,12290,2eff07eeba0e845ab520b0d4be12df572e430d072240ad4339582dcf1cf19ec7,9e55145ee8b802ce223693fcc88a066b6881aec57a8226f91a94c2dd1b9ebfe8
B2_0683,004,vs4bet,Hero_IP,IP,75BB,vs_EP-LJ,,2x,a98925ed6408,004__spot-Hero_IP__position-IP__stack-75BB__opponent-vs_EP-LJ__bet-2x__vs4bet-a98925ed6408.jpg,charts/0683.webp,434,600,35007,14570,15607cf04afb4ade58485f7ee5ee2ffddb0a64255de7ddc9c65631590d49c79c,a696aa52e000210d6775c73507f02ba76499246a76a35c906818c2a474a233a4
B2_0684,011,vs4bet,Hero_IP_vs_Cold_4Bet,IP,75BB,3Bettor,,3x,c8ec97e82d66,011__spot-Hero_IP_vs_Cold_4Bet__position-IP__stack-75BB__opponent-3Bettor__bet-3x__vs4bet-c8ec97e82d66.jpg,charts/0684.webp,434,600,27334,10982,bd09c6af8399aeaae5e79a729b74c6cca28ee1e5db5be36d012bac784777f830,725464584998412a1cceeb370fa7d36c5a7c573e1b5b21bd4bd447f733280645
B2_0685,010,vs4bet,Hero_IP_vs_Cold_4Bet,IP,75BB,3Bettor,,2x,2ea8827c6136,010__spot-Hero_IP_vs_Cold_4Bet__position-IP__stack-75BB__opponent-3Bettor__bet-2x__vs4bet-2ea8827c6136.jpg,charts/0685.webp,434,600,57479,16466,909cc496c2de3e4d7a8c87167c50ccdcb56a891fa4331e2b9204337843ab925e,7c189063d425798f390780d0e7f65f9110f3b49a23dba4fea538213c72e65d20
B2_0686,001,vs4bet,Hero_IP,IP,150BB,vs_EP-LJ,,2.5x,4fd86a53bfe4,001__spot-Hero_IP__position-IP__stack-150BB__opponent-vs_EP-LJ__bet-2.5x__vs4bet-4fd86a53bfe4.jpg,charts/0686.webp,434,600,29535,12574,6b50560398de79f965a14c9ef20ba6f67d22f042a13e6b4750ea62bd045dc86b,1e029011cd18b55a7fc850c7f1d6241a59e7a295866b2198087f4e1d4b26b93a
B2_0687,002,vs4bet,Hero_IP,IP,150BB,vs_HJ-CO,,2.5x,7cfbebe6f7bf,002__spot-Hero_IP__position-IP__stack-150BB__opponent-vs_HJ-CO__bet-2.5x__vs4bet-7cfbebe6f7bf.jpg,charts/0687.webp,434,600,37130,16010,ea8fa718e3a201f426798f8fc5621f4acde88826a652edfc8731a9d9badfa702,7b462563bc3a8e658bf373b614ee9945a2cddf7fd9d363efa4f63dca9d12e7fe
B2_0688,003,vs4bet,Hero_IP,IP,150BB,vs_HJ-CO,,3x,9842322c93f0,003__spot-Hero_IP__position-IP__stack-150BB__opponent-vs_HJ-CO__bet-3x__vs4bet-9842322c93f0.jpg,charts/0688.webp,434,600,29831,12678,c16cf90d4c3adb8a36af247f1aebadfd5d033233be12180bfdf0d14d22573f61,1e67a27ab8c49c4c5823b0b31930e90f1ec256799bea51971c18db82a8c7982f
B2_0689,007,vs4bet,Hero_IP_vs_Cold_4Bet,IP,150BB,3Bettor,,2x,35ba65d881eb,007__spot-Hero_IP_vs_Cold_4Bet__position-IP__stack-150BB__opponent-3Bettor__bet-2x__vs4bet-35ba65d881eb.jpg,charts/0689.webp,434,600,38640,16360,77e8f6781654ac7d53e10536c9a7e3b4b569e81005d120e6ab5edde0243b7b21,df9177625fbc43dacfa86d4b213c16d724924587cfa4c0e04d6c9a0d2e7bad29
B2_0690,005,vs4bet,Hero_IP,IP,75BB,vs_HJ-CO,,2.5x,aec0d2dee09f,005__spot-Hero_IP__position-IP__stack-75BB__opponent-vs_HJ-CO__bet-2.5x__vs4bet-aec0d2dee09f.jpg,charts/0690.webp,434,600,35509,15064,90508179785cf552c1c3d6fbe23aaaadef9743d10611d4df8aa698bc0c6abfc6,ee28015a9ee15ac4a34aa9421077c75f84967ebfb07adc0d434250b6365b538a
B2_0691,008,vs4bet,Hero_IP_vs_Cold_4Bet,IP,150BB,3Bettor,,3x,54d3c72fd54d,008__spot-Hero_IP_vs_Cold_4Bet__position-IP__stack-150BB__opponent-3Bettor__bet-3x__vs4bet-54d3c72fd54d.jpg,charts/0691.webp,434,600,28129,11612,aab1a047b769e887871b3e4423c37890b7bbbac03373778da28ba55d490e68e5,1837ec4203ebe08f95e53e48cf9eed8a95ecb9f6a9ae32a55a9be7c24dd0755d
B2_0692,009,vs4bet,Hero_IP_vs_Cold_4Bet,IP,75BB,3Bettor,,2.5x,83cd4a1a4465,009__spot-Hero_IP_vs_Cold_4Bet__position-IP__stack-75BB__opponent-3Bettor__bet-2.5x__vs4bet-83cd4a1a4465.jpg,charts/0692.webp,434,600,30053,12392,b7084b73325f02c7b1387019207b248f42b3064f9d104225c3e3020219433604,6b2bcfd7252896b5cbe2765636c5766cbdf98f175c3bfdb3a1b7495d78301a39
B2_0693,006,vs4bet,Hero_IP,IP,75BB,vs_HJ-CO,,3x,4022c077e210,006__spot-Hero_IP__position-IP__stack-75BB__opponent-vs_HJ-CO__bet-3x__vs4bet-4022c077e210.jpg,charts/0693.webp,434,600,26997,10970,66af482facc7005367cb92002cac3b5843bee39fd2c84659dde18ec44ae7a94a,5f40f2dbe62c27a5cfca13c0543f6ebab1723293523854201ce77923ebb888d8
B2_0694,032,vs2r,,BTN-CO,8-12BB,,,,427fff2b8842,032__position-BTN-CO__stack-8-12BB__vs2r-427fff2b8842.jpg,charts/0694.webp,434,600,28689,10890,f77a1237848d19cca1775011c7d64427b0180256dd1255b7130323d50d0ac27e,18d41b9073c0408283b4e6dedce4563d94f502d8c240dabc6e30f08ed725aa75
B2_0695,048,vs2r,,SB,4-8BB,CO-BTN_3Bet,,,c280399b6e9e,048__position-SB__stack-4-8BB__opponent-CO-BTN_3Bet__vs2r-c280399b6e9e.jpg,charts/0695.webp,434,600,30123,11794,7ceed3c20db88d563646026a845b350e87f9d37228451703c915206bac7bc3ed,ff622883c67bb72f1839863a8d5f6d0518db7c1c889966670a547b1db7763004
B2_0696,044,vs2r,,SB,22-30BB,LJ-HJ_3Bet,,,b2f89de1f5fb,044__position-SB__stack-22-30BB__opponent-LJ-HJ_3Bet__vs2r-b2f89de1f5fb.jpg,charts/0696.webp,434,600,28110,11076,7910ade6bc062551b332adc0fbff25daeb786d23f3c4e1269f74a8827599653c,408075e9e422d15726ac79ed4bdeba6adada5175f4a7bbac80905f99374fa906
B2_0697,038,vs2r,,SB,115BBplus,CO-BTN_3Bet,,,df969d9f7a4e,038__position-SB__stack-115BBplus__opponent-CO-BTN_3Bet__vs2r-df969d9f7a4e.jpg,charts/0697.webp,434,600,27619,10742,33dc31cf2a3321dff4ea2fe1818447d479403ced68385485f7a9ecf19b7c28f5,7b7e32adfaf2648364d5835bc1b8f94a4598f1912be79dfc764962c31d3322b4
B2_0698,049,vs2r,,SB,4-8BB,LJ-HJ_3Bet,,,5da1a04837e9,049__position-SB__stack-4-8BB__opponent-LJ-HJ_3Bet__vs2r-5da1a04837e9.jpg,charts/0698.webp,434,600,29801,11670,e52063011e1db6791f5a83d2488f87d5aae8a9655a210eb8efe6a98dc8accb1b,4f34e3db3c334fa281dccaf99cc52966d163c42988ac6b28ecf6c3d9b64b6ec5
B2_0699,014,vs2r,,BB,40-55BB,SB-BTN_HJ,,,7195fd578399,014__position-BB__stack-40-55BB__opponent-SB-BTN_HJ__vs2r-7195fd578399.jpg,charts/0699.webp,434,600,28374,11364,99ea5321733e1418da725f5551b78dc061861ad94e3e52df24b31b3ea34d84c1,a4db3e17820dc4fa81c076b3397deb8dee3b4ff1a87286cfa148722f166cea94
B2_0700,001,vs2r,,BB,115BBplus,SB-BTN_HJ,,,071e0a0a0a7e,001__position-BB__stack-115BBplus__opponent-SB-BTN_HJ__vs2r-071e0a0a0a7e.jpg,charts/0700.webp,434,600,27494,10652,57598844cc0d65115ba5eaf8fd3dc81285951999fd41a06f5a548161ae60f162,a2305f2af34bb5e134366ab1f22a5fbe8994d77add1344ff7ff1c770babf2c80
B2_0701,041,vs2r,,SB,16-22BB,CO-BTN_3Bet,,,3ac7c1780346,041__position-SB__stack-16-22BB__opponent-CO-BTN_3Bet__vs2r-3ac7c1780346.jpg,charts/0701.webp,434,600,29005,11462,db2e4c4e4077928972278fbdadd3854c353f29b686c8ddd2e4e11d180ad53b0c,07e3bc57a7b6de87b56bf033d8bc77b600532aa8adaebadd05148f19e803adae
B2_0702,034,vs2r,,HJ-LJ,16-22BB,,,,2f151526e819,034__position-HJ-LJ__stack-16-22BB__vs2r-2f151526e819.jpg,charts/0702.webp,434,600,28149,10722,d97e9d39b04cc2b696b0bee7b11d41ff17623f492815e499f63c8aaf00bde7a7,ca38cf13ac808ca2fbc57208bed5bcc13ff530f5cb9c30b084403682135886ba
B2_0703,046,vs2r,,SB,30-40BB,LJ-HJ_3Bet,,,d6f0f98bec82,046__position-SB__stack-30-40BB__opponent-LJ-HJ_3Bet__vs2r-d6f0f98bec82.jpg,charts/0703.webp,434,600,28034,10592,34fec9e9078362f35dd810c4b62424e59c2981d66f00f827174d2252160e8ac5,8c08fbfb53c760891708a524cb94f34fdaf21cd4005085360f2a94d81e2b51bb
B2_0704,006,vs2r,,BB,22-30BB,BTN-CO,,,f16e52704e39,006__position-BB__stack-22-30BB__opponent-BTN-CO__vs2r-f16e52704e39.jpg,charts/0704.webp,434,600,28419,11236,d300add4eb9b6058928caa384d75cbd91a92e38794d26201d632376a27a43010,7f84d663cde434dbbc0874d0570250577b3f533350fcf56f557c78621292511d
B2_0705,037,vs2r,,HJ-LJ,8-12BB,,,,a8317e7a8236,037__position-HJ-LJ__stack-8-12BB__vs2r-a8317e7a8236.jpg,charts/0705.webp,434,600,28359,10846,cb4ed304178cf9d8a077b3beda0c0ab68aa1ffcfeb71352ad74a49d9b66b0de1,9bbcce85183f2dd3683fc97cd3bcc1615d7ab95896225b22eb3862bdffc6de2e
B2_0706,020,vs2r,,BB,55-85BB,SB-BTN_HJ,,,2dbcc65af586,020__position-BB__stack-55-85BB__opponent-SB-BTN_HJ__vs2r-2dbcc65af586.jpg,charts/0706.webp,434,600,28136,11146,8bfb403608137f27dcbbea81d1d4617f90de46743fef326b0bec9e54e83610ca,0225b20bafccba27641ccd99cb1ed500ced2cd58a77d588b480198b053f1dee2
B2_0707,004,vs2r,,BB,16-22BB,SB-BTN_HJ,,,c80c1cfcffd9,004__position-BB__stack-16-22BB__opponent-SB-BTN_HJ__vs2r-c80c1cfcffd9.jpg,charts/0707.webp,434,600,30579,12058,3e0216ea03c231f84524d6f8aaf4f1dc5d1201243b36e4e8bdbaa72de51dedc3,475007fbb537ee700a940de65093d079205ea6e33e85a17f812db3aaea713234
B2_0708,008,vs2r,,BB,22-30BB,SB-BTN_HJ,,,0298d4d3bdc3,008__position-BB__stack-22-30BB__opponent-SB-BTN_HJ__vs2r-0298d4d3bdc3.jpg,charts/0708.webp,434,600,30471,12134,fd9cab6101d552fb984c558cae82a6378e03f90127380ae708ab5478fdee3305,4a22ba3dd8a7ef5dcc66de138dc2e7bd6d8fdf8163f42e49138e6319f500d5fd
B2_0709,022,vs2r,,BB,8-12BB,BTN-CO,,,e7331bfff33a,022__position-BB__stack-8-12BB__opponent-BTN-CO__vs2r-e7331bfff33a.jpg,charts/0709.webp,434,600,30074,11976,7ddbf2bcb5911ebaf03d06d000f171c47bf0aab791efc638ae5d12173264ff63,68fc578f938c193ce4186adedc9d5dd0f0ebbe1d9a5058c222a1fb4686075665
B2_0710,040,vs2r,,SB,12-16BB,LJ-HJ_3Bet,,,60549b5f6978,040__position-SB__stack-12-16BB__opponent-LJ-HJ_3Bet__vs2r-60549b5f6978.jpg,charts/0710.webp,434,600,29385,11136,099159a44ac0c5323dd80c67f3fcb1d351633e4835366c2bb1c0211ad0912510,78bc924a796c17a5d1d042ca0118534812e8aac456e9fb08ad0ffdb67d18d7df
B2_0711,028,vs2r,,BTN-CO,16-22BB,,,,1ab0a217efff,028__position-BTN-CO__stack-16-22BB__vs2r-1ab0a217efff.jpg,charts/0711.webp,434,600,28127,10780,663e04327403cead9474ad702b2e6b839fc38c7be698275f018e1a100bbc77a7,d87232eff9dee16b474f2160134e685a24d8af32305bd5cb52b7e2b857c91d34
B2_0712,026,vs2r,,BTN-CO,115BBplus,,,,b7cc93833256,026__position-BTN-CO__stack-115BBplus__vs2r-b7cc93833256.jpg,charts/0712.webp,434,600,28433,11144,7fd0bfee388d0ff4dcbab22fd0f9f24d99c7db23784b2f0d69eabc0e2bde5013,c141314dbc9823ae434e26039c8cd59f85abf90f558c74aedb89ac874d7ad347
B2_0713,035,vs2r,,HJ-LJ,22-30BB,,,,f0a63347d927,035__position-HJ-LJ__stack-22-30BB__vs2r-f0a63347d927.jpg,charts/0713.webp,434,600,27486,10164,d154b7d774763a67fa2d89857fead8db6657cbfa649282eecb319e72d4c2ede0,96d16c8b40d882f3706d0f5fe523574cbc74a0ab9a71ef95000f457799b3d963
B2_0714,002,vs2r,,BB,16-22BB,BTN-CO,,,39e7c630bbf8,002__position-BB__stack-16-22BB__opponent-BTN-CO__vs2r-39e7c630bbf8.jpg,charts/0714.webp,434,600,29276,11540,18a5ee127402e438bb7e53bc80868e4c8129bd85f4b49045f16cff4cb9c21a46,66dd22f347f801ef6b6e0a8e1a41e8ec1e6c120a2227da3ecc3c6e53a5b9e5a8
B2_0715,029,vs2r,,BTN-CO,22-30BB,,,,a9d6566eb753,029__position-BTN-CO__stack-22-30BB__vs2r-a9d6566eb753.jpg,charts/0715.webp,434,600,27931,10670,e9d51ee31566ec0c1c3a1305c98fc831d671cd858bc48c6ca70c9db452a26037,5f1b91e20b6c9338de744a7a8c404eec5c805b329faa1bfb5417e8df6fd590af
B2_0716,047,vs2r,,SB,40-55BB,CO-BTN_3Bet,,,0e9584eede7d,047__position-SB__stack-40-55BB__opponent-CO-BTN_3Bet__vs2r-0e9584eede7d.jpg,charts/0716.webp,434,600,27421,10642,832653b3afd5e58826a3a58ea54ba0519b6001cecff122ca33d37b97978ae44a,bb0bfde93d251053af6dd30a653e12d858c289fe02217418922f103d80cf9656
B2_0717,019,vs2r,,BB,55-85BB,BTN-CO,,,98657682e4ff,019__position-BB__stack-55-85BB__opponent-BTN-CO__vs2r-98657682e4ff.jpg,charts/0717.webp,434,600,27483,10624,9b24575b43ecca9248cb36e4f9d848446147994bc07bb9dc2a3104ecec85ff00,b54297e1bc40b91fd3691b6dad4c60dd2c53aa1ef7600ae246963df327ee351b
B2_0718,036,vs2r,,HJ-LJ,4-8BB,,,,323353811615,036__position-HJ-LJ__stack-4-8BB__vs2r-323353811615.jpg,charts/0718.webp,434,600,28900,11020,d667e982deebf575935983392730211dca6cd4a86d9b49f3c9090e05f8495051,b462abe7e08121e81bf8e3b88c94fa1aaf87001f5fdf723b5e349d7c04a54b34
B2_0719,031,vs2r,,BTN-CO,4-8BB,,,,61d814973c93,031__position-BTN-CO__stack-4-8BB__vs2r-61d814973c93.jpg,charts/0719.webp,434,600,29712,11300,4cd1711d3d1bf2c1b46966ea36d5f71de31d99d0fc47c7b545f2c9170666b4ce,3a4f51f24ac2ee329d7487edfa53f81cd8d712d964c6c61e753767712ca53721
B2_0720,013,vs2r,,BB,40-55BB,BTN-CO,,,2315ad688da5,013__position-BB__stack-40-55BB__opponent-BTN-CO__vs2r-2315ad688da5.jpg,charts/0720.webp,434,600,28072,10892,d22a67e4e86428285228e370c911644463819755ffde89c353cf495ace530d5e,97d3db63245d812af2d834868b0ad33989701ec46a16be8faf9148407e0e48a9
B2_0721,050,vs2r,,SB,55-85BB,CO-BTN_3Bet,,,3904a8fd17f7,050__position-SB__stack-55-85BB__opponent-CO-BTN_3Bet__vs2r-3904a8fd17f7.jpg,charts/0721.webp,434,600,27829,10872,26ac0e4574ebe5660d31a64180b8a471c28f758d593038de75f21265ba81c1a6,e03535e7b2704200b2dee96940a7095cb9bb9ef8704dd624518ee67cdbafd9c3
B2_0722,003,vs2r,,BB,16-22BB,HJ-LJ,,,0ed9f33eff6c,003__position-BB__stack-16-22BB__opponent-HJ-LJ__vs2r-0ed9f33eff6c.jpg,charts/0722.webp,434,600,28421,11260,6f3c298fbe84b883e76bd4978d647c3edd9dae748d4c41633b2ebdab5def2669,5e20cff5cc952ae0796c70cfcdaa24a7c54f2adff67b033cdb78e81b4bb2ac46
B2_0723,005,vs2r,,BB,16-22BB,SB-EP_LJ,,,50a52b0284d1,005__position-BB__stack-16-22BB__opponent-SB-EP_LJ__vs2r-50a52b0284d1.jpg,charts/0723.webp,434,600,27459,10578,4d35f0f95a35527091d756137769f5949ca249f444d138f739eb540216fb0789,2ec1af29abc4e35cfec27d629969056e71eef04a817f83772cb60f49abff2bd1
B2_0724,018,vs2r,,BB,4-8BB,SB-EP_LJ,,,20ff3886da0e,018__position-BB__stack-4-8BB__opponent-SB-EP_LJ__vs2r-20ff3886da0e.jpg,charts/0724.webp,434,600,29804,11670,27e5195822c0751d269e025e95b1ef98117423eeb88498fbbe798f5896dba1b8,94f26404a8106ed3c22cae926d2c232e92f3d306e03ed849b0558e1c7dc010c0
B2_0725,012,vs2r,,BB,30-40BB,SB-BTN_HJ,,,78fe97a7aaf4,012__position-BB__stack-30-40BB__opponent-SB-BTN_HJ__vs2r-78fe97a7aaf4.jpg,charts/0725.webp,434,600,29614,11408,d2cf5fa45db5efcc3bf6bf35d7144dcf881e1af9a8f0740c18e29932a8144dbc,66db7577401b0b3ac87c44f112dba6e9b20f93e8edc3efd5646f45e5261bcede
B2_0726,039,vs2r,,SB,12-16BB,CO-BTN_3Bet,,,e4da4b76ee0a,039__position-SB__stack-12-16BB__opponent-CO-BTN_3Bet__vs2r-e4da4b76ee0a.jpg,charts/0726.webp,434,600,29396,11218,12d5db354dfbdfa522bc7b6c63d99b4f68e671ec6b22220d4ca1d4c016978d63,58c03fe6b6fcea8a3038ea476d68e9bd87abaf0e8f701ab123fe0867f2ff0d77
B2_0727,023,vs2r,,BB,8-12BB,HJ-LJ,,,878303bb0210,023__position-BB__stack-8-12BB__opponent-HJ-LJ__vs2r-878303bb0210.jpg,charts/0727.webp,434,600,28914,11488,90dc8aaf85e3c49e84712515093bfe1d75d66b484e6ccfa232400564ef14a430,6de44c6a4e7cec880b6e6252e6c93936beb765c63e6f5af67fa3bf4c8bedeff3
B2_0728,021,vs2r,,BB,85-115BB,SB-BTN_HJ,,,15702f95081c,021__position-BB__stack-85-115BB__opponent-SB-BTN_HJ__vs2r-15702f95081c.jpg,charts/0728.webp,434,600,27692,10780,e17fe606dc61d92bac6f9071f1ea1ed6d2dfda6de399a7b73b87d13736e593d6,186ee4a62ea9dade56a27f840b971314e2ee544987c2de2813c902da6fe8886e
B2_0729,009,vs2r,,BB,22-30BB,SB-EP_LJ,,,07930a2db0c9,009__position-BB__stack-22-30BB__opponent-SB-EP_LJ__vs2r-07930a2db0c9.jpg,charts/0729.webp,434,600,27472,10664,12b5efeed3bcda204f18366370aff81c386edcc5bd8fc200f5176295a31dedbb,d251c41b5da49dca5fdce6a655479f368593698185bf3e37f513a21b9e29189a
B2_0730,030,vs2r,,BTN-CO,30-40BB,,,,cc1c69e06f72,030__position-BTN-CO__stack-30-40BB__vs2r-cc1c69e06f72.jpg,charts/0730.webp,434,600,27738,10320,700096319df466ff79aa50d79cec2e5b0db7c449eb3bef17025bfdea711febc7,09d87a31c2aa9c12803da021269fd8906e1ac90a4b7da1ac1a7d1f0ef621db29
B2_0731,010,vs2r,,BB,30-40BB,BTN-CO,,,1e168d75251b,010__position-BB__stack-30-40BB__opponent-BTN-CO__vs2r-1e168d75251b.jpg,charts/0731.webp,434,600,28249,10836,5f6754b2d47126eec94790b93961ef62136505a8bbe82408d766afb6efec88d1,be5805f35add4b06e1cb4fc88f5189a3d3711e821b11d3a5628b6ee7c86d9891
B2_0732,052,vs2r,,SB,8-12BB,CO-BTN_3Bet,,,7f47241944d1,052__position-SB__stack-8-12BB__opponent-CO-BTN_3Bet__vs2r-7f47241944d1.jpg,charts/0732.webp,434,600,29317,11610,ee4e3fe5e14cf8bf0a8248b3b6623dfec895c02b93cca69012caa4a67769a39c,da2cd8a4c0bec36732b23aa238f09f737f981ef72940e9f52d968094f97dafe1
B2_0733,045,vs2r,,SB,30-40BB,CO-BTN_3Bet,,,c41d2ad320e0,045__position-SB__stack-30-40BB__opponent-CO-BTN_3Bet__vs2r-c41d2ad320e0.jpg,charts/0733.webp,434,600,28576,10910,244e85b70a8d51708cf7af1de1a89d56b5e0ca45a5f294d7aab40ca6f7c597c9,0f503170d5a21d0b802d7f4fd90739f9326f2eb644123ec23693cbecae5e0170
B2_0734,051,vs2r,,SB,85-115BB,CO-BTN_3Bet,,,3e121847512e,051__position-SB__stack-85-115BB__opponent-CO-BTN_3Bet__vs2r-3e121847512e.jpg,charts/0734.webp,434,600,27614,10944,8c7393d7e19bfa04f2167b2330a4e9bf868d3d2d1d3c08b0dca102a21af2800d,fbad3afb12d3784b443da95bb85f09386c547ffc15d677c1c3d591e5ed9be972
B2_0735,016,vs2r,,BB,4-8BB,HJ-LJ,,,72353498fe3b,016__position-BB__stack-4-8BB__opponent-HJ-LJ__vs2r-72353498fe3b.jpg,charts/0735.webp,434,600,29865,11764,b53de95daef4215d9433fe7abd885ed8626a9c13f44b0bbbb7841f22dabd7c57,63cd651e4b477b4b52844755f856b58ad1045fad171a829facc833d52d840021
B2_0736,027,vs2r,,BTN-CO,12-16BB,,,,a58dc6059ec6,027__position-BTN-CO__stack-12-16BB__vs2r-a58dc6059ec6.jpg,charts/0736.webp,434,600,28323,10924,a0c1f2c0bb472dfe56fad49abf30691125adf02b35dd80fc0b90a4dbc4d0a7d3,f6fadd7a01da8608893a0ccf026ecdcdbdde46994d8c91ddae07ac820ad2e74d
B2_0737,025,vs2r,,BB,8-12BB,SB-EP_LJ,,,335d30bad13f,025__position-BB__stack-8-12BB__opponent-SB-EP_LJ__vs2r-335d30bad13f.jpg,charts/0737.webp,434,600,29142,11530,8ba127d6d43d84323b582bf3fd09c1a209f2651159c0d29f6a59b025e99ce958,7a618c9733f2f687fa939ee8f4eac9dddce0836957ff78d9d418cd8ee7f1ddd3
B2_0738,015,vs2r,,BB,4-8BB,BTN-CO,,,ef7594b0ac42,015__position-BB__stack-4-8BB__opponent-BTN-CO__vs2r-ef7594b0ac42.jpg,charts/0738.webp,434,600,29804,11670,27e5195822c0751d269e025e95b1ef98117423eeb88498fbbe798f5896dba1b8,94f26404a8106ed3c22cae926d2c232e92f3d306e03ed849b0558e1c7dc010c0
B2_0739,033,vs2r,,HJ-LJ,12-16BB,,,,07cc4b968365,033__position-HJ-LJ__stack-12-16BB__vs2r-07cc4b968365.jpg,charts/0739.webp,434,600,28359,10846,cb4ed304178cf9d8a077b3beda0c0ab68aa1ffcfeb71352ad74a49d9b66b0de1,9bbcce85183f2dd3683fc97cd3bcc1615d7ab95896225b22eb3862bdffc6de2e
B2_0740,017,vs2r,,BB,4-8BB,SB-BTN_HJ,,,3f1b5e29f585,017__position-BB__stack-4-8BB__opponent-SB-BTN_HJ__vs2r-3f1b5e29f585.jpg,charts/0740.webp,434,600,31323,12736,54f0a5ca2a7fa6c78bce3286a9158b6eefe1c3c376460724ab45db610fc63700,d9e91b78dce7b7da7b617d61862b8d828171318b69348c6d7d816efc6f078bed
B2_0741,024,vs2r,,BB,8-12BB,SB-BTN_HJ,,,02b998ba740b,024__position-BB__stack-8-12BB__opponent-SB-BTN_HJ__vs2r-02b998ba740b.jpg,charts/0741.webp,434,600,30762,12592,915f8e2bc1e436118c8078f04be427b0032e47b4724dcddd5cfae53835f0c911,8bc51b4cee7597bdbdaabd52ca32d240f5848a9025df2b414988eaa8eeeea206
B2_0742,042,vs2r,,SB,16-22BB,LJ-HJ_3Bet,,,3d2923aca0f8,042__position-SB__stack-16-22BB__opponent-LJ-HJ_3Bet__vs2r-3d2923aca0f8.jpg,charts/0742.webp,434,600,28931,11418,5c7fb9ae798f2d6f5bde540a63caa0a62f5cd36fa552def9a1bff4e630287361,d077179023ac69eedde60bf0cf88e9cb7d8e350877fcbe98c44dde534e10a533
B2_0743,053,vs2r,,SB,8-12BB,LJ-HJ_3Bet,,,024a8e74e9d2,053__position-SB__stack-8-12BB__opponent-LJ-HJ_3Bet__vs2r-024a8e74e9d2.jpg,charts/0743.webp,434,600,29384,11634,f0d85e8c3c32462830d278c054dca903cb6fffddf777a682c8c297a9e6f9442d,69bceeb5adb0d728d877b1791582b6dbbdad080439588432d6cac011284bb8df
B2_0744,043,vs2r,,SB,22-30BB,CO-BTN_3Bet,,,bbf8b7df67fd,043__position-SB__stack-22-30BB__opponent-CO-BTN_3Bet__vs2r-bbf8b7df67fd.jpg,charts/0744.webp,434,600,28700,11346,a703b9a08c8d9f9904b07975d20d52628a914b2414563c9df945638737ed875a,68b0b4132b16402da4bd3431bb71d451959d9d17821c6a7f7a609afea3b3d0c2
B2_0745,011,vs2r,,BB,30-40BB,HJ-LJ,,,113f4e4e244e,011__position-BB__stack-30-40BB__opponent-HJ-LJ__vs2r-113f4e4e244e.jpg,charts/0745.webp,434,600,27466,10192,a5c52d7d4b294b7b62f04a29db3a18f04c2268a0d3ee611f20e7b2fc61d7b8a5,4168b2e649604ee8cd90699c444ff95e830f4f9ad53dd8fc3ff749e8293eb08b
B2_0746,007,vs2r,,BB,22-30BB,HJ-LJ,,,79506e07cdbd,007__position-BB__stack-22-30BB__opponent-HJ-LJ__vs2r-79506e07cdbd.jpg,charts/0746.webp,434,600,27985,10868,77d78997875aee414cb3becdbab11cd4bd34e110581af6b4d5c5d5246bd63642,a893434f09c41ab81515cd8af8273da33b6582d218f3d7f68fdbfbefedbf23cf
B2_0747,063,huante,,BB,25BB,vs_1L_REAL,,,5c14e181dc26,063__position-BB__stack-25BB__opponent-vs_1L_REAL__huante-5c14e181dc26.jpg,charts/0747.webp,434,600,61064,27906,7ca3c836998356d982800e3a04099c7abcbbbb2c98e624fc5dd4ec6edf390cf3,d3727dacdbfa073136019f0419913e380600369c59bd3ff3d071a2bf8fc40867
B2_0748,057,huante,,BB,22.5BB,vs_1L_REAL,,,21567c050f26,057__position-BB__stack-22.5BB__opponent-vs_1L_REAL__huante-21567c050f26.jpg,charts/0748.webp,434,600,60791,27954,cff0ce324617344c6db934dc5130b1b6bf3bca7c273fba72a3b1aa66f2ec0433,e4ffe9b99f648474fd5def26b9543de915070d2a388b5fc80d160549d2b27472
B2_0749,149,huante,,SB,30BB,UO,,,deb1adb87033,149__position-SB__stack-30BB__opponent-UO__huante-deb1adb87033.jpg,charts/0749.webp,434,600,60698,27462,c61afb7ede944c6148492d702910abaa18d13427606d01581b9912d19714ffee,ed8f30f1b3487fb3b59c78cff1a3d0d246b862b6361eef7c44295d1235a5343c
B2_0750,048,huante,,BB,19BB,vs_1R,,,c39d59a2f1e6,048__position-BB__stack-19BB__opponent-vs_1R__huante-c39d59a2f1e6.jpg,charts/0750.webp,434,600,55681,25244,d039709f6d622c7e811db3f53009a382894b69d57a5378749b9cc727facfc9b9,8ff961eb58cb18cd575579c5fb5a2b7b5a9fd8d38d1e42281677ee931c76c457
B2_0751,094,huante,,BB,7BB,vs_1L_REAL,,,d3d04d90f3eb,094__position-BB__stack-7BB__opponent-vs_1L_REAL__huante-d3d04d90f3eb.jpg,charts/0751.webp,434,600,57838,26484,2659a5f416c0b01a0c7f73b0a3043f080bd837f79d146e901eecf093a2742613,52318058b596db1cccb1e4f834c563ea4ea60e5d1178586d36461bcbffe2f101
B2_0752,011,huante,,BB,12BB,vs_1L,,,e7ab135334fa,011__position-BB__stack-12BB__opponent-vs_1L__huante-e7ab135334fa.jpg,charts/0752.webp,434,600,59617,27648,2a0a1d56217a164f03eeb029e093d44aa889e9e5b7bc8c661fa2d5129a2981a5,3023c615fd7264760677a496d55bf6ca3aabb918fecb293725ce211114261665
B2_0753,148,huante,,SB,30BB,Limp_vs_Push,,,5a1298e5d80b,148__position-SB__stack-30BB__opponent-Limp_vs_Push__huante-5a1298e5d80b.jpg,charts/0753.webp,434,600,32838,13018,1c2c53287fcf437780e0646f010322b141743f4e0c72c916041db89d439ac8f5,7052c833700a652b3ad1489ec16ff0167aa89ba8b1655eef039d0256a54cfc9f
B2_0754,103,huante,,BB,9BB,vs_1R_REAL,,,098b8e7cf512,103__position-BB__stack-9BB__opponent-vs_1R_REAL__huante-098b8e7cf512.jpg,charts/0754.webp,434,600,55063,25114,0c60c01cac56c4176c2acf500d38c7f8ec3f570876120f90dcc16dbbf211a16a,81cb65ae6bc02423ced1404e659e01e9ca8740b14321d669405f6ca567b2f9e6
B2_0755,022,huante,,BB,14BB,vs_1R,,,87b754a35fe8,022__position-BB__stack-14BB__opponent-vs_1R__huante-87b754a35fe8.jpg,charts/0755.webp,434,600,55304,25056,7a64bcb2fc2c8217be2a732c3fb4a2fc222e6a81bcaffebc70e7bf7c18f09c1c,1b31f825efb6b852b4f28193f633ee53706abb20c2fa431e7c9365ee934d3a45
B2_0756,128,huante,,SB,17BB,Limp_vs_Push,,,edf87aeb6951,128__position-SB__stack-17BB__opponent-Limp_vs_Push__huante-edf87aeb6951.jpg,charts/0756.webp,434,600,34947,14484,3c1269e42f4737bc165a24d11e27926e048a02e789581557c9b1d2c8aff9e765,d00d84d7a465b0d83a8f1230537541d3cb4d09971a45b4b1bbf3ad3091e42563
B2_0757,016,huante,,BB,13BB,vs_1L_REAL,,,a83acd3d2960,016__position-BB__stack-13BB__opponent-vs_1L_REAL__huante-a83acd3d2960.jpg,charts/0757.webp,434,600,59974,27146,9ce4d5bab590a9f3b70b204d3af77847ca9fe627bbd337ad6479b6831593e13f,ca766cdde2191c0609cbc81444a5e588231ee227d0890c0ffe33ec8a64c30230
B2_0758,012,huante,,BB,12BB,vs_1L_REAL,,,5423fb7af349,012__position-BB__stack-12BB__opponent-vs_1L_REAL__huante-5423fb7af349.jpg,charts/0758.webp,434,600,59987,27612,0bd7018584c5a26794f8426d4ad4fcc67aba473136189a7b63786afd72b96cf9,b59ae49894dacbafbf21e30ada933216f77c9308a887b9c51cf3773bb9e2200e
B2_0759,088,huante,,BB,6BB,vs_1L_REAL,,,5a53b0d89f2e,088__position-BB__stack-6BB__opponent-vs_1L_REAL__huante-5a53b0d89f2e.jpg,charts/0759.webp,434,600,57038,25852,0566da6d798862ffde1734475d4259e6f1d422268363122d09421af54252a093,711850f2039be8bafe622e44dd89fcd5d1051948740a5fb2afbb60c33b81893b
B2_0760,014,huante,,BB,12BB,vs_PUSH,,,d1ed365589eb,014__position-BB__stack-12BB__opponent-vs_PUSH__huante-d1ed365589eb.jpg,charts/0760.webp,434,600,37590,15688,c348dc97c36c0048e5622af06f0bb75693e7021eaa8925c94057e2fb0334b25e,846f7eac04d9c4c64cae3261c828caa8b79b7542a40fe91c89a1b66327eb9592
B2_0761,130,huante,,SB,18BB,1R_vs_Push,,,ec25bfda209e,130__position-SB__stack-18BB__opponent-1R_vs_Push__huante-ec25bfda209e.jpg,charts/0761.webp,434,600,34973,14284,e8506e2114acae494304eb448b06aa9728e41d50ebc092afa6a5d7520f028554,726e2397a8e603b53844ab35e987f3e53f13a9be4f39d44e802c37b0c2c95233
B2_0762,001,huante,,BB,100BB,vs_1L,,,9c899f58caf3,001__position-BB__stack-100BB__opponent-vs_1L__huante-9c899f58caf3.jpg,charts/0762.webp,434,600,59895,26700,35ddff2b689fc139eb57da2707fccf444b767c8a63f4e50fcc5f86f2e37d10a6,bc2eab9286a696cfb4202898bb6a084899d30e499f3c2ffb50fac27774293290
B2_0763,054,huante,,BB,20BB,vs_1R_REAL,,,c60c8154525c,054__position-BB__stack-20BB__opponent-vs_1R_REAL__huante-c60c8154525c.jpg,charts/0763.webp,434,600,56573,25890,fa26bff92428fae85e27a60947140e4d8b55e6fc0d8e94dcfb4fd3512ff1aa6b,bf515d39ae8412fbc372129595801612138c04feb3ef0ae10fc4287d0094718f
B2_0764,079,huante,,BB,42-56BB,vs_4BP_REAL,,,6f1ddc0cfd53,079__position-BB__stack-42-56BB__opponent-vs_4BP_REAL__huante-6f1ddc0cfd53.jpg,charts/0764.webp,434,600,35858,14728,b62ad17f58ae34f102a613f7e84c0f3a510272f26e1ab7573b5b5dc3f8ebf3be,5d86894e9603bcafc13dfb99c3f9af6f04731968880029ac00949691d9b5e614
B2_0765,072,huante,,BB,30BB,vs_1L_REAL,,,2031b44dfc7c,072__position-BB__stack-30BB__opponent-vs_1L_REAL__huante-2031b44dfc7c.jpg,charts/0765.webp,434,600,61037,27610,1cf900bca26572e1532498232d598e73fef62270424370d5189a70b24d595a44,7d14f10d66d1a209e0403c40a829d6b8da0f245e2838bf76e3f72bfdfa135bf1
B2_0766,109,huante,,SB,11BB,1R_vs_Push,,,cea83fcb4ebc,109__position-SB__stack-11BB__opponent-1R_vs_Push__huante-cea83fcb4ebc.jpg,charts/0766.webp,434,600,39659,16826,89c6ba1d81548367494c7349f9afd7c385618391a141eb20967599b767cdd121,1126cd4e9f9b60741725967bde72785057d6866ecb80ba6a72eb34a8d61c2285
B2_0767,009,huante,,BB,11BB,vs_1R_REAL,,,305c945b49fd,009__position-BB__stack-11BB__opponent-vs_1R_REAL__huante-305c945b49fd.jpg,charts/0767.webp,434,600,54805,24940,46678945dbca47badf3866364735d2d119268968febef78d0d1a6ce5e5b3a9be,d235ac40e6a710944bf33e6beeb8d00d1dff29aecd4e3536dd97f1fcce5cbfce
B2_0768,052,huante,,BB,20BB,vs_1L_REAL,,,e46be1ef25b9,052__position-BB__stack-20BB__opponent-vs_1L_REAL__huante-e46be1ef25b9.jpg,charts/0768.webp,434,600,60421,27644,1a529ad806a1795a5d980925beb43e129de3ddef853e20df1e7a0cbd8cbec3a3,17e9d635e124b2cb56c6848be8f3d14511fda83d0ae47e461a5d21817f15ec62
B2_0769,167,huante,,SB,8BB,1R_vs_Push,,,e569fe303ca1,167__position-SB__stack-8BB__opponent-1R_vs_Push__huante-e569fe303ca1.jpg,charts/0769.webp,434,600,43219,18604,a4e941e71bb1db3d1a7b17a41f475841c863db38c234632a9b0408c3127bc911,58c43c9154fdc468f7674bdb291807fc9d6c33e28b5e52e78f7e194bd6a218fc
B2_0770,143,huante,,SB,25BB,Limp_vs_Push,,,20569fd37fb9,143__position-SB__stack-25BB__opponent-Limp_vs_Push__huante-20569fd37fb9.jpg,charts/0770.webp,434,600,33671,13756,3613f2480f6b9e7b4a11dc9ff2932267304ed0f6323bb60a6cd99e7ff2abbb03,258244ef800baab25d6958f3954f7c04ee866c3c6d28275516a01303ad23ab76
B2_0771,070,huante,,BB,2BB,vs_PUSH,,,3761c0212f00,070__position-BB__stack-2BB__opponent-vs_PUSH__huante-3761c0212f00.jpg,charts/0771.webp,434,600,52492,23518,7b0e566443b634b259f6575961214b91fcc0bfa4a544f8817ee117299baf7f89,72c62d2c6fead90d2e382baf8c5f9a195973c18d53f33ca3eaf24fe7d0e8318d
B2_0772,123,huante,,SB,15BB,UO,,,e6259b74de85,123__position-SB__stack-15BB__opponent-UO__huante-e6259b74de85.jpg,charts/0772.webp,434,600,61036,27552,44effe7f162670d30cbaf7cdd1413ee7abb9037bcd1b4f7ac76d6d092ede4f43,904320d42daa1aa4d610b0c0702099ea5a8a73ed0a2f62554c9c6362aeb63218
B2_0773,091,huante,,BB,75BB,vs_1L,,,ae4bd07e1f80,091__position-BB__stack-75BB__opponent-vs_1L__huante-ae4bd07e1f80.jpg,charts/0773.webp,434,600,60019,26952,358f562ce5cc530cb7e99a4e7f860a81da9b98823cc49f912ad246cb68e95884,39267f64afa61dea9f2cdbedd7ce12b744e34423fa6dab9f92016fdd04c34b7d
B2_0774,089,huante,,BB,6BB,vs_1R_REAL,,,927c7be6b69b,089__position-BB__stack-6BB__opponent-vs_1R_REAL__huante-927c7be6b69b.jpg,charts/0774.webp,434,600,57042,25852,f35369969b813ceec95ea72b552a0e96ae9eb001de1a5aab6e24ab0c1e9794be,ac3cce2f352458f25884b47a8a81b58130a87bc07354a8f4cce3475084683e98
B2_0775,078,huante,,BB,3BB,vs_PUSH,,,330b06e6d27b,078__position-BB__stack-3BB__opponent-vs_PUSH__huante-330b06e6d27b.jpg,charts/0775.webp,434,600,52903,23740,a5b4935d59f82d024fdce08a2b3517fc746243a8268e84dec5474b5a9c1ec4af,d898cf2dca3e8837348b3e47ccfc5c2a560c26e66af59002bba8bc3fa2197565
B2_0776,138,huante,,SB,20BB,UO,,,ab08c7e4bc2f,138__position-SB__stack-20BB__opponent-UO__huante-ab08c7e4bc2f.jpg,charts/0776.webp,434,600,60868,27564,02c9e3d19c4574e8838bd3c5952e926dfc7f1c4fd2c31680bf724f7f1821f7ee,b270aae3b2ea3b5abb655f12a789d8be26f3a143dc4bd562da3bdd7a12d46204
B2_0777,090,huante,,BB,6BB,vs_PUSH,,,9e5c257a63e8,090__position-BB__stack-6BB__opponent-vs_PUSH__huante-9e5c257a63e8.jpg,charts/0777.webp,434,600,44274,19132,27d7d02dbd43fb4b6bc59eae92837be2b7fd79b6739a5c82f7e9c4343e97fa9f,e158e02a62066b992ac87a427c3b8e17d9973e6e7e3497847ce9c1b9f1c0e6c0
B2_0778,066,huante,,BB,25BB,vs_PUSH,,,7b9fd90fc037,066__position-BB__stack-25BB__opponent-vs_PUSH__huante-7b9fd90fc037.jpg,charts/0778.webp,434,600,36308,15016,3082d8e5cc4a7eff62323558c2200ab9548ddd29449ca3bce2385fcc6d353695,fbe22ab4d85e15a7986183033f75983cf9c983d9e5d30e3436a41e3daf3d6012
B2_0779,097,huante,,BB,8BB,vs_1L,,,2c4f7a081895,097__position-BB__stack-8BB__opponent-vs_1L__huante-2c4f7a081895.jpg,charts/0779.webp,434,600,60149,27926,6ca2d489b76eef2c923657d9e144a8330f2b234b1628d34b436eba23c4489401,0462fcc24d7de934dc007b276a78870dfa9df66373d2ef7b83f1bfef44cc943b
B2_0780,038,huante,,BB,17BB,vs_1R_REAL,,,ba15f9a8dd9b,038__position-BB__stack-17BB__opponent-vs_1R_REAL__huante-ba15f9a8dd9b.jpg,charts/0780.webp,434,600,56656,25516,f8a3820deb4d042938bc8531e8b4babd24fb6a3a195cd12a8f41f530bddfc7b4,6ab6a056e951e5fe7c4fedb3788f24cb9e6ea8af348d8523d61bfb214b4ae36a
B2_0781,035,huante,,BB,17BB,vs_1L,,,bd5823474674,035__position-BB__stack-17BB__opponent-vs_1L__huante-bd5823474674.jpg,charts/0781.webp,434,600,60405,27648,8db5a21f47f22d51a57e407f481861125b18cfc5fea59c7567b8dd47b7bc3fcc,7668806577b3039c77fd29f01d496d276a33c0aa451c9f97e7c1e331fc01533a
B2_0782,008,huante,,BB,11BB,vs_1L_REAL,,,363e4f2f518c,008__position-BB__stack-11BB__opponent-vs_1L_REAL__huante-363e4f2f518c.jpg,charts/0782.webp,434,600,59629,27116,ede7c229ee7274cc99f6f2b5fee46b208184f142505a67ea9421e55958140172,319d3c0a49d6bac08c1e1f9a7ba884d2e50434e70b935f377f682873a7806344
B2_0783,141,huante,,SB,22.5BB,UO,,,c2dd4dca1d90,141__position-SB__stack-22.5BB__opponent-UO__huante-c2dd4dca1d90.jpg,charts/0783.webp,434,600,60382,27136,6ffc6b9994e8909e990368d32401c36ad145893baed469ee1e790cf435a28c9f,a210f229ca7a1b9d1dee02ac44b502e431727144aa4a0bb627933d23f893adf2
B2_0784,076,huante,,BB,34-42BB,vs_4BP_REAL,,,37ccfb3c2168,076__position-BB__stack-34-42BB__opponent-vs_4BP_REAL__huante-37ccfb3c2168.jpg,charts/0784.webp,434,600,36735,15214,c53d45ed229548f5ce27e4e19615df8861b2f861ea1085541bfa768f2ef2a1c3,eaf6286db1277180e23e8eec5205d030b19bb76dcb58bd1f519f4d859524a148
B2_0785,040,huante,,BB,18BB,vs_1L,,,ce6ee616fb5e,040__position-BB__stack-18BB__opponent-vs_1L__huante-ce6ee616fb5e.jpg,charts/0785.webp,434,600,60359,27784,e369b448c3e22647d7c8015386b93fac3ada439a6b9593e8a657cc07a20c0ca5,6ba5f4a884121503ac677bbb7706e51ff2e83bec341d7a04687da57c7601783e
B2_0786,161,huante,,SB,6BB,Limp_vs_Push,,,8042a6536598,161__position-SB__stack-6BB__opponent-Limp_vs_Push__huante-8042a6536598.jpg,charts/0786.webp,434,600,45579,20064,d271478a94404d239803ab1e0388fab80794f73cffee373ec844aa882fa23860,2b4434e318d18fe1ba3cdc922487d5124b5759fa4d11d44c7457e380d9b9e9bb
B2_0787,115,huante,,SB,13BB,1R_vs_Push,,,7a12953be696,115__position-SB__stack-13BB__opponent-1R_vs_Push__huante-7a12953be696.jpg,charts/0787.webp,434,600,37826,15948,056358d75dd5f11a5e75804fde92fed4c92ca075e398a52fec86ddd2148130b5,135d493be23a4489d2e2871730d8bf132a36a653fb56d8b19567d8af6058d55c
B2_0788,140,huante,,SB,22.5BB,Limp_vs_Push,,,acfb5ad02261,140__position-SB__stack-22.5BB__opponent-Limp_vs_Push__huante-acfb5ad02261.jpg,charts/0788.webp,434,600,33803,13714,ecac60c757925eb5d59b4e34889a774c0edb18ca019bed5e6e9a6d84781fa1ac,3fa2b58c7fd6d87377f03e3e0cda250a6777fe61720dfde5b502cb0a2216ff9e
B2_0789,051,huante,,BB,20BB,vs_1L,,,b9d566cdbf5b,051__position-BB__stack-20BB__opponent-vs_1L__huante-b9d566cdbf5b.jpg,charts/0789.webp,434,600,60700,27532,1453b98c33684d7f3409324554dd35b17231d4e9603c80c29e8fd03b83f1f36a,5b64707f10a6cc468e74c6ef7b9f190274ea358de60b4e48d68bc2b4cbbe70da
B2_0790,111,huante,,SB,11BB,UO,,,4fc66f479acb,111__position-SB__stack-11BB__opponent-UO__huante-4fc66f479acb.jpg,charts/0790.webp,434,600,58866,26316,5b42d12cc2e24a2fcc1792e7323f9f0683bd4080e8080e1b56bf7882bcc64f90,ded49fd447809288024f67100abd8da9df2348fcf9bfc9b764e9504345c2e698
B2_0791,073,huante,,BB,30BB,vs_1R,,,2953b0846ee0,073__position-BB__stack-30BB__opponent-vs_1R__huante-2953b0846ee0.jpg,charts/0791.webp,434,600,56692,25826,ada1103326edda984e50606df3397851ac61cad5684ba4786e1067bdd5150645,31f403973cd2a94cbe4f56845980cdb6b038d860ad70b32d53ffa42724236f69
B2_0792,126,huante,,SB,16BB,UO,,,1b5af6ea1315,126__position-SB__stack-16BB__opponent-UO__huante-1b5af6ea1315.jpg,charts/0792.webp,434,600,61167,27378,b12f4abe10333f004ab71219ec9e489755e130e80b56a2581c97d1b6f60cf076,31a4cb2db25cacf840f09c136a2aa5b9220623c1934dd65fb92d94c886c671a5
B2_0793,039,huante,,BB,17BB,vs_PUSH,,,3e982067da18,039__position-BB__stack-17BB__opponent-vs_PUSH__huante-3e982067da18.jpg,charts/0793.webp,434,600,35908,15056,e16e6a32f5379a43dfd83d3d93b1c4c77aa82d95e9947e893dd3bf27c2c647c2,9def4d4984500d31062a0326b4d90c94f75fde4044499ca358bc480a3b1be378
B2_0794,172,huante,,SB,9BB,UO,,,1c30fafe7bc8,172__position-SB__stack-9BB__opponent-UO__huante-1c30fafe7bc8.jpg,charts/0794.webp,434,600,55559,25130,831c5cd74d293daec9a760bd0b61fdced2e044f5979cc130536fbcc01e32df31,2021bb25eb5f210903dc0c10142b60c4dd3d75338c5f62591f20af81c0313cd4
B2_0795,150,huante,,SB,3BB,1R_vs_Push,,,dcb9cb78a8b6,150__position-SB__stack-3BB__opponent-1R_vs_Push__huante-dcb9cb78a8b6.jpg,charts/0795.webp,434,600,53101,23746,ab0309ce2e1dbaea5d18200d7bfd5d80508b7768a1183e9ea70e8ee52e210d7f,503a4f7eff3f38f0dbf73990bd127892d3c63c9f141021689a7e10a9ad0c763d
B2_0796,165,huante,,SB,7BB,Limp_vs_Push,,,0ec23395a3a1,165__position-SB__stack-7BB__opponent-Limp_vs_Push__huante-0ec23395a3a1.jpg,charts/0796.webp,434,600,43407,18984,a7afc5d34b752c0c65074782af011892d8176c5e6106e389d01090977ed7576b,e898b1f2f720aeb10df420c0ef36b7f640b3e3d1bfe1772acb9e2c889eab746e
B2_0797,136,huante,,SB,20BB,1R_vs_Push,,,fe9ab389c232,136__position-SB__stack-20BB__opponent-1R_vs_Push__huante-fe9ab389c232.jpg,charts/0797.webp,434,600,34322,14050,ac1c2e7b6c8d15f3c83462f2762b66043b61935d5e3824abad8958c42d8997ec,a34d5e87d04b0ec6de150b8d89521066f81ccb6c7e359740c5c9ebb1b675eba3
B2_0798,156,huante,,SB,50BB,UO,,,8ed23d56cf4d,156__position-SB__stack-50BB__opponent-UO__huante-8ed23d56cf4d.jpg,charts/0798.webp,434,600,60457,27520,eea2fcf7f2cd513093bbbce5a134644070ab9444f155414ff7e436a1df4702f9,75f9a88cb875208107d7d9d5d05220c0250104797fccb746fc6a2e341fbcf963
B2_0799,135,huante,,SB,19BB,UO,,,6d15e48cf84c,135__position-SB__stack-19BB__opponent-UO__huante-6d15e48cf84c.jpg,charts/0799.webp,434,600,60785,27404,9e8c1c8444c1a5bece96bacc340b87e6c80372ee36b1b481cf9a77dc130ab737,3c64ec5d076169ca29a008adc8235487066231514c185f641ed748b52fc6f47e
B2_0800,119,huante,,SB,14BB,Limp_vs_Push,,,0f09140abe59,119__position-SB__stack-14BB__opponent-Limp_vs_Push__huante-0f09140abe59.jpg,charts/0800.webp,434,600,36566,15368,32991f66e5926f15e3ea23b8eec870304aa7b0d08f1ce19daa403b7ba6c4658e,5fbbcaa6cd2c764dffaeed9d2c52cac00b2b14b8425ed686a657bce7bd4c48af
B2_0801,003,huante,,BB,10BB,vs_1L,,,7b5cfed3a565,003__position-BB__stack-10BB__opponent-vs_1L__huante-7b5cfed3a565.jpg,charts/0801.webp,434,600,60192,27510,f2f074333ddd845c52dfe758ebe3ed2b2eae16d21e42a67909595620f9a582f6,3889393e3b371a393bff8032d9caca65d2fae5bbcd00ac1595560940e75cf604
B2_0802,053,huante,,BB,20BB,vs_1R,,,d9a8f3df2928,053__position-BB__stack-20BB__opponent-vs_1R__huante-d9a8f3df2928.jpg,charts/0802.webp,434,600,55418,25450,ac52bcfcc3ba80afe1e3e897f0a64ed8cca0865c7ec8510878da17b875681ff0,7bb0860deab94376153d412091cff03f1e5491fdb133096c1faeed423eea763e
B2_0803,154,huante,,SB,4BB,Limp_vs_Push,,,6ce25abfcb30,154__position-SB__stack-4BB__opponent-Limp_vs_Push__huante-6ce25abfcb30.jpg,charts/0803.webp,434,600,49569,22056,c2be3c3ab59a8010bf710d54f3cebc43c821832a586ca8931dfb19bccc6f0ae6,3f8c4d947789938d494b3aa1b227b7b2926cf63c4244992e0dc0697ee3b8817c
B2_0804,027,huante,,BB,15BB,vs_1R,,,07bf3b652ec7,027__position-BB__stack-15BB__opponent-vs_1R__huante-07bf3b652ec7.jpg,charts/0804.webp,434,600,55236,25012,0bec7492225f58b3a300bae8cc4ae234f03568dba09a1a11c351ad18c06c6192,3d54547bbc228515984260a717ed1b074165abe8e3c5b32b1f9b69a428ffa886
B2_0805,102,huante,,BB,9BB,vs_1L_REAL,,,56eb95ae63b1,102__position-BB__stack-9BB__opponent-vs_1L_REAL__huante-56eb95ae63b1.jpg,charts/0805.webp,434,600,98356,27848,7aac414d6f973d342f4145284c5b4d9aef970884ab8f1ba6e5c8fb52bac831a5,80ebf07d1d65039ce1efc39e1f90d7a9d99bd60d8e4aaab18af4c8bb0ac0a53a
B2_0806,139,huante,,SB,22.5BB,1R_vs_Push,,,cbf3b2834546,139__position-SB__stack-22.5BB__opponent-1R_vs_Push__huante-cbf3b2834546.jpg,charts/0806.webp,434,600,34083,14090,edd21f3055c553685cce6811d179b0d1229025a52540560a4ac25b87874c7f66,6fb8c500132fee9e9f619bb3c3e5578fb7653cd3301346bec7771bdffede8950
B2_0807,100,huante,,BB,8BB,vs_PUSH,,,2190d0f1b571,100__position-BB__stack-8BB__opponent-vs_PUSH__huante-2190d0f1b571.jpg,charts/0807.webp,434,600,41305,17860,a4fec3b40ae52c348679a7e484586dcd022a8f91da7a436af01243f15390bb43,32da149431c2166468863360b8a9f9c658e1d14d4bf0896c6ef7de4621cdf516
B2_0808,104,huante,,BB,9BB,vs_PUSH,,,e4d1b28ed91e,104__position-BB__stack-9BB__opponent-vs_PUSH__huante-e4d1b28ed91e.jpg,charts/0808.webp,434,600,40381,17382,ec78f2a8f484cec86ab5129041d62d9c715ba0d3a14afba0cbd2f4d45ab13ee0,8dbade5f95aaf4727843b5ee02516774eed3887c763e7c23fe0683e809e4c34c
B2_0809,093,huante,,BB,7BB,vs_1L,,,4627084658da,093__position-BB__stack-7BB__opponent-vs_1L__huante-4627084658da.jpg,charts/0809.webp,434,600,60036,27534,2a54182e3c2bc8f4ffb5b8588d1766ff22d0d14bdb55c1582981e4e90392f95b,3818bc048d8dc5450cd17fe8ac51cbfb3c98ec4a3919679abf398b570805e6f6
B2_0810,095,huante,,BB,7BB,vs_1R_REAL,,,51b815a9019f,095__position-BB__stack-7BB__opponent-vs_1R_REAL__huante-51b815a9019f.jpg,charts/0810.webp,434,600,56702,25572,eea5e86740fe3b72b90ceb312814361c374e5d41a7c83c2d868a2d7f6986a011,5876a06fbbd62b6e899ee10ce1ddfcad48e6aeca8371f64207d2124f7556f674
B2_0811,026,huante,,BB,15BB,vs_1L_REAL,,,1f4a36ea025d,026__position-BB__stack-15BB__opponent-vs_1L_REAL__huante-1f4a36ea025d.jpg,charts/0811.webp,434,600,59850,27472,63334d1ecd200fd44384994a4c7011048625b23d375105c958b1f9d38c82d516,0edbf79aff8a546d0c1f9a48517e81f39aef48d8facc8f4c88fa96b28dbb5550
B2_0812,171,huante,,SB,9BB,Limp_vs_Push,,,ae87253e26ae,171__position-SB__stack-9BB__opponent-Limp_vs_Push__huante-ae87253e26ae.jpg,charts/0812.webp,434,600,40552,17518,e12a2c4a946ab17d08e6e40ac0bc1eb01855ba9e33468b91a64cb8a53d5c626a,44be80e2531a5fe935a700d562d7aee6f91b497ee1cfe65a1a64790503f46abe
B2_0813,168,huante,,SB,8BB,Limp_vs_Push,,,241150a689c1,168__position-SB__stack-8BB__opponent-Limp_vs_Push__huante-241150a689c1.jpg,charts/0813.webp,434,600,42558,18326,f185b148891b568cf8c4b2329dc6b17460edad0421f5954cfa1c644070ce0ae4,39e4981243ec26b4ec2d9f5ae74a9f19c01cef57dad6755aa834e2df98e2fe36
B2_0814,106,huante,,SB,10BB,1R_vs_Push,,,f2e75271e41a,106__position-SB__stack-10BB__opponent-1R_vs_Push__huante-f2e75271e41a.jpg,charts/0814.webp,434,600,41090,17498,111988d3f19d7eaf9451d55c9bf5be9a0b5a770a33766b8a1764cee9082b3d82,50f5a08aa90e9d52bccbe8d2f2203d3365921236bcb14b79eda49136b820b687
B2_0815,084,huante,,BB,56-70BB,vs_4BP_REAL,,,67492d6f0310,084__position-BB__stack-56-70BB__opponent-vs_4BP_REAL__huante-67492d6f0310.jpg,charts/0815.webp,434,600,34164,14204,45f22a9ca8bae44909842d4ffd873b4e6cb34b22504ba004f5d6c43450b51cc8,c4905bea716af779277953ef9cb34dcf53cfbbba4e4316cfc4d971cb27fe7195
B2_0816,127,huante,,SB,17BB,1R_vs_Push,,,3885d23c8b70,127__position-SB__stack-17BB__opponent-1R_vs_Push__huante-3885d23c8b70.jpg,charts/0816.webp,434,600,35186,14666,151ffbf4c615c4511dc88781b7db64be8589cb5157d0eccde8e474330f2631c9,1387c27fc0947685f02c1f53ce2ff20db77ed45f2da9458048254f4bb6af5263
B2_0817,041,huante,,BB,18BB,vs_1L_REAL,,,9eef9f395952,041__position-BB__stack-18BB__opponent-vs_1L_REAL__huante-9eef9f395952.jpg,charts/0817.webp,434,600,60418,28020,b709451260fdad69061a7f975d2704dfc1d1602e1d48ae3b6bd1c56b9bf40b40,a69272b46edeca639ea3de9244a69bdfbaba570023b15a1a27b477099e6099ac
B2_0818,118,huante,,SB,14BB,1R_vs_Push,,,41afe43abc6f,118__position-SB__stack-14BB__opponent-1R_vs_Push__huante-41afe43abc6f.jpg,charts/0818.webp,434,600,37462,15746,f8ee578095f028382981f595e2af69bbed34a9d9936fae7795550ac10b099244,2bd98ab3b0f9eba1c1b8b1f5a07ee0d42b0ff2cf7e31cf5461c84be85f9f26a4
B2_0819,028,huante,,BB,15BB,vs_1R_REAL,,,3ff106dfd93b,028__position-BB__stack-15BB__opponent-vs_1R_REAL__huante-3ff106dfd93b.jpg,charts/0819.webp,434,600,56348,25508,ae9ca9f1cfa8c8879d8118320709b560c7073aa93a30c25370ddc154b46e5666,9f43fcefd9a48cf55492c8e3f461ed7061c7614ae425a8d3d583ab557e6af846
B2_0820,043,huante,,BB,18BB,vs_1R_REAL,,,c3188d8c03ae,043__position-BB__stack-18BB__opponent-vs_1R_REAL__huante-c3188d8c03ae.jpg,charts/0820.webp,434,600,56120,25484,024b76ada59eee7d2913522a9cc57e81285fd8d87436d22a2fcccaae1eebe2c0,aa60b9dd9e6c4bb029f26d388cd783e311fce0c5b2a412fe9622f383ee46f992
B2_0821,085,huante,,BB,5BB,vs_1L_REAL,,,e68ff1e2868f,085__position-BB__stack-5BB__opponent-vs_1L_REAL__huante-e68ff1e2868f.jpg,charts/0821.webp,434,600,56800,25724,c4f2f03e48f7f9ba79b7e79776370e66def265911ce51a66bf0ecc54b82a95bc,6efa439fec40a9bdabea27ed1233c8bf2f0403bbe02f7d43bd597d22b8419d86
B2_0822,077,huante,,BB,3BB,vs_1L_REAL,,,59a84eab19e3,077__position-BB__stack-3BB__opponent-vs_1L_REAL__huante-59a84eab19e3.jpg,charts/0822.webp,434,600,56900,25834,106421c4892a7901e241fe6069b4d84f5088cfc74e4f1a5dfda796a0883a665e,c404f8e5d9db9c02c6c834d71f386a030e3a946483e82e16678c1cba1b2d0e75
B2_0823,153,huante,,SB,4BB,1R_vs_Push,,,aaa393f0e1ff,153__position-SB__stack-4BB__opponent-1R_vs_Push__huante-aaa393f0e1ff.jpg,charts/0823.webp,434,600,52939,23576,123ac22104f31ada0e07bb793992e673941af81684f10b8f72d6443e4b27fed1,10432b5e6f642881e36b8efbb663cfebaf2383e25b335c0d77de4350dce1a1c6
B2_0824,083,huante,,BB,50BB,vs_1R,,,58d3bdd1d85b,083__position-BB__stack-50BB__opponent-vs_1R__huante-58d3bdd1d85b.jpg,charts/0824.webp,434,600,57374,25748,3dce7a4b7ad6350fe981e283a1ce4bd6a049fcc2e4668e7c862bb6ff25feefce,cbb45dedc2f960f5e7e3ac066f6eee862d090e69ee2660a7bab9c6185f955a41
B2_0825,074,huante,,BB,30BB,vs_1R_REAL,,,be6c50e16ada,074__position-BB__stack-30BB__opponent-vs_1R_REAL__huante-be6c50e16ada.jpg,charts/0825.webp,434,600,57096,25750,e5f221260b178fd6189770a4e656309d3bced03b18d2f2f0389169b990dc1c37,c274b617a6ec845c9056b1e41de4b26b0bf880374f3faf3f3c1884d2ed3c00b3
B2_0826,113,huante,,SB,12BB,Limp_vs_Push,,,da1a4d35c9db,113__position-SB__stack-12BB__opponent-Limp_vs_Push__huante-da1a4d35c9db.jpg,charts/0826.webp,434,600,38057,15984,4f1656e5ac98a90ca906d182aab044ed819d8bf2ae624a4bd85e3197c13eb74b,3b457c52df491fb3e32ced1b8f28d7e49b7d5c8c04ce692a1abc5c6d45333e51
B2_0827,019,huante,,BB,13BB,vs_PUSH,,,2f7dfc02bb4f,019__position-BB__stack-13BB__opponent-vs_PUSH__huante-2f7dfc02bb4f.jpg,charts/0827.webp,434,600,36680,15262,e53ab1d4f949a6a4361265a7a75cf110f26cee88b6bb116936c361343c012ede,e3178cece8fe071abdd55ba0777cb52082b1eb1be5ff27dc2ed7ea0c593e4c26
B2_0828,096,huante,,BB,7BB,vs_PUSH,,,a41f4d19d0d3,096__position-BB__stack-7BB__opponent-vs_PUSH__huante-a41f4d19d0d3.jpg,charts/0828.webp,434,600,43137,18522,64c9ccfabe387c488e2ace6aaa5006800894198c9f65f3283a8b907ae9ced2f3,c12ff186c7a02ea648a3f75bee05bfa9ebbbd9d73d50974c3638949972f112d3
B2_0829,152,huante,,SB,3BB,UO,,,9946ee4d0b92,152__position-SB__stack-3BB__opponent-UO__huante-9946ee4d0b92.jpg,charts/0829.webp,434,600,50312,22142,3a81f47ec2f2335ce03b0864998d192d4529e7e01411ff29132485af5036a076,83d967b21d7ff45dde6569ce7099ce75d71599e6c6952cd8a129718ec8b8777e
B2_0830,018,huante,,BB,13BB,vs_1R_REAL,,,de2675a38526,018__position-BB__stack-13BB__opponent-vs_1R_REAL__huante-de2675a38526.jpg,charts/0830.webp,434,600,55471,24978,39268fdc47eb1b187db1d12d337fe0eccf8d1e2db7c863c05082e582f4557757,6ee50ec178b325a9ab80dbce3210f930750c789b503230f7362d68aefe3cf57b
B2_0831,049,huante,,BB,19BB,vs_1R_REAL,,,c21f48cae8a2,049__position-BB__stack-19BB__opponent-vs_1R_REAL__huante-c21f48cae8a2.jpg,charts/0831.webp,434,600,56745,25676,d63b1591a73fbf0a62f0d6e7022c445f3af3e059d83c52f89cd46b9c60b4c00e,af0273f492c26314774cad7fafda16c55af078174820a22efe203af2d0caaa2c
B2_0832,033,huante,,BB,16BB,vs_1R_REAL,,,ec5ebf307e1f,033__position-BB__stack-16BB__opponent-vs_1R_REAL__huante-ec5ebf307e1f.jpg,charts/0832.webp,434,600,55867,25400,2d13fb91496d58bc3aef38382771229d62154e719b92e92393f48ca643ab3274,065692f6fee0e64bd44c8f30eac2fee650af37df39771bda386606ca9600fe23
B2_0833,129,huante,,SB,17BB,UO,,,751feddfad10,129__position-SB__stack-17BB__opponent-UO__huante-751feddfad10.jpg,charts/0833.webp,434,600,60869,27858,dc89774f0ad07ad96024deea389cb5373fa1f1dc74509d88025aeeaedf230b42,ecda10e9de84f92db9e89fbbe4d2b138fe2ff96a5306423af9d366c4dfa77d2d
B2_0834,025,huante,,BB,15BB,vs_1L,,,bc7f29d1c327,025__position-BB__stack-15BB__opponent-vs_1L__huante-bc7f29d1c327.jpg,charts/0834.webp,434,600,60113,27638,96a0fe6adc486c9ba218041022efb47b81f768aa0d1eb3f912bbb75ed4df9242,f6a50e24d12bd5fac93f080544931cb234f12a4e94992b4cb79548f9e0c23a56
B2_0835,062,huante,,BB,25BB,vs_1L,,,58c7e499a4a5,062__position-BB__stack-25BB__opponent-vs_1L__huante-58c7e499a4a5.jpg,charts/0835.webp,434,600,60925,27586,3aa657a11f9061e2fc05d91c3ec0b0c05312b4199d3499d8d971240e0e4f0753,640ffdb2b8c0d20ed799d3cd3a391004df0d061f528be89691c853cdac5ad2a1
B2_0836,162,huante,,SB,6BB,UO,,,e67a9ea4a6d4,162__position-SB__stack-6BB__opponent-UO__huante-e67a9ea4a6d4.jpg,charts/0836.webp,434,600,51355,22986,5156c4683942a457f7027979ae6fdaf819e7083c58375a0afbc8a28b77d8bb52,44d6a055576146166a97b627e21e74300ff3426f9298e3508ea02d071a98ce79
B2_0837,086,huante,,BB,5BB,vs_PUSH,,,2f555f8fc4e6,086__position-BB__stack-5BB__opponent-vs_PUSH__huante-2f555f8fc4e6.jpg,charts/0837.webp,434,600,46564,20402,4bdec6c5b7c3a8efe8fa23a26fe09c6613c23a31dd7dabc9ec87eae992f75a6b,ce405d43579c0eed93490d2390c3090c68bd4e387620b173ffe38c76bea7cb76
B2_0838,068,huante,,BB,2BB,vs_1L,,,59d0ace522fc,068__position-BB__stack-2BB__opponent-vs_1L__huante-59d0ace522fc.jpg,charts/0838.webp,434,600,55680,25230,df0c87dfc05b178a42081de9255fe16410bf617141e4002911919a1d89e0f9a3,18551a8c8b5be79d6e65edb3b6efcee8b33e554cbb9e168b9f1f91d2f7c37e2e
B2_0839,002,huante,,BB,100BB,vs_1R,,,da4bcc62646b,002__position-BB__stack-100BB__opponent-vs_1R__huante-da4bcc62646b.jpg,charts/0839.webp,434,600,57389,25942,c25f1975461fa7137104296204936f48bee9138a0d8162122391a9a07d19a14b,90204f87dd6b23de885750568a248728f391e779516183d4da82994f612d6daf
B2_0840,047,huante,,BB,19BB,vs_1L_REAL,,,d1b800e4bc98,047__position-BB__stack-19BB__opponent-vs_1L_REAL__huante-d1b800e4bc98.jpg,charts/0840.webp,434,600,60197,27890,c61b4795d84566da6b8bfa17b14efa91c172cb5938fafbd0b3a582faf630f94f,886a7a041f902566561af864f2e06565de733191779ce1ae698691c4607977d5
B2_0841,081,huante,,BB,4BB,vs_PUSH,,,9087f9f7f491,081__position-BB__stack-4BB__opponent-vs_PUSH__huante-9087f9f7f491.jpg,charts/0841.webp,434,600,50030,22404,0a52aa6f24d5bea0122b1ba1b83f6f649ed53344ba95b321d8a373075ed420de,c4d6cf7f74d9f591a8742808e3b5208e82408ec4ba3123831e564da20b828e3e
B2_0842,055,huante,,BB,20BB,vs_PUSH,,,227e2fe8d1d6,055__position-BB__stack-20BB__opponent-vs_PUSH__huante-227e2fe8d1d6.jpg,charts/0842.webp,434,600,35290,14686,4fe64609731580dd82cf8cd54f856bfdae3f42736ccaaa8da41e52eed10ceb73,9289b1c4869f07feae1d6e03a8d21cccb2a4d80baa1ca5f2c9679442cece12dc
B2_0843,170,huante,,SB,9BB,1R_vs_Push,,,f9cf140687a5,170__position-SB__stack-9BB__opponent-1R_vs_Push__huante-f9cf140687a5.jpg,charts/0843.webp,434,600,50972,23454,959b684917002436310aed2817523e7b81b3730fa19c33b83eaae8f3a77e5139,cfa9bd509fc6372b5c37a725bafe60e2917d09c9e17edef3ee92962473a7df10
B2_0844,134,huante,,SB,19BB,Limp_vs_Push,,,444f12b04836,134__position-SB__stack-19BB__opponent-Limp_vs_Push__huante-444f12b04836.jpg,charts/0844.webp,434,600,34280,14004,f5f004f350b0a6308e7f27311bee569587038c0cd3c01b8706325d39cc99c295,b26e537f28e790e69728b36b3fd53705bc605d30102e819bd7dba01d27e8fd45
B2_0845,050,huante,,BB,19BB,vs_PUSH,,,790ac5041934,050__position-BB__stack-19BB__opponent-vs_PUSH__huante-790ac5041934.jpg,charts/0845.webp,434,600,35504,14918,1140cabc36fdf0ef7368cca8e32b69940d339846fc42263cf2513a90b006ea6b,b23c725238387487eb959e3169f8532aa8b734ec11cd7384e9d5ad5740e91795
B2_0846,065,huante,,BB,25BB,vs_1R_REAL,,,f1083b02c90b,065__position-BB__stack-25BB__opponent-vs_1R_REAL__huante-f1083b02c90b.jpg,charts/0846.webp,434,600,57267,25746,109dfb9d4288997d18fe7fd8ee332c28622aa4607a84bc3435c5c19a30fcc2b0,316694f92e22a9ce7bace1dc38321f2c7338fd53ba7ca748d708411c3ca3feac
B2_0847,030,huante,,BB,16BB,vs_1L,,,cf33e1f50347,030__position-BB__stack-16BB__opponent-vs_1L__huante-cf33e1f50347.jpg,charts/0847.webp,434,600,60233,27694,b4f12825e64434c98f11f8a3c95677ca78cdf08c823803a751011907e5526261,ca9c87804fac91ddf7c272bd75dcb6024e4215256d03106369c648ebab4fd380
B2_0848,004,huante,,BB,10BB,vs_1L_REAL,,,43e13f96b80f,004__position-BB__stack-10BB__opponent-vs_1L_REAL__huante-43e13f96b80f.jpg,charts/0848.webp,434,600,59407,27146,c3e83d87dc6cb42fbe3874a25bb95e3f4eae6959212c25eb579156f331d3bcb6,841c6b5cade6f25e6f58a8a03ab038c4b2084d9673060230a99a33526387ea21
B2_0849,121,huante,,SB,15BB,1R_vs_Push,,,16b02ab317b5,121__position-SB__stack-15BB__opponent-1R_vs_Push__huante-16b02ab317b5.jpg,charts/0849.webp,434,600,36587,15298,bac3ef558c53d2166b6a67d6281061b2bc737e8df5c7758179149335a5f7b661,dbdcd461621bd8d25d9e023f6d89c5989409c691018f9689716e64568c9aa822
B2_0850,105,huante,,SB,100BB,UO,,,e9014772fae0,105__position-SB__stack-100BB__opponent-UO__huante-e9014772fae0.jpg,charts/0850.webp,434,600,60213,27588,3fba84252d8d0c6609924f6ea8bbd7067296903dfcba40045e53d90715871c98,6341c8e15da58f3ac66b041b2c55ce5422e77aca8d682b7c59bc4a721e5215b6
B2_0851,017,huante,,BB,13BB,vs_1R,,,42b66ae23f84,017__position-BB__stack-13BB__opponent-vs_1R__huante-42b66ae23f84.jpg,charts/0851.webp,434,600,54912,25110,77fcd8d5a41b5abcda4ac5fd4be22781d4d68716bc55f94b796d3e9decd83879,7d481e2780a86fe301748aaefede0bc16111655d33f0d2f9d6614743eb698ead
B2_0852,116,huante,,SB,13BB,Limp_vs_Push,,,22581232b170,116__position-SB__stack-13BB__opponent-Limp_vs_Push__huante-22581232b170.jpg,charts/0852.webp,434,600,37453,15704,9219df4266aae4dfd0fa41444296e00d90ee713042adab8fb6640f42700d9eed,99027e7d5ff857b6b4e938bb8739220f0ccc7e4922ff9218aaa5fa36de39570f
B2_0853,124,huante,,SB,16BB,1R_vs_Push,,,7e152339d43e,124__position-SB__stack-16BB__opponent-1R_vs_Push__huante-7e152339d43e.jpg,charts/0853.webp,434,600,35723,14864,3d0818526ea6f19383d73f6e1e14024f9dde65d617ced4f98721c171111db431,d588ee73207305c3ed8cb538956e9853e59fd97687400c776b2c08836376110b
B2_0854,158,huante,,SB,5BB,Limp_vs_Push,,,5ce35fe62c15,158__position-SB__stack-5BB__opponent-Limp_vs_Push__huante-5ce35fe62c15.jpg,charts/0854.webp,434,600,47406,20898,d5ec94e5b96edbe43ab5e6616b44d27f4cd2d00790b8df8b6493ea9b574af226,c476692efb1ecb16c8a98712cc57b834198e8755c49295c9b2415f1850aa29cd
B2_0855,169,huante,,SB,8BB,UO,,,a62b696064a7,169__position-SB__stack-8BB__opponent-UO__huante-a62b696064a7.jpg,charts/0855.webp,434,600,54019,24446,6dd09336f405431f9fad9d52587855205aaab7a03bf48ae1a13164d42b31e91e,5f9f37320f7e3050d55f50bba74059a1a98d6b95eaaa38aecd97d77bde28b1b7
B2_0856,166,huante,,SB,7BB,UO,,,74f3419e91fe,166__position-SB__stack-7BB__opponent-UO__huante-74f3419e91fe.jpg,charts/0856.webp,434,600,52070,23636,25b1ed062c209c7eec213d7fa655e0cf392842f717cf08ff499247f4d64ad330,d090023eb19344380098067d90e2fa71f2e69f064c52244526c7365487e50b96
B2_0857,092,huante,,BB,75BB,vs_1R,,,17408a46ca3f,092__position-BB__stack-75BB__opponent-vs_1R__huante-17408a46ca3f.jpg,charts/0857.webp,434,600,57588,25848,650d197306e5d02741ca719055ec23e2bca076fc411bb3de6a8d67cbfa36393d,8c75b461783ed791f8070c7695b4676e2c4b80d169a8f5d3b0cebe71be262f0d
B2_0858,160,huante,,SB,6BB,1R_vs_Push,,,bb829f7da5b2,160__position-SB__stack-6BB__opponent-1R_vs_Push__huante-bb829f7da5b2.jpg,charts/0858.webp,434,600,51511,23116,4fdcd784a2a16e1b58aa72e201848984161e7df63b2250a362a32ee2600cf7dd,b431d103bcb4e9073eb63c7cc29e1b7c8f8c8cd391eda229fd4c5e84c4f2d062
B2_0859,024,huante,,BB,14BB,vs_PUSH,,,032a5fa00e09,024__position-BB__stack-14BB__opponent-vs_PUSH__huante-032a5fa00e09.jpg,charts/0859.webp,434,600,35667,14746,722ebbfc7afdd8d94bd026bf31ce5fa206c237aae72d0473444dd8013a3481c0,4c8f636d7188f78ddc6a2ec45edb17dcc529f1d31c091b29980beda5d65cf5b3
B2_0860,080,huante,,BB,4BB,vs_1L_REAL,,,6fed819580c1,080__position-BB__stack-4BB__opponent-vs_1L_REAL__huante-6fed819580c1.jpg,charts/0860.webp,434,600,56534,25712,90f1fb312eda882a90c58612134b5de046cdf727be68224fb629bdf7006940a6,7c4c993570d01040dfd60c3ee8093d9ecbfb096574484fa7433101aa27a4fa78
B2_0861,098,huante,,BB,8BB,vs_1L_REAL,,,5b3601f0a93f,098__position-BB__stack-8BB__opponent-vs_1L_REAL__huante-5b3601f0a93f.jpg,charts/0861.webp,434,600,58974,27076,11e1e1b7b229a717481fa2d8c132d52866af458af15f4342e2b608208a70b067,dc9eb9452be651b56cc460848fb79e4eac0e191324d6e0b92c3850205c1d8601
B2_0862,060,huante,,BB,22.5BB,vs_PUSH,,,545ab72fb660,060__position-BB__stack-22.5BB__opponent-vs_PUSH__huante-545ab72fb660.jpg,charts/0862.webp,434,600,35571,14900,404b84522bd10125b043e695f81e51408771f38f8eb19c9d6737b40dd90ece48,3cd087cc0526b8c14f1acae2dde664326e7a1eaa5378a68551fc22250c9ab8cc
B2_0863,117,huante,,SB,13BB,UO,,,66d4595d2af0,117__position-SB__stack-13BB__opponent-UO__huante-66d4595d2af0.jpg,charts/0863.webp,434,600,59591,26644,0af923323882d7bf6d7abe3d66dc9dc1afa970bccbe7f7abc1bf52595c20428e,91d631a523ad49ca2a891c9de097f06db46d4b50df93372170e6f3029ebf393d
B2_0864,006,huante,,BB,10BB,vs_PUSH,,,d760c62945c2,006__position-BB__stack-10BB__opponent-vs_PUSH__huante-d760c62945c2.jpg,charts/0864.webp,434,600,39196,16838,4e3077c06ef40c55864ce494ff7f37087d28301ce45c845022fd7640c915d480,9e70a63ae513186e55ceed3cec01ef4ca0757235bb61eaba695ea7e73caa8402
B2_0865,064,huante,,BB,25BB,vs_1R,,,de66c4affaf2,064__position-BB__stack-25BB__opponent-vs_1R__huante-de66c4affaf2.jpg,charts/0865.webp,434,600,56426,25460,63efc3e41828c4da1dda7f4bfa9976fa30e2bd8167518ec679cc28ff5a2c5193,bc269eb13f140fefe2180f4fe46f8deb7a885a31a8d6633369c507ba3a67b3c3
B2_0866,061,huante,,BB,22-28BB,vs_4BP_REAL,,,1eb71691e410,061__position-BB__stack-22-28BB__opponent-vs_4BP_REAL__huante-1eb71691e410.jpg,charts/0866.webp,434,600,40488,17308,3fea10e3ace1993f5a07cd944698511ee9285eae1e0e632deef38d60dae167fa,860af25931e0d03a3e81e51c7b7b0509e48e576a0287667b985c0b9372740d71
B2_0867,059,huante,,BB,22.5BB,vs_1R_REAL,,,7d41aa9a3e6f,059__position-BB__stack-22.5BB__opponent-vs_1R_REAL__huante-7d41aa9a3e6f.jpg,charts/0867.webp,434,600,57189,26050,d488692cf29bfe48ecb91f31badd3d9bb1c7a09c0374a4aee425aa44609a4ae3,ef01230c82e1f919f132c38234388d64fac014bc869025635872c3a94e9da036
B2_0868,020,huante,,BB,14BB,vs_1L,,,e4d89405defc,020__position-BB__stack-14BB__opponent-vs_1L__huante-e4d89405defc.jpg,charts/0868.webp,434,600,60161,27626,7ce09fee5bd6f3551c4908c31ca039ab2eab0bd09326757e19706e6b0bdd019f,c36096d6a1002950cdb5b81705c31884fdb5d6078a757e8547c668b1c6a48ca6
B2_0869,058,huante,,BB,22.5BB,vs_1R,,,59e4d3e5944f,058__position-BB__stack-22.5BB__opponent-vs_1R__huante-59e4d3e5944f.jpg,charts/0869.webp,434,600,56036,25566,1293a37771959e852c19f407daaf0160f8d3737cd860a3ebd75eaa7689f205dc,f75d886b30c10279a7652267e6db1a5e270277352616a9638d5d1869150ac68c
B2_0870,029,huante,,BB,15BB,vs_PUSH,,,4fb892ee22bb,029__position-BB__stack-15BB__opponent-vs_PUSH__huante-4fb892ee22bb.jpg,charts/0870.webp,434,600,35857,15120,341ed0caa1b603d7a6ecbb5c657cad43e9b5e18766a7941e676c043848962db0,4405e7d410096f8ba27842502dc8879bc0892255632deed54012ebcb1d63239b
B2_0871,032,huante,,BB,16BB,vs_1R,,,0f970ec198c5,032__position-BB__stack-16BB__opponent-vs_1R__huante-0f970ec198c5.jpg,charts/0871.webp,434,600,55068,25050,84955440f9cf453f86e6d2e91002b261a99d73965b3768b8a0ec2ab047044957,a6076ca9ae65890ea5397dc28ff79ef2ea3dfb244417a0882aa0b21ea783355d
B2_0872,056,huante,,BB,22.5BB,vs_1L,,,88eeaf6ee4e0,056__position-BB__stack-22.5BB__opponent-vs_1L__huante-88eeaf6ee4e0.jpg,charts/0872.webp,434,600,60999,27746,2b5c751176c889ff38400a1b52e284a3a549b83a8f5574c6c26821c7699d5e58,ceb5273bcaf73befce2dd7ae1e700a049b2dda3cf11d3b57e54ef66b8b874c4f
B2_0873,082,huante,,BB,50BB,vs_1L,,,cbd85b51545d,082__position-BB__stack-50BB__opponent-vs_1L__huante-cbd85b51545d.jpg,charts/0873.webp,434,600,59522,26750,a172ec7830a8782a3195e8aebfce7f9139ec53826ec32dc53357373c38c9beb3,407268f0a124f03c6480b31510205f6ce7894e383bfdb9ef827499f42e06c6f2
B2_0874,013,huante,,BB,12BB,vs_1R_REAL,,,bd9d69b5db9c,013__position-BB__stack-12BB__opponent-vs_1R_REAL__huante-bd9d69b5db9c.jpg,charts/0874.webp,434,600,54821,24652,f69ecf08cabc788703019d6666154677c806a6ce3552d977558d754a8314ff07,5bf3d8767a5d8113f903de3b05149c419e0aa40502f0ba2efc696af400abb80f
B2_0875,110,huante,,SB,11BB,Limp_vs_Push,,,05e81b0c4201,110__position-SB__stack-11BB__opponent-Limp_vs_Push__huante-05e81b0c4201.jpg,charts/0875.webp,434,600,38658,16644,14d07b1d13cd1c917bfd43609a49c47d8c5b8a492a5d6aa5fc1c60982024434a,833f6ad4b4b38c6b8813d7a5a39a419eca1c51fb6a7360dd247a714c2e7ddd2c
B2_0876,120,huante,,SB,14BB,UO,,,37e2d56d41e2,120__position-SB__stack-14BB__opponent-UO__huante-37e2d56d41e2.jpg,charts/0876.webp,434,600,60183,27558,1bc7a112a2e45c9620c6c52d5abbdeb084b988db573e807533fdf9ac80d3171e,d2deb9c7edd9778855ca68e17c9aeb2b51949192c466df22a738057b3d096391
B2_0877,142,huante,,SB,25BB,1R_vs_Push,,,9b1286d6c3a5,142__position-SB__stack-25BB__opponent-1R_vs_Push__huante-9b1286d6c3a5.jpg,charts/0877.webp,434,600,32967,13478,caffc7edbbc1e878bf7fcfd045658c620c45c7b392065faaea3b06675511ea7e,a12f2d7bc78326c7c9b85dfea634a923ecd1a41edd7a19e8e17dd86b864f104e
B2_0878,087,huante,,BB,6BB,vs_1L,,,23efbede9886,087__position-BB__stack-6BB__opponent-vs_1L__huante-23efbede9886.jpg,charts/0878.webp,434,600,60268,27858,094d9cca3ad77400da210133b8b37d7d141605914b0055df164b06734eb6d2b0,6cc2da430904d43e50be7ce4b4edf36364290b2e3a67f4ff5be4ae1056413ca5
B2_0879,045,huante,,BB,18-22BB,vs_4BP_REAL,,,cbc3b226bd6d,045__position-BB__stack-18-22BB__opponent-vs_4BP_REAL__huante-cbc3b226bd6d.jpg,charts/0879.webp,434,600,39437,16784,6c5b05e345c720dce9cc7f512f270f45762057209e701b885b5d55c1fa8620d0,3fd98980ed260068abd1ac451cda064289888c1a6e8f84f0bebf2a4cc2fd0a90
B2_0880,007,huante,,BB,11BB,vs_1L,,,68be88f1a032,007__position-BB__stack-11BB__opponent-vs_1L__huante-68be88f1a032.jpg,charts/0880.webp,434,600,60253,27536,2c7346cc3520472f313e38c707fb6cb229c1b39da8957d7976a3213856013fde,02a3676f6aefc8a9a0900094aa9e5b342f4d20cc607662547a6891cf1124a979
B2_0881,037,huante,,BB,17BB,vs_1R,,,943e89faa479,037__position-BB__stack-17BB__opponent-vs_1R__huante-943e89faa479.jpg,charts/0881.webp,434,600,55093,25236,8a73db0de8f2a6195a436bd042234776fa2fce06214ff44e5b0fcee4bc8fb1ee,4ea0dc9f9c9d1355cb6765854b33bda4b1200da5b348d81a03de38c4903c758b
B2_0882,108,huante,,SB,10BB,UO,,,d5640cc48840,108__position-SB__stack-10BB__opponent-UO__huante-d5640cc48840.jpg,charts/0882.webp,434,600,57948,25904,b5252aa938ebac32863a4d0798c59fe1eea919e7005ddde3a293f08f1c9672e6,05e6b73a37affa42a274f0dd6c373788f8af8231ef515dd371613fe2383560e5
B2_0883,023,huante,,BB,14BB,vs_1R_REAL,,,2a6b100c3c89,023__position-BB__stack-14BB__opponent-vs_1R_REAL__huante-2a6b100c3c89.jpg,charts/0883.webp,434,600,55192,24956,dc19eb329746fbc170cca444f2651a4c241d6677c20fdc72ca8b712a4ab6a04e,335d32c6984073e7afd676aff939abd45474f6671539e33dfbe11a7ddc35ce3b
B2_0884,071,huante,,BB,30BB,vs_1L,,,8f002c6da29e,071__position-BB__stack-30BB__opponent-vs_1L__huante-8f002c6da29e.jpg,charts/0884.webp,434,600,60794,27652,718068a826d715373dc7977be14bd2d71240943950b0a47750340f615011c1ff,9e2fa4432da855990363b8f4b78a652fb087134dd692ecb8336ad9dd003b931f
B2_0885,114,huante,,SB,12BB,UO,,,7e18ba8dbe27,114__position-SB__stack-12BB__opponent-UO__huante-7e18ba8dbe27.jpg,charts/0885.webp,434,600,59043,26610,f29552303ce5b22ca67434631145f6c79189924360dd0dd6cd164b607889c4a7,c8956b8f159fa2a3eb37850d0933f7b0401034b1da0336a79db85d134028e00f
B2_0886,107,huante,,SB,10BB,Limp_vs_Push,,,86e5959352bb,107__position-SB__stack-10BB__opponent-Limp_vs_Push__huante-86e5959352bb.jpg,charts/0886.webp,434,600,40017,17220,cc018ce19cc008ba382547d83c8c97bec3a8e31b26e60cfa8378903a383e9fc8,6a91699929bb90d062d8fc8afa0845e945e72c36911bb0b438e8c9e0ecd0a949
B2_0887,099,huante,,BB,8BB,vs_1R_REAL,,,8c68e0258c95,099__position-BB__stack-8BB__opponent-vs_1R_REAL__huante-8c68e0258c95.jpg,charts/0887.webp,434,600,56424,25700,3a29a745f98b88c8088e6695767821577aecf5981dae1a3d9ba05e129b21549c,4dddafff0a4981b27fe73b8d7d161ca78d166716b35fcca15eb0e0209f9c519a
B2_0888,044,huante,,BB,18BB,vs_PUSH,,,c2b83d8639b0,044__position-BB__stack-18BB__opponent-vs_PUSH__huante-c2b83d8639b0.jpg,charts/0888.webp,434,600,35854,15026,b58fd1c9d2fc590ef7e42ae20a2ea031301ca39724be0f4aad0923dd8edcb5cc,caf2ef1c0e94eedd4597070735753b05be22bc4241f100ce6c8d6275318895a5
B2_0889,046,huante,,BB,19BB,vs_1L,,,9564cbbabccc,046__position-BB__stack-19BB__opponent-vs_1L__huante-9564cbbabccc.jpg,charts/0889.webp,434,600,60824,27624,594c7e8f3a822cb32239877329b901985eddb9bd3c62e82ea38d12df67a2878f,598e283a52fc68e92dd3de3fc70c4a50192a69166727c4365254738ead6b2316
B2_0890,122,huante,,SB,15BB,Limp_vs_Push,,,a5f9deee1631,122__position-SB__stack-15BB__opponent-Limp_vs_Push__huante-a5f9deee1631.jpg,charts/0890.webp,434,600,36211,15008,d87a6f3fb4b9ce54aab605c4898dc4388b077a467115d38b4283d33e8cef99b7,f1824053a35ec019b3d5f2738e61dfb0f41bad815a298d796c55c7950f29989a
B2_0891,067,huante,,BB,28-34BB,vs_4BP_REAL,,,c4c6ca7e9dd2,067__position-BB__stack-28-34BB__opponent-vs_4BP_REAL__huante-c4c6ca7e9dd2.jpg,charts/0891.webp,434,600,37959,15810,d5ff730956e0f35addbd1b285039935ec0368f88cb39601b0e4ce00c07fc0cad,07ba8ef4a31060f6dd5b668cab51bea358a2d0b54f96d1af4fb7a8ad2931b431
B2_0892,131,huante,,SB,18BB,Limp_vs_Push,,,ccac8668cc21,131__position-SB__stack-18BB__opponent-Limp_vs_Push__huante-ccac8668cc21.jpg,charts/0892.webp,434,600,34422,14410,0d01fe3cd69ee06fc6c4c3053c70b420a37d17d650425384a87cdadd24a80360,0451c4c158aff942f39ecdaab9dbb336958aecf3e3f7057c708f24b00cfb04a3
B2_0893,163,huante,,SB,75BB,UO,,,1340f528b842,163__position-SB__stack-75BB__opponent-UO__huante-1340f528b842.jpg,charts/0893.webp,434,600,60302,27460,27fe37aee5c761ed5bb0dd8311bd2378b83bff183815cfac5972826c2e386f46,22ed4affbd646a6ba9cfabb0d4a05ea27f3eea470c58216178e42c27a1b025cd
B2_0894,164,huante,,SB,7BB,1R_vs_Push,,,489ccedb3b67,164__position-SB__stack-7BB__opponent-1R_vs_Push__huante-489ccedb3b67.jpg,charts/0894.webp,434,600,52427,23332,f300abe9a8437c65fa27eb2939b09e143e72e37c4ec492852d9f1dc29c37b822,4c269c14d7c6f1bdb7cd6ec828228a04a3644ff9367482ec1094447142f06df4
B2_0895,101,huante,,BB,9BB,vs_1L,,,6fbdf8e50726,101__position-BB__stack-9BB__opponent-vs_1L__huante-6fbdf8e50726.jpg,charts/0895.webp,434,600,60785,28038,857f4fcdbf9a17c21c3c618f2cf0eff805234c6eb9463cdeb3b4c5897068ecf5,968d061873624f0d6f54260f0d112a2cd6a39234b0d6cc34b595b9bc458c43c3
B2_0896,005,huante,,BB,10BB,vs_1R_REAL,,,32b616d2bce0,005__position-BB__stack-10BB__opponent-vs_1R_REAL__huante-32b616d2bce0.jpg,charts/0896.webp,434,600,55392,25080,6d3b79f29c3a27c3dbcfa88cf8bc8afbc2001e3b361649d3e6cefa2dcb409ae2,fd47c415f31d540dfe004dadf77f66f862da457987ca91f6a7d531561f3605af
B2_0897,042,huante,,BB,18BB,vs_1R,,,6de47000ff32,042__position-BB__stack-18BB__opponent-vs_1R__huante-6de47000ff32.jpg,charts/0897.webp,434,600,55354,25480,3681ff1222cb250f4c4b807b6ef325bc845c498e556af30fecc688e4f85de743,8e7f3e0a067f9095e14c2e67d91d3420dfc8224341884180406be22b6e1c21c3
B2_0898,015,huante,,BB,13BB,vs_1L,,,a379f95f6972,015__position-BB__stack-13BB__opponent-vs_1L__huante-a379f95f6972.jpg,charts/0898.webp,434,600,60553,27810,e73cde98daf86ae6a964383626eb90f963deed65b9149801253f1c666120a520,079b6dc40d6c8309cfc52db9dc5b725056b8a4b01904b5171598b6d3ab2643fe
B2_0899,145,huante,,SB,2BB,Limp_vs_Push,,,6971d26f28e6,145__position-SB__stack-2BB__opponent-Limp_vs_Push__huante-6971d26f28e6.jpg,charts/0899.webp,434,600,52833,23710,00ebaae91e830485ee5a8428630c062950142135d9b7a5df94f086f396c79f03,79aa8d8f926ea3632ec0803647becf8344681d16e819368d1169835890b68691
B2_0900,159,huante,,SB,5BB,UO,,,e6ba78c82a3d,159__position-SB__stack-5BB__opponent-UO__huante-e6ba78c82a3d.jpg,charts/0900.webp,434,600,49145,21366,338c2156d5154af55dd7312b4231bb686b1c8c000df11f0b7f0a505d45d595cb,ae5789a64c752d5017011442eb1f8113b839520974d2071dae0bbfb2cc6206a0
B2_0901,132,huante,,SB,18BB,UO,,,89b325fa4057,132__position-SB__stack-18BB__opponent-UO__huante-89b325fa4057.jpg,charts/0901.webp,434,600,60901,27638,fa798e550b99913088252e0604c313a79d56c65926255540bc864fbf1fec39f5,5e09227471dfd2cd50547b2bcd739c1490993b6d36e2490a9321db647b0a9ad5
B2_0902,147,huante,,SB,30BB,1R_vs_Push,,,f3d0d03f5793,147__position-SB__stack-30BB__opponent-1R_vs_Push__huante-f3d0d03f5793.jpg,charts/0902.webp,434,600,31908,12682,590b47d85333f629500129607ebfcd4169700905a6a500604a4c5e9a5e9e1b76,995e7165066fb8cd567b0ceb28f664764628b8f19731c7abbf8c40cd4980d5dd
B2_0903,155,huante,,SB,4BB,UO,,,080627016faa,155__position-SB__stack-4BB__opponent-UO__huante-080627016faa.jpg,charts/0903.webp,434,600,48523,21368,d2ee93c53d5d8519e6834a7d4c7e325e7ce23ef408485e7ae30e1e88a7019608,54fedcbe4ba35f352a73bc2a4e56432948cce945ab9f9aeac203fd4b63b1a021
B2_0904,075,huante,,BB,30BB,vs_PUSH,,,8dcb37071368,075__position-BB__stack-30BB__opponent-vs_PUSH__huante-8dcb37071368.jpg,charts/0904.webp,434,600,31068,12272,a890a2c826eae43d7959bc7b7c6498c345cdc597569c4c3dd5b103a187cf8e44,ed52f0a8bd67067501325fa33526160020b76724b5a5586ce5695c2aba996a45
B2_0905,133,huante,,SB,19BB,1R_vs_Push,,,56234eb52993,133__position-SB__stack-19BB__opponent-1R_vs_Push__huante-56234eb52993.jpg,charts/0905.webp,434,600,34594,14136,208dc37be3576391c31ba1cebe355bcd0518d9e82718db2876bbfc63d785aae7,4edf7a8366aa216b90444fc663993acf955ba931df4a64ac4e13491e3b1a7ae8
B2_0906,125,huante,,SB,16BB,Limp_vs_Push,,,5c4258cc8b13,125__position-SB__stack-16BB__opponent-Limp_vs_Push__huante-5c4258cc8b13.jpg,charts/0906.webp,434,600,35543,14818,80c7518aa5a58be548532d49b623b5441d9a2bbbf627aedb37cb703ab5f1923c,11cae975412c2435bba36a5511dd38f51983010946669341d8d959c42186e169
B2_0907,031,huante,,BB,16BB,vs_1L_REAL,,,4587bf23c2af,031__position-BB__stack-16BB__opponent-vs_1L_REAL__huante-4587bf23c2af.jpg,charts/0907.webp,434,600,59808,27256,48b7823905f41eeb807f890c119ec0eb74c8f0a1760c6c324423f4b49ba8611b,efea2412ae3c44115c7f4c968e6f0fd22cb644079384e54ceb10cf9d34405d66
B2_0908,010,huante,,BB,11BB,vs_PUSH,,,774189d5c69e,010__position-BB__stack-11BB__opponent-vs_PUSH__huante-774189d5c69e.jpg,charts/0908.webp,434,600,38488,15976,3b2d3fb4cebc79e62c4a98ef7b149c5e30a013141fb247308977309f01cfe22f,bc314203a3805ea5713aae9b1182902f8a3ee7c9d1b3df3f6cf80b7e9e019ce3
B2_0909,157,huante,,SB,5BB,1R_vs_Push,,,d3641a19ee60,157__position-SB__stack-5BB__opponent-1R_vs_Push__huante-d3641a19ee60.jpg,charts/0909.webp,434,600,52719,23498,adf681c934ff7440f2cd6a56132e88d1592a47b5529d95b0f395b78494ee3633,5c9f459167e6380dc8933d5609110e9f4be7fd16fa41aa83901b41006ec19c6e
B2_0910,069,huante,,BB,2BB,vs_1L_REAL,,,7364d8675fe7,069__position-BB__stack-2BB__opponent-vs_1L_REAL__huante-7364d8675fe7.jpg,charts/0910.webp,434,600,55287,25184,d2e30b92cff40f180343bf8fa9c6f7b3acafd258fb76d889349f6d0aab6d38da,890b04b816750a2498bb40427e4ba64d81bfc7336c01b06b9444bc1e2ad87bdd
B2_0911,021,huante,,BB,14BB,vs_1L_REAL,,,c7feb5c04e3f,021__position-BB__stack-14BB__opponent-vs_1L_REAL__huante-c7feb5c04e3f.jpg,charts/0911.webp,434,600,60092,27744,8c33c4fd9fc5a43e3155af4faa5cfdc29c7d7be4e60c643240c921067abd29af,e50d56d46d8cfc8efe5fdcd96f137b7d18d366e483af42e960f3e326ac4890f1
B2_0912,137,huante,,SB,20BB,Limp_vs_Push,,,8638e918f6af,137__position-SB__stack-20BB__opponent-Limp_vs_Push__huante-8638e918f6af.jpg,charts/0912.webp,434,600,34308,14132,6fce937491d58245b185935cce44d34725d93f79e46416046c216d9ee017f691,9e9ddd7ab8d47ae58b3bbbabeb576965269f3984c292276ba09bf47ddb0065a2
B2_0913,151,huante,,SB,3BB,Limp_vs_Push,,,f8cfb5ceeae8,151__position-SB__stack-3BB__opponent-Limp_vs_Push__huante-f8cfb5ceeae8.jpg,charts/0913.webp,434,600,52833,23710,00ebaae91e830485ee5a8428630c062950142135d9b7a5df94f086f396c79f03,79aa8d8f926ea3632ec0803647becf8344681d16e819368d1169835890b68691
B2_0914,144,huante,,SB,25BB,UO,,,cebd9bbf0460,144__position-SB__stack-25BB__opponent-UO__huante-cebd9bbf0460.jpg,charts/0914.webp,434,600,60825,27464,161222f57a275bc7ff320fa9f7bad2313d31f5702ca899b4f962d91b5a2d6d27,dca8fbf4734db8666ddf4810f5e0eb19b693574c5ad4144dcfec83220d9a4cec
B2_0915,146,huante,,SB,2BB,UO,,,eacf08a8332c,146__position-SB__stack-2BB__opponent-UO__huante-eacf08a8332c.jpg,charts/0915.webp,434,600,54071,24226,7aa5c63dd5638a464b2892edeaf53a30b3e2a593b83ecf7364cfd700b15a3ea6,959d7fd0dca23cf039cf86ce1b3e938d054c936d3ab3f8f115e92995749d6909
B2_0916,036,huante,,BB,17BB,vs_1L_REAL,,,742bdc8b0e44,036__position-BB__stack-17BB__opponent-vs_1L_REAL__huante-742bdc8b0e44.jpg,charts/0916.webp,434,600,60219,27454,607dc877f71933d617e03f89d8d9e5eccfd74b975f181dc008fc03806b477c8a,8fa037cf328687ec25345e803a689a6fa416ea3c1b2701353cdc60b641ca4f47
B2_0917,112,huante,,SB,12BB,1R_vs_Push,,,857b8c6f125a,112__position-SB__stack-12BB__opponent-1R_vs_Push__huante-857b8c6f125a.jpg,charts/0917.webp,434,600,38799,16150,19cd5cd5bbe4fd21a14921c98bdcba9d4ba40fdbec8d9668fc2007e277b8a9e8,7cd75e92f73c9a7b677cc3862bf969a59348bb08ce6b2854df0f112ca8a09eb3
B2_0918,034,huante,,BB,16BB,vs_PUSH,,,c3adc775bbcd,034__position-BB__stack-16BB__opponent-vs_PUSH__huante-c3adc775bbcd.jpg,charts/0918.webp,434,600,35999,14944,83d008c823131ddd4567e14eb6bf48bb191a54f2371737c2afc648bbbbdd5eef,ce36b17248019f85de8ac4881cc83863162e85de9183189c50eaebd6eb845cd1
B2_0919,005,vslimp,,CO,,vs_Reg,,,965d6a132006,005__position-CO__opponent-vs_Reg__vslimp-965d6a132006.jpg,charts/0919.webp,434,600,35113,14930,0d33f06a7185a0c136ebdaa17ce85fa6697f2c35bd76098af4012f4b49e4d7a7,dfbb4992a2a8f3739b1541a1b23832d39b43d91b603d1f0115acacb875f692c9
B2_0920,002,vslimp,,BB,,vs_Reg,,,65b56e85a731,002__position-BB__opponent-vs_Reg__vslimp-65b56e85a731.jpg,charts/0920.webp,434,600,44215,19598,990abff67ffd53d966d8611679172705e66a192e46509b88ad49769cfbdea0c8,01f8cb4638b271c968a362f8cceccf39382593c821b27c1fc97a49aa2748b4ae
B2_0921,010,vslimp,,SB,,vs_Fish,,,3db30f4f4a76,010__position-SB__opponent-vs_Fish__vslimp-3db30f4f4a76.jpg,charts/0921.webp,434,600,54898,25068,caac926379a51e2a569d85d6957c37d9e6d9d054f44fe80b6b05db1a866189a3,026f97b6a8447694d2ab0349f3d6568c5b055c03d2d6ebe124762a4ed7b5b267
B2_0922,011,vslimp,,SB,,vs_Reg,,,b4630e02f473,011__position-SB__opponent-vs_Reg__vslimp-b4630e02f473.jpg,charts/0922.webp,434,600,42044,19234,36048f24666a7e0f121f056da3fac7b578ecc23b54f5762bd6fa8bf963955135,3da90c50df9a33b273ad45fdbe731df5629ff020dd1fdfa57f34c3b9faacd3e8
B2_0923,003,vslimp,,BTN,,vs_Fish,,,43109cc96a46,003__position-BTN__opponent-vs_Fish__vslimp-43109cc96a46.jpg,charts/0923.webp,434,600,50060,22140,3859491c4dd6f4d32924351443624559f73755906785e4d678ef06554d594d89,4e510af8116c19574b20bfaf256e2ee82e22c2f0de9bc982c5edbb4d21d4368a
B2_0924,007,vslimp,,HJ,,vs_Reg,,,2b10eacf2065,007__position-HJ__opponent-vs_Reg__vslimp-2b10eacf2065.jpg,charts/0924.webp,434,600,33629,14074,b1f722f566378a8495bbc39cbbee6fd3a215dd9514a6db4f7f5d8dbe8045bcf8,2ba684e38453b4f5eb681578df2b1cc253507ff8b97e4d596bdeef6eb9d3bfad
B2_0925,009,vslimp,,MP-LJ,,vs_Reg,,,52f8e48a6092,009__position-MP-LJ__opponent-vs_Reg__vslimp-52f8e48a6092.jpg,charts/0925.webp,434,600,32282,13414,cfeb4f5ca575a2d0df17cb3d8d9e19a9b602d0277f40290ca3227d2a1cc22ec4,68ba71d02717c05235d5acc8418f0dd51fee1239ed036b2548d8f6b04233c7b3
B2_0926,008,vslimp,,MP-LJ,,vs_Fish,,,6f56824fdd3b,008__position-MP-LJ__opponent-vs_Fish__vslimp-6f56824fdd3b.jpg,charts/0926.webp,434,600,36082,14792,c336306ef539634f3b11d99cd60d7139066a19965c3ab5bd0690a682c05d9fcc,e98ea7b4a307aae53573d1aa794b893ca10d21a6fe630d6e4e04b70d4bb5d5b4
B2_0927,006,vslimp,,HJ,,vs_Fish,,,8d6b0531d54c,006__position-HJ__opponent-vs_Fish__vslimp-8d6b0531d54c.jpg,charts/0927.webp,434,600,40216,17134,b144475185ef9e0edc9b13673ea4527ceeb3b1988ade0a1dfaf70ca321f87419,c44dcbd13ef71c70a26c3b6553e97a629f9816eeadf1dbe0989664df0062bcff
B2_0928,004,vslimp,,BTN,,vs_Reg,,,bfe499ab2a39,004__position-BTN__opponent-vs_Reg__vslimp-bfe499ab2a39.jpg,charts/0928.webp,434,600,36758,15586,1dc0c4bd6c1d72773cb3aeacf251d3548ad6ae05c598d029495841d9be3f8d9b,6b4985aae5ff584c70f20adb35b1e42775d022cfe3f912954ea72e6453529878
B2_0929,001,vslimp,,BB,,vs_Fish,,,c0f6c22ff0c8,001__position-BB__opponent-vs_Fish__vslimp-c0f6c22ff0c8.jpg,charts/0929.webp,434,600,59189,26586,f513ebc4ce67af54fed28fc281b5fd6feb9dfd2d10ac9db9c54902bd69017746,beeef602eb0a2b2cc8dccb10af01d1d4c179f0fbef20514fe1b2e69af7f13455
B2_0930,019,sbvsbb,BB_ISO,BB,10-13BB,SB,,,28808625f723,019__spot-BB_ISO__position-BB__stack-10-13BB__opponent-SB__sbvsbb-28808625f723.jpg,charts/0930.webp,434,600,54292,24832,980950e754b3cd1a0f85188ff81bd65979624869d8882dfe072cf9e97bd425f9,3c1a2c54603655b585a5fe33a86a0bfeb054f43c8ccd7c112a50aad3c574285d
B2_0931,017,sbvsbb,BB_Def,BB,40BB,SB,,2.75-3.25x,115c38821656,017__spot-BB_Def__position-BB__stack-40BB__opponent-SB__bet-2.75-3.25x__sbvsbb-115c38821656.jpg,charts/0931.webp,434,600,59491,26554,7ee51179670065748ef5d5e39e4f5bbd3a8551b91723109fb552650d625b0d55,56e10655347456899ab8807e985e8a25fa31745093ff0821c67a5e8843111b54
B2_0932,004,sbvsbb,BB_Def,BB,16-22BB,SB,,2.25-2.75x,f928a2223cb4,004__spot-BB_Def__position-BB__stack-16-22BB__opponent-SB__bet-2.25-2.75x__sbvsbb-f928a2223cb4.jpg,charts/0932.webp,434,600,56393,24994,d601a0159c6be20957b138387d34a3f221415297624575bae08b607aecf73316,609a99484188a1d20461d7f8956e56c6d02fe623569898dd55dfb3a127bb7e19
B2_0933,011,sbvsbb,BB_Def,BB,30-40BB,SB,,2.75-3.25x,c4556033d03c,011__spot-BB_Def__position-BB__stack-30-40BB__opponent-SB__bet-2.75-3.25x__sbvsbb-c4556033d03c.jpg,charts/0933.webp,434,600,57710,25864,79ca7c05a6064f090372cd1e02a47a05e5ef3d4b426c1cfb2dbebf5a65d047f9,b8a4b85db4a143485352fb756bcf2ba7e975be55d288264728232622c669961c
B2_0934,024,sbvsbb,BB_ISO,BB,26-60BB,SB,,,70589cdc8c57,024__spot-BB_ISO__position-BB__stack-26-60BB__opponent-SB__sbvsbb-70589cdc8c57.jpg,charts/0934.webp,434,600,58500,27270,e3c625c2cbb881b8a1d495e7aac4a9ead2422f4607ca966e5a8c7906b44d964e,b6e9c6f0b0cfbead1cfbe3b487990eadbf3552b220a755c9c84043536e3d3373
B2_0935,009,sbvsbb,BB_Def,BB,22-30BB,SB,,3.25-4.25x,78c3545497d5,009__spot-BB_Def__position-BB__stack-22-30BB__opponent-SB__bet-3.25-4.25x__sbvsbb-78c3545497d5.jpg,charts/0935.webp,434,600,53872,23856,f94003ff1552311bcc371d7f4c156ccda1c73b3940142aa86fd9ee738abaf27a,363da89fb749e1a55c22ea74049cad5e98f111e7afa70270f16ec32b5a4867f5
B2_0936,015,sbvsbb,BB_Def,BB,8-12BB,SB,,3.25-4.25x,c6126e2b049c,015__spot-BB_Def__position-BB__stack-8-12BB__opponent-SB__bet-3.25-4.25x__sbvsbb-c6126e2b049c.jpg,charts/0936.webp,434,600,35251,14644,922abfbd0b64a85ce24fc9fc1cbbd5b493b12761b2108e3bdf7ae339aacd7b5b,fbaa9fa02d8c5f62da7a9ab2669590f5d56ae12599051f36d718e13b26c495f6
B2_0937,025,sbvsbb,BB_ISO,BB,26-60BB,SB,,,1e02e7a910d2,025__spot-BB_ISO__position-BB__stack-26-60BB__opponent-SB__sbvsbb-1e02e7a910d2.jpg,charts/0937.webp,434,600,59482,27476,ce33597272b3e20238c6e02b534afae133a76aa32ccf5ab7483db8228e76392f,fd800a3b6ad89786eb6786705d61dd9ac902ec44e8b1ec1c61ff7da8240b36e2
B2_0938,034,sbvsbb,SB_UO,SB,26BB,BB,,,eec979aba835,034__spot-SB_UO__position-SB__stack-26BB__opponent-BB__sbvsbb-eec979aba835.jpg,charts/0938.webp,434,600,57744,27362,723fc1a256aaf012bce5a9323c95a51fc81563ddd1ffb204e29090c7086d3c26,7447c08482dddaf59456c5f550ed095c1609fae976790c6bf065a76114104270
B2_0939,012,sbvsbb,BB_Def,BB,30-40BB,SB,,3.25-4.25x,9f0da7f9b59e,012__spot-BB_Def__position-BB__stack-30-40BB__opponent-SB__bet-3.25-4.25x__sbvsbb-9f0da7f9b59e.jpg,charts/0939.webp,434,600,53648,23490,1055c3ef567bcb8b0ad8a0c3c5f4554e0a6b7d9b4e2663177ed14251a632d0fa,0c8e42c00cbcc3e823aaaa2035b107264570a5529f168ae988371644aadcf826
B2_0940,033,sbvsbb,SB_UO,SB,26BB,BB,,,a1005fb9d5fc,033__spot-SB_UO__position-SB__stack-26BB__opponent-BB__sbvsbb-a1005fb9d5fc.jpg,charts/0940.webp,434,600,58243,27110,b6f9909633a9f6b866048d8d26ca730a0c6e68c650153f6f8a74adc519910534,2c41e9e827c47af7e4018afcc24932a9fa61ca1d7cf6b37cca737c6e9f5229e0
B2_0941,021,sbvsbb,BB_ISO,BB,16-19BB,SB,,,166c725b8c73,021__spot-BB_ISO__position-BB__stack-16-19BB__opponent-SB__sbvsbb-166c725b8c73.jpg,charts/0941.webp,434,600,59294,27936,ef7a32455b03cf005b7154c16dc87ce7d1860ada385b5d78c93c0d08785655d9,d7f1c9cbb134c0acef8ea50906466321f21b9e74f8e9805bd268dd401f857798
B2_0942,027,sbvsbb,SB_UO,SB,10-13BB,BB,,,14c76b3194c1,027__spot-SB_UO__position-SB__stack-10-13BB__opponent-BB__sbvsbb-14c76b3194c1.jpg,charts/0942.webp,434,600,56841,26032,a64965d2bb9def44a8ba623ef46ae35756f60dfd4bee595aea656ccd967d787f,d305cf18296ace438101ca91ae9f86349f21fd66de8ecf1a91191ad26b12ac0d
B2_0943,002,sbvsbb,BB_Def,BB,12-16BB,SB,,2.75-3.25x,891c8b82b81c,002__spot-BB_Def__position-BB__stack-12-16BB__opponent-SB__bet-2.75-3.25x__sbvsbb-891c8b82b81c.jpg,charts/0943.webp,434,600,53750,23688,6ffe87f820f4b1fc95a7bf67f50965cab6edff0dbdc6b41012afe4c448d8db8d,ba1b7fe77ef86d7feda7da044f58a8846bb692693009026177c5ecb327bece5f
B2_0944,014,sbvsbb,BB_Def,BB,8-12BB,SB,,2.75-3.25x,dc3e462453a5,014__spot-BB_Def__position-BB__stack-8-12BB__opponent-SB__bet-2.75-3.25x__sbvsbb-dc3e462453a5.jpg,charts/0944.webp,434,600,54968,24172,8598d37327ab91192b9ccad5c8dba34421771808abecab8a71518fb58314c6ec,53527f1987b9db24f18b153e6d3dad4aacd1c5a60491da5b3d630e89b869a491
B2_0945,023,sbvsbb,BB_ISO,BB,22-26BB,SB,,,6bdd625640e1,023__spot-BB_ISO__position-BB__stack-22-26BB__opponent-SB__sbvsbb-6bdd625640e1.jpg,charts/0945.webp,434,600,59752,28106,4316acf8f5ab9e43334247cad4be797411c80c6237e55d146fd2d095738eef9f,cd62d3b9635b5867f5c0da14318b67a169f00761d2ce711533d001d479491f3f
B2_0946,029,sbvsbb,SB_UO,SB,16-19BB,BB,,,a8165502726e,029__spot-SB_UO__position-SB__stack-16-19BB__opponent-BB__sbvsbb-a8165502726e.jpg,charts/0946.webp,434,600,58916,27064,50ce9b20475b55bc1414fe47f88de8198e1277af9c0d82a4c601125d49888d45,ce1a7f362406a6fed5ad0e8e6e4a51be03462991eed5bffe1220deb67231ba53
B2_0947,013,sbvsbb,BB_Def,BB,8-12BB,SB,,2.25-2.75x,3483ea7fea58,013__spot-BB_Def__position-BB__stack-8-12BB__opponent-SB__bet-2.25-2.75x__sbvsbb-3483ea7fea58.jpg,charts/0947.webp,434,600,53406,23210,7c8152ae23cf49219951bfe77e4979bd89b68e66ed79a285536f90e2c0d329b0,f5734870178ce3612c336a1bf9badd7873e57d3ae7d523e856515437c52d76aa
B2_0948,003,sbvsbb,BB_Def,BB,12-16BB,SB,,3.25-4.25x,2ab531e4b102,003__spot-BB_Def__position-BB__stack-12-16BB__opponent-SB__bet-3.25-4.25x__sbvsbb-2ab531e4b102.jpg,charts/0948.webp,434,600,35034,14528,cbb603c5021120eb5f5083ca2a4c3da5bb97951f3f542e48f030c92b1c59e9c4,64fe4983da05c029ef531376253062b16f384c89a3df5cda917c2e43df2e74bd
B2_0949,026,sbvsbb,BB_ISO,BB,7-10BB,SB,,,d37faf99103d,026__spot-BB_ISO__position-BB__stack-7-10BB__opponent-SB__sbvsbb-d37faf99103d.jpg,charts/0949.webp,434,600,54142,24552,aa7096199cb5991b3e7e8175c28324c29c7465d84ab54302e136e54cf06b0cb7,fbb03bbe8ff9df8cfdc282441df2257bb0f2e1bb8a32966fb7f4a55eccefa308
B2_0950,005,sbvsbb,BB_Def,BB,16-22BB,SB,,2.75-3.25x,3d3e3136e1e1,005__spot-BB_Def__position-BB__stack-16-22BB__opponent-SB__bet-2.75-3.25x__sbvsbb-3d3e3136e1e1.jpg,charts/0950.webp,434,600,54674,23954,bf88b26713a0d9b0b223c5683594f5b15b01961017e37a5517779dda5b3526be,c270df77dc36ba28baaf5ef9ca111dcdadd7b9f2c0321a0373e9339c9cdb681f
B2_0951,022,sbvsbb,BB_ISO,BB,19-22BB,SB,,,99a4cc0c5e63,022__spot-BB_ISO__position-BB__stack-19-22BB__opponent-SB__sbvsbb-99a4cc0c5e63.jpg,charts/0951.webp,434,600,59285,27882,ee8e5fb6fa7ec95b640dab1c2454527c7eae139d6944b79cd69fc7a4c794da80,d350d8b1997e0a6f6ededae72251d7fccbcf52ee0b1a28327368e1dc4a00ed89
B2_0952,030,sbvsbb,SB_UO,SB,19-22BB,BB,,,32edb20af16a,030__spot-SB_UO__position-SB__stack-19-22BB__opponent-BB__sbvsbb-32edb20af16a.jpg,charts/0952.webp,434,600,58666,27112,b1e14031cba5bc6c8fde8178a4dbd247aa4144b0da29665dbe2c75a1c5ef0ce0,c520ef5acf6b1f39405ea7f47926b8269615af21b6f2f46bd85647e917e5c134
B2_0953,007,sbvsbb,BB_Def,BB,22-30BB,SB,,2.25-2.75x,82d6b494eea5,007__spot-BB_Def__position-BB__stack-22-30BB__opponent-SB__bet-2.25-2.75x__sbvsbb-82d6b494eea5.jpg,charts/0953.webp,434,600,56137,25428,feb70379279e424c46486cb6823c24187b5fa40c31a352698da6683ddf8f1e44,a79455849155813066f5514b19faa49905311880132951719aedf09bd2223e61
B2_0954,001,sbvsbb,BB_Def,BB,12-16BB,SB,,2.25-2.75x,fe84ef1444f3,001__spot-BB_Def__position-BB__stack-12-16BB__opponent-SB__bet-2.25-2.75x__sbvsbb-fe84ef1444f3.jpg,charts/0954.webp,434,600,53933,23754,5570114d4eba6303ed458d48a448618d313fbbd70316ad0353561266aad14b90,25eced40df388e5fa653169067a99f268c4aa896ec45c020e6c4806a15083cf5
B2_0955,020,sbvsbb,BB_ISO,BB,13-16BB,SB,,,15e0ada94f7e,020__spot-BB_ISO__position-BB__stack-13-16BB__opponent-SB__sbvsbb-15e0ada94f7e.jpg,charts/0955.webp,434,600,58811,27606,5b629d3e1ecde4bc7c1194ef7689f867d53c37e2c0e8225a3d7248ebcb959305,3fa4af82587c844b64f722fbc61265c1abcfeafaea39c5409402f1597fe8fbbd
B2_0956,016,sbvsbb,BB_Def,BB,40BB,SB,,2.25-2.75x,bce3e0903cc1,016__spot-BB_Def__position-BB__stack-40BB__opponent-SB__bet-2.25-2.75x__sbvsbb-bce3e0903cc1.jpg,charts/0956.webp,434,600,57444,25764,3cf85df576368fb5521b4ce4749d5e52d9d3da1e30204d17893093b726b3bcca,dc648568faa523a75d934f416dc356bbcdb6c48d0dcdc7f905fe5518c39cd3eb
B2_0957,028,sbvsbb,SB_UO,SB,13-16BB,BB,,,3b6b8344754a,028__spot-SB_UO__position-SB__stack-13-16BB__opponent-BB__sbvsbb-3b6b8344754a.jpg,charts/0957.webp,434,600,58218,26938,854eb50c7ee99e3e0a5fb6210abc949a5612bb07e53e667d053631d1c79db7bd,7fb7e0ab5c923597b5e05b7f91674c030b01fc4be850fc4e78b42e796860535a
B2_0958,031,sbvsbb,SB_UO,SB,22-26BB,BB,,,7de456588051,031__spot-SB_UO__position-SB__stack-22-26BB__opponent-BB__sbvsbb-7de456588051.jpg,charts/0958.webp,434,600,59434,28806,0d44d1a51e0ba4aefc5c700caf0ffaa0e3194a57b06916f3e687b5a19feebb28,a3951ba1ac91a30ccb2ee23829c4ebf7443cf5a434b19e222eeed5fb096bd4f9
B2_0959,010,sbvsbb,BB_Def,BB,30-40BB,SB,,2.25-2.75x,71b3bbfdb7ce,010__spot-BB_Def__position-BB__stack-30-40BB__opponent-SB__bet-2.25-2.75x__sbvsbb-71b3bbfdb7ce.jpg,charts/0959.webp,434,600,56003,25024,055d5d6c341f2b65ff9d8c1673cca032365cd7931d141797acabcfd63ab9636d,d1654fab1bcb940d8b8b6cfd7d89ccc6532faca7e608afa85c420f951295c505
B2_0960,032,sbvsbb,SB_UO,SB,7-10BB,BB,,,5062793f771c,032__spot-SB_UO__position-SB__stack-7-10BB__opponent-BB__sbvsbb-5062793f771c.jpg,charts/0960.webp,434,600,57133,25806,8f39a39b8f7e59e7858bcf8e76c0fd8f9b36095e7a177652714a4ca9bdbe7078,56652a5eaf3cfe9d20ba90355b1c931342c40bb219b081802e930ace980f6fdd
B2_0961,018,sbvsbb,BB_Def,BB,40BB,SB,,3.25-4.25x,49e026a80bd4,018__spot-BB_Def__position-BB__stack-40BB__opponent-SB__bet-3.25-4.25x__sbvsbb-49e026a80bd4.jpg,charts/0961.webp,434,600,53878,23690,8951180feb3a800638135a7cd838841391ed2ac2b899c8253f95b5f97565550c,1a9e1f6117dd54e67a2430a4905a24ce3e3d565c0cbf584f5bd4e3ce199dbec5
B2_0962,008,sbvsbb,BB_Def,BB,22-30BB,SB,,2.75-3.25x,c626a0140ad5,008__spot-BB_Def__position-BB__stack-22-30BB__opponent-SB__bet-2.75-3.25x__sbvsbb-c626a0140ad5.jpg,charts/0962.webp,434,600,57730,26302,b3dc0d75d6cd9141104ecf07c7c4778a6ac2ff1daaf5fada63295a9c3af0ed5b,017794385dbe7d2920ae1b8aa6e6a07c1c704041d5b1fc91232c8e6c0a89bba3
B2_0963,006,sbvsbb,BB_Def,BB,16-22BB,SB,,3.25-4.25x,241ebc6eb5c3,006__spot-BB_Def__position-BB__stack-16-22BB__opponent-SB__bet-3.25-4.25x__sbvsbb-241ebc6eb5c3.jpg,charts/0963.webp,434,600,52621,23170,11d9e75f3b8a5ed6a50e84c0ac7f29899da98bfcfa863e1d7ac6250eec34509a,50b003da38356d143693ae2aec5c8c7b4380ff2c904ddfed371da3230121d2d4
B2_0964,091,callpush,Open_Push,BB,27.5BB,vs_MP,,,9e4bd39393d2,091__spot-Open_Push__position-BB__stack-27.5BB__opponent-vs_MP__callpush-9e4bd39393d2.jpg,charts/0964.webp,434,600,31040,12452,cdce86b18d682edfce25e7ff950024d35bd0751cc6d5927220b68e878ceeaada,848c0a7e6d44c3f2604d9afabaad9b9b87880edd13a17c07acbe5a8956cacfb4
B2_0965,355,callpush,Resteal,EP,32BB,LJ,,2x_Open,7d06240747d2,355__spot-Resteal__position-EP__stack-32BB__opponent-LJ__bet-2x_Open__callpush-7d06240747d2.jpg,charts/0965.webp,434,600,29930,11656,f5eeed998208aeecd92482882247cd8645ca632d9bb76a424e1e7d86a936c092,2bb9a0a5688a53ac3b9045b154bbc1411b759837db689420c93a826f240e3007
B2_0966,494,callpush,Resteal,MP,9BB,BTN,,3x_Open,3f38ca70bc65,494__spot-Resteal__position-MP__stack-9BB__opponent-BTN__bet-3x_Open__callpush-3f38ca70bc65.jpg,charts/0966.webp,434,600,49526,21926,9a0202dadc76459cf2c8e46ab64d7bb0a85f57d937dac1360222a243a7828ba7,ddadb0afe525099f5541bf7e2041016e755a6cb21b6c92c84082fac2257f1b0f
B2_0967,478,callpush,Resteal,MP,32BB,BTN,,3x_Open,5877dbcce825,478__spot-Resteal__position-MP__stack-32BB__opponent-BTN__bet-3x_Open__callpush-5877dbcce825.jpg,charts/0967.webp,434,600,29943,12070,9ed6d040efb2c1c38d3b41d7e1fb05242e71f6e98495cd3bcd56c3cf2f2d8b6b,a462980b866a27ea071d2a638b5b463e67f61e462cd869877fe50e8a43814545
B2_0968,363,callpush,Resteal,EP,7BB,CO,,2x_Open,b1f4202cd74c,363__spot-Resteal__position-EP__stack-7BB__opponent-CO__bet-2x_Open__callpush-b1f4202cd74c.jpg,charts/0968.webp,434,600,50353,22256,74ad09e208b1ea94db43ef40adba17cf7e1a50eae890881f562cf770d8051c3e,33f96abc10389f670848afabdf7e6d3c9419733ba0a1794d96b53c214406aca4
B2_0969,539,callpush,vs_4Bet_Push,BB,30-40BB,vs_SB,,,5e1a55d72762,539__spot-vs_4Bet_Push__position-BB__stack-30-40BB__opponent-vs_SB__callpush-5e1a55d72762.jpg,charts/0969.webp,434,600,32953,13732,44444a0bd5b49d19dc9df18ea7d85832bcf064104dfcfddf130f7e0167886389,3ed366c89ef754f26c7b4051183dcb3b4c53849dcb3e86015086fd336105d78a
B2_0970,137,callpush,Resteal,BTN,11BB,BTN,,3x_Open,1e82728ccb29,137__spot-Resteal__position-BTN__stack-11BB__opponent-BTN__bet-3x_Open__callpush-1e82728ccb29.jpg,charts/0970.webp,434,600,45037,19226,46d5cb795e343568a8f7cb11d028475efe4c200af61bd0d2ce564ac639b748d0,3098fae5a056d40e1be615d25ae705e3d8e3bc7cc55849a23677a058b7e52f50
B2_0971,235,callpush,Resteal,CO,9BB,BTN,,2x_Open,67913f55ddeb,235__spot-Resteal__position-CO__stack-9BB__opponent-BTN__bet-2x_Open__callpush-67913f55ddeb.jpg,charts/0971.webp,434,600,42774,18216,896ceaa6addec60e79434ad77eea11021a458a893e2f9b70edeb3545cca2bf07,cd4eff9c6107b28eb25cc29d96e45fc60e461bca087768067cb2a93b9a7d0d78
B2_0972,066,callpush,Open_Push,BB,22.5BB,vs_CO,,,db056dd738bb,066__spot-Open_Push__position-BB__stack-22.5BB__opponent-vs_CO__callpush-db056dd738bb.jpg,charts/0972.webp,434,600,33380,13826,f327111eb8152772343c6b5ba9959ae8d16b42b652a6fae3abec60f0b9819912,88e9b320fbea8943d44db753a7bb7a15904e95a8eae89517e95d8a98045a0f8e
B2_0973,451,callpush,Resteal,MP,21BB,SB,,3x_Open,c7e394ba6f21,451__spot-Resteal__position-MP__stack-21BB__opponent-SB__bet-3x_Open__callpush-c7e394ba6f21.jpg,charts/0973.webp,434,600,30784,12422,67015aeabf8414f945ba314ee01706196cdcc6e027e57a82a9b3817f51841aa1,f4b3730e67398e101ed1e2a81e4958b82599b51d5af110e4e66723ec0786e1e5
B2_0974,081,callpush,Open_Push,BB,25.5BB,vs_MP,,,0bbf2ff15dd6,081__spot-Open_Push__position-BB__stack-25.5BB__opponent-vs_MP__callpush-0bbf2ff15dd6.jpg,charts/0974.webp,434,600,31251,12606,a728ee5f46386106a897114b73f635448454f8e68ed233e8b8ed73d0cbe4afc5,6c348dc7028d87dc3cce0a096d940b9b2b09839d28b89c82cca9602425c62bf2
B2_0975,045,callpush,Open_Push,BB,19.5BB,vs_BTN,,,9fda032feb6d,045__spot-Open_Push__position-BB__stack-19.5BB__opponent-vs_BTN__callpush-9fda032feb6d.jpg,charts/0975.webp,434,600,35722,14884,a30d2005ae70f927c6dc28143eac40d8f00bebdf2d2da92f296c2337eddbc64c,7a9f153263abfc41e29f0fe78748fbf5c4a6d34a609a2b8c54558debacc86486
B2_0976,593,callpush,vs_4Bet_Push,HJ-LJ,40-50BB,vs_MP,,,c80366922ce2,593__spot-vs_4Bet_Push__position-HJ-LJ__stack-40-50BB__opponent-vs_MP__callpush-c80366922ce2.jpg,charts/0976.webp,434,600,29312,11734,d0f4f3c6f338bd06d23682f4150e0c22ffa60a0caad4cb379b7dbec5befd88e7,750efc7392b9350947f6af6207f13f81bfb33bd4925df416671158a842dcddfe
B2_0977,239,callpush,Resteal,EP,11BB,BB,,2x_Open,26f8e2ac8a1f,239__spot-Resteal__position-EP__stack-11BB__opponent-BB__bet-2x_Open__callpush-26f8e2ac8a1f.jpg,charts/0977.webp,434,600,32799,13724,a75dc0a5b4b1a57014efbfd70f04b8ffcc2a161adb244efe27b0adeb993450a0,dcc0eb270e1fb51d48df9682bdd21578b2b776f7e79c755b32adf50113bb8844
B2_0978,261,callpush,Resteal,EP,13BB,LJ,,3x_Open,53ef71a04959,261__spot-Resteal__position-EP__stack-13BB__opponent-LJ__bet-3x_Open__callpush-53ef71a04959.jpg,charts/0978.webp,434,600,33443,13924,71e1c2f3887bab276bd4b188a904f46d3f32ccbfd1a7fe4a68dded47b9368dc7,ffebb3bc348aa2b96f9da25a662214c1512e09b855077c05e28a43926eeb936c
B2_0979,184,callpush,Resteal,CO,13BB,BB,,3x_Open,503b2c2240c8,184__spot-Resteal__position-CO__stack-13BB__opponent-BB__bet-3x_Open__callpush-503b2c2240c8.jpg,charts/0979.webp,434,600,36937,15068,fe1017b0655daca549bb9cd99dc2ed9f88d8e4255d7a3046d08d5ffa7832b292,55d9ec06a0664dd8168dfbc0d3ca9c5a0d109a9dbb6fe2bf8ce1323be04ffcd5
B2_0980,077,callpush,Open_Push,BB,24.5BB,vs_SB,,,1c3a227f7a34,077__spot-Open_Push__position-BB__stack-24.5BB__opponent-vs_SB__callpush-1c3a227f7a34.jpg,charts/0980.webp,434,600,35049,14536,441cdc870113bef8d33b64650987750700b85aa4e24c5ebf8c86eb8a4560f807,b610e3aeffb21f45d00855bc71e95962022c0e8c0c4f4c943009503df5ea8ed5
B2_0981,434,callpush,Resteal,MP,19BB,HJ,,2x_Open,c1036f49a90c,434__spot-Resteal__position-MP__stack-19BB__opponent-HJ__bet-2x_Open__callpush-c1036f49a90c.jpg,charts/0981.webp,434,600,31130,12596,b8d215339d37ccea9067e11b26f72cc0132630147b4f674eaae9ccecb2da7402,3e8c36ade0323cdb8097dca72858dfd4dafcd760b8ed163229d88b33188e2395
B2_0982,457,callpush,Resteal,MP,24BB,CO,,3x_Open,e518150b30ae,457__spot-Resteal__position-MP__stack-24BB__opponent-CO__bet-3x_Open__callpush-e518150b30ae.jpg,charts/0982.webp,434,600,30766,12350,f5d459578e0b6e8666d0d980da2072d4aafea9222ddae89e93310171334ba252,c389e843fc5d01e86ad3b2efe3bb886210aaec9e786a7da96a18af88be7a563b
B2_0983,158,callpush,Resteal,BTN,21BB,SB,,2x_Open,74004cc1b3df,158__spot-Resteal__position-BTN__stack-21BB__opponent-SB__bet-2x_Open__callpush-74004cc1b3df.jpg,charts/0983.webp,434,600,34444,14310,9395dca55c718ef1e426d9026aa542355e03dac9ffe7a0a6f485037d970e201e,cc587bb821b0626c44a723cb60fcf3bf4b20efe82ce2fbb28d0782b14b00b83e
B2_0984,369,callpush,Resteal,EP,9BB,BTN,,2x_Open,8aa1abb8e733,369__spot-Resteal__position-EP__stack-9BB__opponent-BTN__bet-2x_Open__callpush-8aa1abb8e733.jpg,charts/0984.webp,434,600,38500,16220,2ae2db41d37e48d4176b488056d2940a7054a306785d5f0ebf6a51e8c5fd266a,c9cf9dc9c8ab2cf0179f91a7e147b760ec2402929140cbe13c6f26750feb1325
B2_0985,079,callpush,Open_Push,BB,25.5BB,vs_CO,,,ae71a24b71a5,079__spot-Open_Push__position-BB__stack-25.5BB__opponent-vs_CO__callpush-ae71a24b71a5.jpg,charts/0985.webp,434,600,33011,13718,52613482636af7be2c7b4d44bdf85bc378a5c74167cc79cc35427899005ec7a3,a20b35a2c91d0776f4c7aebc260d7d6df3cb10ac646a75425520a36f0f7eb7a6
B2_0986,036,callpush,Open_Push,BB,17.5BB,vs_CO,,,c9a58c5618fd,036__spot-Open_Push__position-BB__stack-17.5BB__opponent-vs_CO__callpush-c9a58c5618fd.jpg,charts/0986.webp,434,600,33979,14088,d39c107ed22408de0ec4ab47bd49ed373ef3aefb2cbca775c746df9c316264a3,64de4084ea8108fb09ec9132ec3e82fb2b7e0bca225b695918d8cd55dbd550a0
B2_0987,507,callpush,Resteal,SB,15BB,BB,,2x_Open,446a6562e0a1,507__spot-Resteal__position-SB__stack-15BB__opponent-BB__bet-2x_Open__callpush-446a6562e0a1.jpg,charts/0987.webp,434,600,38532,16466,c424fe4b06d7b55b1afc16fbf5651d32c6132447cfacbec569e1db3ff3074a18,bd36017290ae9646e8f672dacd5da1651b609f934d8d6608f1749b1a1eed8b94
B2_0988,520,callpush,Resteal,SB,32BB,BB,,3x_Open,c3f99905b8e3,520__spot-Resteal__position-SB__stack-32BB__opponent-BB__bet-3x_Open__callpush-c3f99905b8e3.jpg,charts/0988.webp,434,600,33185,13848,7a28e5661a9b4c0723777481413b323484809fded4641929a31f6966321471ce,2fccab2d96b3d24e92fcd4ba6ecc5dce63f6c008f5845057dc4646ab1f3f8299
B2_0989,056,callpush,Open_Push,BB,20.5BB,vs_CO,,,74640605a2a3,056__spot-Open_Push__position-BB__stack-20.5BB__opponent-vs_CO__callpush-74640605a2a3.jpg,charts/0989.webp,434,600,33455,13922,fe2573338d234c0061f9aa2e82c8afa3446bd7c0fffc22db1b0a1e126b147c56,6fc695da144ed871bab62ea618b52324fa363ac473ef9cd64a77c92eaf1ad623
B2_0990,097,callpush,Open_Push,BB,28.5BB,vs_SB,,,69572d12d817,097__spot-Open_Push__position-BB__stack-28.5BB__opponent-vs_SB__callpush-69572d12d817.jpg,charts/0990.webp,434,600,34585,14398,697745a7450ba57ae683e948c7608aa7ec210a0fb7f39e137834b941a628ead7,1bb0fe2c32e2ca609dfe8300baddbfa449ba91ea8079b6b723a82f9ac9680971
B2_0991,574,callpush,vs_4Bet_Push,CO,30-40BB,vs_MP,,,32b991347710,574__spot-vs_4Bet_Push__position-CO__stack-30-40BB__opponent-vs_MP__callpush-32b991347710.jpg,charts/0991.webp,434,600,31028,12520,aa98e8b7ee1ef8b328bcdbf6ae067bf71dba9c5c0ea77aae6eaf649e48b35999,a91cc3ddca6e099f5465e5ae74396b5fd5447e297dfb181dc39365c836d47d29
B2_0992,411,callpush,Resteal,MP,15BB,HJ,,3x_Open,99ffeb139245,411__spot-Resteal__position-MP__stack-15BB__opponent-HJ__bet-3x_Open__callpush-99ffeb139245.jpg,charts/0992.webp,434,600,32542,13162,3915f47f282876ac365ab7ff585b73a7622755ebbeecb01066f4474f5a4b9d2d,7274d1a337b1ab304c8fbac897d00b54e2cbe4107b2f7e7b666b11deebbba63e
B2_0993,482,callpush,Resteal,MP,32BB,HJ,,3x_Open,827d9e5bc745,482__spot-Resteal__position-MP__stack-32BB__opponent-HJ__bet-3x_Open__callpush-827d9e5bc745.jpg,charts/0993.webp,434,600,29816,11620,d0fea40b21f8e7674ee35bd441d93854909723ae4ea14f8d7a0cc3935262173a,03690952f76a8ecb91e3f725f6052596b26c9b73287ec6ccea787907860752c6
B2_0994,237,callpush,Resteal,CO,9BB,SB,,2x_Open,1236f56da789,237__spot-Resteal__position-CO__stack-9BB__opponent-SB__bet-2x_Open__callpush-1236f56da789.jpg,charts/0994.webp,434,600,42328,18014,ca52bbd19ba8b3737db0447879fd7643972d9087d8f1dc843efc4b9985f95ebe,a4be5ceedb584168764c4aaa1bbc9b7204ca1728c5ff8571f18f692e12c745bd
B2_0995,500,callpush,Resteal,MP,9BB,LJ,,3x_Open,5010decd9149,500__spot-Resteal__position-MP__stack-9BB__opponent-LJ__bet-3x_Open__callpush-5010decd9149.jpg,charts/0995.webp,434,600,48425,20886,fbae172ea7af49226667d7f096f94df2c9b504e16b60af5dac98f172dd5d6f20,d129e83e86259bcd1511c71e3c570db768ecb6070143a1a2577d4fa1e5f698be
B2_0996,043,callpush,Open_Push,BB,18.5BB,vs_MP,,,4befe87d171b,043__spot-Open_Push__position-BB__stack-18.5BB__opponent-vs_MP__callpush-4befe87d171b.jpg,charts/0996.webp,434,600,31376,12724,1f784b8050ed589afbbf791a9c23f0160eb2b4c358825b60f825b74919d6c583,53c4049b258cbedca4f2b3c80667905b66c4931342533037c43a7a3ea1001c1a
B2_0997,049,callpush,Open_Push,BB,19.5BB,vs_SB,,,8d5fb9cef6a3,049__spot-Open_Push__position-BB__stack-19.5BB__opponent-vs_SB__callpush-8d5fb9cef6a3.jpg,charts/0997.webp,434,600,38300,15962,d3eee8b043adcc833c53802eb38bc9b0b5ee49d54e213e73e781f2b1ccff3389,7d509d9e52fc424d3f2727687405e1d2f616d453043f6ec728e072ab00b4b927
B2_0998,428,callpush,Resteal,MP,19BB,BB,,2x_Open,3c331d1ff65d,428__spot-Resteal__position-MP__stack-19BB__opponent-BB__bet-2x_Open__callpush-3c331d1ff65d.jpg,charts/0998.webp,434,600,31597,12756,aba4946dbc64bc9dfc16df24d3b1693876eb8a8783b33aa8813eaad02cba7588,9d0a2e8a0f4f0807ffe717c642c44a90cb171286817716b9b1c024c87bfa7e92
B2_0999,212,callpush,Resteal,CO,24BB,BB,,2x_Open,0897c4ec8918,212__spot-Resteal__position-CO__stack-24BB__opponent-BB__bet-2x_Open__callpush-0897c4ec8918.jpg,charts/0999.webp,434,600,32285,12986,788f01c7c742a2761ae98a2e1b8e80966b009cb0c5fddbdbdbee7423543217bd,69b9740af9ce15e03256d7d747218739cca4cc6c09a56b8e21c6dc2ae4243863
B2_1000,290,callpush,Resteal,EP,17BB,MP,,2x_Open,e26a9665c9c7,290__spot-Resteal__position-EP__stack-17BB__opponent-MP__bet-2x_Open__callpush-e26a9665c9c7.jpg,charts/1000.webp,434,600,30616,12294,a3fc568fa9f795da4f4a7f0945c859536941e330795014ce68a4e32fbca1dfee,4c28f782d435089b5e88d646ee82b56608326cc303cd33e35b1721671b8c0dc9
B2_1001,395,callpush,Resteal,MP,13BB,BTN,,3x_Open,032ecd2091d5,395__spot-Resteal__position-MP__stack-13BB__opponent-BTN__bet-3x_Open__callpush-032ecd2091d5.jpg,charts/1001.webp,434,600,35754,14636,a0e2d61c55a19cceedcfb7642d1ce49bf6858e5cde33e5c53ddf150ed3d5022a,159d4cfeae86773297a923bc5fe101b35395a32dc0ed931400c0221f8db2b04b
B2_1002,464,callpush,Resteal,MP,28BB,BB,,3x_Open,98a2e81fad53,464__spot-Resteal__position-MP__stack-28BB__opponent-BB__bet-3x_Open__callpush-98a2e81fad53.jpg,charts/1002.webp,434,600,29970,12030,d3f4d27d6803771a97e6a3cf409dfb607fd6f4dfbb316fb4bcfee388ecb1ede9,ddf49d1dcc8e9bc6a2cb45d3675789a4ef8c576f50149da19035bb107727ff88
B2_1003,446,callpush,Resteal,MP,21BB,HJ,,2x_Open,7a175fbbbb0d,446__spot-Resteal__position-MP__stack-21BB__opponent-HJ__bet-2x_Open__callpush-7a175fbbbb0d.jpg,charts/1003.webp,434,600,31035,12500,ab8340a66493fb78189129941a4454e3be4991e6a55e62e1c35a6907d93135d4,208a65d5b9dc11e48a040d955805a1d5d86df5cbde6643424834c57c6ca5bfd6
B2_1004,466,callpush,Resteal,MP,28BB,BTN,,3x_Open,cda36d23c7c3,466__spot-Resteal__position-MP__stack-28BB__opponent-BTN__bet-3x_Open__callpush-cda36d23c7c3.jpg,charts/1004.webp,434,600,30474,12236,2d177428c4da93eb0910320e77496c9659308f0daabaeb2327cecc102f2333ee,08ad5b2b3a17e007fdc8b7a64a1dea1ef607d82b18549ad8e6955d631e924a1b
B2_1005,224,callpush,Resteal,CO,32BB,BB,,2x_Open,358d166d80d9,224__spot-Resteal__position-CO__stack-32BB__opponent-BB__bet-2x_Open__callpush-358d166d80d9.jpg,charts/1005.webp,434,600,31609,12806,0b985a43095d833b1fd6c8df0a66fcbfdf7d626b2f437f68e24bac631cda6da0,d31309eb9b22e0609f883be761ab387cb694f519ddc12e0f2e60f8e8f998a560
B2_1006,522,callpush,Resteal,SB,9BB,BB,,2x_Open,1e7f8e9e66b0,522__spot-Resteal__position-SB__stack-9BB__opponent-BB__bet-2x_Open__callpush-1e7f8e9e66b0.jpg,charts/1006.webp,434,600,45573,19548,29dd2990e2a39ebc82a9dbcb7469a2d5832e1756ae5af41a064f7f253e7b1474,47cded22277f8939ccbc49eb2fe334d4a4d2fd5ca0dd56433d99f008f6ff10fd
B2_1007,075,callpush,Open_Push,BB,24.5BB,vs_EP,,,e6738d6b7cbf,075__spot-Open_Push__position-BB__stack-24.5BB__opponent-vs_EP__callpush-e6738d6b7cbf.jpg,charts/1007.webp,434,600,30153,12252,6506f2efdb75e61817ba9025def70e6de787b530a76e885f0aa64dd49ce61db8,38615a35d18349af966887f966823e9d5a6580359335b3ffda62e6cf6219aec6
B2_1008,601,callpush,vs_4Bet_Push,SB,22-30BB,vs_CO,,,202212a94192,601__spot-vs_4Bet_Push__position-SB__stack-22-30BB__opponent-vs_CO__callpush-202212a94192.jpg,charts/1008.webp,434,600,34852,14336,cd962ae715f92e02452f8333da5c001f6630e9dfa25cd859092584f63a5a17e1,33887fdfe434137a173d633edb15d2c073fef127d822b1236a19ac6380c32f5b
B2_1009,038,callpush,Open_Push,BB,17.5BB,vs_MP,,,13a81eeb26e4,038__spot-Open_Push__position-BB__stack-17.5BB__opponent-vs_MP__callpush-13a81eeb26e4.jpg,charts/1009.webp,434,600,31453,12614,356076cde331229e596667feddcba9aaeee3bf1fc40ed4b7e6a59ba444f82803,327c2cc6e05ad91a63648f40b54bad3b6b866e6d9df338e7d7192e3a77e8e6fc
B2_1010,166,callpush,Resteal,BTN,28BB,SB,,3x_Open,d3003e5a22ca,166__spot-Resteal__position-BTN__stack-28BB__opponent-SB__bet-3x_Open__callpush-d3003e5a22ca.jpg,charts/1010.webp,434,600,32583,13144,28ed2a584c3ced8a90990c38992ad23583153ba8c2c63daa15c38eb375af3c7e,622f48007208147071345db6c051e6890cfc236fc6542a8ad3d1dd531f0112b6
B2_1011,057,callpush,Open_Push,BB,20.5BB,vs_EP,,,68849be8006a,057__spot-Open_Push__position-BB__stack-20.5BB__opponent-vs_EP__callpush-68849be8006a.jpg,charts/1011.webp,434,600,30647,12466,c109e806c21cec03cd7493fed01824cfe040ef3fc0cfb54db90a275c33b86d41,59ba6d8d42c85fc2bd6b0fce82493c01605853660c7b31900c2c5928f84c39c1
B2_1012,321,callpush,Resteal,EP,24BB,BTN,,2x_Open,6ef82b11a580,321__spot-Resteal__position-EP__stack-24BB__opponent-BTN__bet-2x_Open__callpush-6ef82b11a580.jpg,charts/1012.webp,434,600,29758,11974,d40422860001ef2a5d7d7fa771012d2e34e14611d9e2ae4e7d86cb817b9f3f5e,625bc0fa8ace138778d55fc84ebd4bb62cef05432067cb42af73d4e0e6bf71bb
B2_1013,551,callpush,vs_4Bet_Push,BTN,14-18BB,vs_EP,,,411351b4723c,551__spot-vs_4Bet_Push__position-BTN__stack-14-18BB__opponent-vs_EP__callpush-411351b4723c.jpg,charts/1013.webp,434,600,32135,12888,2b3ec3d45ba1842dee48a9c34136ff92883ba065ab431bfc19b55ccfceb2a3dc,15023a0f44cfed00f6fb09b236f0d42d1ddd85d8905972a63bb66ca4ea1e08a2
B2_1014,476,callpush,Resteal,MP,32BB,BB,,3x_Open,4d02800308f6,476__spot-Resteal__position-MP__stack-32BB__opponent-BB__bet-3x_Open__callpush-4d02800308f6.jpg,charts/1014.webp,434,600,29593,11970,2a42955ededfaa26f815b7e9d835eea05737d753993317f9da691b96eab5f7a5,03d0560bc037962781c4efae1b36aa67796f7f10b4df5b9907ed442b30006a7b
B2_1015,529,callpush,vs_4Bet_Push,BB,18-22BB,vs_SB,,,f52c8ab51038,529__spot-vs_4Bet_Push__position-BB__stack-18-22BB__opponent-vs_SB__callpush-f52c8ab51038.jpg,charts/1015.webp,434,600,35948,14814,95583578d85c9d62c213ca919713e5680204f103ccf34a7511a8982dc1f8686f,f3047897c151058d920a446b7f99558725af6926eb48f235d8b5da9e662e313f
B2_1016,412,callpush,Resteal,MP,15BB,LJ,,2x_Open,c295c1ed6197,412__spot-Resteal__position-MP__stack-15BB__opponent-LJ__bet-2x_Open__callpush-c295c1ed6197.jpg,charts/1016.webp,434,600,31461,12608,92e3244319e08c0f36300ed4110ee182b7deda253ca3b1ab4f7b4aba047994e5,85a4ee555e87527ba926947fcc672728d4c024cfc77033255c07fd28ad65c19b
B2_1017,086,callpush,Open_Push,BB,26.5BB,vs_MP,,,25b7654fef15,086__spot-Open_Push__position-BB__stack-26.5BB__opponent-vs_MP__callpush-25b7654fef15.jpg,charts/1017.webp,434,600,30960,12514,e736f84e18d6e838f8c4c68168e33ef627d506a0fe10a43afda7fd2f6aba0bf7,a221274cacbcc53edc3f25ff3949f7e709a7edcef24293b8ace21d9ccb22825d
B2_1018,161,callpush,Resteal,BTN,24BB,SB,,2x_Open,c7b9fd427f22,161__spot-Resteal__position-BTN__stack-24BB__opponent-SB__bet-2x_Open__callpush-c7b9fd427f22.jpg,charts/1018.webp,434,600,34155,14318,23f1416c0f27f4e827bcc12de9f7e3ba0489c9093df1c8d122326b938a7713b0,cba4c291176b39c4bfd2cdfb32be2e73b1207532d701dc8279c64821d571e91e
B2_1019,477,callpush,Resteal,MP,32BB,BTN,,2x_Open,7eb7b51198a4,477__spot-Resteal__position-MP__stack-32BB__opponent-BTN__bet-2x_Open__callpush-7eb7b51198a4.jpg,charts/1019.webp,434,600,30854,12544,5449b8f7d3558e39e577814a8ba337916563751cc501ab762878c54641af236f,aa19e21787329cf7502f62cde5ec412e628831692a16784d194ff2a5f65445ba
B2_1020,406,callpush,Resteal,MP,15BB,BTN,,2x_Open,fa4942272b98,406__spot-Resteal__position-MP__stack-15BB__opponent-BTN__bet-2x_Open__callpush-fa4942272b98.jpg,charts/1020.webp,434,600,32771,13174,54499fa4fee46069d5d39270452d002fa764995c2eaedbc816e09ad266858657,3048d5eafe99e3f7b1c6d4014cd27e47099d5d91e375a24304084b30e30a4eed
B2_1021,354,callpush,Resteal,EP,32BB,HJ,,3x_Open,5fd8bf0be82d,354__spot-Resteal__position-EP__stack-32BB__opponent-HJ__bet-3x_Open__callpush-5fd8bf0be82d.jpg,charts/1021.webp,434,600,29743,11602,3636752e76330aa172a0d3554a5608aaa6ba11d364848ae6db934b203df9e840,6951b6b50fa8f52af893c14e62f9da0fafa7435334468d103fa0cb9b8187fa36
B2_1022,391,callpush,Resteal,MP,11BB,SB,,3x_Open,8c1488453ccb,391__spot-Resteal__position-MP__stack-11BB__opponent-SB__bet-3x_Open__callpush-8c1488453ccb.jpg,charts/1022.webp,434,600,40649,17188,c35e3c61a03f0acf56d8395eaf1e0c4cd15c45729054e31038ee0b92bee84d0b,c5cff02e9092889317aeab7cfeb45bf642f762c84c8ad12d142f6755308195ea
B2_1023,210,callpush,Resteal,CO,21BB,SB,,2x_Open,9047a217bb54,210__spot-Resteal__position-CO__stack-21BB__opponent-SB__bet-2x_Open__callpush-9047a217bb54.jpg,charts/1023.webp,434,600,33226,13876,e55b285240a30d7f8c16f4e175b332c780bb59f661c1a6dff3fa3b50aa79103d,6d39e9bed6e7d582afb3167cf8f1c49096eff5d72cb9199dc6012c2b612943bb
B2_1024,005,callpush,Open_Push,BB,10.5BB,vs_SB,,,a7010ec68a42,005__spot-Open_Push__position-BB__stack-10.5BB__opponent-vs_SB__callpush-a7010ec68a42.jpg,charts/1024.webp,434,600,43941,18722,8207bb61ed4f610024cb5d0049644fd2fd691fef8c3d512524c96b554d6fc7e2,a23ab39655aa3f26b2e57e5b7b96d9e4aac22b2c44e9a1e296cc3bc704531722
B2_1025,226,callpush,Resteal,CO,32BB,BTN,,2x_Open,639de5685994,226__spot-Resteal__position-CO__stack-32BB__opponent-BTN__bet-2x_Open__callpush-639de5685994.jpg,charts/1025.webp,434,600,31381,12712,1db6ab020056ddfe396dd0e5293af07af3fee379707799b90c09b4ac57055c1f,55dd0d4034e8bcda497e91ba6c85ce512312032ea16d6f3830b25ecfa5e54635
B2_1026,490,callpush,Resteal,MP,7BB,LJ,,2x_Open,36c7a35f14c7,490__spot-Resteal__position-MP__stack-7BB__opponent-LJ__bet-2x_Open__callpush-36c7a35f14c7.jpg,charts/1026.webp,434,600,48509,21190,cbe01035a6c65ddb975163bd1b6f5ba2b71dedabb37a630cb8476fbb201283a6,dc284fdddc447f22808709f1591366642eb8c37c95ea3ff8d6f78f60b56a058d
B2_1027,053,callpush,Open_Push,BB,2.5BB,vs_MP,,,35f457e844dc,053__spot-Open_Push__position-BB__stack-2.5BB__opponent-vs_MP__callpush-35f457e844dc.jpg,charts/1027.webp,434,600,60534,27444,bf37c346baa092c174ada096aaf731ce5844738c60fd1d28ab5165c85420a8c8,16f1cd75741f0af2918855467898aaacae8b0e340735c2ce3162c02b709a4838
B2_1028,389,callpush,Resteal,MP,11BB,LJ,,3x_Open,eb58dc889a33,389__spot-Resteal__position-MP__stack-11BB__opponent-LJ__bet-3x_Open__callpush-eb58dc889a33.jpg,charts/1028.webp,434,600,38318,15962,03c22102c690526b3783ca3449c94fc23e35a383fa9eccfd6c4b5fdabce4fa54,d412c096db9897e282b0ae867582bec30fabce45e42db4dc001af5dbacc2db9c
B2_1029,250,callpush,Resteal,EP,11BB,SB,,2x_Open,ca217ee6eda4,250__spot-Resteal__position-EP__stack-11BB__opponent-SB__bet-2x_Open__callpush-ca217ee6eda4.jpg,charts/1029.webp,434,600,34245,14240,cc56c5175f49b8e49963b886bbbb47baa24c2bab9ec35202f5006ef8e4f55fea,26ca512eca91829666b9698782c79cdf90f6f7f650f48753c5283fdc3e8f604c
B2_1030,345,callpush,Resteal,EP,28BB,SB,,2x_Open,d534d83818bb,345__spot-Resteal__position-EP__stack-28BB__opponent-SB__bet-2x_Open__callpush-d534d83818bb.jpg,charts/1030.webp,434,600,29565,11448,987b8e675b6e700a3de057ab014a60b3b5b2baece22d61d42253e068332a2b3e,c20ea97d9b30b3b65570da33dccbd8d3ccab76159da9032c0223d3b224cc6f30
B2_1031,127,callpush,Open_Push,BB,8.5BB,vs_BTN,,,728ee7496c94,127__spot-Open_Push__position-BB__stack-8.5BB__opponent-vs_BTN__callpush-728ee7496c94.jpg,charts/1031.webp,434,600,40691,17262,ede33f540d12740879603a491e276032cada66783ef54c082d85af955d7bdcbf,8d422047cbeb7f5365e933e5c59800196daad329b76d981008a82507bd812aa9
B2_1032,505,callpush,Resteal,SB,13BB,BB,,2x_Open,c560f7dd283c,505__spot-Resteal__position-SB__stack-13BB__opponent-BB__bet-2x_Open__callpush-c560f7dd283c.jpg,charts/1032.webp,434,600,39085,16816,314faff75ae7876d4abaec8d9dc94c17db22706de5d9c4d66aa1468b43cd7cd2,324111c05ddcc3ef00abe0f999f823e90529a07b1b77fc7f401885b01471f97d
B2_1033,180,callpush,Resteal,CO,11BB,BTN,,3x_Open,140b6972e877,180__spot-Resteal__position-CO__stack-11BB__opponent-BTN__bet-3x_Open__callpush-140b6972e877.jpg,charts/1033.webp,434,600,43484,18342,ddc2e58bbcbc83d5ffa9df382471b8cd3ce8fb7534f1e5581f0c71a190ac5576,08bf74a627ab8cbc9d823f358ac0327ffeab158432bcf5340bb44864bcc80836
B2_1034,243,callpush,Resteal,EP,11BB,CO,,3x_Open,b83a4e97c0ef,243__spot-Resteal__position-EP__stack-11BB__opponent-CO__bet-3x_Open__callpush-b83a4e97c0ef.jpg,charts/1034.webp,434,600,37236,15440,4cc8128aa297ab80f8800fa010d627ee4e2e12adc739789b843c3b8df19c1b49,3396b01fc2bdfd552d50259fe8ea2a55da76336c7385415a4aa723075396e8ff
B2_1035,241,callpush,Resteal,EP,11BB,BTN,,3x_Open,b17189a8cffc,241__spot-Resteal__position-EP__stack-11BB__opponent-BTN__bet-3x_Open__callpush-b17189a8cffc.jpg,charts/1035.webp,434,600,38146,15396,3b1c8c77b174509ea4e372c6146028f1d43619991656f475db0ccecae5141a40,4445c2eaf926ef7d211a5765273a7316e8049a078483b34f467a5746c7873643
B2_1036,163,callpush,Resteal,BTN,28BB,BTN,,2x_Open,ccb535adaf1b,163__spot-Resteal__position-BTN__stack-28BB__opponent-BTN__bet-2x_Open__callpush-ccb535adaf1b.jpg,charts/1036.webp,434,600,33235,13706,04a501c94936237850379c89ab53001f6702ee0c816f32c63a737178748c1f5c,dce7107ec1fedad09d94e51371d6d241c430c865819c9ab6d47e7ef394e37ee8
B2_1037,175,callpush,Resteal,BTN,9BB,SB,,2x_Open,6721034dca21,175__spot-Resteal__position-BTN__stack-9BB__opponent-SB__bet-2x_Open__callpush-6721034dca21.jpg,charts/1037.webp,434,600,42373,18068,d5f0730c5b7d44380408d4c6a0ab99d3a5cf895de071cbb2041229b81f8065e1,9de48df53562e1fa43e008a42a26c9f7c1596f206cf1c7481412f5291fb305e3
B2_1038,413,callpush,Resteal,MP,15BB,LJ,,3x_Open,5c8c3f86a121,413__spot-Resteal__position-MP__stack-15BB__opponent-LJ__bet-3x_Open__callpush-5c8c3f86a121.jpg,charts/1038.webp,434,600,31988,12854,a06a6c17446564f729eed0080d749e641a474484f7709cbe9ba0d5cc4528aabc,57372bca58b4524e11153e2d38170da5725d2d0ddf7d26c09baf0ee2f48dbc83
B2_1039,568,callpush,vs_4Bet_Push,CO,14-18BB,vs_MP,,,ee2f2895a7a0,568__spot-vs_4Bet_Push__position-CO__stack-14-18BB__opponent-vs_MP__callpush-ee2f2895a7a0.jpg,charts/1039.webp,434,600,32167,12808,4ac59f450244096ad4a23dd7f3d2f0fc8d486f09e308690eeb8a72d968b9c192,cbc511b49a8633eca797d8356933ac47fc6b20dbb059c38270b589ef8ccc2d86
B2_1040,475,callpush,Resteal,MP,32BB,BB,,2x_Open,cdd7274d8297,475__spot-Resteal__position-MP__stack-32BB__opponent-BB__bet-2x_Open__callpush-cdd7274d8297.jpg,charts/1040.webp,434,600,30068,12214,539b039967d597d909df72ac8253e50e1860d2428ac6d6a96fcd9439510a4d92,8d17e3adeb1e0b37fdd1d0b7086ac85de463073fc1ce85f23c746467fc684b26
B2_1041,408,callpush,Resteal,MP,15BB,CO,,2x_Open,6066929f6f09,408__spot-Resteal__position-MP__stack-15BB__opponent-CO__bet-2x_Open__callpush-6066929f6f09.jpg,charts/1041.webp,434,600,32482,13144,eded3c65115ad8831e2489e65c5203ad5802c984ce41219efe8a61dfeddeba38,36cf191100e8fbd7e495051cfc40fcff774e321a2db41ea49367a99c908c6710
B2_1042,125,callpush,Open_Push,BB,7.5BB,vs_MP,,,76ec9455b82b,125__spot-Open_Push__position-BB__stack-7.5BB__opponent-vs_MP__callpush-76ec9455b82b.jpg,charts/1042.webp,434,600,38822,16618,96c51d8036f6fcd4ac5a305623e049cf3820305259bac48ce8d0533ea4adb1bd,25b5c7d7ab3721c1e09305c2d3c609d9aada66e9bca145daff7dd698b4ba9fba
B2_1043,309,callpush,Resteal,EP,21BB,BTN,,2x_Open,c336c0449718,309__spot-Resteal__position-EP__stack-21BB__opponent-BTN__bet-2x_Open__callpush-c336c0449718.jpg,charts/1043.webp,434,600,30232,12216,08701ebd216b45e7d7160d50b901f822987aca59377475a61bdee62249a0753c,ed33fc0484185933788555e8db5f6c538de4d4f59c93811328c75dced171f9c0
B2_1044,569,callpush,vs_4Bet_Push,CO,18-22BB,vs_EP,,,b8cc665e10bb,569__spot-vs_4Bet_Push__position-CO__stack-18-22BB__opponent-vs_EP__callpush-b8cc665e10bb.jpg,charts/1044.webp,434,600,31047,12464,fdb2d3af16d9850d6a96e045e7d90ebe18784ac3a908136f464b8ab82f728223,51a5d40bb4bed43bd97bd587d9a298a10243f311d6234cd9fe76f8f3be478962
B2_1045,607,callpush,vs_4Bet_Push,SB,30-40BB,vs_MP,,,1b3c61c0728f,607__spot-vs_4Bet_Push__position-SB__stack-30-40BB__opponent-vs_MP__callpush-1b3c61c0728f.jpg,charts/1045.webp,434,600,31023,12582,50bbe8517391bd6cbb5c8febb53779f4200e9ba8062ee94b2461727c5658b464,b66a4a6ed5498dbc2b637b879da5bda6f6065f0dcb1a056dbf637cdb700cfe60
B2_1046,383,callpush,Resteal,MP,11BB,BTN,,3x_Open,6080a31b4405,383__spot-Resteal__position-MP__stack-11BB__opponent-BTN__bet-3x_Open__callpush-6080a31b4405.jpg,charts/1046.webp,434,600,40950,17198,b9267cb90b11ee73eed748fe51b4be67d5d169d629fe205c78e1f3e4124ed4c7,f6aac3fa6eb25c771b716b58543dfd0d60bacb70378b3152296dce715b694349
B2_1047,580,callpush,vs_4Bet_Push,EP-MP,18-22BB,vs_EP,,,d431fa4ec5e8,580__spot-vs_4Bet_Push__position-EP-MP__stack-18-22BB__opponent-vs_EP__callpush-d431fa4ec5e8.jpg,charts/1047.webp,434,600,30603,12316,b9ae6f498485e975b5d75c2aef465201fff55ad8e700bd0e9da4535f7ab2591b,1d966c3d39a0564decb6b87c2ef5817f9d1a624c315641e5020fa755a519544c
B2_1048,517,callpush,Resteal,SB,28BB,BB,,2x_Open,d0a7446b369d,517__spot-Resteal__position-SB__stack-28BB__opponent-BB__bet-2x_Open__callpush-d0a7446b369d.jpg,charts/1048.webp,434,600,32984,13688,a3cf707c28f3b57e6c05058d027362f7ebebcdcac811bee6054f9b1a331380ef,6dcaf9e69c61cb27d0ae249c07f7cfc8f71cec6c1123f9599229d5160cc876ac
B2_1049,384,callpush,Resteal,MP,11BB,CO,,2x_Open,43488d268fe5,384__spot-Resteal__position-MP__stack-11BB__opponent-CO__bet-2x_Open__callpush-43488d268fe5.jpg,charts/1049.webp,434,600,35821,14706,b17daf114fd01c550e6465a9b0c9a36893192ed0f60995061bbbef01ce1c8c0a,b7e02a7e612e7fd77c03f33c25885648cb452a65fbfcc32045315f56427d7ddc
B2_1050,008,callpush,Open_Push,BB,11.5BB,vs_EP,,,484ab66b1cce,008__spot-Open_Push__position-BB__stack-11.5BB__opponent-vs_EP__callpush-484ab66b1cce.jpg,charts/1050.webp,434,600,33017,13706,030050644c862110b44829ce7a0a0c2ae68d49420bd9e7c620afc123cfdcd06d,fd2a06be0bb63cf2967a238ac15c111101c5a76a361aa48679e0175f510e25fd
B2_1051,491,callpush,Resteal,MP,7BB,SB,,2x_Open,1f56de1fa673,491__spot-Resteal__position-MP__stack-7BB__opponent-SB__bet-2x_Open__callpush-1f56de1fa673.jpg,charts/1051.webp,434,600,49260,21600,85c425fe81335a29f2b015ef43de0025587d866fa25a86ff2b3efc1295ba60e5,e9e1f49b02b990dd861b9b135f44383efda71fe270b591bcd17526dcf561d68d
B2_1052,609,callpush,vs_4Bet_Push,SB,40-50BB,vs_CO,,,0a5253ee7b5a,609__spot-vs_4Bet_Push__position-SB__stack-40-50BB__opponent-vs_CO__callpush-0a5253ee7b5a.jpg,charts/1052.webp,434,600,31900,12960,d6ccc2386ab5b7038621836aa9950aa2e94b4ac08c1d5cb21cf62cc8194767de,0c3a54ed1a36809ed7a284f4202e4b34da2c330d3ff3760961965fb863dcaee0
B2_1053,156,callpush,Resteal,BTN,21BB,BB,,3x_Open,caf1b992be1a,156__spot-Resteal__position-BTN__stack-21BB__opponent-BB__bet-3x_Open__callpush-caf1b992be1a.jpg,charts/1053.webp,434,600,33663,14008,839819f26c0a800df299ebdd7747cca22d4fcbc5e7bddd17a4fe54db41a34a19,bffc9a2270823b1cdacd796f76e0e16cd2443bfc2a273e219e4ad0af29f882e2
B2_1054,101,callpush,Open_Push,BB,29.5BB,vs_MP,,,d7cf18a12e82,101__spot-Open_Push__position-BB__stack-29.5BB__opponent-vs_MP__callpush-d7cf18a12e82.jpg,charts/1054.webp,434,600,31093,12570,f168317a5951fd87f6abd144fb723fecdd4eb9dd06162cb544b9dd6a3ba1b24c,14599e1b30ba54278d769be704e4bdc89b2335a0e18f19e6afd3b79b487475d8
B2_1055,537,callpush,vs_4Bet_Push,BB,30-40BB,vs_EP,,,20e592c21510,537__spot-vs_4Bet_Push__position-BB__stack-30-40BB__opponent-vs_EP__callpush-20e592c21510.jpg,charts/1055.webp,434,600,29756,11558,034babc6216d04702dd257494723a7dcdb71361a719229a69d3849f995cae765,8e62300510210be31d26c3ded0539a8287ebc6673d4e0c02244d1907527fd284
B2_1056,153,callpush,Resteal,BTN,19BB,BTN,,3x_Open,3b11a011c840,153__spot-Resteal__position-BTN__stack-19BB__opponent-BTN__bet-3x_Open__callpush-3b11a011c840.jpg,charts/1056.webp,434,600,35145,14526,3c82752b83d15ca30b622a875257d979972714c2459a4d49b72e1970d04dd5dc,90f08db2c89cc9415b521ac9fc83db7efc47d487c6f9d3d858f2dc07a6d74ef7
B2_1057,435,callpush,Resteal,MP,19BB,HJ,,3x_Open,f039e0c949cb,435__spot-Resteal__position-MP__stack-19BB__opponent-HJ__bet-3x_Open__callpush-f039e0c949cb.jpg,charts/1057.webp,434,600,30875,12556,efc7ab5093206b8960eedb06f3f48ffee8a76b9d5d259cef84c836e4e86faf89,01ab94c5fcf90b00a81720f01c15380bf55944f41cc88c1491cc0e4633911a77
B2_1058,065,callpush,Open_Push,BB,22.5BB,vs_BTN,,,8551e181c193,065__spot-Open_Push__position-BB__stack-22.5BB__opponent-vs_BTN__callpush-8551e181c193.jpg,charts/1058.webp,434,600,35075,14600,05b074598782405c5181a08582ac645dba7713d2b573c83228506e8f78105aed,53940d16c947a2d00dc0712731b2dfab8226dcdcfecf5b09f11d9c8d260d9755
B2_1059,550,callpush,vs_4Bet_Push,BTN,14-18BB,vs_CO,,,4c67bba6dd42,550__spot-vs_4Bet_Push__position-BTN__stack-14-18BB__opponent-vs_CO__callpush-4c67bba6dd42.jpg,charts/1059.webp,434,600,34870,14326,8b6a5f3ffd4d1109b70ec836ab1e26417951a49657e83e50c6c3d17da021f5b1,39edeb8a143775ae1b6d9cd5c37399bbc002eb5cdc052b6c9937b19333b27450
B2_1060,516,callpush,Resteal,SB,24BB,BB,,3x_Open,631f45c837cb,516__spot-Resteal__position-SB__stack-24BB__opponent-BB__bet-3x_Open__callpush-631f45c837cb.jpg,charts/1060.webp,434,600,34796,14334,6a8b6c72cd5f61887de8519a1d41901a800d7f72b574c32ad58e882723a15b07,91033c5b18d6e99b9f4ac6c0d81f97ccf97ad84d2490b6d14c991eb4e6793cdf
B2_1061,260,callpush,Resteal,EP,13BB,LJ,,2x_Open,ed5e45d660ba,260__spot-Resteal__position-EP__stack-13BB__opponent-LJ__bet-2x_Open__callpush-ed5e45d660ba.jpg,charts/1061.webp,434,600,31945,12796,01da194bfde95b92f0d3ebcff5fea18a064992ae5eb80a4a3468744969c2b920,9eeaef1303ba6d9a6bdd663c9ce1dd3edcbf351d5ce56f966b555fa9a05734ca
B2_1062,499,callpush,Resteal,MP,9BB,LJ,,2x_Open,034b3972feeb,499__spot-Resteal__position-MP__stack-9BB__opponent-LJ__bet-2x_Open__callpush-034b3972feeb.jpg,charts/1062.webp,434,600,38442,15942,97a5d7b7d262fb577a4c6cb8e39e2a7eda0834b6ef9ac252ae752f657d872a80,d480f96314173be5f80936239d5e7953845119a767f9a1d0400698702d1ce0e6
B2_1063,596,callpush,vs_4Bet_Push,SB,18-22BB,vs_BTN,,,dd48e9d78e4b,596__spot-vs_4Bet_Push__position-SB__stack-18-22BB__opponent-vs_BTN__callpush-dd48e9d78e4b.jpg,charts/1063.webp,434,600,38784,16116,34a5a2c9e0cba39233d83a258b212d69405a59d6e888e7c849ae694ca8a20ec5,f080e915a892d7b806b7e7c14b89037a533f779742bb337e297e153d32bd1b3c
B2_1064,234,callpush,Resteal,CO,9BB,BB,,3x_Open,1b37500f89ce,234__spot-Resteal__position-CO__stack-9BB__opponent-BB__bet-3x_Open__callpush-1b37500f89ce.jpg,charts/1064.webp,434,600,51432,22748,bb30a26b5d240b3bb1cfe4421a3320fee162a379ea1dd92b2d2f6fae4f167bae,9e76fc9eb0b29b313ce02e8ef36b25a598784109032744e80740ab27ae1428a8
B2_1065,370,callpush,Resteal,EP,9BB,CO,,2x_Open,dc14d4187581,370__spot-Resteal__position-EP__stack-9BB__opponent-CO__bet-2x_Open__callpush-dc14d4187581.jpg,charts/1065.webp,434,600,38935,16026,85dbaebb9f53fa3fb41cb0c20dd950345d2109599ea298656a2bb457a70e14f8,88220b56c14f7bd10808a7dc74808505d6e8cdf5b56c3956c2892f6dec6d6540
B2_1066,527,callpush,vs_4Bet_Push,BB,18-22BB,vs_EP,,,b51f887299c4,527__spot-vs_4Bet_Push__position-BB__stack-18-22BB__opponent-vs_EP__callpush-b51f887299c4.jpg,charts/1066.webp,434,600,31626,12780,f4310b940d9d5445b8f39833e55e7bd737d44343a9e620d31c71ef62a3096170,77fc96e33a3835d3da71f5e16ae0199cd50c8ba93be75acc379c1ec4674f40ef
B2_1067,547,callpush,vs_4Bet_Push,BB,50-75BB,vs_EP,,,caa554daf570,547__spot-vs_4Bet_Push__position-BB__stack-50-75BB__opponent-vs_EP__callpush-caa554daf570.jpg,charts/1067.webp,434,600,59223,12328,0130cf089cc27189b9232f9be435531fc6071b50f83bce907aea1ee5ff30f490,7c7e5f0920e33a7c2be8591f8dfa502e67faae2a284b6458df0ab60224365d1b
B2_1068,219,callpush,Resteal,CO,28BB,BB,,3x_Open,10017c2f7de2,219__spot-Resteal__position-CO__stack-28BB__opponent-BB__bet-3x_Open__callpush-10017c2f7de2.jpg,charts/1068.webp,434,600,30838,12402,1c61d3de3c8fe7050f83d2fa449efc528fb82d8745d6984adffe5d3909625d42,7ee066d0d51add93fcfafdb6ef40a0eaab15eee2d00e09172e42870633d07212
B2_1069,489,callpush,Resteal,MP,7BB,CO,,2x_Open,19b8a102cb47,489__spot-Resteal__position-MP__stack-7BB__opponent-CO__bet-2x_Open__callpush-19b8a102cb47.jpg,charts/1069.webp,434,600,49243,21752,418f1de5a4d393c79deefba9290db96e5dd1e54257f923e368938cd5a7b847f7,92ec89d002bce72a70b1aae5d6e4aafce9aa3ebf65ae846fe8bce59b99541481
B2_1070,255,callpush,Resteal,EP,13BB,BTN,,3x_Open,f0dfe1f73ba6,255__spot-Resteal__position-EP__stack-13BB__opponent-BTN__bet-3x_Open__callpush-f0dfe1f73ba6.jpg,charts/1070.webp,434,600,34265,14108,953d70d195bc5bee65fdd6b707efba386af9f30d6db19391c8134404b4952f88,b41d6ac76e373b0bd4e9d571e7f6bf8eec7abacdc037dc0fa0431b031e822b21
B2_1071,367,callpush,Resteal,EP,9BB,BB,,2x_Open,df6e2bed8f10,367__spot-Resteal__position-EP__stack-9BB__opponent-BB__bet-2x_Open__callpush-df6e2bed8f10.jpg,charts/1071.webp,434,600,36854,14888,c17f81e55daa8295faef756aa8b9008d07003f63fd7712e11db6ffa798cf8d76,334694ac5c59507a4f5cbac95c85eb5c1cc9f463687cb2e8b3ed560e187d2a77
B2_1072,399,callpush,Resteal,MP,13BB,HJ,,3x_Open,54f7448b5e0c,399__spot-Resteal__position-MP__stack-13BB__opponent-HJ__bet-3x_Open__callpush-54f7448b5e0c.jpg,charts/1072.webp,434,600,34666,14194,f3ffeb509745093997c382d490002c8c2f60eb20d18e39ad55eb78a1a7adae36,4fcfb592756f81d3314066849748685abcc0c7d4a1892b10a0786a6ac5963b84
B2_1073,126,callpush,Open_Push,BB,7.5BB,vs_SB,,,df4f68836fd0,126__spot-Open_Push__position-BB__stack-7.5BB__opponent-vs_SB__callpush-df4f68836fd0.jpg,charts/1073.webp,434,600,46736,20104,c327a3db57365807afa8683a025591cfd81dfc45fe72aa557e84aac0721b5136,0f700eafca99b00da597ad2596bfcff563462bc160370a87100f7f780a0e0b8f
B2_1074,130,callpush,Open_Push,BB,8.5BB,vs_MP,,,c1dfa319b17c,130__spot-Open_Push__position-BB__stack-8.5BB__opponent-vs_MP__callpush-c1dfa319b17c.jpg,charts/1074.webp,434,600,37271,15616,01320f48c7ece2e53f8231bb75e426d235aaa26f4d21e3a626f01c057f882890,64fb902a7fdda7a398f4a54993d236ddbe9d4ddc7d6c658c4ae6bed6a41dbb89
B2_1075,039,callpush,Open_Push,BB,17.5BB,vs_SB,,,a01d44db5e39,039__spot-Open_Push__position-BB__stack-17.5BB__opponent-vs_SB__callpush-a01d44db5e39.jpg,charts/1075.webp,434,600,38953,16640,f62554b5cc790b5d61de30d8e0c761f54cb733b746f800b69f6b5be69d355b5d,ac76e95b8c219df6f8be15d587d1e620dc867e8d468c0ca1fb526a37876c5206
B2_1076,592,callpush,vs_4Bet_Push,HJ-LJ,40-50BB,vs_EP,,,dcb050d242c4,592__spot-vs_4Bet_Push__position-HJ-LJ__stack-40-50BB__opponent-vs_EP__callpush-dcb050d242c4.jpg,charts/1076.webp,434,600,29319,11450,ce3ea3164e6f18df1e5ffacb812d9f0a05dd21076c794176e35da97297038065,b94dfacb8f5fb086785a16b96777a7089b7ec6430e33e381d3c7137b7399c4be
B2_1077,179,callpush,Resteal,CO,11BB,BTN,,2x_Open,49db0d837e30,179__spot-Resteal__position-CO__stack-11BB__opponent-BTN__bet-2x_Open__callpush-49db0d837e30.jpg,charts/1077.webp,434,600,39121,16552,9f5a72fa099f67ed9da84fb48a3a291baf80967d423e20c4d2e7ae841b4e8538,08968a20187eec09ec590bddfa55cfe90e01c4e10599b20f839cc18554cebdcc
B2_1078,263,callpush,Resteal,EP,13BB,MP,,3x_Open,ba2f609d77bf,263__spot-Resteal__position-EP__stack-13BB__opponent-MP__bet-3x_Open__callpush-ba2f609d77bf.jpg,charts/1078.webp,434,600,33833,14010,d8aa7a0cbc0ccf2aca515fc8951661e4dde8f19557b76e9f771cb0dd95a29374,671c03ec3a9b7054f452ec477efd5ed9c323a67f22a4977ad0541470a5bd82ca
B2_1079,340,callpush,Resteal,EP,28BB,HJ,,3x_Open,54d5edf4a4a4,340__spot-Resteal__position-EP__stack-28BB__opponent-HJ__bet-3x_Open__callpush-54d5edf4a4a4.jpg,charts/1079.webp,434,600,30039,11726,4c10ab6a6ae2274d1d9a275117691a6853c864f7c474f78f1f048a9ff9088edd,2e25a45f6f70045d218a818fcdd8c8eb1a8eeb43b4b892cdc60755ecd52762bc
B2_1080,372,callpush,Resteal,EP,9BB,HJ,,2x_Open,803ef08fc42f,372__spot-Resteal__position-EP__stack-9BB__opponent-HJ__bet-2x_Open__callpush-803ef08fc42f.jpg,charts/1080.webp,434,600,38393,15840,4e939b988dbac0613d718876b7bf0e171cadf9646341be4045afdd5c1c3a6928,0632651911ed077f89f80f13c267c3e6f8735a02e254eb37fba9dae83998597e
B2_1081,330,callpush,Resteal,EP,24BB,MP,,3x_Open,dcd2aeb22116,330__spot-Resteal__position-EP__stack-24BB__opponent-MP__bet-3x_Open__callpush-dcd2aeb22116.jpg,charts/1081.webp,434,600,29421,11390,d7c58f5553047fb428afde994c6b2c47baec2f2de5b6866b05fecb1484609aad,707a73e856618859efdf57f44f227ec782430b31781024aebe616e47bb120a5a
B2_1082,365,callpush,Resteal,EP,7BB,LJ,,2x_Open,08b7d9f06b46,365__spot-Resteal__position-EP__stack-7BB__opponent-LJ__bet-2x_Open__callpush-08b7d9f06b46.jpg,charts/1082.webp,434,600,49282,21608,3f04a5f86888935d00c70c4896904a92a06ddf9d856bf697b66d9150f7995bda,9d4e36d7a4517c5c7d8b0b921add34f1b9e69fa734e859fe9a7d10fa1d7073f6
B2_1083,407,callpush,Resteal,MP,15BB,BTN,,3x_Open,a8455608f97b,407__spot-Resteal__position-MP__stack-15BB__opponent-BTN__bet-3x_Open__callpush-a8455608f97b.jpg,charts/1083.webp,434,600,33009,13636,f9bf5c7da2485ffa128b7427affd90977086fd4c665e93676b420ae85de6f360,52835f14e71c759d8425849eb8ff242ddd000c91cf3960d29da9080801a8cb09
B2_1084,218,callpush,Resteal,CO,28BB,BB,,2x_Open,cc7a1643369b,218__spot-Resteal__position-CO__stack-28BB__opponent-BB__bet-2x_Open__callpush-cc7a1643369b.jpg,charts/1084.webp,434,600,32064,12892,5ee0391e8807095a8e3a13cfba1a5a0ea00b3fa8fb6cb07f136e5f79d5a8754a,9911c1768c98d1e98c586cc6d8d666520d20c8c56b454614aabaa8ed5e15e6c7
B2_1085,570,callpush,vs_4Bet_Push,CO,18-22BB,vs_MP,,,47bc2e47b55d,570__spot-vs_4Bet_Push__position-CO__stack-18-22BB__opponent-vs_MP__callpush-47bc2e47b55d.jpg,charts/1085.webp,434,600,32146,12954,7ef04323695ccf047e3cde0f26483928d857fe21cbca2a756712343b47d859c6,19c01aee8cc5f5d78180213628f0e35a346c09191192042a7e1d75500b66b46c
B2_1086,562,callpush,vs_4Bet_Push,BTN,40-50BB,vs_CO,,,1fee8c97e297,562__spot-vs_4Bet_Push__position-BTN__stack-40-50BB__opponent-vs_CO__callpush-1fee8c97e297.jpg,charts/1086.webp,434,600,31454,12586,780d4e13f3ae2b98333b4aaab282a8b2f665d010e93c5208524a282e8860ad9d,207948f4713b765fbb161a65fb8674b310bcff53b1beb796c409aae0d883c8ae
B2_1087,024,callpush,Open_Push,BB,14.5BB,vs_MP,,,10593f781032,024__spot-Open_Push__position-BB__stack-14.5BB__opponent-vs_MP__callpush-10593f781032.jpg,charts/1087.webp,434,600,32323,13018,b3bc6d97edc096156c06ae26c067c4d0b26ea258b3852ff539dbd72225b261a7,6bf85d85e8b1675c9cb75deb4781305689c175cd2a5e4423c184d83d8d6771b5
B2_1088,296,callpush,Resteal,EP,19BB,BTN,,2x_Open,8e21b8b98a7b,296__spot-Resteal__position-EP__stack-19BB__opponent-BTN__bet-2x_Open__callpush-8e21b8b98a7b.jpg,charts/1088.webp,434,600,30625,12332,f409a1e269faf2c0ca791fbf7f0a896f321c449de100843f8ab256ff38a623b6,0dd808d23308491e107fda3a5c1d69392ef0ac0efd7eff8ed48ff224426dc5e1
B2_1089,052,callpush,Open_Push,BB,2.5BB,vs_EP,,,7181014b813b,052__spot-Open_Push__position-BB__stack-2.5BB__opponent-vs_EP__callpush-7181014b813b.jpg,charts/1089.webp,434,600,60427,27494,fa5ff91e26a0ee3ca9430409e4b48c40e4841e5a400cffce319bd75febcc4b2e,aee1a11c7ba9bf5a671e4bcb0208018cadf364118bf0bcbbb0845c8dd52d73f4
B2_1090,131,callpush,Open_Push,BB,8.5BB,vs_SB,,,4e9ee263772d,131__spot-Open_Push__position-BB__stack-8.5BB__opponent-vs_SB__callpush-4e9ee263772d.jpg,charts/1090.webp,434,600,45165,19296,222360f4bcd9e284fabe80299ab5f75a32289fa6abee87857473b00ff0377fce,8bf7d173f6bb42767d0ece59034f2e4489fcf7cfe38d83a6feb606c7a55b52f1
B2_1091,051,callpush,Open_Push,BB,2.5BB,vs_CO,,,0a6348d41390,051__spot-Open_Push__position-BB__stack-2.5BB__opponent-vs_CO__callpush-0a6348d41390.jpg,charts/1091.webp,434,600,60354,27430,2ae2fee4918958ceea022d12de2b00fed7ef470e98003c6afc05a80ab19718c0,6d0e2cfd1963401523696e4e533c7af00a5a22327fdbeaf0b920fe31b522958d
B2_1092,510,callpush,Resteal,SB,17BB,BB,,3x_Open,c3e1d617c97b,510__spot-Resteal__position-SB__stack-17BB__opponent-BB__bet-3x_Open__callpush-c3e1d617c97b.jpg,charts/1092.webp,434,600,39130,16662,915975fe1b627e2709a5a9b4ca21aafef2f18b438e5b51dcbb6e72df7af2185a,0be85438438025890a68e0b4e7834e07d562611fb8311a75f2972a7dea614edc
B2_1093,015,callpush,Open_Push,BB,12.5BB,vs_SB,,,e9589aaeb7c2,015__spot-Open_Push__position-BB__stack-12.5BB__opponent-vs_SB__callpush-e9589aaeb7c2.jpg,charts/1093.webp,434,600,42794,18388,f0b5dbda2fee8516a22831f3f5369a0b24a716b28ec76cdf96e1fcad40941436,7c10d22582ca5052d5b8361b252de5b8250c88e5a0bdd80d47e1abb8f8f15722
B2_1094,082,callpush,Open_Push,BB,25.5BB,vs_SB,,,420e8c601c21,082__spot-Open_Push__position-BB__stack-25.5BB__opponent-vs_SB__callpush-420e8c601c21.jpg,charts/1094.webp,434,600,34974,14594,210e65fe9b5224d9acc707e690e38dfcb7750d0a680f64964acdf8a8e3d8bc68,8ad7bc1e3341900d713c55db2b28d01741555ac757c0a6533e12acdbef9e5cdc
B2_1095,147,callpush,Resteal,BTN,15BB,SB,,3x_Open,26340637db80,147__spot-Resteal__position-BTN__stack-15BB__opponent-SB__bet-3x_Open__callpush-26340637db80.jpg,charts/1095.webp,434,600,37821,15654,e7324b9b61734f7ca50129cfd285bea2840641d438f744f5854c1afd987b2148,0f02726305f2a21c3e2f249059ed8d29c7a113abb672e606b77e5344dc5d38b4
B2_1096,397,callpush,Resteal,MP,13BB,CO,,3x_Open,4cdcc8ec84d8,397__spot-Resteal__position-MP__stack-13BB__opponent-CO__bet-3x_Open__callpush-4cdcc8ec84d8.jpg,charts/1096.webp,434,600,35798,14622,8c82b4ee6f8bb5e1c69e72459c3d9aec60b7b81864d312d572eae772f87aede9,9bb333e6b8a58cb7617ab5e267f48d4b01dcb8adcd70bfec6e511a3419682326
B2_1097,050,callpush,Open_Push,BB,2.5BB,vs_BTN,,,637f28b6edf5,050__spot-Open_Push__position-BB__stack-2.5BB__opponent-vs_BTN__callpush-637f28b6edf5.jpg,charts/1097.webp,434,600,60330,27208,2a78630f9be8892f71f0eec8ffa8b9e0f385d2340c87e064dcbe4e8872614a4b,8d4ef6965434ba1499380c5357444bbfaf40b403a62f2c99a4f1102193eb5889
B2_1098,589,callpush,vs_4Bet_Push,HJ-LJ,22-30BB,vs_MP,,,dcddc26a5bc2,589__spot-vs_4Bet_Push__position-HJ-LJ__stack-22-30BB__opponent-vs_MP__callpush-dcddc26a5bc2.jpg,charts/1098.webp,434,600,30246,12216,c6c4c7e4e3e48494976be45753c22e6a2ba7011b01efd919d650d90caf2c2cd3,3cd4a6fc1ddb630a368ebe6d88c41d0286cf7666b5acd83cfa09370c2c7e4100
B2_1099,487,callpush,Resteal,MP,7BB,BB,,2x_Open,04251ffc8099,487__spot-Resteal__position-MP__stack-7BB__opponent-BB__bet-2x_Open__callpush-04251ffc8099.jpg,charts/1099.webp,434,600,47952,20938,8ec869576f879aeb0faf94197aef41ea377df0521e18ffb258e83ec2c9af1695,ba3c7f90f47eb49a8020702556cf8e40a11cd53f2dc9841f4b243b0fe03409eb
B2_1100,160,callpush,Resteal,BTN,24BB,BTN,,3x_Open,9baf1e923802,160__spot-Resteal__position-BTN__stack-24BB__opponent-BTN__bet-3x_Open__callpush-9baf1e923802.jpg,charts/1100.webp,434,600,33168,13782,c88cb90e9a52996a91293176c1cb115b64c00b54802f3bc1ddd5bd6edd8267b0,2158790383e2adca0292492ccacb75804552830b6215cec839f9c1da05c4e468
B2_1101,444,callpush,Resteal,MP,21BB,CO,,2x_Open,ca15f7c23be3,444__spot-Resteal__position-MP__stack-21BB__opponent-CO__bet-2x_Open__callpush-ca15f7c23be3.jpg,charts/1101.webp,434,600,31385,12682,31309251b2ab872e6f4be04f806acfe83627d523250711822838b41e50923e3d,d662c0df538a2cceaf814736095ee935538ab34fae1cb2f72037ff5c5d9006df
B2_1102,430,callpush,Resteal,MP,19BB,BTN,,2x_Open,36d37388b69d,430__spot-Resteal__position-MP__stack-19BB__opponent-BTN__bet-2x_Open__callpush-36d37388b69d.jpg,charts/1102.webp,434,600,32117,13046,1d8921f5957751e7458c34ed770d073d46ec6e21fce9d8e02c938b017c303ba9,ee9dbaccf55ccd64f895c7c837a25cde63a294a8aae8ada1bfa47acd1f2d329b
B2_1103,032,callpush,Open_Push,BB,16.5BB,vs_EP,,,63cae4c6be23,032__spot-Open_Push__position-BB__stack-16.5BB__opponent-vs_EP__callpush-63cae4c6be23.jpg,charts/1103.webp,434,600,30914,12522,3d556d21f59c4359fa63d5b16e34ef4929977206701966d85d7e8b5af301c43c,bd3ad4ade3051490c6f566c025a15cf7bb1c1c670928c969b3e4b5ee96d7f1af
B2_1104,515,callpush,Resteal,SB,24BB,BB,,2x_Open,cf2224b0a375,515__spot-Resteal__position-SB__stack-24BB__opponent-BB__bet-2x_Open__callpush-cf2224b0a375.jpg,charts/1104.webp,434,600,34038,14118,f20930e9c39b3698d85a2021c2816f1ba0fc63f0547a31bb6cf4607af22fe6aa,75d9d698b248b62011dfaad9685d7010fa983842cbbabb6d1dbc407892c5ae4b
B2_1105,169,callpush,Resteal,BTN,32BB,SB,,2x_Open,87f699885161,169__spot-Resteal__position-BTN__stack-32BB__opponent-SB__bet-2x_Open__callpush-87f699885161.jpg,charts/1105.webp,434,600,32709,13686,9a3205bba3892aa88bc8a07a658dd2791777a4ad3427e2ada1e6cedc2fce4de0,aa93ff0bc5fca61b08e9c5208e52d42985eb115000491dd48089386db6695d49
B2_1106,426,callpush,Resteal,MP,17BB,SB,,2x_Open,c5ef1a219d9c,426__spot-Resteal__position-MP__stack-17BB__opponent-SB__bet-2x_Open__callpush-c5ef1a219d9c.jpg,charts/1106.webp,434,600,32294,13020,5b5a0a6186081e52d1dacaed9e0fa3a662e96d96d7a55b2c23d1af2e3ca4cc47,5ee583bd7d40fd171708b41b4749027d72d8b92c20850315c99d5414994bd719
B2_1107,364,callpush,Resteal,EP,7BB,HJ,,2x_Open,c259947a2877,364__spot-Resteal__position-EP__stack-7BB__opponent-HJ__bet-2x_Open__callpush-c259947a2877.jpg,charts/1107.webp,434,600,49662,21676,2cad6632668a8ba4ce00b1eff8042434b2b32e50149413d30d9ee949934478d3,3aca0cd133b61f03fe84a3933530918ccc6d0ac138d043da35d37918634a386a
B2_1108,602,callpush,vs_4Bet_Push,SB,22-30BB,vs_EP,,,740f13373608,602__spot-vs_4Bet_Push__position-SB__stack-22-30BB__opponent-vs_EP__callpush-740f13373608.jpg,charts/1108.webp,434,600,30642,12206,5157f37152776d3b6abde5eb34dce9fcb136fbd5cb39a892326e8bb6384d515f,d68d200bf22f985beb4bc8ec764422650f0ae595f1cdb27887ad933d5e983b91
B2_1109,073,callpush,Open_Push,BB,24.5BB,vs_BTN,,,5d04a85c143b,073__spot-Open_Push__position-BB__stack-24.5BB__opponent-vs_BTN__callpush-5d04a85c143b.jpg,charts/1109.webp,434,600,34758,14426,2ad25e3461087b979ccd177d9f7dc979e5a7905ee0263041db1f17d5052aa564,048c0c5622b4fa54d05e91d12e3bf7be9379dd6e9a3aac1612cb1e1e6c77e0a4
B2_1110,469,callpush,Resteal,MP,28BB,HJ,,2x_Open,6d7beed7d425,469__spot-Resteal__position-MP__stack-28BB__opponent-HJ__bet-2x_Open__callpush-6d7beed7d425.jpg,charts/1110.webp,434,600,29861,12038,f151ef3edc3c91b4f69b6b01fa0a9c05af8535f5733f34c92626ebcb3b8c36cd,ad19d289f3ed344053fdd73b48719d3ced5e3c05ff2f5192587941fada74c5dd
B2_1111,453,callpush,Resteal,MP,24BB,BB,,3x_Open,6bbdc78c077a,453__spot-Resteal__position-MP__stack-24BB__opponent-BB__bet-3x_Open__callpush-6bbdc78c077a.jpg,charts/1111.webp,434,600,30174,12128,df511d0d4b9c39afd0f1143ea09578180f2f00f2c6f52233ddd2ec785fc9a8d7,8ae9f72c8c024380ae1e97e8df2bab0984454de8587813dec806884c59c39b1f
B2_1112,238,callpush,Resteal,CO,9BB,SB,,3x_Open,4a8dcda4bf53,238__spot-Resteal__position-CO__stack-9BB__opponent-SB__bet-3x_Open__callpush-4a8dcda4bf53.jpg,charts/1112.webp,434,600,51269,22600,7ecb8e09a333843f8ddae40eae0c9d95c2c19bdbd3f0b175b947f9f56e9bf5be,5acaa256b5c226f73ad8d042cfaaa0d36576cd0505438255a8c75933f9656cef
B2_1113,308,callpush,Resteal,EP,21BB,BB,,3x_Open,0de1bc52e0df,308__spot-Resteal__position-EP__stack-21BB__opponent-BB__bet-3x_Open__callpush-0de1bc52e0df.jpg,charts/1113.webp,434,600,29829,11950,23c658647595cf21f253202b95919541af76d9468e09d19228b22df081ea2719,bd79bb3a6ca5a4f356a5f66ee1dbab1b793ad79ebdabe5b6d48d012059f5d5a3
B2_1114,441,callpush,Resteal,MP,21BB,BB,,3x_Open,e552c41e6e18,441__spot-Resteal__position-MP__stack-21BB__opponent-BB__bet-3x_Open__callpush-e552c41e6e18.jpg,charts/1114.webp,434,600,30790,12390,fba3ea0c00b71754894caeefa71f4cb7ac51d7275065e4a9f2485e5532d53a18,68c8b68aeda51a55b9ebff73ab88a1bd434cf1880fdc5dc72aef27dce808a2a9
B2_1115,521,callpush,Resteal,SB,7BB,BB,,2x_Open,048dff9400f8,521__spot-Resteal__position-SB__stack-7BB__opponent-BB__bet-2x_Open__callpush-048dff9400f8.jpg,charts/1115.webp,434,600,54589,24476,3a078f10b745b57acc21f6436efc1ef0ad087bfdbea87b541c7da2dbc9204f81,907ccaf10625021f5f1ccc2d4f01361b930b528c6249dcf180221ec57170e651
B2_1116,209,callpush,Resteal,CO,21BB,BTN,,3x_Open,873a94c3a3d5,209__spot-Resteal__position-CO__stack-21BB__opponent-BTN__bet-3x_Open__callpush-873a94c3a3d5.jpg,charts/1116.webp,434,600,32323,13076,ec1370cb33e0e9f99a01fa3e978de8ada2ad36f26977f538a6276cb1c12ddaee,d0f2299f23fc07e933c223e34faa9c6f2c39a3d9ea5bb0fc85b36f7b7d100339
B2_1117,390,callpush,Resteal,MP,11BB,SB,,2x_Open,7205480bda67,390__spot-Resteal__position-MP__stack-11BB__opponent-SB__bet-2x_Open__callpush-7205480bda67.jpg,charts/1117.webp,434,600,35487,14624,a6f2a19bba9ce76744588c43ff359906bf3106ebbb22f7969400bd7518231b85,4d32a692462d809e1c44da277d39d51fc0e6f0f873d6e20d8f20bd7efa4b0fb7
B2_1118,253,callpush,Resteal,EP,13BB,BB,,3x_Open,6a11f9d9af3f,253__spot-Resteal__position-EP__stack-13BB__opponent-BB__bet-3x_Open__callpush-6a11f9d9af3f.jpg,charts/1118.webp,434,600,32641,13582,bb58c7c48054ff89840e308b4a5e741cd219f8ac05f93e9f3d97d0da4667a7fb,b4b80db83d2b3af5bcbc76a4d8f43d80934561d05471b1404643c3c378fe7286
B2_1119,344,callpush,Resteal,EP,28BB,MP,,3x_Open,7b09c9030365,344__spot-Resteal__position-EP__stack-28BB__opponent-MP__bet-3x_Open__callpush-7b09c9030365.jpg,charts/1119.webp,434,600,29594,11540,d817deaba6eb219d44cc3f00a7ddbedf4d4d307a26bbfeb1cb29217fa1f0d3c9,5ea4abc2cab191aa76ea500ec119b8154c2127b1b3d6b295c1f74bef47d2af40
B2_1120,190,callpush,Resteal,CO,15BB,BB,,3x_Open,6d4275d8dee6,190__spot-Resteal__position-CO__stack-15BB__opponent-BB__bet-3x_Open__callpush-6d4275d8dee6.jpg,charts/1120.webp,434,600,34903,14356,12545fc67373a2e4610c3add59ffe55707db81dfa00a6d90ebc232be547841e4,464679949632b6f795b7af6af74a8052265edeb30b023cc5d40223bad737300d
B2_1121,597,callpush,vs_4Bet_Push,SB,18-22BB,vs_CO,,,e82b0450bd51,597__spot-vs_4Bet_Push__position-SB__stack-18-22BB__opponent-vs_CO__callpush-e82b0450bd51.jpg,charts/1121.webp,434,600,36543,15044,f8a6fe16c11bccead3710989cfab89a6513e6fc630f37fbc34cd808026367301,c08e474e79b315b2a2e376bf1f6298248a49197c3f473f3f30f857dec2cc47c1
B2_1122,029,callpush,Open_Push,BB,15.5BB,vs_MP,,,0bfa4dfc768c,029__spot-Open_Push__position-BB__stack-15.5BB__opponent-vs_MP__callpush-0bfa4dfc768c.jpg,charts/1122.webp,434,600,32220,13006,96035f8518cb2596d904e5a0b2a797c1e37f30442eaad4529cac9d36de21470b,b39bfa3b2aa6655b4a8a76a8dfda38113e578bef5bf9f08b29941dd41a34ab9e
B2_1123,427,callpush,Resteal,MP,17BB,SB,,3x_Open,4775c5a75e16,427__spot-Resteal__position-MP__stack-17BB__opponent-SB__bet-3x_Open__callpush-4775c5a75e16.jpg,charts/1123.webp,434,600,31276,12562,f135fae34ba31c162e1acbfa171e9350b98f660f19b9f28245598cb603a3883f,71c13103998257f58cb36df1e4dc204a002bbfb89cd9a086a83d4c5affde8462
B2_1124,205,callpush,Resteal,CO,19BB,SB,,3x_Open,98265c963213,205__spot-Resteal__position-CO__stack-19BB__opponent-SB__bet-3x_Open__callpush-98265c963213.jpg,charts/1124.webp,434,600,33300,13882,232546117ca15681d23f6a35d55f9ac837c4766fdffae9e218b3d3a0830c3822,69e2c53b09c71c5f5c850eb38906cd4cc6082fbb7e3b01500c64cb8a5d2ad473
B2_1125,548,callpush,vs_4Bet_Push,BB,50-75BB,vs_MP,,,089ed1ce7221,548__spot-vs_4Bet_Push__position-BB__stack-50-75BB__opponent-vs_MP__callpush-089ed1ce7221.jpg,charts/1125.webp,434,600,29617,11640,a74730c26f4e0f0e7e0d0d68fe66c36dd74bb4a621133e00d09e2104993ae383,76277986ab5a9cdde75f0aa34012192835be544006b6864cc24ef5906898f52d
B2_1126,379,callpush,Resteal,EP,9BB,SB,,3x_Open,befe0ed3b714,379__spot-Resteal__position-EP__stack-9BB__opponent-SB__bet-3x_Open__callpush-befe0ed3b714.jpg,charts/1126.webp,434,600,51528,22810,8d8d925a9a4ff3a0be273f0eca14408c65ce20b80cbbf49c3c407447503879d0,2f15b20f6b967445a0fe8b40db8e20e5ea7cf81d3e51475ad2b19943dd61dc3e
B2_1127,244,callpush,Resteal,EP,11BB,HJ,,2x_Open,36b995250460,244__spot-Resteal__position-EP__stack-11BB__opponent-HJ__bet-2x_Open__callpush-36b995250460.jpg,charts/1127.webp,434,600,33841,14000,b02e53f55dedb80cb041871e7da3293dfaf95c429a0162c41ce317de290e6da7,b333b18274566d4dc6d62f1a57d8d754a744eed13c6ab7174c7f53201eef51d2
B2_1128,555,callpush,vs_4Bet_Push,BTN,18-22BB,vs_MP,,,9dc675031096,555__spot-vs_4Bet_Push__position-BTN__stack-18-22BB__opponent-vs_MP__callpush-9dc675031096.jpg,charts/1128.webp,434,600,32345,12996,17e23dd64a52ce1dc87d1426484a181d402c0af53037990265e3a81aa7384eb5,1b30d206c5556812d3e0a7354be47cbd291b15aa1896a43a8fdc89f2eed08727
B2_1129,509,callpush,Resteal,SB,17BB,BB,,2x_Open,7008d7641ad0,509__spot-Resteal__position-SB__stack-17BB__opponent-BB__bet-2x_Open__callpush-7008d7641ad0.jpg,charts/1129.webp,434,600,37068,15540,753efbc53ce64d64191c974fab4f10a946c3d9ab19fd486529276dad02313510,66be8c359102a59955d84abaf94e9c13e492da1b6ea818c632d422c263eb6bcb
B2_1130,452,callpush,Resteal,MP,24BB,BB,,2x_Open,06b87745e60e,452__spot-Resteal__position-MP__stack-24BB__opponent-BB__bet-2x_Open__callpush-06b87745e60e.jpg,charts/1130.webp,434,600,31003,12498,c9e5ea72a74d2aa6ad0c8356064fe8645d1d086be9bec230815ec179f0cba32a,0c1b235352fde02c4106e50b7a45e64817092358d3a1b248ddc9db8de23ab31c
B2_1131,168,callpush,Resteal,BTN,32BB,BTN,,3x_Open,1c1b7e0967cd,168__spot-Resteal__position-BTN__stack-32BB__opponent-BTN__bet-3x_Open__callpush-1c1b7e0967cd.jpg,charts/1131.webp,434,600,31916,12840,c95df68f6b09d75a2ddf2779dd1be0354198e5abbdbf066da9be78b55e49daad,9d6c02ebab0084bd7847c57ac3b4f060f8b5582c2326cafab632e17b94b0cbe2
B2_1132,483,callpush,Resteal,MP,32BB,LJ,,2x_Open,9f664c3215a4,483__spot-Resteal__position-MP__stack-32BB__opponent-LJ__bet-2x_Open__callpush-9f664c3215a4.jpg,charts/1132.webp,434,600,29903,12066,db48e35693b1e45cbe8f2060cca1aa1134d17198510538e0a2be7a9d7445e851,5260b82f23a275ae903d58cdc8e5916bc22d42f2178480fd34a115d20ba0d1f3
B2_1133,198,callpush,Resteal,CO,17BB,BTN,,3x_Open,7716e48cb9a0,198__spot-Resteal__position-CO__stack-17BB__opponent-BTN__bet-3x_Open__callpush-7716e48cb9a0.jpg,charts/1133.webp,434,600,34087,14054,1336f1bad278fbac6c192679f55434f4fa9b18db7166287801c0e5340212332b,f35123f4505f52b4e80cb07d4d6370ee786385eb6a6d6b8549bbfdb29b5b104c
B2_1134,448,callpush,Resteal,MP,21BB,LJ,,2x_Open,9e433eb49a4c,448__spot-Resteal__position-MP__stack-21BB__opponent-LJ__bet-2x_Open__callpush-9e433eb49a4c.jpg,charts/1134.webp,434,600,30309,12232,de7b2fcd281b4615842a112a0263dd85290b71eca53c3e2a749a9900a743aa20,71cc3f2e8ac11c1aaad9d2334f9869cc7fd5f6cd21ee5d6c5d27bdfcdfc96149
B2_1135,201,callpush,Resteal,CO,19BB,BB,,2x_Open,0dac0e18a3ca,201__spot-Resteal__position-CO__stack-19BB__opponent-BB__bet-2x_Open__callpush-0dac0e18a3ca.jpg,charts/1135.webp,434,600,33236,13856,1079df767ee2f6a4e1a5843a211da2022249143a67ad55cbb7bab56476891692,eeda2dec11c53a5b470c3437dffbec269806cad53e4b35b9562d8fb6b588498a
B2_1136,564,callpush,vs_4Bet_Push,BTN,40-50BB,vs_MP,,,e8cf6eea1966,564__spot-vs_4Bet_Push__position-BTN__stack-40-50BB__opponent-vs_MP__callpush-e8cf6eea1966.jpg,charts/1136.webp,434,600,30338,12220,59bdd87c18a26f9ede045cf82a685e2b96481ee9e58548837ee082f8e49c8a81,4e8630e39d425a694ccb010b8093499721747675d1ee3ece2fb890bdcaa8d757
B2_1137,337,callpush,Resteal,EP,28BB,CO,,2x_Open,b15798b9c562,337__spot-Resteal__position-EP__stack-28BB__opponent-CO__bet-2x_Open__callpush-b15798b9c562.jpg,charts/1137.webp,434,600,30088,12150,17865e50ff8304c71edf19a45748691b90130280e1492e129da43372e4e73fdf,0b7d5ec38b9e77898d0fe58eaa428a66eab104995cc100d22d8b40983e6a5ab8
B2_1138,492,callpush,Resteal,MP,9BB,BB,,3x_Open,8d387c75b0be,492__spot-Resteal__position-MP__stack-9BB__opponent-BB__bet-3x_Open__callpush-8d387c75b0be.jpg,charts/1138.webp,434,600,49155,21660,4ddf30343e42f4962a3f217d88efad096f1f106a6c32db05c7e8199632b25edd,55471366d89970ff7a93a6eb7a9a23b97bf525ff44a9ecd40ff19689fae2d941
B2_1139,526,callpush,vs_4Bet_Push,BB,18-22BB,vs_CO,,,102ae50bb9e3,526__spot-vs_4Bet_Push__position-BB__stack-18-22BB__opponent-vs_CO__callpush-102ae50bb9e3.jpg,charts/1139.webp,434,600,35500,14650,fc8ed5af6cb039a67595e6df5c9db250267114eace3e5d7aca815bb42799ca7e,5418a070a9a1d4c8f62cc8d3fef57575b0942aa4bdbe2942711034033d90d908
B2_1140,113,callpush,Open_Push,BB,5.5BB,vs_CO,,,3a6963ce211f,113__spot-Open_Push__position-BB__stack-5.5BB__opponent-vs_CO__callpush-3a6963ce211f.jpg,charts/1140.webp,434,600,44177,19008,484fd49da9ee3a5d3c7a200e80cda78f6678c0c2e230e5a3c222ae31e9a17a14,ebe10c90a8c4b867cbd4824278e6cb11e352ef3151da5e90f254165e76631843
B2_1141,145,callpush,Resteal,BTN,15BB,BTN,,3x_Open,50d7fcc5d7da,145__spot-Resteal__position-BTN__stack-15BB__opponent-BTN__bet-3x_Open__callpush-50d7fcc5d7da.jpg,charts/1141.webp,434,600,37606,15662,bb14b69f2386bf2083050b9f232ca95e924a9617b6c23d20d3aea87c9d2dc50c,20ce1d45dfc27b995b3372973e34259d0026f29a0f1d6b17054b7293ec22f207
B2_1142,102,callpush,Open_Push,BB,29.5BB,vs_SB,,,7ee22bb58deb,102__spot-Open_Push__position-BB__stack-29.5BB__opponent-vs_SB__callpush-7ee22bb58deb.jpg,charts/1142.webp,434,600,33475,13924,51da8e61d522bf0f1f2db5b16a138c58f4a8437801923d674e0f5c226970c295,b4c2417edfe63e71e96e7fc56db35c68f065d0e99546405b3029ebac5e6938a7
B2_1143,174,callpush,Resteal,BTN,9BB,BTN,,3x_Open,70e5cb162259,174__spot-Resteal__position-BTN__stack-9BB__opponent-BTN__bet-3x_Open__callpush-70e5cb162259.jpg,charts/1143.webp,434,600,51779,22774,f71466c28ae0cd4e3ad8bbdec406a12b4cd53388158475c4bdadfede62dae907,089886761a35837e2a1902bd2e3dff30cc0c1e444dbaca02c15628ed465d658f
B2_1144,422,callpush,Resteal,MP,17BB,HJ,,2x_Open,e07f043784fa,422__spot-Resteal__position-MP__stack-17BB__opponent-HJ__bet-2x_Open__callpush-e07f043784fa.jpg,charts/1144.webp,434,600,31325,12596,c60353ad672c8a359541759f5f96aff63eb2c69b616bfd8f1b689afc234cd2b1,290dfbcb7313c964a86c62825200c995c36eebfe599947a10314391205e05057
B2_1145,504,callpush,Resteal,SB,11BB,BB,,3x_Open,a0f49f3b44bf,504__spot-Resteal__position-SB__stack-11BB__opponent-BB__bet-3x_Open__callpush-a0f49f3b44bf.jpg,charts/1145.webp,434,600,46997,20330,79589154903443ae47ba2402bbfc69200298f7ef0369a3608de426cfb8399203,78d72b32fabc69563f9ddad73411615c5834c347c545be6a2ee6d679162ea26e
B2_1146,269,callpush,Resteal,EP,15BB,BTN,,3x_Open,bdc9098b01a7,269__spot-Resteal__position-EP__stack-15BB__opponent-BTN__bet-3x_Open__callpush-bdc9098b01a7.jpg,charts/1146.webp,434,600,32014,12810,6468d0f2012555c96378a8a29d3d25e40c53ed521dcebff4a947a143c93507e7,82a4e9f5806b6d46e5021b687d501afec3d192b9b28f8f0cb6d3f0e628d61768
B2_1147,229,callpush,Resteal,CO,32BB,SB,,3x_Open,285567c27937,229__spot-Resteal__position-CO__stack-32BB__opponent-SB__bet-3x_Open__callpush-285567c27937.jpg,charts/1147.webp,434,600,30831,12392,fcc1088141d02e0537992b9015d31d9706cd2d7a6f8f3df7e4e56430ec30a75c,f4d9ccf728b319c919fb55e74af4156792aa38cef94aa463eb6e56e85d860f19
B2_1148,028,callpush,Open_Push,BB,15.5BB,vs_EP,,,04b104ad75d2,028__spot-Open_Push__position-BB__stack-15.5BB__opponent-vs_EP__callpush-04b104ad75d2.jpg,charts/1148.webp,434,600,31042,12382,0c5e8cef45e3e30b41157e8d9118cd7586031816679a4745affc3b88307cb6ea,a70ea90c6a7267a14a61ee6c18d5cf6e2fa7897a575f422c77213bf5bc51e278
B2_1149,465,callpush,Resteal,MP,28BB,BTN,,2x_Open,15c26c0ba328,465__spot-Resteal__position-MP__stack-28BB__opponent-BTN__bet-2x_Open__callpush-15c26c0ba328.jpg,charts/1149.webp,434,600,30951,12484,fdbeb60f81ce24c2a5da810f2f84b27565782f766fa2baedf10d492186cc4e1d,062e210c95ea507bc7a2fe964660a06680d341036bda092a09c459800af566b1
B2_1150,011,callpush,Open_Push,BB,12.5BB,vs_BTN,,,148fdf7e0082,011__spot-Open_Push__position-BB__stack-12.5BB__opponent-vs_BTN__callpush-148fdf7e0082.jpg,charts/1150.webp,434,600,38787,16624,e43a44e566dcce34ca8324bf8b4e210377db4289ac5f71ea04ab18d483727597,855075c8ca656a0d742651a41c7ba3dbffea87694a009ca5c987b944e22efa47
B2_1151,439,callpush,Resteal,MP,19BB,SB,,3x_Open,7952cbf04fa5,439__spot-Resteal__position-MP__stack-19BB__opponent-SB__bet-3x_Open__callpush-7952cbf04fa5.jpg,charts/1151.webp,434,600,31439,12754,fb1e91bfbd8d6476ae5f75b260bae59f7cde81aa67afbc7b9013b0d4bbf1cfe5,97f4fcf7ed95d5fd88b16c5e8f2dcf87b257ffda211c9b88b4a51b00998d0553
B2_1152,497,callpush,Resteal,MP,9BB,HJ,,2x_Open,69041813333a,497__spot-Resteal__position-MP__stack-9BB__opponent-HJ__bet-2x_Open__callpush-69041813333a.jpg,charts/1152.webp,434,600,39510,16580,c0f6703ee33d1d83bb4f891ac5adaeb77517f10d7e6d243db12e93a6c9b6ecad,8bc2a3e18ca570d0786f67d9ea9e131a38b2740c83ce919c04fe8aa0dbec41d4
B2_1153,328,callpush,Resteal,EP,24BB,LJ,,3x_Open,1c831dabf917,328__spot-Resteal__position-EP__stack-24BB__opponent-LJ__bet-3x_Open__callpush-1c831dabf917.jpg,charts/1153.webp,434,600,29863,11640,145e79ea60bbee95b492993dc5fbb982dc415b55fa49a067e2af23a66e6e18dc,e5b0308dd533e96cd2638a62bb5b9a323d502bba25ebc1b90f12a0e87ca7813f
B2_1154,540,callpush,vs_4Bet_Push,BB,40-50BB,vs_BTN,,,83fd6e7b5ab9,540__spot-vs_4Bet_Push__position-BB__stack-40-50BB__opponent-vs_BTN__callpush-83fd6e7b5ab9.jpg,charts/1154.webp,434,600,34076,13950,9b9d9fd8aa43e73f8d423b5c07cc6b4ea20da2fb49107ed05143f97c418e1ec1,73e3bb0a52c8d393fc7a86c3b60df9241c797d3fa33b76e8e6dbfc6b08dc2ca8
B2_1155,595,callpush,vs_4Bet_Push,HJ-LJ,50-75BB,vs_MP,,,56df179d2d8d,595__spot-vs_4Bet_Push__position-HJ-LJ__stack-50-75BB__opponent-vs_MP__callpush-56df179d2d8d.jpg,charts/1155.webp,434,600,29366,11478,c33064dd9799ebbf13e0ffa88ccb10c3a4d77f7395702c1ee49186a137915736,31f5e6279cd00c59b970028cab0f888ba4ade9d6b704fde539698737f5d97ff6
B2_1156,012,callpush,Open_Push,BB,12.5BB,vs_CO,,,8785c8ee3533,012__spot-Open_Push__position-BB__stack-12.5BB__opponent-vs_CO__callpush-8785c8ee3533.jpg,charts/1156.webp,434,600,36493,15054,d156c1eaa042701b2d16909d38c163807aa0a4d1903226bcd8993415d30dd2d2,c39d92a41088cdca889a298f4dd943310cc012f69c51ed51e7e76c70d51e3484
B2_1157,020,callpush,Open_Push,BB,13.5BB,vs_SB,,,439ec0f4ebbc,020__spot-Open_Push__position-BB__stack-13.5BB__opponent-vs_SB__callpush-439ec0f4ebbc.jpg,charts/1157.webp,434,600,41499,17590,24aacaed630795ac94387fa70cbd51a74def5691a1d630993991a13087a85cc5,6813665cc6b3b834a177735e2c8eab018f7bd376938b8cc82df5e6f2c66ab726
B2_1158,576,callpush,vs_4Bet_Push,CO,40-50BB,vs_MP,,,0214298dd099,576__spot-vs_4Bet_Push__position-CO__stack-40-50BB__opponent-vs_MP__callpush-0214298dd099.jpg,charts/1158.webp,434,600,30452,12246,4ca8900d1878d7f28a115feb9cb608e68733cfd1750b57c25d48e5ffd0a498b4,46f921b3ee6705f37c8dba2687f229bd47d364f416017c08e0e17dd8eaabebb1
B2_1159,078,callpush,Open_Push,BB,25.5BB,vs_BTN,,,a1ba321e88b4,078__spot-Open_Push__position-BB__stack-25.5BB__opponent-vs_BTN__callpush-a1ba321e88b4.jpg,charts/1159.webp,434,600,32848,13756,60cb6a42089afbf2844626e2fdaf77b8b172de7ad10cb7aa31cbd573c7080c76,b1f3de22a17ae88c2cd56301acac9f1f85ac1fd779e6dd38a6a7f85824c1e020
B2_1160,394,callpush,Resteal,MP,13BB,BTN,,2x_Open,10a23a658b99,394__spot-Resteal__position-MP__stack-13BB__opponent-BTN__bet-2x_Open__callpush-10a23a658b99.jpg,charts/1160.webp,434,600,34179,14184,6bd57a4f1dd5af242e79188c95cf8d4ee16fabd5a4c840b72653e4835cceee3e,db670f1c58a3edc2bcafa67dd6ac8bd06880f44fb4d52720e0870e6f9b1e197f
B2_1161,197,callpush,Resteal,CO,17BB,BTN,,2x_Open,83ecfa05b9c6,197__spot-Resteal__position-CO__stack-17BB__opponent-BTN__bet-2x_Open__callpush-83ecfa05b9c6.jpg,charts/1161.webp,434,600,34411,14260,91f38d10e2b52d26ddcd368a45a198df917f87a2101a8a4816d5e3f2b9685e55,81c958d97d1ac79bb8436c3a664433fc52fdb0a721348b83fb50a727034e26c3
B2_1162,107,callpush,Open_Push,BB,4.5BB,vs_BTN,,,af190ba35b5e,107__spot-Open_Push__position-BB__stack-4.5BB__opponent-vs_BTN__callpush-af190ba35b5e.jpg,charts/1162.webp,434,600,50603,22358,5bccf1d2b1a2468b5cb36ca406bbec35557964004a9e6d9c86db97f156841830,a77740dfc78a9ca48d2acbc2feaa0ae9b14b60b46dbf8d7846753b008d4c79b2
B2_1163,144,callpush,Resteal,BTN,15BB,BTN,,2x_Open,1d2173b31e8b,144__spot-Resteal__position-BTN__stack-15BB__opponent-BTN__bet-2x_Open__callpush-1d2173b31e8b.jpg,charts/1163.webp,434,600,37681,15570,3c140af8d2648f549a47321643bccad287f9eef1ca8a51da1058b5f364eb95b2,87d9b405e7343cbb162d624e5af00db8ae33332b2a17582cca4ee880e976d456
B2_1164,542,callpush,vs_4Bet_Push,BB,40-50BB,vs_EP,,,2f3b91acd3fb,542__spot-vs_4Bet_Push__position-BB__stack-40-50BB__opponent-vs_EP__callpush-2f3b91acd3fb.jpg,charts/1164.webp,434,600,29569,11488,de13dab2e2d8b5e5ca104e348d3999fe7c651ff2f367bba397b9a44015e89db0,6b1224332336a025a7995cfa4a243f53a8a3c662fa1dc6a42ab5a3c824e7d28f
B2_1165,581,callpush,vs_4Bet_Push,EP-MP,22-30BB,vs_EP,,,065b4efaee75,581__spot-vs_4Bet_Push__position-EP-MP__stack-22-30BB__opponent-vs_EP__callpush-065b4efaee75.jpg,charts/1165.webp,434,600,29548,11374,265a48954d29f8b989860b10a86b09fa81ca5b32528b1b6fbd8f60fddfe37846,624d2dd6feb064dde852f53c16ba1c236c8fa43bc1e00227a38d131b9bf8398c
B2_1166,573,callpush,vs_4Bet_Push,CO,30-40BB,vs_EP,,,88d52e146f03,573__spot-vs_4Bet_Push__position-CO__stack-30-40BB__opponent-vs_EP__callpush-88d52e146f03.jpg,charts/1166.webp,434,600,30000,12134,4b21f5179662bec4a7e7a4b75fbfb41be8ab353aa3dada2b7914ea9341be54c6,0d6fb2e181b5d5f2c2a3394a3de7eed9a04af2846511ccf9c193734bad4da26f
B2_1167,362,callpush,Resteal,EP,7BB,BTN,,2x_Open,8f18972223f4,362__spot-Resteal__position-EP__stack-7BB__opponent-BTN__bet-2x_Open__callpush-8f18972223f4.jpg,charts/1167.webp,434,600,50306,22244,a8b75c13590b6cd85c1fc0505b67da9cc6960289b87b199fdf925820aabd77d4,38c5dcd40b775003f10fbc6b9b82dc6d98021ea669ba981c8a54b7aa600a3955
B2_1168,042,callpush,Open_Push,BB,18.5BB,vs_EP,,,4b94628ded6d,042__spot-Open_Push__position-BB__stack-18.5BB__opponent-vs_EP__callpush-4b94628ded6d.jpg,charts/1168.webp,434,600,30409,12378,4920c5b6276cd4bc376f5e65ca55449ceef680c6049500cce74f48c9a75ade03,064b8b227acc79e5d5bdb5caef2dee24bac852475d17ce9298c3eff797c66fa3
B2_1169,095,callpush,Open_Push,BB,28.5BB,vs_EP,,,4d569d070954,095__spot-Open_Push__position-BB__stack-28.5BB__opponent-vs_EP__callpush-4d569d070954.jpg,charts/1169.webp,434,600,30076,12204,9473ed3db7f124298472be06b1e4c089cf7f52b85a0933eb306b21269145efbb,1a548cbe4ee3b6e1736611394f65bf9b0c8cc83370cf508598a3e55bf5738d2a
B2_1170,335,callpush,Resteal,EP,28BB,BTN,,2x_Open,6f04e6f67a58,335__spot-Resteal__position-EP__stack-28BB__opponent-BTN__bet-2x_Open__callpush-6f04e6f67a58.jpg,charts/1170.webp,434,600,29839,12004,b732b9024a8a581be7edaf6b81d30d907da636d40d6a6d1fe2ed0bb27ef1e138,7eafbdf07ffe20a933df5f020f719c7db6889f3104320a938ffa9fd2064677fc
B2_1171,018,callpush,Open_Push,BB,13.5BB,vs_EP,,,d239fa0ef66a,018__spot-Open_Push__position-BB__stack-13.5BB__opponent-vs_EP__callpush-d239fa0ef66a.jpg,charts/1171.webp,434,600,31661,12732,8d137dc62e0c3bb0d4cf55ac3508610b2ccca85b3e6fe987f8164f3b0018d759,38a096e14de316025d66257883e6ffdb4b3acc2319411d668f0d282fd978dbbb
B2_1172,440,callpush,Resteal,MP,21BB,BB,,2x_Open,3052d8685ba4,440__spot-Resteal__position-MP__stack-21BB__opponent-BB__bet-2x_Open__callpush-3052d8685ba4.jpg,charts/1172.webp,434,600,31323,12698,88af7076607991a4b7d212789c1c2c12e67e53901d4ba098bd94cc442846e804,0815e0b7803f4713d4f199d19c2b94c86bc9d8d480cda678f23c025dacf719af
B2_1173,272,callpush,Resteal,EP,15BB,HJ,,2x_Open,6f03d6d3eb71,272__spot-Resteal__position-EP__stack-15BB__opponent-HJ__bet-2x_Open__callpush-6f03d6d3eb71.jpg,charts/1173.webp,434,600,31236,12596,efe287ef99481454e595b46930cb2b7e43d56e3c126e9909c04048066736fa79,8a29a22fb156bd19defdbf90ce376afcb6dda804d770990c85fdd3e4d992e5ce
B2_1174,181,callpush,Resteal,CO,11BB,SB,,2x_Open,a7460cd5167d,181__spot-Resteal__position-CO__stack-11BB__opponent-SB__bet-2x_Open__callpush-a7460cd5167d.jpg,charts/1174.webp,434,600,38493,15922,b69fee4b94391ebf2996036d07da916c9351ef5178f098d8a64afecac6c38668,03e9a27d33b46fe2948fd315795f97824ba10a0c93b49b1d41be1f377bee439c
B2_1175,368,callpush,Resteal,EP,9BB,BB,,3x_Open,728b358eccfd,368__spot-Resteal__position-EP__stack-9BB__opponent-BB__bet-3x_Open__callpush-728b358eccfd.jpg,charts/1175.webp,434,600,49082,21586,5f7788db778c46be4d7b522d37bcd8efa119361075b0ae44f6d099328e57aad0,588d7a2e62ee7aa7addb9e4f681b27a44967819a7d2bdff4354bd669c21ba1ec
B2_1176,381,callpush,Resteal,MP,11BB,BB,,3x_Open,e368d99b4af2,381__spot-Resteal__position-MP__stack-11BB__opponent-BB__bet-3x_Open__callpush-e368d99b4af2.jpg,charts/1176.webp,434,600,39607,16582,ea100c0b960cf9c0ce9d7a5e3e44f8927ddd1db39604e588349dc38687a1fcc7,a8f8078e2e4ade7d51db251c50c2ffa6c6eee91d88991e34f2e0da01bd6f2181
B2_1177,143,callpush,Resteal,BTN,13BB,SB,,3x_Open,82d05c7c477a,143__spot-Resteal__position-BTN__stack-13BB__opponent-SB__bet-3x_Open__callpush-82d05c7c477a.jpg,charts/1177.webp,434,600,39253,16548,5aac5ee26c64364bea42f825e66609fd93988f402db4116d6b43280d7bee9915,f937ce7f466a326c1ea9193443a98887c2092c48c6d0329117d473929212e199
B2_1178,473,callpush,Resteal,MP,28BB,SB,,2x_Open,2b644758dbe7,473__spot-Resteal__position-MP__stack-28BB__opponent-SB__bet-2x_Open__callpush-2b644758dbe7.jpg,charts/1178.webp,434,600,30842,12446,e533bc133c9dd9ae16528a41199a58584d88dc24d5aec1a06e5d847ade0a57e9,37ea01e61650c85c620eb6ac423fe6061a21b23c9667ebcbee7b1bea93c8f071
B2_1179,055,callpush,Open_Push,BB,20.5BB,vs_BTN,,,98180ca437ed,055__spot-Open_Push__position-BB__stack-20.5BB__opponent-vs_BTN__callpush-98180ca437ed.jpg,charts/1179.webp,434,600,35774,14738,8cc4414b874999fba23edcc4c84f9fff97e20c76a57121800438ea351527928c,6a7a899f4c568709cebde47022cff4bbeac4f7621cad3e5dbf7f6e510d74fe9e
B2_1180,409,callpush,Resteal,MP,15BB,CO,,3x_Open,ac87c7700b39,409__spot-Resteal__position-MP__stack-15BB__opponent-CO__bet-3x_Open__callpush-ac87c7700b39.jpg,charts/1180.webp,434,600,32890,13754,a1a397f903d50dbda4efda7b9f0848ed7a5a867874e1c846a1832a876df7dbff,2d230abf5d877fc0e593fb7c35a0b62daec58483bc0fb4c1324b927d89e5cc42
B2_1181,121,callpush,Open_Push,BB,6.5BB,vs_SB,,,514bd7249c91,121__spot-Open_Push__position-BB__stack-6.5BB__opponent-vs_SB__callpush-514bd7249c91.jpg,charts/1181.webp,434,600,48163,20614,365811327a9a703e27f35dfd5cca63c6b781ae04445993a53bd11f4232009b79,9ed8ff172e751706794efe14a0577f1b86d3ad1fb743278c9562983f8b7cc3fd
B2_1182,553,callpush,vs_4Bet_Push,BTN,18-22BB,vs_CO,,,3c4af82abf39,553__spot-vs_4Bet_Push__position-BTN__stack-18-22BB__opponent-vs_CO__callpush-3c4af82abf39.jpg,charts/1182.webp,434,600,33952,13870,da4e1d95f34fbf9364e9cf4374bc9cea009a4e8aaa22d83ff4b91c23a8e27761,aaaaaf4997ca4ba09847e86c325ba4df4b5853ad5ce9aae9d7f52c35e2415f7c
B2_1183,141,callpush,Resteal,BTN,13BB,BTN,,3x_Open,362cb24dd16d,141__spot-Resteal__position-BTN__stack-13BB__opponent-BTN__bet-3x_Open__callpush-362cb24dd16d.jpg,charts/1183.webp,434,600,40118,17038,65a38538502cf431ef31f8775fb33534358082f5e5fab97b9bc44e44a33b3099,8ade7ba60f5f8269d8fc15c53b3e7bb281f8b69316da13ce7806e93e6532d1e9
B2_1184,074,callpush,Open_Push,BB,24.5BB,vs_CO,,,afe58a096a46,074__spot-Open_Push__position-BB__stack-24.5BB__opponent-vs_CO__callpush-afe58a096a46.jpg,charts/1184.webp,434,600,33219,13774,e5d90e59c1314703e76cd7aea7723a7d3779fab44a34a12657814d6b860b7440,3e7b4152ac19525983fa0255794a29e438be8ddfc8e8e8ace5eaa69d75eb99e0
B2_1185,590,callpush,vs_4Bet_Push,HJ-LJ,30-40BB,vs_EP,,,3fcc91d79f1e,590__spot-vs_4Bet_Push__position-HJ-LJ__stack-30-40BB__opponent-vs_EP__callpush-3fcc91d79f1e.jpg,charts/1185.webp,434,600,29682,11480,48386734a17fd66e48c808b336f8fdf3734e59c8c50a39a32d233edd6f5ca35e,b2d5656f551cdd552be46fa3e16b65f5598727f1b1b1165284739b5c0a1a82c0
B2_1186,519,callpush,Resteal,SB,32BB,BB,,2x_Open,6c278450c21b,519__spot-Resteal__position-SB__stack-32BB__opponent-BB__bet-2x_Open__callpush-6c278450c21b.jpg,charts/1186.webp,434,600,32849,13692,15ceb7115f5172236645c997d371d046e07e702b11a4f64a2b664acd781d92b8,892369ec4b3a1ffbe82cdfe79be2ba511337abdd00b58ccedc6188a2acd7284f
B2_1187,302,callpush,Resteal,EP,19BB,LJ,,3x_Open,35220ebc0dc9,302__spot-Resteal__position-EP__stack-19BB__opponent-LJ__bet-3x_Open__callpush-35220ebc0dc9.jpg,charts/1187.webp,434,600,30842,12446,e533bc133c9dd9ae16528a41199a58584d88dc24d5aec1a06e5d847ade0a57e9,37ea01e61650c85c620eb6ac423fe6061a21b23c9667ebcbee7b1bea93c8f071
B2_1188,445,callpush,Resteal,MP,21BB,CO,,3x_Open,b2074f2006fd,445__spot-Resteal__position-MP__stack-21BB__opponent-CO__bet-3x_Open__callpush-b2074f2006fd.jpg,charts/1188.webp,434,600,30875,12542,680cb3045eb401cd69d45d353ee41750ce78bc3abfc4399160b6faaa3ee75842,c2a80baa0a198e331df645217ba60b8c8c9c964f99335894889820b5e9567b14
B2_1189,295,callpush,Resteal,EP,19BB,BB,,3x_Open,ba148d82756e,295__spot-Resteal__position-EP__stack-19BB__opponent-BB__bet-3x_Open__callpush-ba148d82756e.jpg,charts/1189.webp,434,600,30180,12136,358b4fd1ea3376d147e55462c01d8c21a41ba845b414283ec04b88c962db204b,dc6465553c914a60cfc53562bdbdc4e03847d91e77f822aeb8ae8861e43a8c98
B2_1190,572,callpush,vs_4Bet_Push,CO,22-30BB,vs_MP,,,580c4beeccd6,572__spot-vs_4Bet_Push__position-CO__stack-22-30BB__opponent-vs_MP__callpush-580c4beeccd6.jpg,charts/1190.webp,434,600,31634,12684,5389dace875d4e7acb24fdbf5cb7f1463aa180830749919d09214e6f418ccd3c,096a96fb7af9037a6b81e3c46a66170de99f3f3b9ff32209d6c0c5e0ac9be6d5
B2_1191,323,callpush,Resteal,EP,24BB,CO,,2x_Open,86b6eab03221,323__spot-Resteal__position-EP__stack-24BB__opponent-CO__bet-2x_Open__callpush-86b6eab03221.jpg,charts/1191.webp,434,600,29738,11966,2440899d7c60c20ffac2f6261b6344641f8ef4e03a8ff516472630ccf5b49f37,f1bc985850c21e8af6a89ed7c09dc053717de49853317d24f2bbb31c52ff4f1c
B2_1192,360,callpush,Resteal,EP,32BB,SB,,3x_Open,732b133c9fa7,360__spot-Resteal__position-EP__stack-32BB__opponent-SB__bet-3x_Open__callpush-732b133c9fa7.jpg,charts/1192.webp,434,600,29697,11636,3d0944e6f0ddcb8ca3a1719b3c8bb07d569954484737f64308905f2c71520518,f9662e62a0fdac43d7445cde803dda0fa30afd450c235e9e564525c0ad67f611
B2_1193,614,callpush,vs_4Bet_Push,SB,50-75BB,vs_EP,,,7106fa143962,614__spot-vs_4Bet_Push__position-SB__stack-50-75BB__opponent-vs_EP__callpush-7106fa143962.jpg,charts/1193.webp,434,600,59760,12492,13edb52177153124efa45a14369cf2160a0be37191b4e6cb16920d3f603ed0ab,28a17c15b788aecb7fa6f3bc6977aefa9f954b9ea8e6c54ad16d7479c97f1870
B2_1194,087,callpush,Open_Push,BB,26.5BB,vs_SB,,,0a99f0fc930e,087__spot-Open_Push__position-BB__stack-26.5BB__opponent-vs_SB__callpush-0a99f0fc930e.jpg,charts/1194.webp,434,600,34771,14472,446836064183641e7fd76d22096f0c6b5979157005acc23a9ebe7c0ff3d54d08,08220293d70f9dd465d9819402bc1f8c85f6ff5d8a8b66b53f2e16378974b49a
B2_1195,124,callpush,Open_Push,BB,7.5BB,vs_EP,,,d53df04e0e59,124__spot-Open_Push__position-BB__stack-7.5BB__opponent-vs_EP__callpush-d53df04e0e59.jpg,charts/1195.webp,434,600,37592,15680,64b9dc650026d0a2f81d03bf24f299946ed71364cea0736941a258cc1c8360ef,3bb06407658a6ac8b50c6ef301dbf2ca79b7d1faf54515882e972d57c1240987
B2_1196,291,callpush,Resteal,EP,17BB,MP,,3x_Open,0cfcf1333ccf,291__spot-Resteal__position-EP__stack-17BB__opponent-MP__bet-3x_Open__callpush-0cfcf1333ccf.jpg,charts/1196.webp,434,600,30744,12342,4ddddc8ea39944499c6dd3da5361f8146976de3ad8dae6f65f1da962d5a187c0,3ce1629c7f5ff5f4e7abfb6db7bd3ee617aeb58c1bb2a69236a5c27d2503aeb6
B2_1197,373,callpush,Resteal,EP,9BB,HJ,,3x_Open,20af6e10acb9,373__spot-Resteal__position-EP__stack-9BB__opponent-HJ__bet-3x_Open__callpush-20af6e10acb9.jpg,charts/1197.webp,434,600,48662,21294,0c49da9fc76b84c27252ff50e8a811cbc7c75260b08c4952646a223791753091,db33652e581d076d8d990868fb28e8b3ded86bb7eaba5db7a7c2383f49f0c277
B2_1198,339,callpush,Resteal,EP,28BB,HJ,,2x_Open,b6da2ee1dde9,339__spot-Resteal__position-EP__stack-28BB__opponent-HJ__bet-2x_Open__callpush-b6da2ee1dde9.jpg,charts/1198.webp,434,600,29592,11528,e1fb72d75d371f6e880a00fa4fd822be85f78436d2d13a65fcfde8a6540cb0eb,2e54de7865d090a4550529424c43ff3bf298eee59bb15baf78ab976cd9150707
B2_1199,404,callpush,Resteal,MP,15BB,BB,,2x_Open,678195c11f2e,404__spot-Resteal__position-MP__stack-15BB__opponent-BB__bet-2x_Open__callpush-678195c11f2e.jpg,charts/1199.webp,434,600,32034,12828,799bac8141db54cde47dc5084a86ab7df6839ae9ee99554785285c13d99cd6b8,62866da29fce314b3b3da25c11de884686d7b3d12ce30e021510678b094662b9
B2_1200,155,callpush,Resteal,BTN,19BB,SB,,3x_Open,3e9b016cde05,155__spot-Resteal__position-BTN__stack-19BB__opponent-SB__bet-3x_Open__callpush-3e9b016cde05.jpg,charts/1200.webp,434,600,34348,14240,f2f44b347634be03899b03350cb8e9d2fef3528fcb936e46537d6ce001b9494d,858719e50c4da5d7013bb92997d7270ccdeb84cbb73423c267314befb55ca9ac
B2_1201,254,callpush,Resteal,EP,13BB,BTN,,2x_Open,7e8c666ff2a9,254__spot-Resteal__position-EP__stack-13BB__opponent-BTN__bet-2x_Open__callpush-7e8c666ff2a9.jpg,charts/1201.webp,434,600,32694,13280,04e18f65f352fd2611f0f8611e01a694273f45db0a41448d0fa497614056f8ec,69f7b9f1f94a8bf87e125b12dabce439cb3d38cce376f45e26f1b6dcfd2904da
B2_1202,119,callpush,Open_Push,BB,6.5BB,vs_EP,,,7f6c879ec941,119__spot-Open_Push__position-BB__stack-6.5BB__opponent-vs_EP__callpush-7f6c879ec941.jpg,charts/1202.webp,434,600,39712,16718,2aafb503c8d4c37b6cf510670fc81341a37ee6e01c7164cda306385112126027,eb2c082025279b103e4192699e722b6a144b5ca1836a5c8da46d71418a5946e6
B2_1203,115,callpush,Open_Push,BB,5.5BB,vs_MP,,,d30c184f2d1c,115__spot-Open_Push__position-BB__stack-5.5BB__opponent-vs_MP__callpush-d30c184f2d1c.jpg,charts/1203.webp,434,600,42985,18302,08fdf21549df0fd8abd18971004758f5bafb68a3e238578f22b029e4a053f944,1abf265953471075feaba0d3eb82ae0d64f488911278c6a0bf1fc3a5605e4b40
B2_1204,040,callpush,Open_Push,BB,18.5BB,vs_BTN,,,e92c19feba68,040__spot-Open_Push__position-BB__stack-18.5BB__opponent-vs_BTN__callpush-e92c19feba68.jpg,charts/1204.webp,434,600,35770,14790,4b3dd31e9065c31f31b31771072407915ee40f1d526df75799f499737ed65cbf,015dd2863f6449f04234104141db26e974577106ee3ee5eec459555d1ccc350b
B2_1205,405,callpush,Resteal,MP,15BB,BB,,3x_Open,9782e68ffa6a,405__spot-Resteal__position-MP__stack-15BB__opponent-BB__bet-3x_Open__callpush-9782e68ffa6a.jpg,charts/1205.webp,434,600,32685,13712,082e93c27b8f0542292bf096f3f36e777c2226235d09e1e364592c732aaff818,e389557d0a4c70f1b69a5e13327b6b323a13c3078b403a12b410c21060e495f4
B2_1206,352,callpush,Resteal,EP,32BB,CO,,3x_Open,e546155bc39e,352__spot-Resteal__position-EP__stack-32BB__opponent-CO__bet-3x_Open__callpush-e546155bc39e.jpg,charts/1206.webp,434,600,29731,11636,f84f25060f7818f360fdaad0b2cc1603ac4b8d7e7e03610a071dc6d992205add,e2aee92fe15959e08a884fbaff0d6650edf1e1f446280687c9dc9fdf9bb7c3b5
B2_1207,122,callpush,Open_Push,BB,7.5BB,vs_BTN,,,ab2c412377a5,122__spot-Open_Push__position-BB__stack-7.5BB__opponent-vs_BTN__callpush-ab2c412377a5.jpg,charts/1207.webp,434,600,41777,17780,88fb4a6654a1e4cb258aec1e82551b16f69a8bd11ffdd4f881e72bac531ab554,a1bb7cff50c09b0318bc75f76c09550c913dcee96737b477a9c6928be10c5dd4
B2_1208,421,callpush,Resteal,MP,17BB,CO,,3x_Open,8c39cff92480,421__spot-Resteal__position-MP__stack-17BB__opponent-CO__bet-3x_Open__callpush-8c39cff92480.jpg,charts/1208.webp,434,600,31946,12914,df53a677fda8d2570dcf066f43939ad814bd86946b4e52a30b638bd60dded50e,1197e581a2feaf03b05a76632c0df9f5a9ff0b32c6ece8fb5f564ae9505626de
B2_1209,599,callpush,vs_4Bet_Push,SB,18-22BB,vs_MP,,,ac2d30e9ac24,599__spot-vs_4Bet_Push__position-SB__stack-18-22BB__opponent-vs_MP__callpush-ac2d30e9ac24.jpg,charts/1209.webp,434,600,33071,13200,1afe51aa385a3a3d43fb20f56b86d4d348b495de24f98316f4229d90db066272,de2e929a66861743ffbbe41fe2ab24c8de60e2aa310a58206eb6fecb6dc0d4d4
B2_1210,222,callpush,Resteal,CO,28BB,SB,,2x_Open,cf57659518b6,222__spot-Resteal__position-CO__stack-28BB__opponent-SB__bet-2x_Open__callpush-cf57659518b6.jpg,charts/1210.webp,434,600,32265,13030,4aac8e746ce67121a374f5b7b363d87f6d75d8ca975021e83fedc0c158bd9afd,8c8b081d80ae894705a5071c858316febc00a513e3c995f6293db5640d75226e
B2_1211,068,callpush,Open_Push,BB,22.5BB,vs_SB,,,837a74251744,068__spot-Open_Push__position-BB__stack-22.5BB__opponent-vs_SB__callpush-837a74251744.jpg,charts/1211.webp,434,600,36170,14952,66560b72319bf409c74cc37be683d88dafd2b202969b2be33e4b0aad184f75eb,1de8be5887786b03763c39e3afb9448931a1ff1bc999904b595636436ccfb055
B2_1212,225,callpush,Resteal,CO,32BB,BB,,3x_Open,ee6acd779abc,225__spot-Resteal__position-CO__stack-32BB__opponent-BB__bet-3x_Open__callpush-ee6acd779abc.jpg,charts/1212.webp,434,600,30885,12432,494117e8a02d0f707d4bdf94c359c2d95c3e0b18a673e6cf321507907db6debf,6dfb162fafa526a943518cb61a7a598d855b467a9063aaed09f3132d3309a8e1
B2_1213,167,callpush,Resteal,BTN,32BB,BTN,,2x_Open,d42f0cb8a140,167__spot-Resteal__position-BTN__stack-32BB__opponent-BTN__bet-2x_Open__callpush-d42f0cb8a140.jpg,charts/1213.webp,434,600,32732,13172,78e35754b857e1635772f1de9b3a980e5daf30479de2ee749f4b30cadf52b420,fc39ea8f9dd3abccfb1d13e00729f10bb89c7422b5bdd4558c1f12b20ceccccf
B2_1214,271,callpush,Resteal,EP,15BB,CO,,3x_Open,e9f0601ab829,271__spot-Resteal__position-EP__stack-15BB__opponent-CO__bet-3x_Open__callpush-e9f0601ab829.jpg,charts/1214.webp,434,600,32306,13034,9bcb829fc9e7b3e1947c021a2fa909b9b50bce975e6ae0bfeb59ca1dc7f528fa,5999351e5a47a33ff4c3db2ddf9c07a4853cf8898fe4f53ab694b741846dbc15
B2_1215,203,callpush,Resteal,CO,19BB,BTN,,3x_Open,7727498a6949,203__spot-Resteal__position-CO__stack-19BB__opponent-BTN__bet-3x_Open__callpush-7727498a6949.jpg,charts/1215.webp,434,600,32720,13668,7dd14c7d6423c6d810145762dd36751caa32d3b360e304b88417a37f4a18b040,cc742ee31d881d354395a9e03f6f442b7c8c07c1c525685c0272863ba3d72fcb
B2_1216,437,callpush,Resteal,MP,19BB,LJ,,3x_Open,3acdbb3fbc6d,437__spot-Resteal__position-MP__stack-19BB__opponent-LJ__bet-3x_Open__callpush-3acdbb3fbc6d.jpg,charts/1216.webp,434,600,30766,12350,f5d459578e0b6e8666d0d980da2072d4aafea9222ddae89e93310171334ba252,c389e843fc5d01e86ad3b2efe3bb886210aaec9e786a7da96a18af88be7a563b
B2_1217,117,callpush,Open_Push,BB,6.5BB,vs_BTN,,,50cc5cba3797,117__spot-Open_Push__position-BB__stack-6.5BB__opponent-vs_BTN__callpush-50cc5cba3797.jpg,charts/1217.webp,434,600,43612,18690,43dbaa50fac46990230ce22bc3c9861204adb47072d17fadf32ebe150943b3dd,1f97fb64f8c33371bf4e5295e614858d67e543387a440be5675c838fc66fc1fa
B2_1218,514,callpush,Resteal,SB,21BB,BB,,3x_Open,ed7b861f15b1,514__spot-Resteal__position-SB__stack-21BB__opponent-BB__bet-3x_Open__callpush-ed7b861f15b1.jpg,charts/1218.webp,434,600,36107,14808,5703239bd75f6857c6839e240f499c5e7e4bd422d6715d569a3ff29ac0a0c64d,4bedf88cea470f181c1c4344e1d21c8a3e8a2ad12d7e0566ddcae85adf8b4d7b
B2_1219,554,callpush,vs_4Bet_Push,BTN,18-22BB,vs_EP,,,e2dad9875acc,554__spot-vs_4Bet_Push__position-BTN__stack-18-22BB__opponent-vs_EP__callpush-e2dad9875acc.jpg,charts/1219.webp,434,600,31231,12672,41413c84c6e7beff6c3e14b7c1753b1f4a93eaa0759d7854f05cf74bccecd70b,b8c75cccf281dc6df08783fc81b40ba0bbcc5516449cdffbef9b0bf647bc38e7
B2_1220,571,callpush,vs_4Bet_Push,CO,22-30BB,vs_EP,,,db0a3d035965,571__spot-vs_4Bet_Push__position-CO__stack-22-30BB__opponent-vs_EP__callpush-db0a3d035965.jpg,charts/1220.webp,434,600,30374,12202,e9f9296832634cd0c1574231df7cc5f723810e30cc2f459a708f07ed6287a6e9,58b10875ea8d042aa7e042e50cbe84ada81f5dcd63726bfba05ce32591ce228f
B2_1221,277,callpush,Resteal,EP,15BB,MP,,3x_Open,c62bd0587780,277__spot-Resteal__position-EP__stack-15BB__opponent-MP__bet-3x_Open__callpush-c62bd0587780.jpg,charts/1221.webp,434,600,31439,12684,61bead16399db14b4bcf833f221c8db03cd0729a7e3e79412f67b025f3914c76,37972db38ba51d7dfb54353e0663a2bd8ae5d3692dd4f5ab4332e09618b6ef0d
B2_1222,103,callpush,Open_Push,BB,3.5BB,vs_BTN,,,a91146744a4f,103__spot-Open_Push__position-BB__stack-3.5BB__opponent-vs_BTN__callpush-a91146744a4f.jpg,charts/1222.webp,434,600,57149,26198,426e47985baad9382cdf53b593f5a1710cc6ab890961c9cd7b433e495b5d0d29,0f6ff383caf2a32832c4efaf6992728042358cd6679ca162b4154df3e565152b
B2_1223,098,callpush,Open_Push,BB,29.5BB,vs_BTN,,,8985da8f64d7,098__spot-Open_Push__position-BB__stack-29.5BB__opponent-vs_BTN__callpush-8985da8f64d7.jpg,charts/1223.webp,434,600,33838,13982,e4d972a5545e71d6da3a77e262073ad9146f72431706499837d4c2c7d59f33d1,0936d6a4d98577c2cbebe1af53c25c606108cb04e89f236d5e2682c4568546ed
B2_1224,534,callpush,vs_4Bet_Push,BB,22-30BB,vs_SB,,,f07ee2c0ce86,534__spot-vs_4Bet_Push__position-BB__stack-22-30BB__opponent-vs_SB__callpush-f07ee2c0ce86.jpg,charts/1224.webp,434,600,34938,14278,a1c741554d7ebdbc2898592b56c01914d6461b11afba4f1e7dcc4df8cee517e0,9a49014ed934ab497c333010bdcd6ad09cc6452e3e3a0528438dec42181d5a9c
B2_1225,213,callpush,Resteal,CO,24BB,BB,,3x_Open,319300ceac90,213__spot-Resteal__position-CO__stack-24BB__opponent-BB__bet-3x_Open__callpush-319300ceac90.jpg,charts/1225.webp,434,600,31372,12702,5ba1c96b995797540d000298d627e48ab46abfbfdec4c708a4565e557b262155,2bb7d0df781070cff77cb15f99e6694a4439181c4841f78dd1da57d68f967d62
B2_1226,284,callpush,Resteal,EP,17BB,CO,,2x_Open,351033334d7b,284__spot-Resteal__position-EP__stack-17BB__opponent-CO__bet-2x_Open__callpush-351033334d7b.jpg,charts/1226.webp,434,600,30864,12546,53056da5efece8ee6883edcc842fb2d86c0b1cfa7ec0b52e9d7e6fdd8f8e86bb,0a54096dba20021ff31df719131da4b9334d55b21dfdec87934e7b899438e49b
B2_1227,067,callpush,Open_Push,BB,22.5BB,vs_MP,,,5e6f363bf38d,067__spot-Open_Push__position-BB__stack-22.5BB__opponent-vs_MP__callpush-5e6f363bf38d.jpg,charts/1227.webp,434,600,31284,12798,7165cabe378b2ffde26d75e6bea129f281fa9a22e56401e62e4c8f3e1060d160,9d68edc355eec69cc024a254d61eb3aeaed3b2e98993ba5afe1805b66184de94
B2_1228,299,callpush,Resteal,EP,19BB,HJ,,2x_Open,035529cc6c2a,299__spot-Resteal__position-EP__stack-19BB__opponent-HJ__bet-2x_Open__callpush-035529cc6c2a.jpg,charts/1228.webp,434,600,30657,12450,6f429fbe1e3f165d0e08bfb2478e8d0286ea2aeb93b1b3a74502b3afac9092dc,7747d599d4b620f4c69abcdd883595b1cb1cb514362917421b35ed61ece7cf23
B2_1229,021,callpush,Open_Push,BB,14.5BB,vs_BTN,,,fda35707ca7e,021__spot-Open_Push__position-BB__stack-14.5BB__opponent-vs_BTN__callpush-fda35707ca7e.jpg,charts/1229.webp,434,600,37910,15846,be553da11fb6a3ecccd474282d18a0dca8ac0ecd8899b7211c94dee01bee2ed2,47f093b1f3769a5fa2625e11ed3a374a21b5c402b17e2510a4e10d1b11ccff02
B2_1230,386,callpush,Resteal,MP,11BB,HJ,,2x_Open,74692904ca7b,386__spot-Resteal__position-MP__stack-11BB__opponent-HJ__bet-2x_Open__callpush-74692904ca7b.jpg,charts/1230.webp,434,600,34463,14224,0e8ba768d14226e595b8f1579243f13bcce13971e2426b5a4a4d729c6ed4758c,88301f55692334ce798433ef58c41208960871b8cd2d94a8c1d0cbaa18d8aecb
B2_1231,135,callpush,Open_Push,BB,9.5BB,vs_SB,,,544bbbf871c7,135__spot-Open_Push__position-BB__stack-9.5BB__opponent-vs_SB__callpush-544bbbf871c7.jpg,charts/1231.webp,434,600,44544,19210,521d733e314b1944ed594d08d4f1c3ab81b14e73c62c3698b15a06fa0b06d97b,e6fddc2e69d464edeaefa1e96a01ff2c57159a7454cb73b8a1643b8469a8da27
B2_1232,325,callpush,Resteal,EP,24BB,HJ,,2x_Open,8f08019d9c6e,325__spot-Resteal__position-EP__stack-24BB__opponent-HJ__bet-2x_Open__callpush-8f08019d9c6e.jpg,charts/1232.webp,434,600,29996,12156,7baa8afbd1db1cf6af99a07d7f998a9e63868de442fdee8204cdfe49b23af3a2,33d639084f22c090d97e30509caa140d53395cc1dc08accf79ead8a317e2b0ad
B2_1233,142,callpush,Resteal,BTN,13BB,SB,,2x_Open,86bbe6851e5b,142__spot-Resteal__position-BTN__stack-13BB__opponent-SB__bet-2x_Open__callpush-86bbe6851e5b.jpg,charts/1233.webp,434,600,37860,16024,9fd6ca6ad45840e3e65f56d6876ece321b97e32c91ee3566b88b896bf6c16a91,490c8522e845fc6bb60cfb237895f42b7e74462c9edba270d0f568b82399cc39
B2_1234,247,callpush,Resteal,EP,11BB,LJ,,3x_Open,17284ef8e1ec,247__spot-Resteal__position-EP__stack-11BB__opponent-LJ__bet-3x_Open__callpush-17284ef8e1ec.jpg,charts/1234.webp,434,600,37756,15530,39c9e3143ac970a48dfd9f6fafbcd08c7e1f0229490d6bffd99e5405bea5097b,c6bc9e6c895369f41c3448dd643cc5aaffcc89456705c8cb4d67b1e7a2f1a475
B2_1235,382,callpush,Resteal,MP,11BB,BTN,,2x_Open,7bb142a26c3c,382__spot-Resteal__position-MP__stack-11BB__opponent-BTN__bet-2x_Open__callpush-7bb142a26c3c.jpg,charts/1235.webp,434,600,36424,14862,7afcae7fe11bdf72c838982f91a2321263e2b86264564c9a78a40a7100b0347e,3272141591b7ef17f2d5ac5a88772629d7ad062ae3b6e657177ae557e778a95a
B2_1236,511,callpush,Resteal,SB,19BB,BB,,2x_Open,832d19ed9580,511__spot-Resteal__position-SB__stack-19BB__opponent-BB__bet-2x_Open__callpush-832d19ed9580.jpg,charts/1236.webp,434,600,36144,14842,4c9cf4b7de30a8a1fe648649a59aa939aaab00cac1c1ad71e9abcee98c40dac2,d9faf6e2931c5f5c437f0aea613273663c9ae98552220fa4d57d2531652bf73c
B2_1237,297,callpush,Resteal,EP,19BB,CO,,2x_Open,f3af100b34a7,297__spot-Resteal__position-EP__stack-19BB__opponent-CO__bet-2x_Open__callpush-f3af100b34a7.jpg,charts/1237.webp,434,600,30976,12434,c5ab514e991625cf4660684b13a9362ec09178b8293733283620a67fae6e6743,66e1b59ed26aa88deb449aed42730afc95d536487c442eac8693741eec85cffd
B2_1238,312,callpush,Resteal,EP,21BB,CO,,3x_Open,a558d08e8662,312__spot-Resteal__position-EP__stack-21BB__opponent-CO__bet-3x_Open__callpush-a558d08e8662.jpg,charts/1238.webp,434,600,30171,12184,e9cd597f1411945a293988e66d999f317eaea830c03e505a29436b1a477a3c0b,e1370428a2d5a5c14ef04823a8d311bfabc150813405be60316933f1dbde7e3d
B2_1239,579,callpush,vs_4Bet_Push,EP-MP,14-18BB,vs_EP,,,aa5e3f9d64a2,579__spot-vs_4Bet_Push__position-EP-MP__stack-14-18BB__opponent-vs_EP__callpush-aa5e3f9d64a2.jpg,charts/1239.webp,434,600,32789,13110,52b03ae082f9e8c14eb0688a4d0873df00ab7d3edce1ad1e3148fa78b248b84d,5f8119f5b404e9c134963bf0906adc7b0473e4eafbcf8e9c7acb430bbb7e7492
B2_1240,030,callpush,Open_Push,BB,16.5BB,vs_BTN,,,f3025ff3648f,030__spot-Open_Push__position-BB__stack-16.5BB__opponent-vs_BTN__callpush-f3025ff3648f.jpg,charts/1240.webp,434,600,37030,15434,20d1ec906dcc5fcc8b4fccc783f402570f781f4f0ce1857f67fe0206921b9142,e595e74f96190d5a743734f6be9dcead9edd3551eeb919d6ee913f2a3ace04f4
B2_1241,063,callpush,Open_Push,BB,21.5BB,vs_MP,,,dc54445b0a54,063__spot-Open_Push__position-BB__stack-21.5BB__opponent-vs_MP__callpush-dc54445b0a54.jpg,charts/1241.webp,434,600,31494,12794,52fb1a3523d910ab8beae8e161ff6976f3d9bb401e93be7ffb08d3d3f9603a6d,9f157ca8fc736aebc939c311e22c711b08ac8dea0a2fdabde6d9a8fbb28ecd9e
B2_1242,264,callpush,Resteal,EP,13BB,SB,,2x_Open,9c87bc63e4e2,264__spot-Resteal__position-EP__stack-13BB__opponent-SB__bet-2x_Open__callpush-9c87bc63e4e2.jpg,charts/1242.webp,434,600,32073,13016,311d03f04afbef7afe677d2f23e413fdee89ddf82b8956cc12f2cd770a6757b6,cfa3eac93c71d1a1291b9dbc92fd71ca02b474f08ecd8affeb1de1c8bde46d8b
B2_1243,044,callpush,Open_Push,BB,18.5BB,vs_SB,,,17350247653d,044__spot-Open_Push__position-BB__stack-18.5BB__opponent-vs_SB__callpush-17350247653d.jpg,charts/1243.webp,434,600,38463,16432,68972dc695db1a412f112f08e025e8f404314df5fb524bd314bf5ab6d520e783,9bbbe5c5578afc0cb82b77f44e0cedac5cfc8aada7367dcbb92302b811077639
B2_1244,420,callpush,Resteal,MP,17BB,CO,,2x_Open,f045613db093,420__spot-Resteal__position-MP__stack-17BB__opponent-CO__bet-2x_Open__callpush-f045613db093.jpg,charts/1244.webp,434,600,32127,12920,aa14f0ad8360e284289d03107eb19d6af63461c7cc3466765cae425ab76ac137,c89cf6b2f9b279a97de947b34a8d4feb93424c93351b5e048e43eff672dbbf38
B2_1245,512,callpush,Resteal,SB,19BB,BB,,3x_Open,aa94d6723628,512__spot-Resteal__position-SB__stack-19BB__opponent-BB__bet-3x_Open__callpush-aa94d6723628.jpg,charts/1245.webp,434,600,37455,15636,5861386c9f58644195d98bc0b8d3b1d31d5a9fb0ef415ebb94a91cc51dfa48b5,f81d917cadc803551880b23735f1a4ac71e274020bfc5855e4283c7aa3959206
B2_1246,093,callpush,Open_Push,BB,28.5BB,vs_BTN,,,ae613efba530,093__spot-Open_Push__position-BB__stack-28.5BB__opponent-vs_BTN__callpush-ae613efba530.jpg,charts/1246.webp,434,600,34059,14158,47b3f0c8a0d768c1ff80fd02d5e30e7e222bed5a96714003a9b0ec1b86e04911,1c0a5884eaca678df5bfa5863eb5885e663a2a56772fbc1625f47af846f1c338
B2_1247,182,callpush,Resteal,CO,11BB,SB,,3x_Open,23cbe9b58ce7,182__spot-Resteal__position-CO__stack-11BB__opponent-SB__bet-3x_Open__callpush-23cbe9b58ce7.jpg,charts/1247.webp,434,600,43814,18858,75c211e5d6e25ed5914a1e1f528258a395b21118c692bb6edb2fbf44fcfe7a59,d3b2fe78439fe13d12aeebbf73fe347c61313a7f318cb9a89d300787ef86dbe8
B2_1248,583,callpush,vs_4Bet_Push,EP-MP,40-50BB,vs_EP,,,cbba53e7a5f7,583__spot-vs_4Bet_Push__position-EP-MP__stack-40-50BB__opponent-vs_EP__callpush-cbba53e7a5f7.jpg,charts/1248.webp,434,600,59378,12430,6e7221b754ba323f7712c81bfc751f80e6e5da4dfdb24bc7acd2ad8068a4f5c7,ff04853b2404fd03b77e76cfceed1dc7b88720e8464d6ab9ed764918489c3306
B2_1249,392,callpush,Resteal,MP,13BB,BB,,2x_Open,81f3b0ace512,392__spot-Resteal__position-MP__stack-13BB__opponent-BB__bet-2x_Open__callpush-81f3b0ace512.jpg,charts/1249.webp,434,600,32937,13644,232fc15a86c2624d5729b5d7dfb3ebdb1cfc558496a3120b8aa0c41dec41ded8,4b782d02ddd4de3d3e7bc3492ec9f859e242ea906bfc40699210238dcf3de77c
B2_1250,474,callpush,Resteal,MP,28BB,SB,,3x_Open,2da31f18a5cf,474__spot-Resteal__position-MP__stack-28BB__opponent-SB__bet-3x_Open__callpush-2da31f18a5cf.jpg,charts/1250.webp,434,600,30246,12352,76f2504a9eb914e4a99d4e58794323dd8342f7f72d9bf59aafe46e68ce33bc43,b9a8ed4c89a3e3ad81385eb07c289ad85d2e131d555a22e97e204e6c9d167d04
B2_1251,604,callpush,vs_4Bet_Push,SB,30-40BB,vs_BTN,,,eaf2af21331a,604__spot-vs_4Bet_Push__position-SB__stack-30-40BB__opponent-vs_BTN__callpush-eaf2af21331a.jpg,charts/1251.webp,434,600,35182,14378,716c06f0cbbfa3bfe6c585f3403be0a4c32f793b8886be457e1bfbfb49524fc5,09169bbabac683cfab2627fc96f75ac2acf5dce6c364a9aa5a2c7a2c0f72c62e
B2_1252,206,callpush,Resteal,CO,21BB,BB,,2x_Open,6f613512917a,206__spot-Resteal__position-CO__stack-21BB__opponent-BB__bet-2x_Open__callpush-6f613512917a.jpg,charts/1252.webp,434,600,33204,13862,b275115d5a395a5484e7de940c6da9f8f769142f62eab4bb4580069ee782dc69,b4d35a6ca3c868b300ccf6f709d61fd62fa0dc9db3f6076e40fd0b6a4e7a6516
B2_1253,513,callpush,Resteal,SB,21BB,BB,,2x_Open,1f61866764c0,513__spot-Resteal__position-SB__stack-21BB__opponent-BB__bet-2x_Open__callpush-1f61866764c0.jpg,charts/1253.webp,434,600,34968,14680,fc1588bb52e8072e75f1784ccbe92116fe1b60580011d81be894927e3f4368ef,f204e28f84a82972acbe0dd45d0cd92258e6b12c5afa439d111fec3fca23b6a8
B2_1254,588,callpush,vs_4Bet_Push,HJ-LJ,22-30BB,vs_EP,,,3081a73febaf,588__spot-vs_4Bet_Push__position-HJ-LJ__stack-22-30BB__opponent-vs_EP__callpush-3081a73febaf.jpg,charts/1254.webp,434,600,30206,12142,6f49b942a83a94a89f566b3979a1feb2545a96be55e17071a4612c61c7046eee,f6f56a9349299c1153a1286ffe186d14e2d8d6128cb2cd5f5175c7e28598222a
B2_1255,470,callpush,Resteal,MP,28BB,HJ,,3x_Open,2d8de5783a0f,470__spot-Resteal__position-MP__stack-28BB__opponent-HJ__bet-3x_Open__callpush-2d8de5783a0f.jpg,charts/1255.webp,434,600,29817,11996,cd25e2ec245210999929777713909f51ca726e23f13bbd4425c1a81075206444,2ea3a79fe3d8b45a6846560f022472b3fda03ebb49cbccd9dc1f211af8353a47
B2_1256,123,callpush,Open_Push,BB,7.5BB,vs_CO,,,38e9f78da394,123__spot-Open_Push__position-BB__stack-7.5BB__opponent-vs_CO__callpush-38e9f78da394.jpg,charts/1256.webp,434,600,40111,16922,e970ee5e826dc7169df4a1645c2653bcd2829d57d60082d9989e2b4548ffc9a8,5b7e673dddfe07b4bc2d98b65e663a84fa457b6dc8c64ad1bd7e67c9d5ef884c
B2_1257,189,callpush,Resteal,CO,15BB,BB,,2x_Open,f9e87d7aa8e1,189__spot-Resteal__position-CO__stack-15BB__opponent-BB__bet-2x_Open__callpush-f9e87d7aa8e1.jpg,charts/1257.webp,434,600,34357,14232,d699df96b09430223deb256ff1cbed76653b4e0555ede8bab59fa03caf8059f7,51d8f63e6f31d3ab6661aedfef3f7c5210435d02ef980cd515822a40e5f19023
B2_1258,316,callpush,Resteal,EP,21BB,LJ,,3x_Open,36c7faa31e43,316__spot-Resteal__position-EP__stack-21BB__opponent-LJ__bet-3x_Open__callpush-36c7faa31e43.jpg,charts/1258.webp,434,600,30162,12240,1ba4cceacb83bbb1ea30e3b357cebec5e48dc36c83ae6862444691d1c3792cce,2d1cda01b23f94f595245ea44099974f1f123d8a820380672bd11b21eee7da3a
B2_1259,416,callpush,Resteal,MP,17BB,BB,,2x_Open,35c298a5c0b7,416__spot-Resteal__position-MP__stack-17BB__opponent-BB__bet-2x_Open__callpush-35c298a5c0b7.jpg,charts/1259.webp,434,600,32128,13014,ad04dec34df8792e77823667c299ac8c1cf6c3ddf750fbffd89f26ad902ba929,13352e9630c3d505fc8fac74b0186d6c07a1d5c1d6613f200db8899cdc92ab02
B2_1260,233,callpush,Resteal,CO,9BB,BB,,2x_Open,f9dd476ae965,233__spot-Resteal__position-CO__stack-9BB__opponent-BB__bet-2x_Open__callpush-f9dd476ae965.jpg,charts/1260.webp,434,600,41130,17580,e9f0ec426786adf899340b08d98053364f95a7803b3eccee9045b43ede631856,7191bc839c463e2e751efdb1788f79420b98b5cf53379b602cf6dbf70d4d6bd9
B2_1261,246,callpush,Resteal,EP,11BB,LJ,,2x_Open,a97b79612e7c,246__spot-Resteal__position-EP__stack-11BB__opponent-LJ__bet-2x_Open__callpush-a97b79612e7c.jpg,charts/1261.webp,434,600,33514,13906,df26b7597f89bd6d1b45eee91d844c946f75d7d702b85f3ed5e94d6cd133a934,082db713ac8a6d3957d03c675ec69e7d7358c93abac9b2448c02e7a2fdd15ce0
B2_1262,495,callpush,Resteal,MP,9BB,CO,,2x_Open,53fe28cb7172,495__spot-Resteal__position-MP__stack-9BB__opponent-CO__bet-2x_Open__callpush-53fe28cb7172.jpg,charts/1262.webp,434,600,41070,17402,be839be19b7917528fede061bebeff2db9721d489fa968f6a184a28f27b23a70,ba0a7f864282fa10b1dc7655cc89a5714add80e86c41415818c5b736b359705b
B2_1263,577,callpush,vs_4Bet_Push,CO,50-75BB,vs_EP,,,d8fec65fe217,577__spot-vs_4Bet_Push__position-CO__stack-50-75BB__opponent-vs_EP__callpush-d8fec65fe217.jpg,charts/1263.webp,434,600,29583,11594,c12e3aa03b7efac1e6d0f667d15d82acf3b11e107485cb7a5f49f16015a0711e,a52b9c4d741a248179406c6ef132e54603bbba2be15130ad5189e2d8025f685f
B2_1264,311,callpush,Resteal,EP,21BB,CO,,2x_Open,c1e4d531de9e,311__spot-Resteal__position-EP__stack-21BB__opponent-CO__bet-2x_Open__callpush-c1e4d531de9e.jpg,charts/1264.webp,434,600,30232,12216,08701ebd216b45e7d7160d50b901f822987aca59377475a61bdee62249a0753c,ed33fc0484185933788555e8db5f6c538de4d4f59c93811328c75dced171f9c0
B2_1265,002,callpush,Open_Push,BB,10.5BB,vs_CO,,,3b8c08636271,002__spot-Open_Push__position-BB__stack-10.5BB__opponent-vs_CO__callpush-3b8c08636271.jpg,charts/1265.webp,434,600,37362,15776,49d2ac4a4f0e7425c1705a184a494b199387146819d05fda530fc8dc9413f7bc,78e5676913b6bc70fc6bad11e74c78b747622d189923cd3202fd4c5c217c032e
B2_1266,613,callpush,vs_4Bet_Push,SB,50-75BB,vs_CO,,,06e70011d360,613__spot-vs_4Bet_Push__position-SB__stack-50-75BB__opponent-vs_CO__callpush-06e70011d360.jpg,charts/1266.webp,434,600,30981,12432,e4e6685288bd217fd1490b8fd7a80adfd3eb65dbd00871f65a29290f4db20c53,45516b3d68c044cd085c3658da9969856b840616143a39482cfcebbeef25883c
B2_1267,348,callpush,Resteal,EP,32BB,BB,,3x_Open,c0d409f7319c,348__spot-Resteal__position-EP__stack-32BB__opponent-BB__bet-3x_Open__callpush-c0d409f7319c.jpg,charts/1267.webp,434,600,29241,11352,288963474876f2c7ad518ee31ea40ae048ab2dc83667779f156333424a2515a0,6ff49f79abdda7769685dd425973d26292a6b5dbaf40796e0fa4e43208b0a740
B2_1268,610,callpush,vs_4Bet_Push,SB,40-50BB,vs_EP,,,c250b615b0fd,610__spot-vs_4Bet_Push__position-SB__stack-40-50BB__opponent-vs_EP__callpush-c250b615b0fd.jpg,charts/1268.webp,434,600,29849,11580,354918f7c8fe66300d028629b26aa3e6d54e2cd22352c5811bedfba1099b77bf,899b3cd308e9e9d956aa6ec92b67ce8a565e4921aa5b56404dd3ad8b449ba5ac
B2_1269,171,callpush,Resteal,BTN,7BB,BTN,,2x_Open,a88a2b8bec08,171__spot-Resteal__position-BTN__stack-7BB__opponent-BTN__bet-2x_Open__callpush-a88a2b8bec08.jpg,charts/1269.webp,434,600,53087,24184,ca0cb0a9c971058296023973b06c68c2b2dd693ee176d37a78de2714ecc948e3,fa331d00c463ebbb00bd36a720e0c8bdbd99a326793137be413db8c51f6f776c
B2_1270,227,callpush,Resteal,CO,32BB,BTN,,3x_Open,a6adad02878c,227__spot-Resteal__position-CO__stack-32BB__opponent-BTN__bet-3x_Open__callpush-a6adad02878c.jpg,charts/1270.webp,434,600,30427,12336,7826e6968ec1aee8af26009087081e28de0f34dc7bf588c3e1e145a8015d6e10,6558680fa0b93d73c6a9de8d3b3fa7ed817872eb00a1b8a4608a0848237c454f
B2_1271,200,callpush,Resteal,CO,17BB,SB,,3x_Open,12fb6eec759c,200__spot-Resteal__position-CO__stack-17BB__opponent-SB__bet-3x_Open__callpush-12fb6eec759c.jpg,charts/1271.webp,434,600,33850,13906,e163281789f63d9238cb1552696e606bf64ddb0e10d114c0a9049548c493362f,d2417540ac56ced4569a54519c1610d22e9e494915b5b585ce26021a98c4a073
B2_1272,518,callpush,Resteal,SB,28BB,BB,,3x_Open,3099dcef9abc,518__spot-Resteal__position-SB__stack-28BB__opponent-BB__bet-3x_Open__callpush-3099dcef9abc.jpg,charts/1272.webp,434,600,33847,14058,68942a0392f66251f87f4297bfe83d6256413319f4208fedad1c4d18e8cf69ce,7f6e090a518100cf670b71afe3eacab30661e42e20525475f38c92b84ff08abc
B2_1273,084,callpush,Open_Push,BB,26.5BB,vs_CO,,,96427aedb51c,084__spot-Open_Push__position-BB__stack-26.5BB__opponent-vs_CO__callpush-96427aedb51c.jpg,charts/1273.webp,434,600,32766,13756,ab6bc6e84748e39df32b384c9d75ff958069dc06c61c6a684157060183de6b6b,be75d94cd9d353a6740320f546489897dd8abae49963bfcaec14400b73be8df4
B2_1274,468,callpush,Resteal,MP,28BB,CO,,3x_Open,b37665553ddc,468__spot-Resteal__position-MP__stack-28BB__opponent-CO__bet-3x_Open__callpush-b37665553ddc.jpg,charts/1274.webp,434,600,30282,12358,ea8360d4e6c12349b7eb223b85ba513282add80313523dc763d0d2737f1cae1f,c26151d32aba2c0b80c56840b5985e6fb08fe5346d243c48a19da7435e935ae6
B2_1275,276,callpush,Resteal,EP,15BB,MP,,2x_Open,a4bb05f33eb7,276__spot-Resteal__position-EP__stack-15BB__opponent-MP__bet-2x_Open__callpush-a4bb05f33eb7.jpg,charts/1275.webp,434,600,30715,12402,620810ffe09042dca62ac132ce79317d7cb165cdc050cd89ad9df1f609da7559,b87f4d37429f2876c99f0066e59163d066483a4a8f34e872046e84c39e4f32fb
B2_1276,567,callpush,vs_4Bet_Push,CO,14-18BB,vs_EP,,,f34d71502ae9,567__spot-vs_4Bet_Push__position-CO__stack-14-18BB__opponent-vs_EP__callpush-f34d71502ae9.jpg,charts/1276.webp,434,600,31311,12478,e0d22ffc7a4c913f2291ae6f0086d7e5d907252b6944e4654622536d3142979c,eeea891ddd05f5710acdcfa1d61ffa5e1068e34e0a40a39c476ab8cde57fa4a5
B2_1277,424,callpush,Resteal,MP,17BB,LJ,,2x_Open,4a08f327b8b3,424__spot-Resteal__position-MP__stack-17BB__opponent-LJ__bet-2x_Open__callpush-4a08f327b8b3.jpg,charts/1277.webp,434,600,30842,12502,8b6cfd61587a56f9e6b26c61554f5402af84e4a25e55f7b3988ed36bc6a7e6d2,d0c5fe8aa206a004f57afd6152c73fb9cb4f1f370023a0a0beb1ba1c699994d8
B2_1278,371,callpush,Resteal,EP,9BB,CO,,3x_Open,3bfd79968ecb,371__spot-Resteal__position-EP__stack-9BB__opponent-CO__bet-3x_Open__callpush-3bfd79968ecb.jpg,charts/1278.webp,434,600,48924,21122,772cb6f918e71562a72df1d3763133a9f6c240d103b940002ff1ec309d93b437,5ca675cf0065917e996e2844ed936fc4a0120fdc1e8cb2701a94e90ea28f552f
B2_1279,484,callpush,Resteal,MP,32BB,LJ,,3x_Open,f1f30821dc4e,484__spot-Resteal__position-MP__stack-32BB__opponent-LJ__bet-3x_Open__callpush-f1f30821dc4e.jpg,charts/1279.webp,434,600,29758,11610,511d237238c06c90bb4c3649c33942428196d6660c2d562e2d02ca591c0b64c8,851527318f41ae6e8c3a08925c4a73a4b0d9ec30bd936090650bb9de16463e79
B2_1280,059,callpush,Open_Push,BB,20.5BB,vs_SB,,,7c1ddae74ed5,059__spot-Open_Push__position-BB__stack-20.5BB__opponent-vs_SB__callpush-7c1ddae74ed5.jpg,charts/1280.webp,434,600,37307,15992,34ffcb4a9f2246233b67fd4907106b85c92f34a05453246fdd639b1ae3576acd,42ac9b26729deb6a75165d5be9e7d78004755d5c8f70ad1e45b45b61e40dbc50
B2_1281,543,callpush,vs_4Bet_Push,BB,40-50BB,vs_MP,,,7ef7d57b0a26,543__spot-vs_4Bet_Push__position-BB__stack-40-50BB__opponent-vs_MP__callpush-7ef7d57b0a26.jpg,charts/1281.webp,434,600,30481,12322,719a66eb67a57c1c131ce79f5c93ae9d5450020bb871c48e1eefcd3cb16a78ca,70be72ac380eeb9beab8fb80e3cd839ff43e317daae0db0ec0c2d9451439ba3d
B2_1282,100,callpush,Open_Push,BB,29.5BB,vs_EP,,,89cf4fc713c8,100__spot-Open_Push__position-BB__stack-29.5BB__opponent-vs_EP__callpush-89cf4fc713c8.jpg,charts/1282.webp,434,600,30370,12198,072fe8c14670d709374f7b08b0790bef4f349d2564feb5902f9d25c05b409f99,5ba4cbb3a6b16387b2dd56c8cc85d2cc5a0df17eb14b6ce67a763860917b82ab
B2_1283,414,callpush,Resteal,MP,15BB,SB,,2x_Open,0a1978b5e003,414__spot-Resteal__position-MP__stack-15BB__opponent-SB__bet-2x_Open__callpush-0a1978b5e003.jpg,charts/1283.webp,434,600,32429,12960,6137283b15cb96b0148ef3bacf1e667f0abe607e244fdd29fe1c0dbd3ea07e43,e48961f63fc4cf5e5e56c1e5e19101886ded58a74bc4b58aa4ffdda2d10366e3
B2_1284,319,callpush,Resteal,EP,24BB,BB,,2x_Open,7502e5443060,319__spot-Resteal__position-EP__stack-24BB__opponent-BB__bet-2x_Open__callpush-7502e5443060.jpg,charts/1284.webp,434,600,29758,11966,544aee0f97edb574c21af7067ff47b2b94c8781c9983ae1f5c6dee1e3e697ed3,d76b142ca9272d87352884f4db2debfc4987ce2c7d312ec06144eafebf00a9c3
B2_1285,292,callpush,Resteal,EP,17BB,SB,,2x_Open,46ab1356701a,292__spot-Resteal__position-EP__stack-17BB__opponent-SB__bet-2x_Open__callpush-46ab1356701a.jpg,charts/1285.webp,434,600,30992,12532,c7c2bc9a442bf74632372703a889c74323ba6d9f211d63753d9278b0f0a1314b,76ebd02698f04434e69bf8240dd13de56109916bba7710895915942a1acaf2cb
B2_1286,538,callpush,vs_4Bet_Push,BB,30-40BB,vs_MP,,,1858fdce17be,538__spot-vs_4Bet_Push__position-BB__stack-30-40BB__opponent-vs_MP__callpush-1858fdce17be.jpg,charts/1286.webp,434,600,31243,12636,c1b21a3b279188b8913129b3ecd785b14b871115d3527219a3ac3b21b427b671,1d3aa535ca7fbb29db87fb0127fd51934d4792f4574e4e1a3814f3977b26b5eb
B2_1287,481,callpush,Resteal,MP,32BB,HJ,,2x_Open,f514b62608d8,481__spot-Resteal__position-MP__stack-32BB__opponent-HJ__bet-2x_Open__callpush-f514b62608d8.jpg,charts/1287.webp,434,600,30300,12174,7c42bc284f805ea63754b480a140077ab960c16e0e1429afe8bf05cbb2320cd0,33369443ff2cc1b49527960d0bc4ab729addaa7889e835c9bc5d0d611b60b5c5
B2_1288,071,callpush,Open_Push,BB,23.5BB,vs_MP,,,e7fd7d4f801c,071__spot-Open_Push__position-BB__stack-23.5BB__opponent-vs_MP__callpush-e7fd7d4f801c.jpg,charts/1288.webp,434,600,31243,12672,95a0329fc28663ece41298e4f526e442f9df9f044faa31748dbb7dafd32b065c,94e4b57dee84266a141e2486aae40cef618cf45101311b5f91488e38fbe40b15
B2_1289,094,callpush,Open_Push,BB,28.5BB,vs_CO,,,0199476e3ff3,094__spot-Open_Push__position-BB__stack-28.5BB__opponent-vs_CO__callpush-0199476e3ff3.jpg,charts/1289.webp,434,600,32723,13620,59df90e49865e89a3cd452dbc03197607e984269410b5c6663b6432d2da0ba1b,63afb95d2621a0a9fdda0a9f4c1031afb9ce123c5a37f1a7b44543ade763ed1a
B2_1290,046,callpush,Open_Push,BB,19.5BB,vs_CO,,,3ac143659a23,046__spot-Open_Push__position-BB__stack-19.5BB__opponent-vs_CO__callpush-3ac143659a23.jpg,charts/1290.webp,434,600,33778,14186,4258cbe9ca5c65ff5fb3acb333d0132e31b598f334c935acaeb779d4e46f1b2d,5ab8a5d79959d5bfd9539f89b70b5a98eaa590abe886c416acf61825633a98c4
B2_1291,566,callpush,vs_4Bet_Push,BTN,50-75BB,vs_MP,,,9c5e7017fad4,566__spot-vs_4Bet_Push__position-BTN__stack-50-75BB__opponent-vs_MP__callpush-9c5e7017fad4.jpg,charts/1291.webp,434,600,29948,12086,2b3e920683ed5ea7648cb7515f75a5e0365a91c18795cf69b9d34ef48a0d890d,0515e6f3665c30ce3a586dd9a0f619f63721ae4005bf05fd9bf165c21554bb8d
B2_1292,375,callpush,Resteal,EP,9BB,LJ,,3x_Open,2505b0747a59,375__spot-Resteal__position-EP__stack-9BB__opponent-LJ__bet-3x_Open__callpush-2505b0747a59.jpg,charts/1292.webp,434,600,48607,21140,9bec8cdbb11c83954722b334ab73044997a6ff77015f9d33229b7971da5ff6a0,5896f8994df3eed2f8d1ca4edae7a6b0e7ffce0e280fbe951612098ed160a1e6
B2_1293,268,callpush,Resteal,EP,15BB,BTN,,2x_Open,b5edabf024cc,268__spot-Resteal__position-EP__stack-15BB__opponent-BTN__bet-2x_Open__callpush-b5edabf024cc.jpg,charts/1293.webp,434,600,31398,12666,f9f8ec45d66f1e8658a90ee8ed25953e97b718c16200fb6a1fb040a98ee21427,6b1759667ce01344ebcfcd6bb570aa227781ffeb045d4b20b94b475ed7442e1c
B2_1294,541,callpush,vs_4Bet_Push,BB,40-50BB,vs_CO,,,f72f2950c010,541__spot-vs_4Bet_Push__position-BB__stack-40-50BB__opponent-vs_CO__callpush-f72f2950c010.jpg,charts/1294.webp,434,600,31052,12520,f12c814d5882e3991d938c3375af14e8fb47b46b61e43e13b567d8230dc10651,48e258565f98f6b42d3f4b666b14da8b4112043a51d6604f3d97c4b5ee2bb742
B2_1295,215,callpush,Resteal,CO,24BB,BTN,,3x_Open,0be65c878659,215__spot-Resteal__position-CO__stack-24BB__opponent-BTN__bet-3x_Open__callpush-0be65c878659.jpg,charts/1295.webp,434,600,32162,12952,773993a4881d13b97d599a8288c9499a009cc3e2599b1954ebe3c94be40c2ccf,1625464830c8948b092dc2cd6337b8fd9c78d9eba7803515008a6add11b66706
B2_1296,140,callpush,Resteal,BTN,13BB,BTN,,2x_Open,67b82b3af378,140__spot-Resteal__position-BTN__stack-13BB__opponent-BTN__bet-2x_Open__callpush-67b82b3af378.jpg,charts/1296.webp,434,600,38435,16406,9bca8ebe5e95d8930c903197163e624119d17514610e49c33dc055e6a64e7248,5f4422b8de26ddf1d638316f2693da19a373273b7adfbc210c0a88a775fee9ac
B2_1297,333,callpush,Resteal,EP,28BB,BB,,2x_Open,e0b643e5e5b2,333__spot-Resteal__position-EP__stack-28BB__opponent-BB__bet-2x_Open__callpush-e0b643e5e5b2.jpg,charts/1297.webp,434,600,29744,11878,d14dffd853977b5e7abe06ebb547e80a8a2498d39b53ea924bb4603726f56b6b,28ba182f180f080ef55d5b6c09ca561fa840ad59e3b5003e57523eceb49741ce
B2_1298,578,callpush,vs_4Bet_Push,CO,50-75BB,vs_MP,,,2f42cbf2df76,578__spot-vs_4Bet_Push__position-CO__stack-50-75BB__opponent-vs_MP__callpush-2f42cbf2df76.jpg,charts/1298.webp,434,600,29437,11424,d2e251da4ee7ef19f687fef3bb0047930e29c699f74013d081bb2224ad0a7cf0,ffc716e15e0a52caa2747bf83e07601347de259a5e5b06c4bf0064c3c61e22d8
B2_1299,591,callpush,vs_4Bet_Push,HJ-LJ,30-40BB,vs_MP,,,7ff707eb1098,591__spot-vs_4Bet_Push__position-HJ-LJ__stack-30-40BB__opponent-vs_MP__callpush-7ff707eb1098.jpg,charts/1299.webp,434,600,30083,11682,79f3afa41c64be11fa2d828611562175bcb9f97b0246336e9c6a963f20c75c35,335dac6ea8b1d7085e588a36428e55349251676d76cb8f231cf38946816b9336
B2_1300,425,callpush,Resteal,MP,17BB,LJ,,3x_Open,47334f930288,425__spot-Resteal__position-MP__stack-17BB__opponent-LJ__bet-3x_Open__callpush-47334f930288.jpg,charts/1300.webp,434,600,30872,12574,2a2e30a986ffefd1714b6112910335d71e13f96cfb570656ca591da0b5fe7c0b,932cbf70df32d3ab90bf762b67113950efac1e7c9f219f69a453260f9beff5a3
B2_1301,442,callpush,Resteal,MP,21BB,BTN,,2x_Open,b47c4949dec8,442__spot-Resteal__position-MP__stack-21BB__opponent-BTN__bet-2x_Open__callpush-b47c4949dec8.jpg,charts/1301.webp,434,600,31231,12642,4d768f6b40110f6151d8958f4340b7d8d34ec7c13aea14920020828f2ab1fcef,68c215bda96e20234160be08e63d19c6b9eb6ddf0b9d373cc574405ae3df25fd
B2_1302,347,callpush,Resteal,EP,32BB,BB,,2x_Open,e7d9d28b9ce9,347__spot-Resteal__position-EP__stack-32BB__opponent-BB__bet-2x_Open__callpush-e7d9d28b9ce9.jpg,charts/1302.webp,434,600,29590,11560,e9fd6d0e114bf95f7f33a83cb1d6438696add3a6bff68bba806f2b76483b65c3,77f9f0f7525906e8fb6670d70c888f1b7cd3a9e1b524c5463e2ec92b9b5d40ae
B2_1303,318,callpush,Resteal,EP,21BB,SB,,3x_Open,96c79d436e09,318__spot-Resteal__position-EP__stack-21BB__opponent-SB__bet-3x_Open__callpush-96c79d436e09.jpg,charts/1303.webp,434,600,30119,12140,ddf88a5bf9b86dc455b017e6bf5c3986eadd94b5ae191415c190ec89d30a1dd8,34f6c36670dcb1c6d85197f7b0749b80e2d356c8f0e1bc662717b38b5b8fbd13
B2_1304,274,callpush,Resteal,EP,15BB,LJ,,2x_Open,404a06410647,274__spot-Resteal__position-EP__stack-15BB__opponent-LJ__bet-2x_Open__callpush-404a06410647.jpg,charts/1304.webp,434,600,31111,12600,cf5dc8d8beb86af3191395365386ed21689013ca51ef4fd43575cb5b61fff0b7,22fd14cca7bf64610c6c423dbfdc339c2c66bb618669be3ff2755353567f223c
B2_1305,584,callpush,vs_4Bet_Push,HJ-LJ,14-18BB,vs_EP,,,7f085cee21bc,584__spot-vs_4Bet_Push__position-HJ-LJ__stack-14-18BB__opponent-vs_EP__callpush-7f085cee21bc.jpg,charts/1305.webp,434,600,32254,12984,b6d61cbe6bb447d7587d6e406fff92cf4ef2fadd87deb513fd202e223466d76e,cbfa14bf7d7797d86c8581f69a366126fc96b4a3ab152957eb0198ffb15cc024
B2_1306,188,callpush,Resteal,CO,13BB,SB,,3x_Open,2c8f3e633725,188__spot-Resteal__position-CO__stack-13BB__opponent-SB__bet-3x_Open__callpush-2c8f3e633725.jpg,charts/1306.webp,434,600,38370,16130,a309454acb2cf411af587872ee9a19ab38985b1cb399a8b459778028e0c5994d,8f4fe3afaaf0adfc8510a97ae49fe86699767e221f066863690c276a199052f6
B2_1307,287,callpush,Resteal,EP,17BB,HJ,,3x_Open,7641c88c2b1a,287__spot-Resteal__position-EP__stack-17BB__opponent-HJ__bet-3x_Open__callpush-7641c88c2b1a.jpg,charts/1307.webp,434,600,31039,12512,0486fadf71ff0a8b9aa394cb6317ea00a3f631ca7bf1cc2750eb3cee7ea54260,6bcc6a8f90dd7093d9a82806cdfc5fc7f972b53d091423e5a0ec77b95dec87b8
B2_1308,031,callpush,Open_Push,BB,16.5BB,vs_CO,,,b6ad471b79d2,031__spot-Open_Push__position-BB__stack-16.5BB__opponent-vs_CO__callpush-b6ad471b79d2.jpg,charts/1308.webp,434,600,34290,14356,82e64cdefb3063160a379f44ecac5ae0bb2059f22de4b549e185e15190afe268,14b8f4cdc689177cfc9b5fbc7420033261f26d8ad363ca2f8ff4467788ea5c8c
B2_1309,150,callpush,Resteal,BTN,17BB,SB,,2x_Open,55995b47cf87,150__spot-Resteal__position-BTN__stack-17BB__opponent-SB__bet-2x_Open__callpush-55995b47cf87.jpg,charts/1309.webp,434,600,36103,15142,29feaf4860cbfdab9ce091f963d1544d4bbca1459267e9939c651c23fa005627,60ec8870e3424435ccdbe82d9adf9d3cbc5f2203a9dd7349c664d9874ba21486
B2_1310,007,callpush,Open_Push,BB,11.5BB,vs_CO,,,31b98383fd70,007__spot-Open_Push__position-BB__stack-11.5BB__opponent-vs_CO__callpush-31b98383fd70.jpg,charts/1310.webp,434,600,36877,15416,48424f6f3d33b250d69a3ae298efdfd3d371284354b63b8affa202b92efd2365,81a9d8228541697475c3b5e6402f7f35d5bcb71e30a8959e1bdbda1f9f4176c4
B2_1311,202,callpush,Resteal,CO,19BB,BTN,,2x_Open,35810a3b0be3,202__spot-Resteal__position-CO__stack-19BB__opponent-BTN__bet-2x_Open__callpush-35810a3b0be3.jpg,charts/1311.webp,434,600,33265,13802,b3c238fa7096a59b0095f98f23b7dc2b44f2b89ceba0d1f7bf499cf143941d14,3bb6d9c1dd2b1d49af85d7e7ffaceaa16208bb1f249c7f767ba4bd8e6b11aafe
B2_1312,313,callpush,Resteal,EP,21BB,HJ,,2x_Open,3778392a04f1,313__spot-Resteal__position-EP__stack-21BB__opponent-HJ__bet-2x_Open__callpush-3778392a04f1.jpg,charts/1312.webp,434,600,30320,12266,7dab33729e5d7951e1e67943300667a6765876d7983da98563a2fc76aceadabd,18b31d4af9855bf47a5ac640d4d3177a4f8805d4734f33152261b39059d432ba
B2_1313,353,callpush,Resteal,EP,32BB,HJ,,2x_Open,e01bbcbecbf8,353__spot-Resteal__position-EP__stack-32BB__opponent-HJ__bet-2x_Open__callpush-e01bbcbecbf8.jpg,charts/1313.webp,434,600,30047,12148,ff7f5639a4cb932d875172423f44cc0a6101da3c981c3507cb0a58b597d2ad73,a07450a03853424c1156b08b5223e011d9757fef8de03fea85792a44688f5dc5
B2_1314,502,callpush,Resteal,MP,9BB,SB,,3x_Open,23c5d3d83bb5,502__spot-Resteal__position-MP__stack-9BB__opponent-SB__bet-3x_Open__callpush-23c5d3d83bb5.jpg,charts/1314.webp,434,600,48684,20976,b1862cabe243fa8bf18bd9374cae9bc59f42fc8600a451dea90036a49a5b7c8d,a0cc11bb9d9ea27a4873f88f20d0ddb86c2df931cb0528bb162f1735ee45e459
B2_1315,185,callpush,Resteal,CO,13BB,BTN,,2x_Open,ec47c6850873,185__spot-Resteal__position-CO__stack-13BB__opponent-BTN__bet-2x_Open__callpush-ec47c6850873.jpg,charts/1315.webp,434,600,36938,15370,232b5df0eb5c4a3264a7ab16125e56e1e9ec846ae98ee5749e23c02620ac7634,3174bc0c173198687154cef020f799cfb8568f9a8509967ae28be963be8715f5
B2_1316,461,callpush,Resteal,MP,24BB,LJ,,3x_Open,c60f2db87410,461__spot-Resteal__position-MP__stack-24BB__opponent-LJ__bet-3x_Open__callpush-c60f2db87410.jpg,charts/1316.webp,434,600,29865,12042,7d494344684e4f59f9b302c493c5f3aa2eb7361c8517df4d854782e0d5a14d08,17aa9564b8d7ad72d4a260ea6e99de4bf117dcce078e00556866c6f7834c303f
B2_1317,278,callpush,Resteal,EP,15BB,SB,,2x_Open,7f65519923b0,278__spot-Resteal__position-EP__stack-15BB__opponent-SB__bet-2x_Open__callpush-7f65519923b0.jpg,charts/1317.webp,434,600,31377,12738,251051b03fcfd2f01d2e0c3f57eca61f782b9ea66f4796693b2df56150073f15,353ba9555206a9dd273ab0d7f0c610e13e6243d20a043f5616a4df984af470d0
B2_1318,545,callpush,vs_4Bet_Push,BB,50-75BB,vs_BTN,,,98de6d1e05aa,545__spot-vs_4Bet_Push__position-BB__stack-50-75BB__opponent-vs_BTN__callpush-98de6d1e05aa.jpg,charts/1318.webp,434,600,31145,12530,76cd1202765f025574c86855ac93283686a25b0dbe9554de88d2f8995505c3ff,0aad157a0ffae97822f6f544658622745e1bfe4d95b488bd3690367714aacc05
B2_1319,429,callpush,Resteal,MP,19BB,BB,,3x_Open,4d2dce15e778,429__spot-Resteal__position-MP__stack-19BB__opponent-BB__bet-3x_Open__callpush-4d2dce15e778.jpg,charts/1319.webp,434,600,31120,12622,312258968c5d8be8d5eda65b6260b525af9f3c7e6fce59f8ac6506aa5cf50598,8c187ebbb21f6273bb1a23371e1bf5138abac525942a82d7120884766ccbe31e
B2_1320,022,callpush,Open_Push,BB,14.5BB,vs_CO,,,6c810d629bbd,022__spot-Open_Push__position-BB__stack-14.5BB__opponent-vs_CO__callpush-6c810d629bbd.jpg,charts/1320.webp,434,600,34975,14556,0e2373575d74bb632a7afc34551b6c2fdc0ae57e51d7347f6a4ea1515f42f1cf,e669cd0badb5ff3df0b0f83c7d1ab55c417ad5236a275dbc11f8c3ff0a8a7fc1
B2_1321,361,callpush,Resteal,EP,7BB,BB,,2x_Open,578b07597dc8,361__spot-Resteal__position-EP__stack-7BB__opponent-BB__bet-2x_Open__callpush-578b07597dc8.jpg,charts/1321.webp,434,600,48397,21038,eaf0b5a32624a980c09ac16956a45587339c6f32eccb297ff77ca90470944085,f7cce656be16877fc16a4c6e10706dbdf3633ba8141ab8fa4e0cebc9cfe65236
B2_1322,089,callpush,Open_Push,BB,27.5BB,vs_CO,,,c254775a61cf,089__spot-Open_Push__position-BB__stack-27.5BB__opponent-vs_CO__callpush-c254775a61cf.jpg,charts/1322.webp,434,600,32784,13624,f47109fa37efef6df7a9ff24593281107adb2eb724922450682bfabc364570b5,9d415617a955aabe1d53fd7c8f9efb2edef12ffb25fda678c55d017e4e94701a
B2_1323,535,callpush,vs_4Bet_Push,BB,30-40BB,vs_BTN,,,16c946be6961,535__spot-vs_4Bet_Push__position-BB__stack-30-40BB__opponent-vs_BTN__callpush-16c946be6961.jpg,charts/1323.webp,434,600,34431,14204,f6ab5f8a39089ef08bb10b496dbc5eeacdef49c136ccbe344e084db4cad0cc83,ffcc4fac83a2a6fada547486fff159059b336d5dd0e61da800d5a6077417279c
B2_1324,183,callpush,Resteal,CO,13BB,BB,,2x_Open,3cd212dc0eda,183__spot-Resteal__position-CO__stack-13BB__opponent-BB__bet-2x_Open__callpush-3cd212dc0eda.jpg,charts/1324.webp,434,600,35378,14674,a86f341a3589ec485f3609b8f80771f8267b88bd164239bb02c19b0e1260fc19,20ad43d7c870a89cd38119c87365176380674c4821f68a51d44679dfec6c5e44
B2_1325,528,callpush,vs_4Bet_Push,BB,18-22BB,vs_MP,,,09e1a5dae36d,528__spot-vs_4Bet_Push__position-BB__stack-18-22BB__opponent-vs_MP__callpush-09e1a5dae36d.jpg,charts/1325.webp,434,600,33170,13776,84f55787d6e5740b7253b74f909976a9ab3502aed168d1d4e8f83e16e713b9de,09366b9e4bbc8e1e154e4279b6d0d940aee03d8cd53860fd90d79e3eb9b07fc5
B2_1326,025,callpush,Open_Push,BB,14.5BB,vs_SB,,,a1ad3672cc98,025__spot-Open_Push__position-BB__stack-14.5BB__opponent-vs_SB__callpush-a1ad3672cc98.jpg,charts/1326.webp,434,600,41022,17432,86ffc6a72c83d9bdfbca29360db646de0071c2d6384b0cb723f6a34c4ae74d30,02a7e9f1d4caccb00a66d8cba296f764dd96e101ca2a6fc1957fffc3f7a701ee
B2_1327,462,callpush,Resteal,MP,24BB,SB,,2x_Open,75403799b8b4,462__spot-Resteal__position-MP__stack-24BB__opponent-SB__bet-2x_Open__callpush-75403799b8b4.jpg,charts/1327.webp,434,600,31039,12580,c8259ec7f0b4cb8f172a51a013c03121054d34c56d4f6fe0bbd6cc96b909116e,07784e8ebc0b3bf455fa3e61a17b936cfcb05c6dc1a65ac558060d379ff617c8
B2_1328,288,callpush,Resteal,EP,17BB,LJ,,2x_Open,239b3fcc9ca0,288__spot-Resteal__position-EP__stack-17BB__opponent-LJ__bet-2x_Open__callpush-239b3fcc9ca0.jpg,charts/1328.webp,434,600,30766,12350,f5d459578e0b6e8666d0d980da2072d4aafea9222ddae89e93310171334ba252,c389e843fc5d01e86ad3b2efe3bb886210aaec9e786a7da96a18af88be7a563b
B2_1329,329,callpush,Resteal,EP,24BB,MP,,2x_Open,872e3c17eca0,329__spot-Resteal__position-EP__stack-24BB__opponent-MP__bet-2x_Open__callpush-872e3c17eca0.jpg,charts/1329.webp,434,600,29550,11506,d281f44968602f1d2d3a57c2326bd5da6a58baffc0f21c85ed954556a123f50c,7f9a6071eef408f916b6c7be5d3f00249a6ee7a518dd97c47e790932774abfad
B2_1330,324,callpush,Resteal,EP,24BB,CO,,3x_Open,677442b18a2d,324__spot-Resteal__position-EP__stack-24BB__opponent-CO__bet-3x_Open__callpush-677442b18a2d.jpg,charts/1330.webp,434,600,30179,12134,dad6b314a7ece96ab5d72a9376939f4053b50b2c13fb4b32ed06f0be05a9a57d,691acb63ca14a85d19eb7784a35bde036dc8df65fbbe54d6e00a3c1f9fbe81e8
B2_1331,393,callpush,Resteal,MP,13BB,BB,,3x_Open,30e462788ac2,393__spot-Resteal__position-MP__stack-13BB__opponent-BB__bet-3x_Open__callpush-30e462788ac2.jpg,charts/1331.webp,434,600,35070,14364,2eba27d537456dd9b8cac71c5354310a82538052278d54a4597055883c210e57,a9447d8e850eb93ca120ae18ffd69ab6071f4516733c8c113b46d70999d31ea8
B2_1332,195,callpush,Resteal,CO,17BB,BB,,2x_Open,885ee41c76e7,195__spot-Resteal__position-CO__stack-17BB__opponent-BB__bet-2x_Open__callpush-885ee41c76e7.jpg,charts/1332.webp,434,600,33871,14016,96b68a0230a3b104b17afbdfcbce27a969326bae93369232874b9f15b44f2720,e694d357a83b4fa54e69defda15e13d84fd9abed2a8a97afe302e66c8aac56cb
B2_1333,326,callpush,Resteal,EP,24BB,HJ,,3x_Open,5bced23a9eb8,326__spot-Resteal__position-EP__stack-24BB__opponent-HJ__bet-3x_Open__callpush-5bced23a9eb8.jpg,charts/1333.webp,434,600,29904,11734,efc2c590065572cc740800c0c407fc0db11b1e3ddb7624f087ff4d859185ed77,b26eda6f1b84cb2098f8dda3eb681f35a2c566b058de6fb7a48998a780976806
B2_1334,403,callpush,Resteal,MP,13BB,SB,,3x_Open,703bd214f5fd,403__spot-Resteal__position-MP__stack-13BB__opponent-SB__bet-3x_Open__callpush-703bd214f5fd.jpg,charts/1334.webp,434,600,35473,14496,d49be2bc9f8e682ac1639af0cfed54cf6c466385338c18c7bbec6ad76411bdd7,7f6f14d8ce12cdaed4792e529035a7dbd3c35f235cb5901cfbacce521de5e1ce
B2_1335,460,callpush,Resteal,MP,24BB,LJ,,2x_Open,95b7a11dfefe,460__spot-Resteal__position-MP__stack-24BB__opponent-LJ__bet-2x_Open__callpush-95b7a11dfefe.jpg,charts/1335.webp,434,600,30162,12240,1ba4cceacb83bbb1ea30e3b357cebec5e48dc36c83ae6862444691d1c3792cce,2d1cda01b23f94f595245ea44099974f1f123d8a820380672bd11b21eee7da3a
B2_1336,070,callpush,Open_Push,BB,23.5BB,vs_EP,,,099bf0542edd,070__spot-Open_Push__position-BB__stack-23.5BB__opponent-vs_EP__callpush-099bf0542edd.jpg,charts/1336.webp,434,600,30059,12154,e6fa9113fa3f61d9d361cbf2d4bdb3fa284f99faafa3d168c6b5114ce723f55f,d659824c8edb0cea51257e1ed17bb7e3927f15361928125047d10ecf11d05f55
B2_1337,467,callpush,Resteal,MP,28BB,CO,,2x_Open,9aad2975e4c6,467__spot-Resteal__position-MP__stack-28BB__opponent-CO__bet-2x_Open__callpush-9aad2975e4c6.jpg,charts/1337.webp,434,600,30738,12468,69c8d7beef9415ddb97de22b847fe946a5235e2143efb99ab54dff5e3ade3978,21fe160abf76fe1ddca5c17165120865aa1d0ee832ea80e8777e0bdf87f4cd0c
B2_1338,231,callpush,Resteal,CO,7BB,BTN,,2x_Open,2dabbb247625,231__spot-Resteal__position-CO__stack-7BB__opponent-BTN__bet-2x_Open__callpush-2dabbb247625.jpg,charts/1338.webp,434,600,54357,24708,82b9165acf08706b7b6cdf441e598be64e5a9daf33714efbddbe725dbddb0f86,250f164bee7e8ea3d39814acfad5538d6bca0f2a7e0b0c363096109f41796c2f
B2_1339,498,callpush,Resteal,MP,9BB,HJ,,3x_Open,d53631dfef76,498__spot-Resteal__position-MP__stack-9BB__opponent-HJ__bet-3x_Open__callpush-d53631dfef76.jpg,charts/1339.webp,434,600,48558,20992,8c3ef4d3f23118c6855edf7eb30895a9ae38f6b7107de92fdef5f02384709e3a,be08027761b31c58f5da148ba2c39b51a40698dbfedd5a13f6c7c32ff93ace02
B2_1340,211,callpush,Resteal,CO,21BB,SB,,3x_Open,f3a9f29c2669,211__spot-Resteal__position-CO__stack-21BB__opponent-SB__bet-3x_Open__callpush-f3a9f29c2669.jpg,charts/1340.webp,434,600,32497,13110,1fa59ee15a8b2cc917551239be728a1adb96e3951ecdbc834f08218fa796fd87,3a76fb5a678bb35a07b5e48f689da5cf969b815d9e21b8d190735d9e756dfb37
B2_1341,129,callpush,Open_Push,BB,8.5BB,vs_EP,,,3cef41013e33,129__spot-Open_Push__position-BB__stack-8.5BB__opponent-vs_EP__callpush-3cef41013e33.jpg,charts/1341.webp,434,600,35122,14548,21d8ad6beb462ddfa9394574498b02faf2cfba44e3bfa13990db6ef10b4dfcdb,8c9ee2f60a0bb9106035022dbd0e404573034d7b135a5a7ddf3ffe9cd64abbff
B2_1342,236,callpush,Resteal,CO,9BB,BTN,,3x_Open,ae41a66c5767,236__spot-Resteal__position-CO__stack-9BB__opponent-BTN__bet-3x_Open__callpush-ae41a66c5767.jpg,charts/1342.webp,434,600,52296,23482,c43da0dbb42545a055df5fb6f4262070929a1d9d85177939fa505d47a665fcd6,7e66e51a595f093f5b08ce7b7aea9d2614a0421fadf5663ed9b233be88bd8bd3
B2_1343,076,callpush,Open_Push,BB,24.5BB,vs_MP,,,90e177dcef57,076__spot-Open_Push__position-BB__stack-24.5BB__opponent-vs_MP__callpush-90e177dcef57.jpg,charts/1343.webp,434,600,31685,12826,67fee11acf99d5d0491e45b081dd29b8eee26b626fe575ed48a4d901f977a730,047c7d632f79983ec287e392e79b66c2fd27ebfbf7263c9726eef7150633699b
B2_1344,524,callpush,vs_4Bet_Push,BB,14-18BB,vs_EP,,,1e7144fd1111,524__spot-vs_4Bet_Push__position-BB__stack-14-18BB__opponent-vs_EP__callpush-1e7144fd1111.jpg,charts/1344.webp,434,600,38357,15942,c66e2339241da44f600e9ddee304652cb13efe762608aea00d16edc43ec976c9,8efe04951c90573afa4805fad2ad23d16e3da512f5f7140e485ca6c4ac25a517
B2_1345,300,callpush,Resteal,EP,19BB,HJ,,3x_Open,def896849982,300__spot-Resteal__position-EP__stack-19BB__opponent-HJ__bet-3x_Open__callpush-def896849982.jpg,charts/1345.webp,434,600,30785,12380,4936312457f87c33e705e7fc6a668d72912ce4944659559d4ce690e043d247c5,b1eed76ba82f92a3894f6681dd383ad4ac68c0df4bba06277185a26a3c2c7d5a
B2_1346,001,callpush,Open_Push,BB,10.5BB,vs_BTN,,,88eb32de9ec4,001__spot-Open_Push__position-BB__stack-10.5BB__opponent-vs_BTN__callpush-88eb32de9ec4.jpg,charts/1346.webp,434,600,39616,16878,24d9edf5038d5ee4069d8b3581cadd77b66cf75266ef3f36526e53a70a6a6491,f7e708a78e611cbfc4c65f495d739dbda885ce51d44269d5043b836ce0a34c4b
B2_1347,530,callpush,vs_4Bet_Push,BB,22-30BB,vs_BTN,,,8d892da40e69,530__spot-vs_4Bet_Push__position-BB__stack-22-30BB__opponent-vs_BTN__callpush-8d892da40e69.jpg,charts/1347.webp,434,600,37556,15478,f8bb108882bb9ac45c5714de28fdc14488c7a41ac69f94abb873722b3d5ff62a,f6eff9f9a2c5ce463ee5ff50d12c72bc08ad2c72e63a8e539308fc1555a1fae7
B2_1348,314,callpush,Resteal,EP,21BB,HJ,,3x_Open,ac40a3cd3558,314__spot-Resteal__position-EP__stack-21BB__opponent-HJ__bet-3x_Open__callpush-ac40a3cd3558.jpg,charts/1348.webp,434,600,30094,12184,1dedbc39f8cc4ecbe53719f38834b4b0847ab5050bd34721fb5449474033419e,5f8019188421aa89a8f84a30d6ea6e783dd1291aeed4c4b9bccae3658297dbaf
B2_1349,090,callpush,Open_Push,BB,27.5BB,vs_EP,,,de6f717f3d87,090__spot-Open_Push__position-BB__stack-27.5BB__opponent-vs_EP__callpush-de6f717f3d87.jpg,charts/1349.webp,434,600,30421,12262,52077edcc0349128b3acf1a386bc06ae1caf122c9957cfd35300696f8dbf6c8c,038287fe1fedd87686c60ccb09886003ce7375fb1c70cd11ec37e05aa54061b8
B2_1350,035,callpush,Open_Push,BB,17.5BB,vs_BTN,,,3c1f14abc0ea,035__spot-Open_Push__position-BB__stack-17.5BB__opponent-vs_BTN__callpush-3c1f14abc0ea.jpg,charts/1350.webp,434,600,36506,15134,d077af0b26cc11ac5372470d95dd89dd8e9838a82314d7949f97c7b919ad80b6,a38612b3a1fe90e2d27eef218207433cc4ee977a679227742aa55bbf3efb2ff6
B2_1351,152,callpush,Resteal,BTN,19BB,BTN,,2x_Open,5e13752916f2,152__spot-Resteal__position-BTN__stack-19BB__opponent-BTN__bet-2x_Open__callpush-5e13752916f2.jpg,charts/1351.webp,434,600,35722,14710,e2ca06c79d4a7d55c636d73eada54e05f36cb1228d1b9420a4c542080f6c2f71,38db3f7b84a21fab6f555a4ab0a66f57266de82468e067607418ff7a51b8eee5
B2_1352,496,callpush,Resteal,MP,9BB,CO,,3x_Open,45a26aae059d,496__spot-Resteal__position-MP__stack-9BB__opponent-CO__bet-3x_Open__callpush-45a26aae059d.jpg,charts/1352.webp,434,600,48642,21310,1bb4bde76f69a6508f0424aa167b884ae20642bca13529c4583696363a2e1a49,da63d6134bcc73f77ff9607378d6f17bb6a5f4f596e2db03aab435bbbbe4156f
B2_1353,454,callpush,Resteal,MP,24BB,BTN,,2x_Open,7612503a83ac,454__spot-Resteal__position-MP__stack-24BB__opponent-BTN__bet-2x_Open__callpush-7612503a83ac.jpg,charts/1353.webp,434,600,30845,12330,6837e58bc7cb036a5c4da46fa19d591772bd4261dd043db3c2680b2523de37c2,674d7af6c572c022b10485578bc0189a58fcb52a378496828ac333c41682c585
B2_1354,523,callpush,Resteal,SB,9BB,BB,,3x_Open,ce59036a237d,523__spot-Resteal__position-SB__stack-9BB__opponent-BB__bet-3x_Open__callpush-ce59036a237d.jpg,charts/1354.webp,434,600,53777,24662,b156069c6cc9b645b9d8bacab111068d1c3cef375d0642ab269c230261c1597a,4079032420843b5dac96b39576560061c3bcaf229dce84f2b5ece6269e2d557c
B2_1355,193,callpush,Resteal,CO,15BB,SB,,2x_Open,2a596ec4e44b,193__spot-Resteal__position-CO__stack-15BB__opponent-SB__bet-2x_Open__callpush-2a596ec4e44b.jpg,charts/1355.webp,434,600,35029,14494,1149a4e1ad3eb233c253545292b0adb83ec4a57fabb96b57a72479101ebeb26e,069a67c419ab3b521c1f63f89a38879872f266c71c5aabe966482c28f9d75dee
B2_1356,279,callpush,Resteal,EP,15BB,SB,,3x_Open,57e828324570,279__spot-Resteal__position-EP__stack-15BB__opponent-SB__bet-3x_Open__callpush-57e828324570.jpg,charts/1356.webp,434,600,31321,12656,784b8b5607b1be6b5af587f4108a81855626d4dc25336abec1beaa26a36981dd,bdbe12d7ca9726d4fe21391223c32b5fbcd4d8ca185604ab6943092b76ca8f97
B2_1357,563,callpush,vs_4Bet_Push,BTN,40-50BB,vs_EP,,,16d93179a80a,563__spot-vs_4Bet_Push__position-BTN__stack-40-50BB__opponent-vs_EP__callpush-16d93179a80a.jpg,charts/1357.webp,434,600,29514,11604,9873daff68448548a473e255b9d96f96660fd3b0e010c45162b3e4c45fe8a96a,4886056a3dfb0310a80fded20e188ac58b2df7d38040b4a73ccef962476a2495
B2_1358,248,callpush,Resteal,EP,11BB,MP,,2x_Open,1717c66ece39,248__spot-Resteal__position-EP__stack-11BB__opponent-MP__bet-2x_Open__callpush-1717c66ece39.jpg,charts/1358.webp,434,600,32767,13510,d258f2aa0bc38b098e4b3e51f8fcb5b6e9de720e3da0e450317ae5e76ddba9bf,84f1d5928fa76655a9bc7df72e758ba3098df09d0e2688e65cd1e54509471c4c
B2_1359,275,callpush,Resteal,EP,15BB,LJ,,3x_Open,c253534a38a0,275__spot-Resteal__position-EP__stack-15BB__opponent-LJ__bet-3x_Open__callpush-c253534a38a0.jpg,charts/1359.webp,434,600,31377,12804,ab300c4fea1d8f1a490efdcf25b1dd91cd0b045184225d7efa50032a38e0971e,d9ecbf35b5307f970a8514627e8d5c454d4bcc7eaa5f79bb9011c97eead6dbe5
B2_1360,600,callpush,vs_4Bet_Push,SB,22-30BB,vs_BTN,,,1bc8304a4ba4,600__spot-vs_4Bet_Push__position-SB__stack-22-30BB__opponent-vs_BTN__callpush-1bc8304a4ba4.jpg,charts/1360.webp,434,600,37229,15110,9c9b57f07ef997a557c7db4f1475913c371bb4fa700912df694459fdcaa08481,7141ec764c55b870b0f66599cc2ca71b7477c85c43f45522a6387d8e172942aa
B2_1361,310,callpush,Resteal,EP,21BB,BTN,,3x_Open,8b1474d93d87,310__spot-Resteal__position-EP__stack-21BB__opponent-BTN__bet-3x_Open__callpush-8b1474d93d87.jpg,charts/1361.webp,434,600,30273,12276,ed3d8e30bd2cbc811f23b99a8b158f7d62662820fdd0b4d3f65e3d7c4d61c931,5b1c000873ea8bf9aeb385a56b7b59172fac5587a280ac703f6fa849b7f47669
B2_1362,230,callpush,Resteal,CO,7BB,BB,,2x_Open,b0a79ad95ff0,230__spot-Resteal__position-CO__stack-7BB__opponent-BB__bet-2x_Open__callpush-b0a79ad95ff0.jpg,charts/1362.webp,434,600,51624,22980,88c7413621736ce28dca6ffc48a2354e32c81df79d244ee6e6c653adca438d0c,b82931bc8bf436111db493c83dc840e0b91e7d5e5ba9a1c301dd3dc7502e076d
B2_1363,486,callpush,Resteal,MP,32BB,SB,,3x_Open,ae8e8e4c61b7,486__spot-Resteal__position-MP__stack-32BB__opponent-SB__bet-3x_Open__callpush-ae8e8e4c61b7.jpg,charts/1363.webp,434,600,29996,12156,7baa8afbd1db1cf6af99a07d7f998a9e63868de442fdee8204cdfe49b23af3a2,33d639084f22c090d97e30509caa140d53395cc1dc08accf79ead8a317e2b0ad
B2_1364,366,callpush,Resteal,EP,7BB,MP,,2x_Open,a0b74f425f78,366__spot-Resteal__position-EP__stack-7BB__opponent-MP__bet-2x_Open__callpush-a0b74f425f78.jpg,charts/1364.webp,434,600,48683,20994,f54dbd8879aba538f56112b41b0eb441b0c899fd2a5c1dbcb7cb21af9bd64d23,bce88c9fbf259f88387aaa76703172a30db823b3dd43c4b53e902d78fd4a19b3
B2_1365,349,callpush,Resteal,EP,32BB,BTN,,2x_Open,55c994cf44c2,349__spot-Resteal__position-EP__stack-32BB__opponent-BTN__bet-2x_Open__callpush-55c994cf44c2.jpg,charts/1365.webp,434,600,30148,12102,03a6dcdf4656f65fa848de11086730bbcdc37ac5a478f103104f0b642f8383b2,be4acbb0893b046a78412b83213e9756060238c4aac03045c95e79f11892b003
B2_1366,401,callpush,Resteal,MP,13BB,LJ,,3x_Open,35214ec410a0,401__spot-Resteal__position-MP__stack-13BB__opponent-LJ__bet-3x_Open__callpush-35214ec410a0.jpg,charts/1366.webp,434,600,34855,14312,5b0c1f62b933edf461777229d21af640eff479a90a6ff275d92e2623dbd2fa9b,630e79546315841473aefe2bae976dc9dc968c58780c0cc951995c9861f23ab6
B2_1367,010,callpush,Open_Push,BB,11.5BB,vs_SB,,,d35b95e2237a,010__spot-Open_Push__position-BB__stack-11.5BB__opponent-vs_SB__callpush-d35b95e2237a.jpg,charts/1367.webp,434,600,43106,18530,5785d6c49d4fa40f574ce427d6109061b0d6e08fef2e4db7ac0fa729aac93b0f,38c25a29f78f9eea5c8830757d0ecbdd3985aa5249cc27806a9d442c9bbf9af7
B2_1368,358,callpush,Resteal,EP,32BB,MP,,3x_Open,a260debfa069,358__spot-Resteal__position-EP__stack-32BB__opponent-MP__bet-3x_Open__callpush-a260debfa069.jpg,charts/1368.webp,434,600,29917,11704,6516e69518df108f0d4c1ec8908ee1facf4d1742b780e1329cf9af13df8eb250,d6f1671ddde95e37f3cc69cb323652efaa0435755479552ad13de75d2b577df6
B2_1369,480,callpush,Resteal,MP,32BB,CO,,3x_Open,116f4499b29b,480__spot-Resteal__position-MP__stack-32BB__opponent-CO__bet-3x_Open__callpush-116f4499b29b.jpg,charts/1369.webp,434,600,29881,12050,cab732500ae966a83ded06bc9da35a0fae6e4ac45fad2c0e9b77ebf6999141b8,add0d59978bbe4df0287a43392840767b0eb34882ad68558906b1a55282a8127
B2_1370,149,callpush,Resteal,BTN,17BB,BTN,,3x_Open,c3fc8d52349d,149__spot-Resteal__position-BTN__stack-17BB__opponent-BTN__bet-3x_Open__callpush-c3fc8d52349d.jpg,charts/1370.webp,434,600,36051,14646,f2f558497b920e8c5777a6cbb25244a216eea493d4f6a9f8d1c1fa47d80a8f16,a33b1c3d88d914c900cce1ddae2f97c51523951cdbcc06c1dfe44347fd6d6b2c
B2_1371,327,callpush,Resteal,EP,24BB,LJ,,2x_Open,4ecca87742b0,327__spot-Resteal__position-EP__stack-24BB__opponent-LJ__bet-2x_Open__callpush-4ecca87742b0.jpg,charts/1371.webp,434,600,30183,12174,338b3247a792ba4da0671bd3e73c57d57ff9b56b63dcede32d1e543e4f1d4a0f,a89a116a922dc9376685841bf9ebfe46d2b015b890f68e936fcc4aa10d2b78f6
B2_1372,138,callpush,Resteal,BTN,11BB,SB,,2x_Open,1c61f843593f,138__spot-Resteal__position-BTN__stack-11BB__opponent-SB__bet-2x_Open__callpush-1c61f843593f.jpg,charts/1372.webp,434,600,39818,16878,09b4ccdf5d4c356be353801c1304b1d64b27977c4f2b8ab5aefce5eecf47f6a8,e49bc7776643994d856a84c4a38148014b33c6b5c97e8e917efd0d379bf88dc4
B2_1373,561,callpush,vs_4Bet_Push,BTN,30-40BB,vs_MP,,,12f1e79fa23c,561__spot-vs_4Bet_Push__position-BTN__stack-30-40BB__opponent-vs_MP__callpush-12f1e79fa23c.jpg,charts/1373.webp,434,600,31274,12574,f8f2148c54a299f7431016d92fa55a26aae2ef4375a5b50126ba8fb83f2a9ddc,9054612714b0161822ea21e27cb08d1c0b788be6238a51189094d2c202bf204f
B2_1374,332,callpush,Resteal,EP,24BB,SB,,3x_Open,042796e781d9,332__spot-Resteal__position-EP__stack-24BB__opponent-SB__bet-3x_Open__callpush-042796e781d9.jpg,charts/1374.webp,434,600,29968,12140,b45035d698994494fd0e2b041a7c051546ce904f5ee5795533d3beb59479a1b5,13af29ad5bd26699f2ea0e168692adc99b631b35522e821cf08abff8aa24c381
B2_1375,536,callpush,vs_4Bet_Push,BB,30-40BB,vs_CO,,,6812085ce40c,536__spot-vs_4Bet_Push__position-BB__stack-30-40BB__opponent-vs_CO__callpush-6812085ce40c.jpg,charts/1375.webp,434,600,32824,13842,94a0b64e0321680882cd2006f64ed262379d28c0ddbaa04409128eba474a927d,092f077771b6b6d9514e6a0ef088a23100a7c246673a07728c8633ce565c75bd
B2_1376,293,callpush,Resteal,EP,17BB,SB,,3x_Open,1d5dd3b0034f,293__spot-Resteal__position-EP__stack-17BB__opponent-SB__bet-3x_Open__callpush-1d5dd3b0034f.jpg,charts/1376.webp,434,600,30718,12476,5b67b3b9989dbd47332489953136c408c0e579fb7c865f40de8b8fc487c8df96,3d400fca33a380ed13ce76196744a4e41224029436aa5f2c6f04f6a57d96dab7
B2_1377,565,callpush,vs_4Bet_Push,BTN,50-75BB,vs_CO,,,3fd1a2584a90,565__spot-vs_4Bet_Push__position-BTN__stack-50-75BB__opponent-vs_CO__callpush-3fd1a2584a90.jpg,charts/1377.webp,434,600,30246,12336,364b281e725d097a72ee5f7220b85a3ac86ea78376ed45c77f2874d153efb98d,646ae1cd470e5c5ccffdf55823ef15e7bcf05f8253fcf26a87536ffd1998d300
B2_1378,615,callpush,vs_4Bet_Push,SB,50-75BB,vs_MP,,,9975a14f51f2,615__spot-vs_4Bet_Push__position-SB__stack-50-75BB__opponent-vs_MP__callpush-9975a14f51f2.jpg,charts/1378.webp,434,600,30049,12162,0e2e6ce0d9c5ed92653d5b2d98c4eb0efd28bcc6286baf64533bfabdc7ff4758,ce57686cb1056f031642d8d35ec414740f700f5aec3ad13db4fcb04f69b95c83
B2_1379,058,callpush,Open_Push,BB,20.5BB,vs_MP,,,679d5bf16511,058__spot-Open_Push__position-BB__stack-20.5BB__opponent-vs_MP__callpush-679d5bf16511.jpg,charts/1379.webp,434,600,31447,12746,dc0dfc9dae28056bfd9b37cc2d0ee07defd2a763d9b978394bf508708f91c015,a80503b91f0027f8bf746def9b7ad46a4fecba7625043362095c5e4ed3b3bd6d
B2_1380,432,callpush,Resteal,MP,19BB,CO,,2x_Open,301dad0d0995,432__spot-Resteal__position-MP__stack-19BB__opponent-CO__bet-2x_Open__callpush-301dad0d0995.jpg,charts/1380.webp,434,600,31502,12696,50c3f4089735fbc86312f339317446797bc7e8eb6b61dbd5a310420b5ba47387,2a725729c6145efc8cfcffb47148aa2fb7e08581e2e6fa819ac06f758c6d2529
B2_1381,338,callpush,Resteal,EP,28BB,CO,,3x_Open,055d1182529c,338__spot-Resteal__position-EP__stack-28BB__opponent-CO__bet-3x_Open__callpush-055d1182529c.jpg,charts/1381.webp,434,600,29502,11816,4ec648614956bd66396641631f3810362b95caf3fbb2caf3d2c6ad9aa25b2eea,b3396b18b1fa32688c2d6a4775323e2f825c09bab35b6b77e5060adf2737364c
B2_1382,501,callpush,Resteal,MP,9BB,SB,,2x_Open,32cacaa58cae,501__spot-Resteal__position-MP__stack-9BB__opponent-SB__bet-2x_Open__callpush-32cacaa58cae.jpg,charts/1382.webp,434,600,39762,16680,ca39fd9e07e7c6d34a8571a81f92067d5b397830cb327e3fedf0d1ef930f5af0,e7857bad51b08e14fba0303012e08e2f3761c3045d6e8877f401cbb5767814bb
B2_1383,586,callpush,vs_4Bet_Push,HJ-LJ,18-22BB,vs_EP,,,a88244669b21,586__spot-vs_4Bet_Push__position-HJ-LJ__stack-18-22BB__opponent-vs_EP__callpush-a88244669b21.jpg,charts/1383.webp,434,600,31056,12548,6383a5fd59ae1d89ea13e6585bc50d393426c7dd0fe649d4ebddf6a313e74ad5,45872285469782935f4e903148df919bddaffeeb165f02f72bdd28ef92a0faaa
B2_1384,054,callpush,Open_Push,BB,2.5BB,vs_SB,,,83432cabbc4d,054__spot-Open_Push__position-BB__stack-2.5BB__opponent-vs_SB__callpush-83432cabbc4d.jpg,charts/1384.webp,434,600,60164,26992,a2aad5e304f534d3af6e65e5b1989e2ef50ec38867a431c08e82a25bac65afa2,9a5ae24f6339bfdc806da28bb3da8b757410ad260a1a0bfaac56343f98b3378c
B2_1385,220,callpush,Resteal,CO,28BB,BTN,,2x_Open,a74280904a4c,220__spot-Resteal__position-CO__stack-28BB__opponent-BTN__bet-2x_Open__callpush-a74280904a4c.jpg,charts/1385.webp,434,600,32374,13030,189ff6a3b9477b05b974eb84b6f1010b10b0ae73bcc858ea0cf933396969f099,599f3611149b608986a33c0f7ac3b417212e422c2858fd06ddfc5ada32df4a2c
B2_1386,415,callpush,Resteal,MP,15BB,SB,,3x_Open,45ff540fde65,415__spot-Resteal__position-MP__stack-15BB__opponent-SB__bet-3x_Open__callpush-45ff540fde65.jpg,charts/1386.webp,434,600,32956,13764,84e04c70fec102b3583b8189ed3be3d4f110232ff28bb42fe48aea57397a1cd3,f7f13771a76d8a1445ff8376bf299220dd638d3dd606a91c33fa76b65198c1f6
B2_1387,170,callpush,Resteal,BTN,32BB,SB,,3x_Open,14ccc32ceb05,170__spot-Resteal__position-BTN__stack-32BB__opponent-SB__bet-3x_Open__callpush-14ccc32ceb05.jpg,charts/1387.webp,434,600,31700,12656,da910eb3321b40a8e0a722e5c1f70d8221eeef7a156509adff314be38a3dbd36,2a1dae12e08c67c782136f299542ab7c330fc36db2509aff50a73ae824374a8d
B2_1388,048,callpush,Open_Push,BB,19.5BB,vs_MP,,,1a73d57977e5,048__spot-Open_Push__position-BB__stack-19.5BB__opponent-vs_MP__callpush-1a73d57977e5.jpg,charts/1388.webp,434,600,31350,12692,9ad8d517ab02fa567846bcb45f87d168038700e6385969b541bfa914d213b959,6c1e85c75871a95c91f4b8c2c08297bcf6bddb5e467a5fffd540d657e96baa48
B2_1389,199,callpush,Resteal,CO,17BB,SB,,2x_Open,33ce9731995e,199__spot-Resteal__position-CO__stack-17BB__opponent-SB__bet-2x_Open__callpush-33ce9731995e.jpg,charts/1389.webp,434,600,34594,14372,549eb4309618aa3145317b8e18c4069afd228c78e6fe927afe519eb09cbdd440,6a7299434d1cec17905084fc66e5388b24bd5387dfe38bb2f929e8a8398d0de0
B2_1390,064,callpush,Open_Push,BB,21.5BB,vs_SB,,,08fcdfb7ebee,064__spot-Open_Push__position-BB__stack-21.5BB__opponent-vs_SB__callpush-08fcdfb7ebee.jpg,charts/1390.webp,434,600,36714,15080,1a44372003d1dc37c5ee4cd8fba3f58695ccbfe813166d80856b0a9004a776cf,699d86fd092ce9e5d2ce0614be8e919c7b8674ba12b040fae0df6b1d452de3cf
B2_1391,116,callpush,Open_Push,BB,5.5BB,vs_SB,,,4dc62a335245,116__spot-Open_Push__position-BB__stack-5.5BB__opponent-vs_SB__callpush-4dc62a335245.jpg,charts/1391.webp,434,600,50050,22002,9d93c76f8935b8ec7234216c432c9cb4a6fd5abcec7796f701015ff36fdf8ae6,3061676f1e932a35bf7c0ff0da8fb93d1bc6abe40488460ef92228cb8a2c2e9c
B2_1392,026,callpush,Open_Push,BB,15.5BB,vs_BTN,,,0eb6e0a0d35e,026__spot-Open_Push__position-BB__stack-15.5BB__opponent-vs_BTN__callpush-0eb6e0a0d35e.jpg,charts/1392.webp,434,600,37493,15760,3f5574ca4138a6d82c669782cf790d1c4b60658975653546242d72dee4719000,5e67c6392c97e663ed4650a442cd47a9ddce1246d5865ab8ac7d494768eac369
B2_1393,196,callpush,Resteal,CO,17BB,BB,,3x_Open,73db5a5e3980,196__spot-Resteal__position-CO__stack-17BB__opponent-BB__bet-3x_Open__callpush-73db5a5e3980.jpg,charts/1393.webp,434,600,33492,13974,9ec6f19f18e3b95d3395a08cc0b79289bfbd6b040f14203dbdf48c8306709ef5,583e6134f75651124a0b1bf077252e9f78a4f5bbf3aef1d73b8a4cd75225af26
B2_1394,506,callpush,Resteal,SB,13BB,BB,,3x_Open,64dc9c9c867f,506__spot-Resteal__position-SB__stack-13BB__opponent-BB__bet-3x_Open__callpush-64dc9c9c867f.jpg,charts/1394.webp,434,600,41888,17614,181a01bb90b587a4fa9b15d752c546c7716bd23f0093dc62ac5706d8960d3ef4,3f8bbff6ff61bd07297593a98457ff4032e5659dd93a3c26c2075a6ffd8dceee
B2_1395,417,callpush,Resteal,MP,17BB,BB,,3x_Open,3ad1aa6da58d,417__spot-Resteal__position-MP__stack-17BB__opponent-BB__bet-3x_Open__callpush-3ad1aa6da58d.jpg,charts/1395.webp,434,600,31565,12710,751a65ec22bb193b0bdd2dd925555ee5c6ce24f22a81ddbffd8a8273e3b49eaf,cc4911ce9608774e987aee82c1228d476ebe90aae94806235fdae0faacf3ca2f
B2_1396,531,callpush,vs_4Bet_Push,BB,22-30BB,vs_CO,,,f9608ea68716,531__spot-vs_4Bet_Push__position-BB__stack-22-30BB__opponent-vs_CO__callpush-f9608ea68716.jpg,charts/1396.webp,434,600,34901,14372,2c0dc5c36461ae60fda86392736c5a695e2def08cd617ddc5c8af82cd7d01543,5a38df1dbcbc19b3d2159ac87ee0b854e5b551cc75faf336ca90d5158a21c8fd
B2_1397,410,callpush,Resteal,MP,15BB,HJ,,2x_Open,e2708c3b73a1,410__spot-Resteal__position-MP__stack-15BB__opponent-HJ__bet-2x_Open__callpush-e2708c3b73a1.jpg,charts/1397.webp,434,600,31490,12734,58c9fcb9dbc63caf11a7b4d022b332b5205f7ec16e573d692766dbec367c89b2,7a91e2386752f8fb50a30b94c52864fd9949eb5410ec0a6534ba6bb8d100ab7d
B2_1398,192,callpush,Resteal,CO,15BB,BTN,,3x_Open,da25d09a5d41,192__spot-Resteal__position-CO__stack-15BB__opponent-BTN__bet-3x_Open__callpush-da25d09a5d41.jpg,charts/1398.webp,434,600,35425,14506,cad1d82817cc6744a1736b5104d2434680f6e98b3484333189b8da2705419740,023c1b900a95866820ab32a7eb33716f5af5f1c5f04e06f58b9ec54b033d2f8b
B2_1399,438,callpush,Resteal,MP,19BB,SB,,2x_Open,b247128b4786,438__spot-Resteal__position-MP__stack-19BB__opponent-SB__bet-2x_Open__callpush-b247128b4786.jpg,charts/1399.webp,434,600,31839,12858,efb99a67cfd9cd6ccef1ba37748dbb3d87e9132e10674538a419b8a4a0c45644,a8bf240a378a185cda97d8ac8d4e6a7039ebf95f4afaa6b38733e4ae62b7ab0e
B2_1400,304,callpush,Resteal,EP,19BB,MP,,3x_Open,f6ca6ddc7ae9,304__spot-Resteal__position-EP__stack-19BB__opponent-MP__bet-3x_Open__callpush-f6ca6ddc7ae9.jpg,charts/1400.webp,434,600,30092,12104,4f0ff2b6ebb9b28aac7d28c19f2e406b62d1926bc9835a56175ebb55e8564734,77e7bbb744dda9eb2701e0270ee7b934c4ae29aa82d39b6dca6e7d914ba94319
B2_1401,014,callpush,Open_Push,BB,12.5BB,vs_MP,,,0e1c2829c934,014__spot-Open_Push__position-BB__stack-12.5BB__opponent-vs_MP__callpush-0e1c2829c934.jpg,charts/1401.webp,434,600,33162,13862,e86e6e064c4026cb608eff445e120f3ec4660105f7af6ee177b6ea55cd3131ad,5f73d58bcd17460d2ab43ac8db169153be9b614e4e799e4136f82a752058dda1
B2_1402,104,callpush,Open_Push,BB,3.5BB,vs_CO,,,7efaa852f9ea,104__spot-Open_Push__position-BB__stack-3.5BB__opponent-vs_CO__callpush-7efaa852f9ea.jpg,charts/1402.webp,434,600,57157,25944,f92ccdd3d118d51ce9633d82eef743765d8728615d7bea4543aefa0d201a2b75,7f70546ea5f4ec330003d7426dc6ccb740cdd4cc143983f5e99f494ef8dee848
B2_1403,587,callpush,vs_4Bet_Push,HJ-LJ,18-22BB,vs_MP,,,0188b26c4200,587__spot-vs_4Bet_Push__position-HJ-LJ__stack-18-22BB__opponent-vs_MP__callpush-0188b26c4200.jpg,charts/1403.webp,434,600,31117,12550,c6645a7fe9de8cb1f8d01dc4b34f1d4e9a7752eb7d3fa74bfc732bc62a4bfea9,40d6759f48b01aa3e2c7f352f0b569a86e6245cee195288c76d58dcfe609020e
B2_1404,582,callpush,vs_4Bet_Push,EP-MP,30-40BB,vs_EP,,,e867d798e34c,582__spot-vs_4Bet_Push__position-EP-MP__stack-30-40BB__opponent-vs_EP__callpush-e867d798e34c.jpg,charts/1404.webp,434,600,29536,11472,7b78f86a58684043b4f016aeeae14a2f0d92f12b77e2df411aa133f5eab9aab0,cf74e881f8989fb3f1aa5e2185f9b0e61e856b75f746270470b21e4e0b1c0203
B2_1405,172,callpush,Resteal,BTN,7BB,SB,,2x_Open,28ed475266b9,172__spot-Resteal__position-BTN__stack-7BB__opponent-SB__bet-2x_Open__callpush-28ed475266b9.jpg,charts/1405.webp,434,600,51764,23074,87c7cc1410d20910ed85e4b23e81e3384828c59606e683fb205e095eb2f932e5,d1033bac443866543e658759336f2e0cfa4dbb804a7822309ae1f8f91421c38c
B2_1406,388,callpush,Resteal,MP,11BB,LJ,,2x_Open,d54f3e52c616,388__spot-Resteal__position-MP__stack-11BB__opponent-LJ__bet-2x_Open__callpush-d54f3e52c616.jpg,charts/1406.webp,434,600,34115,14288,2401a100e8bdebe4206f767b1c90b0e9d99eb04416aaebf114d5957f4676332b,87821c2f60f6e1d629bd4a9021e8b6ae28dd10f86a5f0dd3d9237a580ab72992
B2_1407,232,callpush,Resteal,CO,7BB,SB,,2x_Open,eb835b371e62,232__spot-Resteal__position-CO__stack-7BB__opponent-SB__bet-2x_Open__callpush-eb835b371e62.jpg,charts/1407.webp,434,600,52708,23406,113c570d669d21bc14286a6f9aa1aa462e1c73da4f29c86d759ebdd79046f8e5,f074ef3da77310b68a019e66c297bae0f71c5c1c2ed94f654a8530589cf85740
B2_1408,557,callpush,vs_4Bet_Push,BTN,22-30BB,vs_EP,,,90c7b7caa7f8,557__spot-vs_4Bet_Push__position-BTN__stack-22-30BB__opponent-vs_EP__callpush-90c7b7caa7f8.jpg,charts/1408.webp,434,600,30047,12070,07fe9bf3769fb69bffa171a5c20f471087c362ec213be51da8f2753247846397,b1f1fc37f734a91bff925e734ccf9c10fe916c00c1df50aac3b8612f59f54eb7
B2_1409,472,callpush,Resteal,MP,28BB,LJ,,3x_Open,34e6f04f0c7f,472__spot-Resteal__position-MP__stack-28BB__opponent-LJ__bet-3x_Open__callpush-34e6f04f0c7f.jpg,charts/1409.webp,434,600,29693,11524,a5cf12fb95f39a6a76f00f2bd2922af0c033e5f6785b520ebf941264a5affc49,5f4fdc663b474edcde8bee00a84a9f54cb4ff97cd44f851602d4373ef0a937a6
B2_1410,019,callpush,Open_Push,BB,13.5BB,vs_MP,,,5c8e10b12026,019__spot-Open_Push__position-BB__stack-13.5BB__opponent-vs_MP__callpush-5c8e10b12026.jpg,charts/1410.webp,434,600,33100,13800,f91bc033bb61af866e4eb2147840446ea44f0b32732958ecbc1445d592dfe69f,c14b9312831f8f386325e450f4983d4fdf07202cb51d50e6f2ae81b4faf2a915
B2_1411,281,callpush,Resteal,EP,17BB,BB,,3x_Open,a3409f772dbb,281__spot-Resteal__position-EP__stack-17BB__opponent-BB__bet-3x_Open__callpush-a3409f772dbb.jpg,charts/1411.webp,434,600,30745,12412,ceb61e3452a1c13819d3a943e2180cda3c0d2b14b81121f889bf067bf20392bb,da946d8fe67f042c437891c5ea2f519f2f75d8a3ec223cfe1227e4599dc7f5a5
B2_1412,603,callpush,vs_4Bet_Push,SB,22-30BB,vs_MP,,,a24228c44cb1,603__spot-vs_4Bet_Push__position-SB__stack-22-30BB__opponent-vs_MP__callpush-a24228c44cb1.jpg,charts/1412.webp,434,600,32084,12828,bd6d6b97faf305634f6a1c1150f1fb07a0ce2b7b9ee337fc84d626e3808d24b7,93a8ca13c9292d16d6e66b248ef448ab248b989c92dc4a6df53554af7cbd9cbd
B2_1413,307,callpush,Resteal,EP,21BB,BB,,2x_Open,2271a5a86be5,307__spot-Resteal__position-EP__stack-21BB__opponent-BB__bet-2x_Open__callpush-2271a5a86be5.jpg,charts/1413.webp,434,600,30028,12146,572a39d2a2fe2c166d037f6fd1888329a8992ac6a24ec6240fe4a0f569119914,4da1877f0dc41323e6ac29f5c0d072becbf7730e11c8767f646dfd0ff2db6ae5
B2_1414,456,callpush,Resteal,MP,24BB,CO,,2x_Open,23458743a5d9,456__spot-Resteal__position-MP__stack-24BB__opponent-CO__bet-2x_Open__callpush-23458743a5d9.jpg,charts/1414.webp,434,600,31110,12490,43d3d5614c21ac701c4a5cf107061f913c8438b0fa583960fbd7246f1275b87c,05de68e73920436627ee39519e6ac345dc3893539a3c01b86a517e1d2968ea0b
B2_1415,400,callpush,Resteal,MP,13BB,LJ,,2x_Open,7cb970e155e3,400__spot-Resteal__position-MP__stack-13BB__opponent-LJ__bet-2x_Open__callpush-7cb970e155e3.jpg,charts/1415.webp,434,600,31884,12898,b8f48876ec9e5fa6f9892539bdcdd9051546513bcc5cfa81e98ad4dc61e15957,09e5df2f257182b87c677e5d9d6df7245928e9f2c51194cb2ac93718706edb83
B2_1416,342,callpush,Resteal,EP,28BB,LJ,,3x_Open,844c85a6a38b,342__spot-Resteal__position-EP__stack-28BB__opponent-LJ__bet-3x_Open__callpush-844c85a6a38b.jpg,charts/1416.webp,434,600,29587,11554,5b45194bd85f7d5593da9c3eead2306c5733ff14b53299c2f3fe729e4063236d,316344fd3c3fb9ea623bc02900361e8071efa93cf86926f9cdc389584807ec67
B2_1417,146,callpush,Resteal,BTN,15BB,SB,,2x_Open,c50ff88999c1,146__spot-Resteal__position-BTN__stack-15BB__opponent-SB__bet-2x_Open__callpush-c50ff88999c1.jpg,charts/1417.webp,434,600,36719,15382,50d9842753e796e7d579285581df98c6a12387462090f8adecb67a0c092ca17c,066576c135cc3b9145726fa70b7503bac5036b0c425983ada5aad2cb29add9c5
B2_1418,252,callpush,Resteal,EP,13BB,BB,,2x_Open,0c564b5c0f93,252__spot-Resteal__position-EP__stack-13BB__opponent-BB__bet-2x_Open__callpush-0c564b5c0f93.jpg,charts/1418.webp,434,600,31374,12644,84966665304cb292a686054acc7b4897aa3e25bf6da62e54c070a535e8b24973,1d298a4bd4f0f9cad4de67a70badcb12d39a0b82d28baf713651e6faca723066
B2_1419,611,callpush,vs_4Bet_Push,SB,40-50BB,vs_MP,,,c6c7e4da6e5b,611__spot-vs_4Bet_Push__position-SB__stack-40-50BB__opponent-vs_MP__callpush-c6c7e4da6e5b.jpg,charts/1419.webp,434,600,30669,12500,e9566d2eabc69ebacfebfcd0b640120349ca39afdca2bb02562a65b18d6f51ab,24695e7616473f4b2dcb8a7c1f43b7018850ef1aa6287c9d4d53822c030742dd
B2_1420,258,callpush,Resteal,EP,13BB,HJ,,2x_Open,70eb65e22ac3,258__spot-Resteal__position-EP__stack-13BB__opponent-HJ__bet-2x_Open__callpush-70eb65e22ac3.jpg,charts/1420.webp,434,600,31683,12834,3727e029f348e02426a0768070f90f741e44e0c74c9632f58240d7919927714d,4f615b82480df24c859a62e37cfe6cd8b2c8753c1b493bdf51c3d135d2cf246a
B2_1421,108,callpush,Open_Push,BB,4.5BB,vs_CO,,,77516145fe28,108__spot-Open_Push__position-BB__stack-4.5BB__opponent-vs_CO__callpush-77516145fe28.jpg,charts/1421.webp,434,600,49263,21380,521c78b761e18842d8afbcac2171cc835ae822b764fde7d4fd408f5ddc2e0d6b,2ade66743fb43ff7f0f3d12ff0b131e3752a0a83850d107f2c8367fced14fe04
B2_1422,380,callpush,Resteal,MP,11BB,BB,,2x_Open,b1a0aed8bdeb,380__spot-Resteal__position-MP__stack-11BB__opponent-BB__bet-2x_Open__callpush-b1a0aed8bdeb.jpg,charts/1422.webp,434,600,34750,14312,e6fe15bf616814a9e6ede3a27a9faa199ae510e35114af586318e257b8e1bfbb,f9eb6eb921c685dbf3635ac0d39a52fd1c0a550af0c2bdb4aacba86c1c60fa34
B2_1423,157,callpush,Resteal,BTN,21BB,BTN,,2x_Open,1cddd5bbb05b,157__spot-Resteal__position-BTN__stack-21BB__opponent-BTN__bet-2x_Open__callpush-1cddd5bbb05b.jpg,charts/1423.webp,434,600,34655,14386,a60e9f0fa2854ebdef850ea64063a5eed49ad40a2cb2287db019f12f9489af27,6c37917b23e09eb4ba7d847f1af0c0e9654180a883101346b6ee671e6f784c9f
B2_1424,133,callpush,Open_Push,BB,9.5BB,vs_EP,,,20aac63777c3,133__spot-Open_Push__position-BB__stack-9.5BB__opponent-vs_EP__callpush-20aac63777c3.jpg,charts/1424.webp,434,600,33894,13924,cb88322a7f55aafe8e61d763febaf3da576e5754d4a73b5fc1bce231899c73a9,aa7837dfdbdec1e5ed2c698dabfc257aa72989d0351a8a541eea4436a7dacb6a
B2_1425,357,callpush,Resteal,EP,32BB,MP,,2x_Open,70b8079e405e,357__spot-Resteal__position-EP__stack-32BB__opponent-MP__bet-2x_Open__callpush-70b8079e405e.jpg,charts/1425.webp,434,600,29604,11536,8d2ce9059664d19b9c5f2fd0d58e015d84a7d24e43a0308ec0f2a6b27af34577,bd98e7323e57d273249afd7fa7baee5a9008f70dfb634862a3410a8a3d20d457
B2_1426,320,callpush,Resteal,EP,24BB,BB,,3x_Open,cb8cfb5fcd6d,320__spot-Resteal__position-EP__stack-24BB__opponent-BB__bet-3x_Open__callpush-cb8cfb5fcd6d.jpg,charts/1426.webp,434,600,29818,11970,b63427d25007eac031b0f43a6f16fed1f7f822e6ecae6d30d6f0a53ae391e807,7865c0862a5a28d29408c7ce2780cd2e58ea62ae58523b40b08339fc60fde45a
B2_1427,419,callpush,Resteal,MP,17BB,BTN,,3x_Open,084f5b82fd55,419__spot-Resteal__position-MP__stack-17BB__opponent-BTN__bet-3x_Open__callpush-084f5b82fd55.jpg,charts/1427.webp,434,600,31910,12902,8c74258cc69718b2487967a7de25ebd10ee09e48b88bad7f59d26eec6b46d572,8bce50b2b125769e1abed6009d40efab6ead93da9ae19308117cfaee7956864f
B2_1428,283,callpush,Resteal,EP,17BB,BTN,,3x_Open,fafe2c24e491,283__spot-Resteal__position-EP__stack-17BB__opponent-BTN__bet-3x_Open__callpush-fafe2c24e491.jpg,charts/1428.webp,434,600,31293,12554,813f835ceb7f4cbed051b0819bad76a51b8027c991b60b805aa54fbdea8fc6c9,3b58e30532246bcfaeac14cd17baba2562a843a9c48bc7afc7dd926d9e8e415f
B2_1429,402,callpush,Resteal,MP,13BB,SB,,2x_Open,a1bd5197cb84,402__spot-Resteal__position-MP__stack-13BB__opponent-SB__bet-2x_Open__callpush-a1bd5197cb84.jpg,charts/1429.webp,434,600,33228,13924,5439e6cde490e20ef61300ba322abac03b4d0edbdd4889f766894d057fcad623,4500bf402e20a9301b3ccaba227eeffb27efdd4971745de7a9b4097d84f4618f
B2_1430,488,callpush,Resteal,MP,7BB,BTN,,2x_Open,36fc0c40162a,488__spot-Resteal__position-MP__stack-7BB__opponent-BTN__bet-2x_Open__callpush-36fc0c40162a.jpg,charts/1430.webp,434,600,50291,22404,373830b8f0ec0bfb55c9f862b0d30ef7046b0044168151ae958abfbf752312f3,81bbf4fa4003cb096eef68f45f051f6bcebee5225dd011b9ec15cda97db820d0
B2_1431,286,callpush,Resteal,EP,17BB,HJ,,2x_Open,cd52723d0ee0,286__spot-Resteal__position-EP__stack-17BB__opponent-HJ__bet-2x_Open__callpush-cd52723d0ee0.jpg,charts/1431.webp,434,600,30741,12374,6e97ce7657a6148901f1914b725d8ae52062b48b904574bc5d80f110a694d448,c6f3b2e15867ea8f806bd13629932a9f7a0e1f5308d79992907b778aca2268ed
B2_1432,458,callpush,Resteal,MP,24BB,HJ,,2x_Open,515b69e90fd9,458__spot-Resteal__position-MP__stack-24BB__opponent-HJ__bet-2x_Open__callpush-515b69e90fd9.jpg,charts/1432.webp,434,600,30288,12252,cdf4b660397ba91a890464c576308da6567d7b8ba3ab84b10729ffa94f51b869,fff1f5f7aaf619e006a97afa49313b7d4f6c53cc2c67d2bd8615b6c0a73115dc
B2_1433,110,callpush,Open_Push,BB,4.5BB,vs_MP,,,cea7764ef64f,110__spot-Open_Push__position-BB__stack-4.5BB__opponent-vs_MP__callpush-cea7764ef64f.jpg,charts/1433.webp,434,600,48653,21008,b9c9ae35aa71e94e9be43f24682691e42ebfcd6b6b0af8c994f9a7bdc22c8252,040094cac80f74c49bbfb60a91437541064812084d2740d091c5d5e3fa74350f
B2_1434,223,callpush,Resteal,CO,28BB,SB,,3x_Open,c959998a37b5,223__spot-Resteal__position-CO__stack-28BB__opponent-SB__bet-3x_Open__callpush-c959998a37b5.jpg,charts/1434.webp,434,600,31276,12658,b9907de2b8d61ddfee6653fe6fb96aeaf381562d363e09e9a72c7b55c94ffd05,20d75412678631b32d9fffcb7812026dffc9cc06e049ef76571e95a4408b207b
B2_1435,463,callpush,Resteal,MP,24BB,SB,,3x_Open,625c8b2e461e,463__spot-Resteal__position-MP__stack-24BB__opponent-SB__bet-3x_Open__callpush-625c8b2e461e.jpg,charts/1435.webp,434,600,30773,12530,ff05bb3af152af97e701d7fc2fbb596f76d168e3a62972122c3ddb3a4024d281,c232c10edf98e658aced4f9ef75fc5fafa91480e23ed22642b4c117053c1bd5a
B2_1436,165,callpush,Resteal,BTN,28BB,SB,,2x_Open,9964b0adcc43,165__spot-Resteal__position-BTN__stack-28BB__opponent-SB__bet-2x_Open__callpush-9964b0adcc43.jpg,charts/1436.webp,434,600,32904,13794,b5890b01bc663678aaae8ca254d1bee970723f5259a3086c999e9403e16ead8a,592456a6d02b983fbcd620d88b97ad2dae9abd9f4b65e96c8ea122e82a1927c1
B2_1437,471,callpush,Resteal,MP,28BB,LJ,,2x_Open,188a7ed4d6ca,471__spot-Resteal__position-MP__stack-28BB__opponent-LJ__bet-2x_Open__callpush-188a7ed4d6ca.jpg,charts/1437.webp,434,600,29847,12046,4a62bc4856551f0c163d84246c97d16767fdfa33c672e1fb0d8c37ddc6f3a901,94616ecd3f1adc0857f30637fbc1a0f60ac09ceaaf493b32ed7fd8654d048958
B2_1438,301,callpush,Resteal,EP,19BB,LJ,,2x_Open,ffb372bb307d,301__spot-Resteal__position-EP__stack-19BB__opponent-LJ__bet-2x_Open__callpush-ffb372bb307d.jpg,charts/1438.webp,434,600,30262,12336,1e26eab4312fcfe3d2fd5038e7f13796f0ce22c70928d11601f59df4dbc5d10b,170f9ec271b237b42d9714a8e9c3dbecb5d691d1dd7496499fd57c1544a60c12
B2_1439,423,callpush,Resteal,MP,17BB,HJ,,3x_Open,7a6941dbee55,423__spot-Resteal__position-MP__stack-17BB__opponent-HJ__bet-3x_Open__callpush-7a6941dbee55.jpg,charts/1439.webp,434,600,31286,12604,526f6960049222760ee4749a1acd542439cfde64130b18622536075d90bd1355,9f28dcc11461bebe5cb67adcc611661f6834ed8a72b268a09cf8e75bd0267ef7
B2_1440,525,callpush,vs_4Bet_Push,BB,18-22BB,vs_BTN,,,e05788d036aa,525__spot-vs_4Bet_Push__position-BB__stack-18-22BB__opponent-vs_BTN__callpush-e05788d036aa.jpg,charts/1440.webp,434,600,38835,15904,406baccf12e688fe3820e59050bce3ca1d88964bb1ba36d6d4ffc068a06583bd,942c3e1cf99ecd563613a66f2d67f36be2f01ce9170180bc3d9820a049098eac
B2_1441,450,callpush,Resteal,MP,21BB,SB,,2x_Open,b4d87cdce609,450__spot-Resteal__position-MP__stack-21BB__opponent-SB__bet-2x_Open__callpush-b4d87cdce609.jpg,charts/1441.webp,434,600,31573,12734,2337b141f77852996ed3b088e5ee667c68307a1a0dd5b6fb869d4c94e3ebbcd2,6e153d5cc6f540fdb30c881a6e20346298ad51270feea84d3299a02f3c021ee9
B2_1442,374,callpush,Resteal,EP,9BB,LJ,,2x_Open,b2055641d8ca,374__spot-Resteal__position-EP__stack-9BB__opponent-LJ__bet-2x_Open__callpush-b2055641d8ca.jpg,charts/1442.webp,434,600,38323,15764,daeb82de865c40da2c2419a88be40fd27919e1e21eb4d0bb235674b6a8973045,713aad4c9364c5c8a31ca6137c3195e4df102f511bdde3a5e936a088f289d54a
B2_1443,072,callpush,Open_Push,BB,23.5BB,vs_SB,,,0e7519227812,072__spot-Open_Push__position-BB__stack-23.5BB__opponent-vs_SB__callpush-0e7519227812.jpg,charts/1443.webp,434,600,35892,14760,c86c4788eee8e940621753e5fb291f7cefe44434860e23582ba36eb1d7fa7ba8,cc214c92b8d9b25b82af20f5d722d08f5a83824ad6c7a628d278dbb2dcdafea4
B2_1444,479,callpush,Resteal,MP,32BB,CO,,2x_Open,22cdb7928451,479__spot-Resteal__position-MP__stack-32BB__opponent-CO__bet-2x_Open__callpush-22cdb7928451.jpg,charts/1444.webp,434,600,30489,12354,4232a6f5c1d53fa80422f4674fb14469051cad122f89957cd4bda3f517921e72,6290bad4054c07611e552acfc1f728c97cccf644e42ac0de11627fde135c3a55
B2_1445,009,callpush,Open_Push,BB,11.5BB,vs_MP,,,6c80ca18500e,009__spot-Open_Push__position-BB__stack-11.5BB__opponent-vs_MP__callpush-6c80ca18500e.jpg,charts/1445.webp,434,600,33454,13908,89c59d6b979453090b54270eba526b9e45cb44340416f2e160ee50806d0b1a56,e24d1175b64f87a3d1681d46bf10fec1688e0cda96a48b4bd7dec302d0799ca2
B2_1446,398,callpush,Resteal,MP,13BB,HJ,,2x_Open,04bed5ed0e40,398__spot-Resteal__position-MP__stack-13BB__opponent-HJ__bet-2x_Open__callpush-04bed5ed0e40.jpg,charts/1446.webp,434,600,32500,13104,c69434d449d8b32a5a03231e83af87dc924238d8526005e451dfcf1307b926f3,d8723dfc31c3e43e971659d5335a3b429ef097d3da57dbd1e512ec1c53d3ecd9
B2_1447,612,callpush,vs_4Bet_Push,SB,50-75BB,vs_BTN,,,009789affc23,612__spot-vs_4Bet_Push__position-SB__stack-50-75BB__opponent-vs_BTN__callpush-009789affc23.jpg,charts/1447.webp,434,600,31169,12524,d05718a5a20e655db5eeeb020ddb1cb7e1aba8e7858e560000cec015b7e43b87,acee92e6e509da49e7137c1ae42dc72761a6562f90276e3da5cc2ae1a1e25ded
B2_1448,558,callpush,vs_4Bet_Push,BTN,22-30BB,vs_MP,,,57c464011880,558__spot-vs_4Bet_Push__position-BTN__stack-22-30BB__opponent-vs_MP__callpush-57c464011880.jpg,charts/1448.webp,434,600,31287,12484,3244334dbd1e510412ca0e9fe845758977320ee5c192ec08b80726c21d880058,8a2ee587e462e0c0f11058066a4aa39ad5eca1e06e0b92b4da8f4ea05019b412
B2_1449,298,callpush,Resteal,EP,19BB,CO,,3x_Open,08667ca76104,298__spot-Resteal__position-EP__stack-19BB__opponent-CO__bet-3x_Open__callpush-08667ca76104.jpg,charts/1449.webp,434,600,30499,12264,d68ecdd61983c66d4176323a2733f53045f9064739045383499a423130100dae,cff46adea351239517bbe0405f8d3b085b6f3373079cbabf88db3be7114484bb
B2_1450,106,callpush,Open_Push,BB,3.5BB,vs_SB,,,73b497242bc3,106__spot-Open_Push__position-BB__stack-3.5BB__opponent-vs_SB__callpush-73b497242bc3.jpg,charts/1450.webp,434,600,58615,26928,6b7678cbb1aa55fbf8606e520c0f50301bfb3876b4fb7a86841c4dc1504747a0,893a2e67c39d1d3f4cff8ea1c85de0a3f27b5eeb3fe1e5d6c93b880f027d4b8f
B2_1451,598,callpush,vs_4Bet_Push,SB,18-22BB,vs_EP,,,980223eb0407,598__spot-vs_4Bet_Push__position-SB__stack-18-22BB__opponent-vs_EP__callpush-980223eb0407.jpg,charts/1451.webp,434,600,32906,13124,c07d805069db32d930513389af7ce2d7a00f8a9ad58186c9cc1847862fdf7703,df8d0e3bb0c331aa196b2988f5ec9482d8441242944d2c6824a5be6d554dfef0
B2_1452,047,callpush,Open_Push,BB,19.5BB,vs_EP,,,3ebdd3424529,047__spot-Open_Push__position-BB__stack-19.5BB__opponent-vs_EP__callpush-3ebdd3424529.jpg,charts/1452.webp,434,600,30856,12544,7cf2b288fddcd691b43fb494ed5025642b1b26c83768144534b5df5f03865b35,596b8a440fd656aa235e6ae944ff570bd97b5beeb06db0c54ac2f8459426a168
B2_1453,242,callpush,Resteal,EP,11BB,CO,,2x_Open,4a4bec1b5f24,242__spot-Resteal__position-EP__stack-11BB__opponent-CO__bet-2x_Open__callpush-4a4bec1b5f24.jpg,charts/1453.webp,434,600,33786,14062,351b005006b886b021971aa3b39f2edd16a3d2bdfb827b44d91053fe55245de7,263224d0b27a3ad3676ebacf0c37a5525b72ed5ff4c6e498a34ef7658f777e77
B2_1454,088,callpush,Open_Push,BB,27.5BB,vs_BTN,,,aa9e1e4b96d9,088__spot-Open_Push__position-BB__stack-27.5BB__opponent-vs_BTN__callpush-aa9e1e4b96d9.jpg,charts/1454.webp,434,600,34254,14282,152c548eec27a4eab67e4c3a27e8f8381ec7aa97fa1f87d890700e9e09dcb149,233e04e629d1d769bbca9059b44359876bef0ab11b55b4346b2d973d554b21aa
B2_1455,376,callpush,Resteal,EP,9BB,MP,,2x_Open,e6b6095e3841,376__spot-Resteal__position-EP__stack-9BB__opponent-MP__bet-2x_Open__callpush-e6b6095e3841.jpg,charts/1455.webp,434,600,38098,15982,f489a69ee05d17d9ffb903791fada1a8207754b9edbdf03f3e5dad6d433e2f4e,7e89e25cf8f60a01dd8bfbad9d8b180767be1bc7a25e13e84cbb075a2b54bfc2
B2_1456,560,callpush,vs_4Bet_Push,BTN,30-40BB,vs_EP,,,35bc317f05b3,560__spot-vs_4Bet_Push__position-BTN__stack-30-40BB__opponent-vs_EP__callpush-35bc317f05b3.jpg,charts/1456.webp,434,600,29525,11514,7093be0d2bb1cfaf6da7bd78833f3f77b0302728686e025711e0044b3d839433,68780de1405a7548074fbd158966dbee841352fc49a4ba74b99f060416f7c08f
B2_1457,346,callpush,Resteal,EP,28BB,SB,,3x_Open,6dd1969da000,346__spot-Resteal__position-EP__stack-28BB__opponent-SB__bet-3x_Open__callpush-6dd1969da000.jpg,charts/1457.webp,434,600,29609,11430,094a2ac101830736eb309d0b6dc41f0b3a4d706becef214e6f47804725edc296,ca29a8f3b37da10aa4dffc85d2ae8495e559cefcc7fcb3c14985eda845897a3b
B2_1458,303,callpush,Resteal,EP,19BB,MP,,2x_Open,e02934ad996d,303__spot-Resteal__position-EP__stack-19BB__opponent-MP__bet-2x_Open__callpush-e02934ad996d.jpg,charts/1458.webp,434,600,30341,12188,1f2637302f690477dc6f231f016f768b78a74e492fb77d7b6b82692af84609c4,1870ed72fe9d9ffd34ea669628f287f21a30c84ae3762adbb3ee79dcd5c7e677
B2_1459,265,callpush,Resteal,EP,13BB,SB,,3x_Open,76faddca3291,265__spot-Resteal__position-EP__stack-13BB__opponent-SB__bet-3x_Open__callpush-76faddca3291.jpg,charts/1459.webp,434,600,33973,14032,7f41f87014b215fc8306d99528e910f6a25c4a7eb67ef3f708a7b64bb4cfbcc2,68e2d10a6ebe4f31c07613e8d07fe3dc6da2b3c34a22578099feec5fc776c936
B2_1460,111,callpush,Open_Push,BB,4.5BB,vs_SB,,,2dde3eafdde6,111__spot-Open_Push__position-BB__stack-4.5BB__opponent-vs_SB__callpush-2dde3eafdde6.jpg,charts/1460.webp,434,600,53277,23638,5604aebd94f2791b16759f0d743dd0f74706319c12d64f16b1b24f643a497fae,b85765e93d6d4d0221c8ae6b45d995fbc7184772d290b21cfcb4d5e5f0155429
B2_1461,099,callpush,Open_Push,BB,29.5BB,vs_CO,,,3f8f12f9211c,099__spot-Open_Push__position-BB__stack-29.5BB__opponent-vs_CO__callpush-3f8f12f9211c.jpg,charts/1461.webp,434,600,32539,13572,8f5fc7427e65f324697a1743a5a283aae94ea06aa4fdc197f3498bd5edfe7a2b,44225bfebc44760e618a6d3385b6f7a22ae9156cf2c5f6b2558d5f871f595661
B2_1462,162,callpush,Resteal,BTN,24BB,SB,,3x_Open,aed87451cf10,162__spot-Resteal__position-BTN__stack-24BB__opponent-SB__bet-3x_Open__callpush-aed87451cf10.jpg,charts/1462.webp,434,600,32941,13766,8439f7e034e97a17304f27c655793f68387b2e7556f73196980944828cc17aad,16686bb30c35bad8b0074786080ede50861819a463642ce9269fbece1c6dd57b
B2_1463,187,callpush,Resteal,CO,13BB,SB,,2x_Open,8ecd9bd02b2c,187__spot-Resteal__position-CO__stack-13BB__opponent-SB__bet-2x_Open__callpush-8ecd9bd02b2c.jpg,charts/1463.webp,434,600,36386,15192,ee590a8efc405d5eba42553514c61f84cbe9bcc05d77129a7dffe56fa751e737,e67a5cf520d178c90189844ac5f9323480783fea5ad6e8857ab5bc48bb54b67a
B2_1464,118,callpush,Open_Push,BB,6.5BB,vs_CO,,,49887949dfca,118__spot-Open_Push__position-BB__stack-6.5BB__opponent-vs_CO__callpush-49887949dfca.jpg,charts/1464.webp,434,600,41862,17652,375094e5fb6aa23253e66234f4c9dadec3b2dd1658c7a43e3aed4c6a677caf13,c170f1250930d567a25efeedeb90be6459799b01f0be943d62e2dffa730693e3
B2_1465,136,callpush,Resteal,BTN,11BB,BTN,,2x_Open,ad9d3a1b7673,136__spot-Resteal__position-BTN__stack-11BB__opponent-BTN__bet-2x_Open__callpush-ad9d3a1b7673.jpg,charts/1465.webp,434,600,40211,17266,d91082965b05fb7f258fc189b6653ddd75933d3aa30557307ed3f4ec714e8208,69dfa299ea3cf1eca1f40ffa44e3f21a58ce98ae645821b245c17c8980785c21
B2_1466,280,callpush,Resteal,EP,17BB,BB,,2x_Open,ca6711966960,280__spot-Resteal__position-EP__stack-17BB__opponent-BB__bet-2x_Open__callpush-ca6711966960.jpg,charts/1466.webp,434,600,30723,12444,861bbf60179e41e3826284b76ec12855c0fd2c4e67c520ef221e6975d80dd991,2944f289efae612b825e9848abb22837cdb611f8e6315de707a3fdab76d7cb8e
B2_1467,027,callpush,Open_Push,BB,15.5BB,vs_CO,,,0b6b791cf412,027__spot-Open_Push__position-BB__stack-15.5BB__opponent-vs_CO__callpush-0b6b791cf412.jpg,charts/1467.webp,434,600,35161,14600,2d4b777bf7f8fd40084a6e08a233af97606f86280bb9f495e4da2c9035124203,e9551ee5b94d5548096d0d2c846c4b064a658fb85cea9e83f6a83268fca759e6
B2_1468,533,callpush,vs_4Bet_Push,BB,22-30BB,vs_MP,,,0ebc5a254d3a,533__spot-vs_4Bet_Push__position-BB__stack-22-30BB__opponent-vs_MP__callpush-0ebc5a254d3a.jpg,charts/1468.webp,434,600,32768,13042,8ceaa5e5ed25141db88296a7628f111a4a0f0caa56407751986e79396a350118,4498219a7fa06bd34959738445a5a4f76f3bc0b484b43a022d715012117ec118
B2_1469,132,callpush,Open_Push,BB,9.5BB,vs_CO,,,c032d5764a50,132__spot-Open_Push__position-BB__stack-9.5BB__opponent-vs_CO__callpush-c032d5764a50.jpg,charts/1469.webp,434,600,38557,16672,c96b49d4fb2b3884e5c75188d3d5864ffaa715d95e1cdffc479ae9516fbbb3da,18e3f61bd0c0a0776dc30c459750048707f94bc6e1aaaabd9896168c98f6a2e5
B2_1470,216,callpush,Resteal,CO,24BB,SB,,2x_Open,9c233a6354a7,216__spot-Resteal__position-CO__stack-24BB__opponent-SB__bet-2x_Open__callpush-9c233a6354a7.jpg,charts/1470.webp,434,600,33449,13922,d2c68221ee6edff9d4ee6f48d1ca92a97326b1185de46bf557ab828eb75617ad,edcee04cad78ef150e4aa0799f5351c09b7f64de741fd1c836dd198f5ef1999a
B2_1471,273,callpush,Resteal,EP,15BB,HJ,,3x_Open,12ea1512814b,273__spot-Resteal__position-EP__stack-15BB__opponent-HJ__bet-3x_Open__callpush-12ea1512814b.jpg,charts/1471.webp,434,600,31753,12812,2be18f44941eb32ee4d7338f1aab5d8811962d9e81cf6b4ae610b9cd1288d5af,d5c17a254a9edfd0ed86375c8ef8af323bfa9615380d7f926dc42cab9c8c6255
B2_1472,331,callpush,Resteal,EP,24BB,SB,,2x_Open,a0ee83f61d64,331__spot-Resteal__position-EP__stack-24BB__opponent-SB__bet-2x_Open__callpush-a0ee83f61d64.jpg,charts/1472.webp,434,600,30374,12236,94aabc3d17d58153f75e3721bd346aba788051e267e5d66ed808baf172e8364f,94cbae370f64dfb1a43d41550528f2e40ae88d453348946015d438424f168fbf
B2_1473,154,callpush,Resteal,BTN,19BB,SB,,2x_Open,c8d3f9d4b592,154__spot-Resteal__position-BTN__stack-19BB__opponent-SB__bet-2x_Open__callpush-c8d3f9d4b592.jpg,charts/1473.webp,434,600,35275,14510,520cd55930f2e697987cf4ed83eadd84ca2414a4efd5415fa6945ee75086565d,d82d2cb438d733adc91d43172be4c682b6986342c53be9958db8f352cd0514bd
B2_1474,322,callpush,Resteal,EP,24BB,BTN,,3x_Open,cb96b60b11f1,322__spot-Resteal__position-EP__stack-24BB__opponent-BTN__bet-3x_Open__callpush-cb96b60b11f1.jpg,charts/1474.webp,434,600,29735,11980,89e7adea2921e5f4529bd2ef1d59f257316710b347c3b89e84c5c7a5ac98cfb4,08bef5f1859cd1948ce8fd374fdb6ae5dd2ed5afb4183e8dd96ff3ab4ef81560
B2_1475,109,callpush,Open_Push,BB,4.5BB,vs_EP,,,7eff72699bf8,109__spot-Open_Push__position-BB__stack-4.5BB__opponent-vs_EP__callpush-7eff72699bf8.jpg,charts/1475.webp,434,600,47891,20908,724917047f0383be566a911af204365663a6d303fd4b027811c105c0a8bd48fa,014d89e14c8ed3e6af54fbf043864e07db1f925bad1d03644582980b54245a7e
B2_1476,552,callpush,vs_4Bet_Push,BTN,14-18BB,vs_MP,,,ab5124f5c665,552__spot-vs_4Bet_Push__position-BTN__stack-14-18BB__opponent-vs_MP__callpush-ab5124f5c665.jpg,charts/1476.webp,434,600,32462,12998,70889cf49b57caf9a667799daf561e3d7c6f7d4b16db6aefbac48dd4f1fb2dfc,7de4caac54f714f77898814cb7b20d7a9eea4a5ec3d55301363027baadaa9885
B2_1477,262,callpush,Resteal,EP,13BB,MP,,2x_Open,192466241ef3,262__spot-Resteal__position-EP__stack-13BB__opponent-MP__bet-2x_Open__callpush-192466241ef3.jpg,charts/1477.webp,434,600,31422,12622,a9ace8da6625412587e90b83c0add3731b2fa9389ef8651a08d22b8e1a8f5b61,7c3a2a859302681a297beba2263f50cbd906179b499decdea78cc07093c4e4bb
B2_1478,003,callpush,Open_Push,BB,10.5BB,vs_EP,,,3e11c0d55e16,003__spot-Open_Push__position-BB__stack-10.5BB__opponent-vs_EP__callpush-3e11c0d55e16.jpg,charts/1478.webp,434,600,33173,13832,43be75c41dabdd9fd36c2febdfced091f0002b5c7e93814260a1b06c755ef26a,4b41beb6c4d12c2036ec49b1b94aa50d3e45889e0353640b095836173344b9de
B2_1479,289,callpush,Resteal,EP,17BB,LJ,,3x_Open,b7d453657351,289__spot-Resteal__position-EP__stack-17BB__opponent-LJ__bet-3x_Open__callpush-b7d453657351.jpg,charts/1479.webp,434,600,31048,12566,913d6c434f7e029cb8412f8eb3de1d34ecaed0ff439bf13f40710e6646c1e7af,29c235012149048ed835102a38d98ad673727536a683c90147af6eda3b52a9b1
B2_1480,532,callpush,vs_4Bet_Push,BB,22-30BB,vs_EP,,,0b07e17a596d,532__spot-vs_4Bet_Push__position-BB__stack-22-30BB__opponent-vs_EP__callpush-0b07e17a596d.jpg,charts/1480.webp,434,600,30285,12044,95ee091f7085536292df0f6c2906809bf788d431f4eb34dbe12a1ba4f810752e,742c8ba55d9c50b6c6e39ac70222fb33177300f6f5ad00d896eb4bc2c0e66025
B2_1481,305,callpush,Resteal,EP,19BB,SB,,2x_Open,26faa5411b71,305__spot-Resteal__position-EP__stack-19BB__opponent-SB__bet-2x_Open__callpush-26faa5411b71.jpg,charts/1481.webp,434,600,30889,12432,abdc868d6a58af79f4f7ed7133584b2549d548d5085a67af8f34bb1178168965,5a8fd25df20f060608a5438e73b6e4ab59fd1bd72336c8baece0d757546e2080
B2_1482,336,callpush,Resteal,EP,28BB,BTN,,3x_Open,be278edb9191,336__spot-Resteal__position-EP__stack-28BB__opponent-BTN__bet-3x_Open__callpush-be278edb9191.jpg,charts/1482.webp,434,600,29717,11576,af7a9d2d39f609625d81861be9ea647c7628c5bab6e89175ec5e4715b22a7a8b,ca4cba788c7fae2ffcb45339dd646ae7255cc9d43a7b5bd0ae2478b567664437
B2_1483,575,callpush,vs_4Bet_Push,CO,40-50BB,vs_EP,,,c990b5ad1b96,575__spot-vs_4Bet_Push__position-CO__stack-40-50BB__opponent-vs_EP__callpush-c990b5ad1b96.jpg,charts/1483.webp,434,600,29911,11712,8c0f0746c1ea45b84bd6aaa20a94d790782891a3c0bc054e837c3cf6664dc7ae,212ec1b511e80aec997966e8fdb46a416f55da8e7db8e8a286cec6a068d9c9f5
B2_1484,120,callpush,Open_Push,BB,6.5BB,vs_MP,,,264eca04dbf2,120__spot-Open_Push__position-BB__stack-6.5BB__opponent-vs_MP__callpush-264eca04dbf2.jpg,charts/1484.webp,434,600,40408,17256,57773d9083055d352edb940ad9bb92eca14bb0c0237f0a561ec256511a5c688c,6304c6364b47183e1a4e986f732f4903d69abbb3eb6b2223063689a1e4514f97
B2_1485,436,callpush,Resteal,MP,19BB,LJ,,2x_Open,26791a285d5b,436__spot-Resteal__position-MP__stack-19BB__opponent-LJ__bet-2x_Open__callpush-26791a285d5b.jpg,charts/1485.webp,434,600,30630,12396,5686a584852c6192ea5bb64975a73845407858c6adcdd6c0fd63ee41718fbf15,badc6d9a1d758dce995db80c8a13add2c8d3229085813ca67dfc60904000e64e
B2_1486,585,callpush,vs_4Bet_Push,HJ-LJ,14-18BB,vs_MP,,,7db50dfcb11f,585__spot-vs_4Bet_Push__position-HJ-LJ__stack-14-18BB__opponent-vs_MP__callpush-7db50dfcb11f.jpg,charts/1486.webp,434,600,33247,13760,edb5d77d90332b15d30e290e7c12f90b3eb223c7163d5abde7beb5669628aebe,025646d742838014001723f54b59245e6351de62b3e70bcb174d90f2989ee636
B2_1487,128,callpush,Open_Push,BB,8.5BB,vs_CO,,,ca2a7eab929e,128__spot-Open_Push__position-BB__stack-8.5BB__opponent-vs_CO__callpush-ca2a7eab929e.jpg,charts/1487.webp,434,600,39523,16866,745752b8d0eed77ccf1ac530bd6696cab6b080dae9c7877c2ffc63d60ed830f0,1e48140605bf80886a8860bffe5d2e03cc6c8127d7f6b8a3e9eaebe0c9b6a4ce
B2_1488,037,callpush,Open_Push,BB,17.5BB,vs_EP,,,c5c913531d55,037__spot-Open_Push__position-BB__stack-17.5BB__opponent-vs_EP__callpush-c5c913531d55.jpg,charts/1488.webp,434,600,30358,12266,15512a50a631f1c0d11fb799289d76970b31bad6ecef81c0f20b492293ba7555,4c4e2a0ed5736350f6e62190ebbfbc417a5452c7f17a6c20bd1ca37962a08617
B2_1489,594,callpush,vs_4Bet_Push,HJ-LJ,50-75BB,vs_EP,,,bb061ed1af06,594__spot-vs_4Bet_Push__position-HJ-LJ__stack-50-75BB__opponent-vs_EP__callpush-bb061ed1af06.jpg,charts/1489.webp,434,600,29533,11624,a09f63398b081f6215e67986045b0f7907953b36b2a14be36e948ba4b01b4f99,b67493b6c921c4cf78e50ea04f4d065567f19cea5e8c19a43c45d99bb0a26e6c
B2_1490,443,callpush,Resteal,MP,21BB,BTN,,3x_Open,b28d707a6246,443__spot-Resteal__position-MP__stack-21BB__opponent-BTN__bet-3x_Open__callpush-b28d707a6246.jpg,charts/1490.webp,434,600,30718,12476,5b67b3b9989dbd47332489953136c408c0e579fb7c865f40de8b8fc487c8df96,3d400fca33a380ed13ce76196744a4e41224029436aa5f2c6f04f6a57d96dab7
B2_1491,378,callpush,Resteal,EP,9BB,SB,,2x_Open,624ae03a687a,378__spot-Resteal__position-EP__stack-9BB__opponent-SB__bet-2x_Open__callpush-624ae03a687a.jpg,charts/1491.webp,434,600,37673,15602,bace907c2ae920a418462f326297cd7378905fb687c63464373b9dd04cdbe315,6f7f69967dc1dfee1e603ea52dc036d24b43c225358574a67ed31e6e140e48df
B2_1492,267,callpush,Resteal,EP,15BB,BB,,3x_Open,897a9ebb90ab,267__spot-Resteal__position-EP__stack-15BB__opponent-BB__bet-3x_Open__callpush-897a9ebb90ab.jpg,charts/1492.webp,434,600,31726,12860,520df04213259900aa1cac542fcb50ab31d4b2974b0a3ea42166d183c70b8879,10fadcc73efca513a8f9bb28910239063100bce2df2f0e581a7b10f8f2e9f3ba
B2_1493,257,callpush,Resteal,EP,13BB,CO,,3x_Open,973971c797fc,257__spot-Resteal__position-EP__stack-13BB__opponent-CO__bet-3x_Open__callpush-973971c797fc.jpg,charts/1493.webp,434,600,33319,13792,a410b8e7e078b9484d5cf929e1109273b24c07d21091d452a56bc909db2fc783,acfc00ae6a9dbb0ceca2bbcf13a28c69f89e7e8165a3e12bb1177eee305c7504
B2_1494,606,callpush,vs_4Bet_Push,SB,30-40BB,vs_EP,,,5098be47014a,606__spot-vs_4Bet_Push__position-SB__stack-30-40BB__opponent-vs_EP__callpush-5098be47014a.jpg,charts/1494.webp,434,600,30069,12108,9a0b93f7a0e98ed49f56ecdf1a9ed6c1f70bbfd3686abcab0f67a279e0c61ef0,436346685a091ba0708bdd4e94dec2a406033f4d72a4a7611668e851b574ef1b
B2_1495,214,callpush,Resteal,CO,24BB,BTN,,2x_Open,0dc19c110e32,214__spot-Resteal__position-CO__stack-24BB__opponent-BTN__bet-2x_Open__callpush-0dc19c110e32.jpg,charts/1495.webp,434,600,32507,13118,1a257ac7fbb04f261fd7906e07df63034ed2a57f7697161d4df5728af183ca85,65564b6444d5e1152650d5c59628069846696948bfd65d3f4cda8066a06fd88d
B2_1496,605,callpush,vs_4Bet_Push,SB,30-40BB,vs_CO,,,bb6552b425ae,605__spot-vs_4Bet_Push__position-SB__stack-30-40BB__opponent-vs_CO__callpush-bb6552b425ae.jpg,charts/1496.webp,434,600,34386,14032,e70914bd253e806cb7c9795ec6804eea577a0e54411cf15c5c494316172af73e,16a5b0d17b7b6a43a65ff84ff56c544c555e8a6bc02e8d2ef1fe2721a5670741
B2_1497,546,callpush,vs_4Bet_Push,BB,50-75BB,vs_CO,,,69a04e35088c,546__spot-vs_4Bet_Push__position-BB__stack-50-75BB__opponent-vs_CO__callpush-69a04e35088c.jpg,charts/1497.webp,434,600,29670,11538,1b4f10eaa29ed6ee7e3f4c87d89f7536e34b26f69a3e702c23bbf3be6d858db6,c3f0a2522cefe942202c620ff73d99be5d6fa63ccf53e4ba3bcc5661e4295bf8
B2_1498,148,callpush,Resteal,BTN,17BB,BTN,,2x_Open,ae82d2e33623,148__spot-Resteal__position-BTN__stack-17BB__opponent-BTN__bet-2x_Open__callpush-ae82d2e33623.jpg,charts/1498.webp,434,600,36192,15086,48bae2ef370fb4a6639796f421b8f804c7fe4f9a38de4c7c7354bc5e51854b45,c20baa59e285a0112e9e1f162744c7ad104e78f8164eb02394444a476246db64
B2_1499,559,callpush,vs_4Bet_Push,BTN,30-40BB,vs_CO,,,60d690ee39d2,559__spot-vs_4Bet_Push__position-BTN__stack-30-40BB__opponent-vs_CO__callpush-60d690ee39d2.jpg,charts/1499.webp,434,600,32948,13804,d990966aef3140da0973a24632927e6d3a63063f0869402457b9fff0d8c90fc2,c0138460350f1a4a970e451026ca3babad5e3691b1633802eb7aad96d4516257
B2_1500,186,callpush,Resteal,CO,13BB,BTN,,3x_Open,44f7e179d9d7,186__spot-Resteal__position-CO__stack-13BB__opponent-BTN__bet-3x_Open__callpush-44f7e179d9d7.jpg,charts/1500.webp,434,600,37995,15872,2dfcca7c2cf68d8ef784d0fa2963181a54f8e48ae26df324e3d3f2bb126ccf8e,a2559a75ef88f89246882f87e004f43bf75f2c6bb08253e038eab5202f08fb13
B2_1501,334,callpush,Resteal,EP,28BB,BB,,3x_Open,1e77eb39b267,334__spot-Resteal__position-EP__stack-28BB__opponent-BB__bet-3x_Open__callpush-1e77eb39b267.jpg,charts/1501.webp,434,600,29841,11654,77de4520b581e7746266f91f02bf491bc17627066d0f3c1a226cdaa4ee13e8f4,4414288353f83ac6b2405f85311575db7c08f23253d7d5d6d9cdd9d4d446204d
B2_1502,017,callpush,Open_Push,BB,13.5BB,vs_CO,,,a3b5dc3f7bfb,017__spot-Open_Push__position-BB__stack-13.5BB__opponent-vs_CO__callpush-a3b5dc3f7bfb.jpg,charts/1502.webp,434,600,35604,15062,d7eb7f1aef6d9a226c92d1f6045af8a04305b7e356447a135b7e4bafdb7e181b,52dd99b2176c2cee0e232f05ada826defd27ae52dfed138273b9a01ed8556f8c
B2_1503,350,callpush,Resteal,EP,32BB,BTN,,3x_Open,a0b6c6ec8208,350__spot-Resteal__position-EP__stack-32BB__opponent-BTN__bet-3x_Open__callpush-a0b6c6ec8208.jpg,charts/1503.webp,434,600,30051,11720,67abf25f40e6d2505bb39939e5d18ff532b08074b5cdde6a205af393387e170a,dc5475d381a43bd73637d6f78d2fbc6ba4286f6ca06095a2a3ec385bcdf119aa
B2_1504,069,callpush,Open_Push,BB,23.5BB,vs_CO,,,46c85f10f127,069__spot-Open_Push__position-BB__stack-23.5BB__opponent-vs_CO__callpush-46c85f10f127.jpg,charts/1504.webp,434,600,33261,13868,b68353b9c6287ecc354a92b272aef6c0c95ed29e56859863311c4f1a7fa1ca41,e38cb64505ac54535a6c5509718962d598312c005067e35f7ca5435c19b607e8
B2_1505,208,callpush,Resteal,CO,21BB,BTN,,2x_Open,e7d2192804a7,208__spot-Resteal__position-CO__stack-21BB__opponent-BTN__bet-2x_Open__callpush-e7d2192804a7.jpg,charts/1505.webp,434,600,33181,13844,a7aab96826191c5c591a1f8f7ca96cf4d264eb9588d6493b9337908d6145e68e,c6323665acb90c3206b36d451b3dd3fba8d8245628ff117b6245e17ead740f1e
B2_1506,151,callpush,Resteal,BTN,17BB,SB,,3x_Open,a537656dc7e5,151__spot-Resteal__position-BTN__stack-17BB__opponent-SB__bet-3x_Open__callpush-a537656dc7e5.jpg,charts/1506.webp,434,600,57127,11702,f7250c18ad47c019060a7beb290ad88e33da632fac90d19aba5c015ebe28a9d3,f2eb562d24c97d8526dc9cb36ee2bb57098daa004c2f1c2e347b6c8649beff5e
B2_1507,285,callpush,Resteal,EP,17BB,CO,,3x_Open,cef2d3bf896a,285__spot-Resteal__position-EP__stack-17BB__opponent-CO__bet-3x_Open__callpush-cef2d3bf896a.jpg,charts/1507.webp,434,600,30845,12548,d4af94d0b69faa9e2e397a1e815eefb9630b66d3f787d3bf377bfc668b504409,7b189865f9e1adc75cb04e65751304bbe4a490d3fe425e4efd9a21be45b482ea
B2_1508,266,callpush,Resteal,EP,15BB,BB,,2x_Open,871e6750fe16,266__spot-Resteal__position-EP__stack-15BB__opponent-BB__bet-2x_Open__callpush-871e6750fe16.jpg,charts/1508.webp,434,600,31102,12426,c65db625ec83e8513d72b618638fa7c44ed113875279bd1da077c7c25e38629c,ee79e24bec49a82816a3409229ee8aea7807dffc4f9e1ab9ee7d92bbd5f0b98b
B2_1509,249,callpush,Resteal,EP,11BB,MP,,3x_Open,0e8c4596d297,249__spot-Resteal__position-EP__stack-11BB__opponent-MP__bet-3x_Open__callpush-0e8c4596d297.jpg,charts/1509.webp,434,600,37672,15570,c98a59db7d5b9f32c0e32cae9a9e0aaf339b313ecd6e63567b511a594f27cc8e,31332764383f51519ff6332ad9c6fbe11456e422e77afdb3f3095b04e4c94efd
B2_1510,080,callpush,Open_Push,BB,25.5BB,vs_EP,,,fb061f9425f1,080__spot-Open_Push__position-BB__stack-25.5BB__opponent-vs_EP__callpush-fb061f9425f1.jpg,charts/1510.webp,434,600,61075,13148,90868fa7ea66445e5f4c2e9dcb9ff4d7ed3b84b4a90de290c21e176de55cf491,ed743efaa251f1647253d681bee9b39be58803fe303309e9c366b80af058c318
B2_1511,217,callpush,Resteal,CO,24BB,SB,,3x_Open,dc877caac048,217__spot-Resteal__position-CO__stack-24BB__opponent-SB__bet-3x_Open__callpush-dc877caac048.jpg,charts/1511.webp,434,600,32237,13020,bc80b0f426dc089028ca0863e461bcafc3d8d79b77ff41201a64bb253df55069,1f17144814a4717ab1e83fb1c054e302d2eeb16681ae07b391a1e1202cf46797
B2_1512,356,callpush,Resteal,EP,32BB,LJ,,3x_Open,3f1433b854b5,356__spot-Resteal__position-EP__stack-32BB__opponent-LJ__bet-3x_Open__callpush-3f1433b854b5.jpg,charts/1512.webp,434,600,29699,11970,ff101ba590dc181e6e41925c6867a5062db311e906fbb5dc144430375b7cac42,c6d324375d80d201b24c167678a445542b590b21147dffa6b4af4ab9c6351a52
B2_1513,282,callpush,Resteal,EP,17BB,BTN,,2x_Open,9d6306e057f5,282__spot-Resteal__position-EP__stack-17BB__opponent-BTN__bet-2x_Open__callpush-9d6306e057f5.jpg,charts/1513.webp,434,600,30867,12488,2316ae7e51994188a409037cdc8c18771bbe168e759056ef82029c396c340851,8c0c00b2bdee6644a53a597fe4d880af8aff9226b93b794760f75153580ebe56
B2_1514,351,callpush,Resteal,EP,32BB,CO,,2x_Open,30174872a146,351__spot-Resteal__position-EP__stack-32BB__opponent-CO__bet-2x_Open__callpush-30174872a146.jpg,charts/1514.webp,434,600,30260,12154,370fd1ee1b5fa77849b5258c9ca932e399d17ef0a8a756603f6ce5f74666ac1a,387dd114dbb211034cdf2f22264729e33295ac7b48244f0878f981dda3745590
B2_1515,418,callpush,Resteal,MP,17BB,BTN,,2x_Open,73ab4741d01a,418__spot-Resteal__position-MP__stack-17BB__opponent-BTN__bet-2x_Open__callpush-73ab4741d01a.jpg,charts/1515.webp,434,600,32379,12934,931893dcc5210b2328015c79ab3d8bd2ca908cdaf0574a747cb18a5cca5dc19d,f667aec3d2e2a8a68cdfbc2200895f666209809e92e645b00c595c4c6264369f
B2_1516,033,callpush,Open_Push,BB,16.5BB,vs_MP,,,fe8fa384810d,033__spot-Open_Push__position-BB__stack-16.5BB__opponent-vs_MP__callpush-fe8fa384810d.jpg,charts/1516.webp,434,600,32276,13092,34df2c53547f88a4586d4adaacf880099e3b3aaa3d69d0b471e35d78d60946e7,580a34a0694667bc4798d818d8033b0b15661f1b5a1181789230cf22bc4a18f5
B2_1517,315,callpush,Resteal,EP,21BB,LJ,,2x_Open,e68bb016f8c6,315__spot-Resteal__position-EP__stack-21BB__opponent-LJ__bet-2x_Open__callpush-e68bb016f8c6.jpg,charts/1517.webp,434,600,30119,12140,559042ad242e0687452f3c623b3949a28c7e0b6e36443e9cc7d9e62ccc72f3b3,34f6c36670dcb1c6d85197f7b0749b80e2d356c8f0e1bc662717b38b5b8fbd13
B2_1518,251,callpush,Resteal,EP,11BB,SB,,3x_Open,d15e311fe266,251__spot-Resteal__position-EP__stack-11BB__opponent-SB__bet-3x_Open__callpush-d15e311fe266.jpg,charts/1518.webp,434,600,37631,15422,ff612d477a00a1029a9d66641875e2c4283f8cc73e6b61ab8c42f38c20b34806,8d312f1bf2bd86656f77cd273b19d5e27ee2f7c8ce97748017222054c7f921c3
B2_1519,164,callpush,Resteal,BTN,28BB,BTN,,3x_Open,4019df9dbf97,164__spot-Resteal__position-BTN__stack-28BB__opponent-BTN__bet-3x_Open__callpush-4019df9dbf97.jpg,charts/1519.webp,434,600,32250,13002,141e205d992f2b882f23c0d27ea12c22b6a293564065d9780753f0221840835f,61349364855118a262e25cdac6f3078887182613a22c4a4c2ffd43932364bbe9
B2_1520,544,callpush,vs_4Bet_Push,BB,40-50BB,vs_SB,,,99392fbcceea,544__spot-vs_4Bet_Push__position-BB__stack-40-50BB__opponent-vs_SB__callpush-99392fbcceea.jpg,charts/1520.webp,434,600,32952,13818,d048bd892d203702de469d431b9f8b6cdcacddf6b4203a6421fbca2742be0abd,472111419edb6acdb749a4ed701a62f40255146982decfe39e8ba641af2431c3
B2_1521,341,callpush,Resteal,EP,28BB,LJ,,2x_Open,f90da41d528e,341__spot-Resteal__position-EP__stack-28BB__opponent-LJ__bet-2x_Open__callpush-f90da41d528e.jpg,charts/1521.webp,434,600,29605,11460,cf7364a3aa2ad9883988c7e9605fec7c40bb0dce679d2d838ce6effed02f1225,86b8af773361a4a19478a44706443c81f1cd7e3b9b59d8acfd10eb0e78692243
B2_1522,240,callpush,Resteal,EP,11BB,BB,,3x_Open,5bdb02bda89d,240__spot-Resteal__position-EP__stack-11BB__opponent-BB__bet-3x_Open__callpush-5bdb02bda89d.jpg,charts/1522.webp,434,600,37428,15452,5dee9f1c3e1173272af1abf2bbedfb2d6ba8f15cbad57874a6e54f1cd7a9fe01,c9c8eaede29ed00eefe7c54fdc2948124f8b609efb08098a3a83c363eaf0cba6
B2_1523,178,callpush,Resteal,CO,11BB,BB,,3x_Open,ea737195c463,178__spot-Resteal__position-CO__stack-11BB__opponent-BB__bet-3x_Open__callpush-ea737195c463.jpg,charts/1523.webp,434,600,41659,17740,64dfa35e0b81a07256afb300fc701165f7700c07029e6b14b46a62658abe430e,8f288bd9fbf3d053cb3d48c13467ce4dc39e5e61292347ccf66602b2dd1bed57
B2_1524,306,callpush,Resteal,EP,19BB,SB,,3x_Open,0e9341d2ef82,306__spot-Resteal__position-EP__stack-19BB__opponent-SB__bet-3x_Open__callpush-0e9341d2ef82.jpg,charts/1524.webp,434,600,31000,12428,97a371557a484bd7254e761ca4d2edb3a820865b2af05e619c2a56675e8bf7b2,17aada92d77c8ee1ac4b129ae89a785aaf16488dd8efe0503b15d71aa3a3858a
B2_1525,221,callpush,Resteal,CO,28BB,BTN,,3x_Open,e719e39f9332,221__spot-Resteal__position-CO__stack-28BB__opponent-BTN__bet-3x_Open__callpush-e719e39f9332.jpg,charts/1525.webp,434,600,31086,12434,5998589cc6a526606c56c0b7198b7d9341432cf1cbc1d31130af303efeb6af41,23206d2bc1245ed27ca80f3acb1f03649e4d34de1a428e4acde607f192b23d83
B2_1526,139,callpush,Resteal,BTN,11BB,SB,,3x_Open,de8b53c5d14a,139__spot-Resteal__position-BTN__stack-11BB__opponent-SB__bet-3x_Open__callpush-de8b53c5d14a.jpg,charts/1526.webp,434,600,42700,18316,f980b82ecb9d1b7eeb93d0072df81998d1af4927734e858e24cf1748ca4e265d,f30ef7ee84469cbfd28054515fcd2b0a7aa280b26833fafe1dca2e10b35cb8d5
B2_1527,385,callpush,Resteal,MP,11BB,CO,,3x_Open,2d4b9a3f0a9b,385__spot-Resteal__position-MP__stack-11BB__opponent-CO__bet-3x_Open__callpush-2d4b9a3f0a9b.jpg,charts/1527.webp,434,600,39589,16312,3aea7a3848d6397ab6f11d1c961598dc33ebe8714233f8ef6025e144d749df70,c8ca233c7f4b5699477b016f63ded279260d2d17ea2b2d0c4427d0f0b96096d2
B2_1528,092,callpush,Open_Push,BB,27.5BB,vs_SB,,,37ede6d6c29e,092__spot-Open_Push__position-BB__stack-27.5BB__opponent-vs_SB__callpush-37ede6d6c29e.jpg,charts/1528.webp,434,600,34711,14434,9a1a8b60743618b9047e85ca1260b7da545ec99c997a90f0285c03fc9c099f23,597b54ced761a85ccf2003cc5bda7472997db6c29d31bd95a1c9490dfd9c9b0e
B2_1529,016,callpush,Open_Push,BB,13.5BB,vs_BTN,,,ddfef228211f,016__spot-Open_Push__position-BB__stack-13.5BB__opponent-vs_BTN__callpush-ddfef228211f.jpg,charts/1529.webp,434,600,38406,16028,3c3fcde882d7630a758b16ef3b89f1b85a95464467c08b681a18e4e13e5c21fe,b445acda2b8ad9f15b8c0e7033ce44899c3cbc32d81b2ddcb77605d257528838
B2_1530,194,callpush,Resteal,CO,15BB,SB,,3x_Open,1ea74896233a,194__spot-Resteal__position-CO__stack-15BB__opponent-SB__bet-3x_Open__callpush-1ea74896233a.jpg,charts/1530.webp,434,600,35643,14584,f12c11f0f17938302caf8d957451c8cfc27342da4803e6d923614702f976afda,c60f77af6396bd04e1a98dc792557dfe510902dbd00fdfcf47fd7edbbd102ffb
B2_1531,377,callpush,Resteal,EP,9BB,MP,,3x_Open,1d8fe0ea824a,377__spot-Resteal__position-EP__stack-9BB__opponent-MP__bet-3x_Open__callpush-1d8fe0ea824a.jpg,charts/1531.webp,434,600,48253,21182,ff4fadf272ee927f0bb842db0af77e0d8c3e29ae1424cd48ed37ef8e9db0d53c,87a91bf20dd08f81624467d32d09cdcb898ed08d0509f3ceee3edcbbfcddb49e
B2_1532,004,callpush,Open_Push,BB,10.5BB,vs_MP,,,0f776ea7f102,004__spot-Open_Push__position-BB__stack-10.5BB__opponent-vs_MP__callpush-0f776ea7f102.jpg,charts/1532.webp,434,600,34668,14400,218fceb2424c5c923b86e5f4ad92a174ccadb183ff5529bf4e11abfe9738adcc,1772919fc754e22ebc4bbe54f8dff25329b6c9e4f18d11cfc9b393ee630d12de
B2_1533,041,callpush,Open_Push,BB,18.5BB,vs_CO,,,b6397b7e2876,041__spot-Open_Push__position-BB__stack-18.5BB__opponent-vs_CO__callpush-b6397b7e2876.jpg,charts/1533.webp,434,600,33978,14110,04fe6e77725ce66053e8131625bfddb9f0ce6139528225828e6fe14df0a668bd,15dc054bf1d21d1e75a5e6dd1cd7cbe7e2b17771d60c08f94cf4bdf8055f107e
B2_1534,013,callpush,Open_Push,BB,12.5BB,vs_EP,,,937cae5a9a6f,013__spot-Open_Push__position-BB__stack-12.5BB__opponent-vs_EP__callpush-937cae5a9a6f.jpg,charts/1534.webp,434,600,31761,12900,7fc5b1da92eac537cda4a369b1efe4a78cc6ab9ca95e05888c5bc3a34954a6c9,27eb1c3d41e6cdc00645feb73d8d0f6312a0558ecec58683e69164e524085c99
B2_1535,176,callpush,Resteal,BTN,9BB,SB,,3x_Open,6010d17389f9,176__spot-Resteal__position-BTN__stack-9BB__opponent-SB__bet-3x_Open__callpush-6010d17389f9.jpg,charts/1535.webp,434,600,51858,23158,609736d6442a120c60dcee934d4eed2921ec8e79260890869eec30f95a0a0c03,f30c9f89dd0c25d4fbddec556c6ea57c87464870f4b0958ed2aca3691c1d1ec5
B2_1536,096,callpush,Open_Push,BB,28.5BB,vs_MP,,,9f83601aa162,096__spot-Open_Push__position-BB__stack-28.5BB__opponent-vs_MP__callpush-9f83601aa162.jpg,charts/1536.webp,434,600,31214,12588,00c74d16278a5586576ac1be8967c310fa299a6b413896cfd3b032d962cd1ab9,7f101a66a67605ed5a328ebad2ab44e0dfef384bc6ed70b855fbd5325c8dc7a4
B2_1537,549,callpush,vs_4Bet_Push,BB,50-75BB,vs_SB,,,6c82fc23b9b2,549__spot-vs_4Bet_Push__position-BB__stack-50-75BB__opponent-vs_SB__callpush-6c82fc23b9b2.jpg,charts/1537.webp,434,600,31043,12460,b44933c8bd4a5e53b3c4cef928dc369ff794b20ecf7ca984b814777928d142d9,b6e5cb2f5c855697a00ede64f3f12c3b5e0a2364dd27d68c3f34237f0af4d93d
B2_1538,556,callpush,vs_4Bet_Push,BTN,22-30BB,vs_CO,,,1caf1a53c07b,556__spot-vs_4Bet_Push__position-BTN__stack-22-30BB__opponent-vs_CO__callpush-1caf1a53c07b.jpg,charts/1538.webp,434,600,34051,14020,02439d4a86fdad9bc663f6b5f181d165501256474fc32b0f902b93f7653f60c3,8693b65842a6715896cbcf86e30635aa5192a2d5e7398f6b3b12b144b2f9897f
B2_1539,449,callpush,Resteal,MP,21BB,LJ,,3x_Open,dc12ec5d11f8,449__spot-Resteal__position-MP__stack-21BB__opponent-LJ__bet-3x_Open__callpush-dc12ec5d11f8.jpg,charts/1539.webp,434,600,30034,12148,a7035beaacca1115589afac0e33a4c3d219887af8946369e51f4e9eefc664394,d64ef6955f2493bebc3bf9457051caf83e53e2daed77d25c4b7841e5ad0dcd8f
B2_1540,083,callpush,Open_Push,BB,26.5BB,vs_BTN,,,edd6c5353609,083__spot-Open_Push__position-BB__stack-26.5BB__opponent-vs_BTN__callpush-edd6c5353609.jpg,charts/1540.webp,434,600,34872,14524,9d67ff3d886fd2ad81535ef83132b09795562ea898e90cb5efad84dd4ef6d815,64285516a03111ec8897f74f527d5be479aa37eaa026b96b61835428a7400ab3
B2_1541,431,callpush,Resteal,MP,19BB,BTN,,3x_Open,e827d62c389c,431__spot-Resteal__position-MP__stack-19BB__opponent-BTN__bet-3x_Open__callpush-e827d62c389c.jpg,charts/1541.webp,434,600,31504,12744,31465b7eb128e7e068b32e0e27a3a1c359114de5ceef5804c42da0580d189ae1,8d5f4dcf97e5dc45be4c5596837bd3764f2cab47eb59e37e9031b459e60eabdc
B2_1542,060,callpush,Open_Push,BB,21.5BB,vs_BTN,,,191d12565fdb,060__spot-Open_Push__position-BB__stack-21.5BB__opponent-vs_BTN__callpush-191d12565fdb.jpg,charts/1542.webp,434,600,35075,14532,5720c5337840b571824bf0bacb30f1c11cf7fbf8a3d28efac747646aa7d3d1a7,99228f4b05f313568c7d67e65abd84c055267dcf98bf627abd248faaa522a902
B2_1543,485,callpush,Resteal,MP,32BB,SB,,2x_Open,a0e23bc19214,485__spot-Resteal__position-MP__stack-32BB__opponent-SB__bet-2x_Open__callpush-a0e23bc19214.jpg,charts/1543.webp,434,600,30511,12306,08f835d4fdeb6e5860e7d77242348f112f832908471089cdca47aac25ec16d20,a09ca605eee9c263feace1a1cdb6253203ed2899e1c2107c805e70236eae6a74
B2_1544,343,callpush,Resteal,EP,28BB,MP,,2x_Open,e1de40d58eac,343__spot-Resteal__position-EP__stack-28BB__opponent-MP__bet-2x_Open__callpush-e1de40d58eac.jpg,charts/1544.webp,434,600,29605,11460,cf7364a3aa2ad9883988c7e9605fec7c40bb0dce679d2d838ce6effed02f1225,86b8af773361a4a19478a44706443c81f1cd7e3b9b59d8acfd10eb0e78692243
B2_1545,294,callpush,Resteal,EP,19BB,BB,,2x_Open,f37423c2f2c4,294__spot-Resteal__position-EP__stack-19BB__opponent-BB__bet-2x_Open__callpush-f37423c2f2c4.jpg,charts/1545.webp,434,600,30511,12320,41480c5679b74047d760c3fbd781b0bc896501807d16510492bd1b6b0501c539,5bceb8dc4d42dc7ed9dbacb2807c02a1dcfac288a7c57009d1f001eba75c2409
B2_1546,387,callpush,Resteal,MP,11BB,HJ,,3x_Open,72b81f025abf,387__spot-Resteal__position-MP__stack-11BB__opponent-HJ__bet-3x_Open__callpush-72b81f025abf.jpg,charts/1546.webp,434,600,38929,16408,7db5deacc5d625572d66d3e0e31cb6e6409f734516617305c6424218a3bd69e0,9832104613f177ab5eba058ce2fdeb245c628b7c46239c44f64a9e8e3b1cc90e
B2_1547,455,callpush,Resteal,MP,24BB,BTN,,3x_Open,f836d8ad78ac,455__spot-Resteal__position-MP__stack-24BB__opponent-BTN__bet-3x_Open__callpush-f836d8ad78ac.jpg,charts/1547.webp,434,600,30827,12504,d51e3c36816bc516f3e49dbec6365735c21482a3bc6cce68a17772f428f5e64d,ace698044863f1071952e24dea62c9716b8017359f53d5771e4bfb457d0c8d53
B2_1548,447,callpush,Resteal,MP,21BB,HJ,,3x_Open,0b490d12f61e,447__spot-Resteal__position-MP__stack-21BB__opponent-HJ__bet-3x_Open__callpush-0b490d12f61e.jpg,charts/1548.webp,434,600,30496,12320,99677b0e6f1983603550484f844eff963826b49bb46ccb694df621459c3cc9a3,15c447db7214fafe38b878a00244d215c67f2f67d3edb459492f7c702949728e
B2_1549,085,callpush,Open_Push,BB,26.5BB,vs_EP,,,f2cb5369f8e1,085__spot-Open_Push__position-BB__stack-26.5BB__opponent-vs_EP__callpush-f2cb5369f8e1.jpg,charts/1549.webp,434,600,30370,12198,072fe8c14670d709374f7b08b0790bef4f349d2564feb5902f9d25c05b409f99,5ba4cbb3a6b16387b2dd56c8cc85d2cc5a0df17eb14b6ce67a763860917b82ab
B2_1550,023,callpush,Open_Push,BB,14.5BB,vs_EP,,,b4c9c6e33eab,023__spot-Open_Push__position-BB__stack-14.5BB__opponent-vs_EP__callpush-b4c9c6e33eab.jpg,charts/1550.webp,434,600,31545,12754,ddcc7e103bd92e6c51617753429bd6a0c478726e40b5d0e558daf3bfa68bf205,b047c85c8abcde2847ac9b3aba8914e581b48f473166cb1b88ee40ffea935b2a
B2_1551,396,callpush,Resteal,MP,13BB,CO,,2x_Open,811d374499ca,396__spot-Resteal__position-MP__stack-13BB__opponent-CO__bet-2x_Open__callpush-811d374499ca.jpg,charts/1551.webp,434,600,33334,13944,fe25f4a2c2b6ee2c0b13dc26db6a68e234b7acb65829449007f19cb2423e10e3,cbbc54bac1589e15c4f7d27827293d3efb0a23b80cb4d650991f5aa5cfe88597
B2_1552,245,callpush,Resteal,EP,11BB,HJ,,3x_Open,23998c2d39ce,245__spot-Resteal__position-EP__stack-11BB__opponent-HJ__bet-3x_Open__callpush-23998c2d39ce.jpg,charts/1552.webp,434,600,37875,15526,32c1354abf3fa5648f4a66e1950a7e3ab414ca1fabce1492ede628f0b4354860,add7a3b7bf25495981ce01ef1528c8845501d42f314e8162a17db3d4b0376c35
B2_1553,259,callpush,Resteal,EP,13BB,HJ,,3x_Open,3c6b93dbe179,259__spot-Resteal__position-EP__stack-13BB__opponent-HJ__bet-3x_Open__callpush-3c6b93dbe179.jpg,charts/1553.webp,434,600,33937,13966,acfae6af7d7348756418450067f81daa36f27fcf293ebf29bf546c07d5095392,9419d34a8623366866fe408f75512d62d0b7b139d979b1b20b7bbb920118f796
B2_1554,503,callpush,Resteal,SB,11BB,BB,,2x_Open,68660a86ba50,503__spot-Resteal__position-SB__stack-11BB__opponent-BB__bet-2x_Open__callpush-68660a86ba50.jpg,charts/1554.webp,434,600,41693,17626,69bba781ecbc9b5d2e8d8b102f175325c11190adce324aca2ccaaaf282792762,c16633a2f640a4ab657f0774c6d2b677f0015ba79d2c53c4b91a4eb6161bf3f3
B2_1555,270,callpush,Resteal,EP,15BB,CO,,2x_Open,26f20d5a0056,270__spot-Resteal__position-EP__stack-15BB__opponent-CO__bet-2x_Open__callpush-26f20d5a0056.jpg,charts/1555.webp,434,600,31278,12650,6187eceee40ec37e3e561d39096d7a993ce6674152ee9fea0a2eacce958273ce,3fe73c03a7bcf0a7de31dfac512bf2e36a8e3fb81486ee57291cb0475a465e74
B2_1556,317,callpush,Resteal,EP,21BB,SB,,2x_Open,61c5f3812c29,317__spot-Resteal__position-EP__stack-21BB__opponent-SB__bet-2x_Open__callpush-61c5f3812c29.jpg,charts/1556.webp,434,600,30452,12342,450108af3ae5e1ce54f87e6febb229a909a68bf7b05120b31d4c7c0e85b0db79,765e5554fc5f3d6f46813451e21cf410ca98aed8db58afb1b37ba023a0b1181b
B2_1557,256,callpush,Resteal,EP,13BB,CO,,2x_Open,b2453e220462,256__spot-Resteal__position-EP__stack-13BB__opponent-CO__bet-2x_Open__callpush-b2453e220462.jpg,charts/1557.webp,434,600,32336,13130,a307c126c9cc89caa8666387d13fb83d56e1f6486140c05d52249ce452be0ff5,b36e3c0f30c514842f87514bea9a88ebae514d731b406d37de2da3bbd67ac2b7
B2_1558,508,callpush,Resteal,SB,15BB,BB,,3x_Open,1323521ec177,508__spot-Resteal__position-SB__stack-15BB__opponent-BB__bet-3x_Open__callpush-1323521ec177.jpg,charts/1558.webp,434,600,40825,17454,1f8425e618d71bd858038314555924630dd41b4fdc2965d088963e2e168c6ae7,b0fb6572d4a252f0fb38c33348958c8f7e0c97378d1c517b502526ca65467011
B2_1559,159,callpush,Resteal,BTN,24BB,BTN,,2x_Open,ddad9c67fb4b,159__spot-Resteal__position-BTN__stack-24BB__opponent-BTN__bet-2x_Open__callpush-ddad9c67fb4b.jpg,charts/1559.webp,434,600,34008,14116,d7cd9ff76c1fa8b027af0f3d7483701f72b5cf19e228c94f56f1c9e6136e1dbd,aae7daa3bcba80ef8ebd15bce735d6f27465157c89b5cceb8ddd0b35f43d3fef
B2_1560,105,callpush,Open_Push,BB,3.5BB,vs_MP,,,fbf260ba696b,105__spot-Open_Push__position-BB__stack-3.5BB__opponent-vs_MP__callpush-fbf260ba696b.jpg,charts/1560.webp,434,600,57065,25772,07afde73f8f7dc07513aa47487f6221e5e56f9508244b74a62005a2bbdb10203,b0f76903b10c323126da307e9c2ab8dc3837c1e08db7ea567a4f23ebf568c05a
B2_1561,608,callpush,vs_4Bet_Push,SB,40-50BB,vs_BTN,,,f7ef6271b984,608__spot-vs_4Bet_Push__position-SB__stack-40-50BB__opponent-vs_BTN__callpush-f7ef6271b984.jpg,charts/1561.webp,434,600,32823,13208,2e8aa7505bb568595e8049c0b0ea5b0bcc2652bc40e05b1b27ec7364fa69e941,ebf9a4bb7a7448025bd7144f8d9608697b7e571a292479ee871da0aae40ecab5
B2_1562,061,callpush,Open_Push,BB,21.5BB,vs_CO,,,722add39b88e,061__spot-Open_Push__position-BB__stack-21.5BB__opponent-vs_CO__callpush-722add39b88e.jpg,charts/1562.webp,434,600,33384,13892,d08c6e8c11dd439dd3e6ac75477b9eb551e23f9d98893655eaf66f485ea156f4,ab05f810b441c3ea14b14740f0cf1280e4f27d7a4758b41b4c0438e8940ed676
B2_1563,006,callpush,Open_Push,BB,11.5BB,vs_BTN,,,836b07ba35dc,006__spot-Open_Push__position-BB__stack-11.5BB__opponent-vs_BTN__callpush-836b07ba35dc.jpg,charts/1563.webp,434,600,38987,16646,bca3545e4be4bf6f1cfb4450e676c575e580432f646759f208d2f5fe17568307,06fb97fc44c8d490a74420c21e6c0f74838ebea7764381ba5f11d42c53129e6c
B2_1564,493,callpush,Resteal,MP,9BB,BTN,,2x_Open,f424fe7ddc2a,493__spot-Resteal__position-MP__stack-9BB__opponent-BTN__bet-2x_Open__callpush-f424fe7ddc2a.jpg,charts/1564.webp,434,600,40588,17236,2ac62a2e0af1a6e41ab7adf7c72e580903cc8febb189286a90e66293a4b8d10a,c4655a4d87f4fab58d11751f1041649224ca2939cc4dde3e9146969d55a70466
B2_1565,204,callpush,Resteal,CO,19BB,SB,,2x_Open,6bbba73bea6a,204__spot-Resteal__position-CO__stack-19BB__opponent-SB__bet-2x_Open__callpush-6bbba73bea6a.jpg,charts/1565.webp,434,600,34199,14108,b591e0830e9338cd37f04e94a2135b5f25635b756a9d3c37b6582c9ef735eb02,2cd1ec52119e24abbaa559c209cea70429323137a2ec7cd16e632165fb6948d3
B2_1566,112,callpush,Open_Push,BB,5.5BB,vs_BTN,,,25c9ce4fcd9f,112__spot-Open_Push__position-BB__stack-5.5BB__opponent-vs_BTN__callpush-25c9ce4fcd9f.jpg,charts/1566.webp,434,600,46224,19892,a2c43be674ce64dfd75ffcc3707dba662a331706514fb4b392a716dd5f5ac126,ec7ffb03a06bea9dea1c1fff5c36a676f3c1a6cdde069efc99ad89c0d8d92efd
B2_1567,433,callpush,Resteal,MP,19BB,CO,,3x_Open,25c077df2c20,433__spot-Resteal__position-MP__stack-19BB__opponent-CO__bet-3x_Open__callpush-25c077df2c20.jpg,charts/1567.webp,434,600,30760,12416,d8b13546443205a1c036d93b056adfdc433fc34534eac6bc49d9761348f43fb6,64ed482691ab43facef9f8f79e72fcc02db043854e6ad4e33db8af965e6861c3
B2_1568,228,callpush,Resteal,CO,32BB,SB,,2x_Open,74237964eccb,228__spot-Resteal__position-CO__stack-32BB__opponent-SB__bet-2x_Open__callpush-74237964eccb.jpg,charts/1568.webp,434,600,31799,12814,ead4551733c5bca6f5b7e2b24d57883c90df7e56fd90117c3f8e035be34d7bf6,a1624100d68aa558b02b4c6033d19ed6fc35b745b01214e331f09ad089d4ccbb
B2_1569,359,callpush,Resteal,EP,32BB,SB,,2x_Open,8fede2448ccb,359__spot-Resteal__position-EP__stack-32BB__opponent-SB__bet-2x_Open__callpush-8fede2448ccb.jpg,charts/1569.webp,434,600,29585,11426,2938a654a11b4579b8ca896f0d2db4d604284f77d1e9dd0a8f1a5d8ae8d9b835,35ede70b4bbd11a76d90fb10c2799bb9908cba07928e35fade03e1e089326b1e
B2_1570,191,callpush,Resteal,CO,15BB,BTN,,2x_Open,c46a8eed85f7,191__spot-Resteal__position-CO__stack-15BB__opponent-BTN__bet-2x_Open__callpush-c46a8eed85f7.jpg,charts/1570.webp,434,600,34403,14132,10b48b085646cfd78f6ff7a3beff083f364ee25b8670b1f558d2c93ab9eba476,1ba8ee702692a3c7c3e530dc8de8e2cf96eaa89d972fcdd060571222c6915f44
B2_1571,459,callpush,Resteal,MP,24BB,HJ,,3x_Open,93341fbfeab9,459__spot-Resteal__position-MP__stack-24BB__opponent-HJ__bet-3x_Open__callpush-93341fbfeab9.jpg,charts/1571.webp,434,600,30160,12224,d2458930bdfe275d87dc59697ca79e4b530140d35de647d039300093b4bde832,7047d37e7ce01ea4ff19e7d4e964f8c857c8e5931b5a9fcf3aa200d4b3498662
B2_1572,173,callpush,Resteal,BTN,9BB,BTN,,2x_Open,de8e245d2a69,173__spot-Resteal__position-BTN__stack-9BB__opponent-BTN__bet-2x_Open__callpush-de8e245d2a69.jpg,charts/1572.webp,434,600,43762,18520,0798564dde10f7596ac42bd1969d01c2363a5ee5ef41d071c4642de32237d9aa,4f1fea9f3c2c1fbc26bf98bf3b96838e02bd67df582b732342235275a715dcd4
B2_1573,207,callpush,Resteal,CO,21BB,BB,,3x_Open,98c327e4b5a4,207__spot-Resteal__position-CO__stack-21BB__opponent-BB__bet-3x_Open__callpush-98c327e4b5a4.jpg,charts/1573.webp,434,600,32279,13016,50067424a0d49853b0915e93b06c101e5c5dc32a71a2122ba5937837546325bf,43baba2546b23fd6fc8825e4456d1d5cea9316df9b753bdfe7a113ae2f644c94
B2_1574,134,callpush,Open_Push,BB,9.5BB,vs_MP,,,0731315ce435,134__spot-Open_Push__position-BB__stack-9.5BB__opponent-vs_MP__callpush-0731315ce435.jpg,charts/1574.webp,434,600,35575,14650,66260863a0752ebd81f22effdf7015859d9279c6c0850154de823e013bb941d2,42f5cf4bf0f67bc15fd5f12c159a63cfc63f624f4d7bc12e6142de0b230825c4
B2_1575,034,callpush,Open_Push,BB,16.5BB,vs_SB,,,0d98eca975b2,034__spot-Open_Push__position-BB__stack-16.5BB__opponent-vs_SB__callpush-0d98eca975b2.jpg,charts/1575.webp,434,600,39943,16906,ddb5afff7e3e67bf9fab6bdf2f716201298cee8ac7ad57a5785ef6c08d0c90a1,e3a8b6015e583a781a9715a3d2ea12938b0aaadd65138649e0c9aa19e39f0b92
B2_1576,114,callpush,Open_Push,BB,5.5BB,vs_EP,,,0658252523d2,114__spot-Open_Push__position-BB__stack-5.5BB__opponent-vs_EP__callpush-0658252523d2.jpg,charts/1576.webp,434,600,42218,17928,e74cf62ec1dc4ddf0d35753e9acedb37b58761e3b1af67a171cb3448f1df1d91,3e8fef73ca4c06f01335f5f76192d442d82543c349223faa09ee72bf71949bc8
B2_1577,177,callpush,Resteal,CO,11BB,BB,,2x_Open,29e5dffc5691,177__spot-Resteal__position-CO__stack-11BB__opponent-BB__bet-2x_Open__callpush-29e5dffc5691.jpg,charts/1577.webp,434,600,37407,15540,18d5dd99585f2d00539b47f7560d244eaee10bfd5bf147c5619a640dfd0092a5,088e03a415fcd2b865bea810be1640541c62af5afdf58728f4e1222009ecf25f
B2_1578,062,callpush,Open_Push,BB,21.5BB,vs_EP,,,aa761213be77,062__spot-Open_Push__position-BB__stack-21.5BB__opponent-vs_EP__callpush-aa761213be77.jpg,charts/1578.webp,434,600,30202,12150,574a724c2472f2f23d22197a7deb393286992f42b5e233e27bb61f179b7a6283,a0b5610b7e2af9823872ce9f5dd98a12ded085993931ec2fc36b79e97aa4c3e3
