source_group,stack_bb,position,hand,action_raw,source_color,combos,source_file,parser_status
UO,2-4,EP,AA,AI,purple,6,UO/2-4/EP.png,VERIFIED_BY_COLOR_GRID
UO,2-4,EP,AKs,AI,purple,4,UO/2-4/EP.png,VERIFIED_BY_COLOR_GRID
UO,2-4,EP,AQs,AI,purple,4,UO/2-4/EP.png,VERIFIED_BY_COLOR_GRID
UO,2-4,EP,AJs,AI,purple,4,UO/2-4/EP.png,VERIFIED_BY_COLOR_GRID
UO,2-4,EP,ATs,AI,purple,4,UO/2-4/EP.png,VERIFIED_BY_COLOR_GRID
UO,2-4,EP,A9s,AI,purple,4,UO/2-4/EP.png,VERIFIED_BY_COLOR_GRID
UO,2-4,EP,A8s,AI,purple,4,UO/2-4/EP.png,VERIFIED_BY_COLOR_GRID
UO,2-4,EP,A7s,AI,purple,4,UO/2-4/EP.png,VERIFIED_BY_COLOR_GRID
UO,2-4,EP,A6s,AI,purple,4,UO/2-4/EP.png,VERIFIED_BY_COLOR_GRID
UO,2-4,EP,A5s,AI,purple,4,UO/2-4/EP.png,VERIFIED_BY_COLOR_GRID
UO,2-4,EP,A4s,AI,purple,4,UO/2-4/EP.png,VERIFIED_BY_COLOR_GRID
UO,2-4,EP,A3s,AI,purple,4,UO/2-4/EP.png,VERIFIED_BY_COLOR_GRID
UO,2-4,EP,A2s,AI,purple,4,UO/2-4/EP.png,VERIFIED_BY_COLOR_GRID
UO,2-4,EP,AKo,AI,purple,12,UO/2-4/EP.png,VERIFIED_BY_COLOR_GRID
UO,2-4,EP,KK,AI,purple,6,UO/2-4/EP.png,VERIFIED_BY_COLOR_GRID
UO,2-4,EP,KQs,AI,purple,4,UO/2-4/EP.png,VERIFIED_BY_COLOR_GRID
UO,2-4,EP,KJs,AI,purple,4,UO/2-4/EP.png,VERIFIED_BY_COLOR_GRID
UO,2-4,EP,KTs,AI,purple,4,UO/2-4/EP.png,VERIFIED_BY_COLOR_GRID
UO,2-4,EP,K9s,AI,purple,4,UO/2-4/EP.png,VERIFIED_BY_COLOR_GRID
UO,2-4,EP,K8s,AI,purple,4,UO/2-4/EP.png,VERIFIED_BY_COLOR_GRID
UO,2-4,EP,K7s,AI,purple,4,UO/2-4/EP.png,VERIFIED_BY_COLOR_GRID
UO,2-4,EP,K6s,AI,purple,4,UO/2-4/EP.png,VERIFIED_BY_COLOR_GRID
UO,2-4,EP,K5s,AI,purple,4,UO/2-4/EP.png,VERIFIED_BY_COLOR_GRID
UO,2-4,EP,K4s,AI,purple,4,UO/2-4/EP.png,VERIFIED_BY_COLOR_GRID
UO,2-4,EP,K3s,AI,purple,4,UO/2-4/EP.png,VERIFIED_BY_COLOR_GRID
UO,2-4,EP,K2s,UNSELECTED,gray,4,UO/2-4/EP.png,VERIFIED_BY_COLOR_GRID
UO,2-4,EP,AQo,AI,purple,12,UO/2-4/EP.png,VERIFIED_BY_COLOR_GRID
UO,2-4,EP,KQo,AI,purple,12,UO/2-4/EP.png,VERIFIED_BY_COLOR_GRID
UO,2-4,EP,QQ,AI,purple,6,UO/2-4/EP.png,VERIFIED_BY_COLOR_GRID
UO,2-4,EP,QJs,AI,purple,4,UO/2-4/EP.png,VERIFIED_BY_COLOR_GRID
UO,2-4,EP,QTs,AI,purple,4,UO/2-4/EP.png,VERIFIED_BY_COLOR_GRID
UO,2-4,EP,Q9s,AI,purple,4,UO/2-4/EP.png,VERIFIED_BY_COLOR_GRID
UO,2-4,EP,Q8s,AI,purple,4,UO/2-4/EP.png,VERIFIED_BY_COLOR_GRID
UO,2-4,EP,Q7s,AI,purple,4,UO/2-4/EP.png,VERIFIED_BY_COLOR_GRID
UO,2-4,EP,Q6s,AI,purple,4,UO/2-4/EP.png,VERIFIED_BY_COLOR_GRID
UO,2-4,EP,Q5s,UNSELECTED,gray,4,UO/2-4/EP.png,VERIFIED_BY_COLOR_GRID
UO,2-4,EP,Q4s,UNSELECTED,gray,4,UO/2-4/EP.png,VERIFIED_BY_COLOR_GRID
UO,2-4,EP,Q3s,UNSELECTED,gray,4,UO/2-4/EP.png,VERIFIED_BY_COLOR_GRID
UO,2-4,EP,Q2s,UNSELECTED,gray,4,UO/2-4/EP.png,VERIFIED_BY_COLOR_GRID
UO,2-4,EP,AJo,AI,purple,12,UO/2-4/EP.png,VERIFIED_BY_COLOR_GRID
UO,2-4,EP,KJo,AI,purple,12,UO/2-4/EP.png,VERIFIED_BY_COLOR_GRID
UO,2-4,EP,QJo,AI,purple,12,UO/2-4/EP.png,VERIFIED_BY_COLOR_GRID
UO,2-4,EP,JJ,AI,purple,6,UO/2-4/EP.png,VERIFIED_BY_COLOR_GRID
UO,2-4,EP,JTs,AI,purple,4,UO/2-4/EP.png,VERIFIED_BY_COLOR_GRID
UO,2-4,EP,J9s,AI,purple,4,UO/2-4/EP.png,VERIFIED_BY_COLOR_GRID
UO,2-4,EP,J8s,AI,purple,4,UO/2-4/EP.png,VERIFIED_BY_COLOR_GRID
UO,2-4,EP,J7s,UNSELECTED,gray,4,UO/2-4/EP.png,VERIFIED_BY_COLOR_GRID
UO,2-4,EP,J6s,UNSELECTED,gray,4,UO/2-4/EP.png,VERIFIED_BY_COLOR_GRID
UO,2-4,EP,J5s,UNSELECTED,gray,4,UO/2-4/EP.png,VERIFIED_BY_COLOR_GRID
UO,2-4,EP,J4s,UNSELECTED,gray,4,UO/2-4/EP.png,VERIFIED_BY_COLOR_GRID
UO,2-4,EP,J3s,UNSELECTED,gray,4,UO/2-4/EP.png,VERIFIED_BY_COLOR_GRID
UO,2-4,EP,J2s,UNSELECTED,gray,4,UO/2-4/EP.png,VERIFIED_BY_COLOR_GRID
UO,2-4,EP,ATo,AI,purple,12,UO/2-4/EP.png,VERIFIED_BY_COLOR_GRID
UO,2-4,EP,KTo,AI,purple,12,UO/2-4/EP.png,VERIFIED_BY_COLOR_GRID
UO,2-4,EP,QTo,AI,purple,12,UO/2-4/EP.png,VERIFIED_BY_COLOR_GRID
UO,2-4,EP,JTo,AI,purple,12,UO/2-4/EP.png,VERIFIED_BY_COLOR_GRID
UO,2-4,EP,TT,AI,purple,6,UO/2-4/EP.png,VERIFIED_BY_COLOR_GRID
UO,2-4,EP,T9s,AI,purple,4,UO/2-4/EP.png,VERIFIED_BY_COLOR_GRID
UO,2-4,EP,T8s,AI,purple,4,UO/2-4/EP.png,VERIFIED_BY_COLOR_GRID
UO,2-4,EP,T7s,AI,purple,4,UO/2-4/EP.png,VERIFIED_BY_COLOR_GRID
UO,2-4,EP,T6s,UNSELECTED,gray,4,UO/2-4/EP.png,VERIFIED_BY_COLOR_GRID
UO,2-4,EP,T5s,UNSELECTED,gray,4,UO/2-4/EP.png,VERIFIED_BY_COLOR_GRID
UO,2-4,EP,T4s,UNSELECTED,gray,4,UO/2-4/EP.png,VERIFIED_BY_COLOR_GRID
UO,2-4,EP,T3s,UNSELECTED,gray,4,UO/2-4/EP.png,VERIFIED_BY_COLOR_GRID
UO,2-4,EP,T2s,UNSELECTED,gray,4,UO/2-4/EP.png,VERIFIED_BY_COLOR_GRID
UO,2-4,EP,A9o,AI,purple,12,UO/2-4/EP.png,VERIFIED_BY_COLOR_GRID
UO,2-4,EP,K9o,AI,purple,12,UO/2-4/EP.png,VERIFIED_BY_COLOR_GRID
UO,2-4,EP,Q9o,UNSELECTED,gray,12,UO/2-4/EP.png,VERIFIED_BY_COLOR_GRID
UO,2-4,EP,J9o,UNSELECTED,gray,12,UO/2-4/EP.png,VERIFIED_BY_COLOR_GRID
UO,2-4,EP,T9o,UNSELECTED,gray,12,UO/2-4/EP.png,VERIFIED_BY_COLOR_GRID
UO,2-4,EP,99,AI,purple,6,UO/2-4/EP.png,VERIFIED_BY_COLOR_GRID
UO,2-4,EP,98s,AI,purple,4,UO/2-4/EP.png,VERIFIED_BY_COLOR_GRID
UO,2-4,EP,97s,AI,purple,4,UO/2-4/EP.png,VERIFIED_BY_COLOR_GRID
UO,2-4,EP,96s,UNSELECTED,gray,4,UO/2-4/EP.png,VERIFIED_BY_COLOR_GRID
UO,2-4,EP,95s,UNSELECTED,gray,4,UO/2-4/EP.png,VERIFIED_BY_COLOR_GRID
UO,2-4,EP,94s,UNSELECTED,gray,4,UO/2-4/EP.png,VERIFIED_BY_COLOR_GRID
UO,2-4,EP,93s,UNSELECTED,gray,4,UO/2-4/EP.png,VERIFIED_BY_COLOR_GRID
UO,2-4,EP,92s,UNSELECTED,gray,4,UO/2-4/EP.png,VERIFIED_BY_COLOR_GRID
UO,2-4,EP,A8o,AI,purple,12,UO/2-4/EP.png,VERIFIED_BY_COLOR_GRID
UO,2-4,EP,K8o,UNSELECTED,gray,12,UO/2-4/EP.png,VERIFIED_BY_COLOR_GRID
UO,2-4,EP,Q8o,UNSELECTED,gray,12,UO/2-4/EP.png,VERIFIED_BY_COLOR_GRID
UO,2-4,EP,J8o,UNSELECTED,gray,12,UO/2-4/EP.png,VERIFIED_BY_COLOR_GRID
UO,2-4,EP,T8o,UNSELECTED,gray,12,UO/2-4/EP.png,VERIFIED_BY_COLOR_GRID
UO,2-4,EP,98o,UNSELECTED,gray,12,UO/2-4/EP.png,VERIFIED_BY_COLOR_GRID
UO,2-4,EP,88,AI,purple,6,UO/2-4/EP.png,VERIFIED_BY_COLOR_GRID
UO,2-4,EP,87s,AI,purple,4,UO/2-4/EP.png,VERIFIED_BY_COLOR_GRID
UO,2-4,EP,86s,UNSELECTED,gray,4,UO/2-4/EP.png,VERIFIED_BY_COLOR_GRID
UO,2-4,EP,85s,UNSELECTED,gray,4,UO/2-4/EP.png,VERIFIED_BY_COLOR_GRID
UO,2-4,EP,84s,UNSELECTED,gray,4,UO/2-4/EP.png,VERIFIED_BY_COLOR_GRID
UO,2-4,EP,83s,UNSELECTED,gray,4,UO/2-4/EP.png,VERIFIED_BY_COLOR_GRID
UO,2-4,EP,82s,UNSELECTED,gray,4,UO/2-4/EP.png,VERIFIED_BY_COLOR_GRID
UO,2-4,EP,A7o,AI,purple,12,UO/2-4/EP.png,VERIFIED_BY_COLOR_GRID
UO,2-4,EP,K7o,UNSELECTED,gray,12,UO/2-4/EP.png,VERIFIED_BY_COLOR_GRID
UO,2-4,EP,Q7o,UNSELECTED,gray,12,UO/2-4/EP.png,VERIFIED_BY_COLOR_GRID
UO,2-4,EP,J7o,UNSELECTED,gray,12,UO/2-4/EP.png,VERIFIED_BY_COLOR_GRID
UO,2-4,EP,T7o,UNSELECTED,gray,12,UO/2-4/EP.png,VERIFIED_BY_COLOR_GRID
UO,2-4,EP,97o,UNSELECTED,gray,12,UO/2-4/EP.png,VERIFIED_BY_COLOR_GRID
UO,2-4,EP,87o,UNSELECTED,gray,12,UO/2-4/EP.png,VERIFIED_BY_COLOR_GRID
UO,2-4,EP,77,AI,purple,6,UO/2-4/EP.png,VERIFIED_BY_COLOR_GRID
UO,2-4,EP,76s,AI,purple,4,UO/2-4/EP.png,VERIFIED_BY_COLOR_GRID
UO,2-4,EP,75s,UNSELECTED,gray,4,UO/2-4/EP.png,VERIFIED_BY_COLOR_GRID
UO,2-4,EP,74s,UNSELECTED,gray,4,UO/2-4/EP.png,VERIFIED_BY_COLOR_GRID
UO,2-4,EP,73s,UNSELECTED,gray,4,UO/2-4/EP.png,VERIFIED_BY_COLOR_GRID
UO,2-4,EP,72s,UNSELECTED,gray,4,UO/2-4/EP.png,VERIFIED_BY_COLOR_GRID
UO,2-4,EP,A6o,AI,purple,12,UO/2-4/EP.png,VERIFIED_BY_COLOR_GRID
UO,2-4,EP,K6o,UNSELECTED,gray,12,UO/2-4/EP.png,VERIFIED_BY_COLOR_GRID
UO,2-4,EP,Q6o,UNSELECTED,gray,12,UO/2-4/EP.png,VERIFIED_BY_COLOR_GRID
UO,2-4,EP,J6o,UNSELECTED,gray,12,UO/2-4/EP.png,VERIFIED_BY_COLOR_GRID
UO,2-4,EP,T6o,UNSELECTED,gray,12,UO/2-4/EP.png,VERIFIED_BY_COLOR_GRID
UO,2-4,EP,96o,UNSELECTED,gray,12,UO/2-4/EP.png,VERIFIED_BY_COLOR_GRID
UO,2-4,EP,86o,UNSELECTED,gray,12,UO/2-4/EP.png,VERIFIED_BY_COLOR_GRID
UO,2-4,EP,76o,UNSELECTED,gray,12,UO/2-4/EP.png,VERIFIED_BY_COLOR_GRID
UO,2-4,EP,66,AI,purple,6,UO/2-4/EP.png,VERIFIED_BY_COLOR_GRID
UO,2-4,EP,65s,UNSELECTED,gray,4,UO/2-4/EP.png,VERIFIED_BY_COLOR_GRID
UO,2-4,EP,64s,UNSELECTED,gray,4,UO/2-4/EP.png,VERIFIED_BY_COLOR_GRID
UO,2-4,EP,63s,UNSELECTED,gray,4,UO/2-4/EP.png,VERIFIED_BY_COLOR_GRID
UO,2-4,EP,62s,UNSELECTED,gray,4,UO/2-4/EP.png,VERIFIED_BY_COLOR_GRID
UO,2-4,EP,A5o,AI,purple,12,UO/2-4/EP.png,VERIFIED_BY_COLOR_GRID
UO,2-4,EP,K5o,UNSELECTED,gray,12,UO/2-4/EP.png,VERIFIED_BY_COLOR_GRID
UO,2-4,EP,Q5o,UNSELECTED,gray,12,UO/2-4/EP.png,VERIFIED_BY_COLOR_GRID
UO,2-4,EP,J5o,UNSELECTED,gray,12,UO/2-4/EP.png,VERIFIED_BY_COLOR_GRID
UO,2-4,EP,T5o,UNSELECTED,gray,12,UO/2-4/EP.png,VERIFIED_BY_COLOR_GRID
UO,2-4,EP,95o,UNSELECTED,gray,12,UO/2-4/EP.png,VERIFIED_BY_COLOR_GRID
UO,2-4,EP,85o,UNSELECTED,gray,12,UO/2-4/EP.png,VERIFIED_BY_COLOR_GRID
UO,2-4,EP,75o,UNSELECTED,gray,12,UO/2-4/EP.png,VERIFIED_BY_COLOR_GRID
UO,2-4,EP,65o,UNSELECTED,gray,12,UO/2-4/EP.png,VERIFIED_BY_COLOR_GRID
UO,2-4,EP,55,AI,purple,6,UO/2-4/EP.png,VERIFIED_BY_COLOR_GRID
UO,2-4,EP,54s,UNSELECTED,gray,4,UO/2-4/EP.png,VERIFIED_BY_COLOR_GRID
UO,2-4,EP,53s,UNSELECTED,gray,4,UO/2-4/EP.png,VERIFIED_BY_COLOR_GRID
UO,2-4,EP,52s,UNSELECTED,gray,4,UO/2-4/EP.png,VERIFIED_BY_COLOR_GRID
UO,2-4,EP,A4o,AI,purple,12,UO/2-4/EP.png,VERIFIED_BY_COLOR_GRID
UO,2-4,EP,K4o,UNSELECTED,gray,12,UO/2-4/EP.png,VERIFIED_BY_COLOR_GRID
UO,2-4,EP,Q4o,UNSELECTED,gray,12,UO/2-4/EP.png,VERIFIED_BY_COLOR_GRID
UO,2-4,EP,J4o,UNSELECTED,gray,12,UO/2-4/EP.png,VERIFIED_BY_COLOR_GRID
UO,2-4,EP,T4o,UNSELECTED,gray,12,UO/2-4/EP.png,VERIFIED_BY_COLOR_GRID
UO,2-4,EP,94o,UNSELECTED,gray,12,UO/2-4/EP.png,VERIFIED_BY_COLOR_GRID
UO,2-4,EP,84o,UNSELECTED,gray,12,UO/2-4/EP.png,VERIFIED_BY_COLOR_GRID
UO,2-4,EP,74o,UNSELECTED,gray,12,UO/2-4/EP.png,VERIFIED_BY_COLOR_GRID
UO,2-4,EP,64o,UNSELECTED,gray,12,UO/2-4/EP.png,VERIFIED_BY_COLOR_GRID
UO,2-4,EP,54o,UNSELECTED,gray,12,UO/2-4/EP.png,VERIFIED_BY_COLOR_GRID
UO,2-4,EP,44,AI,purple,6,UO/2-4/EP.png,VERIFIED_BY_COLOR_GRID
UO,2-4,EP,43s,UNSELECTED,gray,4,UO/2-4/EP.png,VERIFIED_BY_COLOR_GRID
UO,2-4,EP,42s,UNSELECTED,gray,4,UO/2-4/EP.png,VERIFIED_BY_COLOR_GRID
UO,2-4,EP,A3o,AI,purple,12,UO/2-4/EP.png,VERIFIED_BY_COLOR_GRID
UO,2-4,EP,K3o,UNSELECTED,gray,12,UO/2-4/EP.png,VERIFIED_BY_COLOR_GRID
UO,2-4,EP,Q3o,UNSELECTED,gray,12,UO/2-4/EP.png,VERIFIED_BY_COLOR_GRID
UO,2-4,EP,J3o,UNSELECTED,gray,12,UO/2-4/EP.png,VERIFIED_BY_COLOR_GRID
UO,2-4,EP,T3o,UNSELECTED,gray,12,UO/2-4/EP.png,VERIFIED_BY_COLOR_GRID
UO,2-4,EP,93o,UNSELECTED,gray,12,UO/2-4/EP.png,VERIFIED_BY_COLOR_GRID
UO,2-4,EP,83o,UNSELECTED,gray,12,UO/2-4/EP.png,VERIFIED_BY_COLOR_GRID
UO,2-4,EP,73o,UNSELECTED,gray,12,UO/2-4/EP.png,VERIFIED_BY_COLOR_GRID
UO,2-4,EP,63o,UNSELECTED,gray,12,UO/2-4/EP.png,VERIFIED_BY_COLOR_GRID
UO,2-4,EP,53o,UNSELECTED,gray,12,UO/2-4/EP.png,VERIFIED_BY_COLOR_GRID
UO,2-4,EP,43o,UNSELECTED,gray,12,UO/2-4/EP.png,VERIFIED_BY_COLOR_GRID
UO,2-4,EP,33,AI,purple,6,UO/2-4/EP.png,VERIFIED_BY_COLOR_GRID
UO,2-4,EP,32s,UNSELECTED,gray,4,UO/2-4/EP.png,VERIFIED_BY_COLOR_GRID
UO,2-4,EP,A2o,AI,purple,12,UO/2-4/EP.png,VERIFIED_BY_COLOR_GRID
UO,2-4,EP,K2o,UNSELECTED,gray,12,UO/2-4/EP.png,VERIFIED_BY_COLOR_GRID
UO,2-4,EP,Q2o,UNSELECTED,gray,12,UO/2-4/EP.png,VERIFIED_BY_COLOR_GRID
UO,2-4,EP,J2o,UNSELECTED,gray,12,UO/2-4/EP.png,VERIFIED_BY_COLOR_GRID
UO,2-4,EP,T2o,UNSELECTED,gray,12,UO/2-4/EP.png,VERIFIED_BY_COLOR_GRID
UO,2-4,EP,92o,UNSELECTED,gray,12,UO/2-4/EP.png,VERIFIED_BY_COLOR_GRID
UO,2-4,EP,82o,UNSELECTED,gray,12,UO/2-4/EP.png,VERIFIED_BY_COLOR_GRID
UO,2-4,EP,72o,UNSELECTED,gray,12,UO/2-4/EP.png,VERIFIED_BY_COLOR_GRID
UO,2-4,EP,62o,UNSELECTED,gray,12,UO/2-4/EP.png,VERIFIED_BY_COLOR_GRID
UO,2-4,EP,52o,UNSELECTED,gray,12,UO/2-4/EP.png,VERIFIED_BY_COLOR_GRID
UO,2-4,EP,42o,UNSELECTED,gray,12,UO/2-4/EP.png,VERIFIED_BY_COLOR_GRID
UO,2-4,EP,32o,UNSELECTED,gray,12,UO/2-4/EP.png,VERIFIED_BY_COLOR_GRID
UO,2-4,EP,22,AI,purple,6,UO/2-4/EP.png,VERIFIED_BY_COLOR_GRID
UO,2-4,MP,AA,AI,purple,6,UO/2-4/MP.png,VERIFIED_BY_COLOR_GRID
UO,2-4,MP,AKs,AI,purple,4,UO/2-4/MP.png,VERIFIED_BY_COLOR_GRID
UO,2-4,MP,AQs,AI,purple,4,UO/2-4/MP.png,VERIFIED_BY_COLOR_GRID
UO,2-4,MP,AJs,AI,purple,4,UO/2-4/MP.png,VERIFIED_BY_COLOR_GRID
UO,2-4,MP,ATs,AI,purple,4,UO/2-4/MP.png,VERIFIED_BY_COLOR_GRID
UO,2-4,MP,A9s,AI,purple,4,UO/2-4/MP.png,VERIFIED_BY_COLOR_GRID
UO,2-4,MP,A8s,AI,purple,4,UO/2-4/MP.png,VERIFIED_BY_COLOR_GRID
UO,2-4,MP,A7s,AI,purple,4,UO/2-4/MP.png,VERIFIED_BY_COLOR_GRID
UO,2-4,MP,A6s,AI,purple,4,UO/2-4/MP.png,VERIFIED_BY_COLOR_GRID
UO,2-4,MP,A5s,AI,purple,4,UO/2-4/MP.png,VERIFIED_BY_COLOR_GRID
UO,2-4,MP,A4s,AI,purple,4,UO/2-4/MP.png,VERIFIED_BY_COLOR_GRID
UO,2-4,MP,A3s,AI,purple,4,UO/2-4/MP.png,VERIFIED_BY_COLOR_GRID
UO,2-4,MP,A2s,AI,purple,4,UO/2-4/MP.png,VERIFIED_BY_COLOR_GRID
UO,2-4,MP,AKo,AI,purple,12,UO/2-4/MP.png,VERIFIED_BY_COLOR_GRID
UO,2-4,MP,KK,AI,purple,6,UO/2-4/MP.png,VERIFIED_BY_COLOR_GRID
UO,2-4,MP,KQs,AI,purple,4,UO/2-4/MP.png,VERIFIED_BY_COLOR_GRID
UO,2-4,MP,KJs,AI,purple,4,UO/2-4/MP.png,VERIFIED_BY_COLOR_GRID
UO,2-4,MP,KTs,AI,purple,4,UO/2-4/MP.png,VERIFIED_BY_COLOR_GRID
UO,2-4,MP,K9s,AI,purple,4,UO/2-4/MP.png,VERIFIED_BY_COLOR_GRID
UO,2-4,MP,K8s,AI,purple,4,UO/2-4/MP.png,VERIFIED_BY_COLOR_GRID
UO,2-4,MP,K7s,AI,purple,4,UO/2-4/MP.png,VERIFIED_BY_COLOR_GRID
UO,2-4,MP,K6s,AI,purple,4,UO/2-4/MP.png,VERIFIED_BY_COLOR_GRID
UO,2-4,MP,K5s,AI,purple,4,UO/2-4/MP.png,VERIFIED_BY_COLOR_GRID
UO,2-4,MP,K4s,AI,purple,4,UO/2-4/MP.png,VERIFIED_BY_COLOR_GRID
UO,2-4,MP,K3s,AI,purple,4,UO/2-4/MP.png,VERIFIED_BY_COLOR_GRID
UO,2-4,MP,K2s,AI,purple,4,UO/2-4/MP.png,VERIFIED_BY_COLOR_GRID
UO,2-4,MP,AQo,AI,purple,12,UO/2-4/MP.png,VERIFIED_BY_COLOR_GRID
UO,2-4,MP,KQo,AI,purple,12,UO/2-4/MP.png,VERIFIED_BY_COLOR_GRID
UO,2-4,MP,QQ,AI,purple,6,UO/2-4/MP.png,VERIFIED_BY_COLOR_GRID
UO,2-4,MP,QJs,AI,purple,4,UO/2-4/MP.png,VERIFIED_BY_COLOR_GRID
UO,2-4,MP,QTs,AI,purple,4,UO/2-4/MP.png,VERIFIED_BY_COLOR_GRID
UO,2-4,MP,Q9s,AI,purple,4,UO/2-4/MP.png,VERIFIED_BY_COLOR_GRID
UO,2-4,MP,Q8s,AI,purple,4,UO/2-4/MP.png,VERIFIED_BY_COLOR_GRID
UO,2-4,MP,Q7s,AI,purple,4,UO/2-4/MP.png,VERIFIED_BY_COLOR_GRID
UO,2-4,MP,Q6s,AI,purple,4,UO/2-4/MP.png,VERIFIED_BY_COLOR_GRID
UO,2-4,MP,Q5s,AI,purple,4,UO/2-4/MP.png,VERIFIED_BY_COLOR_GRID
UO,2-4,MP,Q4s,UNSELECTED,gray,4,UO/2-4/MP.png,VERIFIED_BY_COLOR_GRID
UO,2-4,MP,Q3s,UNSELECTED,gray,4,UO/2-4/MP.png,VERIFIED_BY_COLOR_GRID
UO,2-4,MP,Q2s,UNSELECTED,gray,4,UO/2-4/MP.png,VERIFIED_BY_COLOR_GRID
UO,2-4,MP,AJo,AI,purple,12,UO/2-4/MP.png,VERIFIED_BY_COLOR_GRID
UO,2-4,MP,KJo,AI,purple,12,UO/2-4/MP.png,VERIFIED_BY_COLOR_GRID
UO,2-4,MP,QJo,AI,purple,12,UO/2-4/MP.png,VERIFIED_BY_COLOR_GRID
UO,2-4,MP,JJ,AI,purple,6,UO/2-4/MP.png,VERIFIED_BY_COLOR_GRID
UO,2-4,MP,JTs,AI,purple,4,UO/2-4/MP.png,VERIFIED_BY_COLOR_GRID
UO,2-4,MP,J9s,AI,purple,4,UO/2-4/MP.png,VERIFIED_BY_COLOR_GRID
UO,2-4,MP,J8s,AI,purple,4,UO/2-4/MP.png,VERIFIED_BY_COLOR_GRID
UO,2-4,MP,J7s,AI,purple,4,UO/2-4/MP.png,VERIFIED_BY_COLOR_GRID
UO,2-4,MP,J6s,UNSELECTED,gray,4,UO/2-4/MP.png,VERIFIED_BY_COLOR_GRID
UO,2-4,MP,J5s,UNSELECTED,gray,4,UO/2-4/MP.png,VERIFIED_BY_COLOR_GRID
UO,2-4,MP,J4s,UNSELECTED,gray,4,UO/2-4/MP.png,VERIFIED_BY_COLOR_GRID
UO,2-4,MP,J3s,UNSELECTED,gray,4,UO/2-4/MP.png,VERIFIED_BY_COLOR_GRID
UO,2-4,MP,J2s,UNSELECTED,gray,4,UO/2-4/MP.png,VERIFIED_BY_COLOR_GRID
UO,2-4,MP,ATo,AI,purple,12,UO/2-4/MP.png,VERIFIED_BY_COLOR_GRID
UO,2-4,MP,KTo,AI,purple,12,UO/2-4/MP.png,VERIFIED_BY_COLOR_GRID
UO,2-4,MP,QTo,AI,purple,12,UO/2-4/MP.png,VERIFIED_BY_COLOR_GRID
UO,2-4,MP,JTo,AI,purple,12,UO/2-4/MP.png,VERIFIED_BY_COLOR_GRID
UO,2-4,MP,TT,AI,purple,6,UO/2-4/MP.png,VERIFIED_BY_COLOR_GRID
UO,2-4,MP,T9s,AI,purple,4,UO/2-4/MP.png,VERIFIED_BY_COLOR_GRID
UO,2-4,MP,T8s,AI,purple,4,UO/2-4/MP.png,VERIFIED_BY_COLOR_GRID
UO,2-4,MP,T7s,AI,purple,4,UO/2-4/MP.png,VERIFIED_BY_COLOR_GRID
UO,2-4,MP,T6s,UNSELECTED,gray,4,UO/2-4/MP.png,VERIFIED_BY_COLOR_GRID
UO,2-4,MP,T5s,UNSELECTED,gray,4,UO/2-4/MP.png,VERIFIED_BY_COLOR_GRID
UO,2-4,MP,T4s,UNSELECTED,gray,4,UO/2-4/MP.png,VERIFIED_BY_COLOR_GRID
UO,2-4,MP,T3s,UNSELECTED,gray,4,UO/2-4/MP.png,VERIFIED_BY_COLOR_GRID
UO,2-4,MP,T2s,UNSELECTED,gray,4,UO/2-4/MP.png,VERIFIED_BY_COLOR_GRID
UO,2-4,MP,A9o,AI,purple,12,UO/2-4/MP.png,VERIFIED_BY_COLOR_GRID
UO,2-4,MP,K9o,AI,purple,12,UO/2-4/MP.png,VERIFIED_BY_COLOR_GRID
UO,2-4,MP,Q9o,AI,purple,12,UO/2-4/MP.png,VERIFIED_BY_COLOR_GRID
UO,2-4,MP,J9o,AI,purple,12,UO/2-4/MP.png,VERIFIED_BY_COLOR_GRID
UO,2-4,MP,T9o,AI,purple,12,UO/2-4/MP.png,VERIFIED_BY_COLOR_GRID
UO,2-4,MP,99,AI,purple,6,UO/2-4/MP.png,VERIFIED_BY_COLOR_GRID
UO,2-4,MP,98s,AI,purple,4,UO/2-4/MP.png,VERIFIED_BY_COLOR_GRID
UO,2-4,MP,97s,AI,purple,4,UO/2-4/MP.png,VERIFIED_BY_COLOR_GRID
UO,2-4,MP,96s,UNSELECTED,gray,4,UO/2-4/MP.png,VERIFIED_BY_COLOR_GRID
UO,2-4,MP,95s,UNSELECTED,gray,4,UO/2-4/MP.png,VERIFIED_BY_COLOR_GRID
UO,2-4,MP,94s,UNSELECTED,gray,4,UO/2-4/MP.png,VERIFIED_BY_COLOR_GRID
UO,2-4,MP,93s,UNSELECTED,gray,4,UO/2-4/MP.png,VERIFIED_BY_COLOR_GRID
UO,2-4,MP,92s,UNSELECTED,gray,4,UO/2-4/MP.png,VERIFIED_BY_COLOR_GRID
UO,2-4,MP,A8o,AI,purple,12,UO/2-4/MP.png,VERIFIED_BY_COLOR_GRID
UO,2-4,MP,K8o,AI,purple,12,UO/2-4/MP.png,VERIFIED_BY_COLOR_GRID
UO,2-4,MP,Q8o,UNSELECTED,gray,12,UO/2-4/MP.png,VERIFIED_BY_COLOR_GRID
UO,2-4,MP,J8o,UNSELECTED,gray,12,UO/2-4/MP.png,VERIFIED_BY_COLOR_GRID
UO,2-4,MP,T8o,UNSELECTED,gray,12,UO/2-4/MP.png,VERIFIED_BY_COLOR_GRID
UO,2-4,MP,98o,UNSELECTED,gray,12,UO/2-4/MP.png,VERIFIED_BY_COLOR_GRID
UO,2-4,MP,88,AI,purple,6,UO/2-4/MP.png,VERIFIED_BY_COLOR_GRID
UO,2-4,MP,87s,AI,purple,4,UO/2-4/MP.png,VERIFIED_BY_COLOR_GRID
UO,2-4,MP,86s,UNSELECTED,gray,4,UO/2-4/MP.png,VERIFIED_BY_COLOR_GRID
UO,2-4,MP,85s,UNSELECTED,gray,4,UO/2-4/MP.png,VERIFIED_BY_COLOR_GRID
UO,2-4,MP,84s,UNSELECTED,gray,4,UO/2-4/MP.png,VERIFIED_BY_COLOR_GRID
UO,2-4,MP,83s,UNSELECTED,gray,4,UO/2-4/MP.png,VERIFIED_BY_COLOR_GRID
UO,2-4,MP,82s,UNSELECTED,gray,4,UO/2-4/MP.png,VERIFIED_BY_COLOR_GRID
UO,2-4,MP,A7o,AI,purple,12,UO/2-4/MP.png,VERIFIED_BY_COLOR_GRID
UO,2-4,MP,K7o,UNSELECTED,gray,12,UO/2-4/MP.png,VERIFIED_BY_COLOR_GRID
UO,2-4,MP,Q7o,UNSELECTED,gray,12,UO/2-4/MP.png,VERIFIED_BY_COLOR_GRID
UO,2-4,MP,J7o,UNSELECTED,gray,12,UO/2-4/MP.png,VERIFIED_BY_COLOR_GRID
UO,2-4,MP,T7o,UNSELECTED,gray,12,UO/2-4/MP.png,VERIFIED_BY_COLOR_GRID
UO,2-4,MP,97o,UNSELECTED,gray,12,UO/2-4/MP.png,VERIFIED_BY_COLOR_GRID
UO,2-4,MP,87o,UNSELECTED,gray,12,UO/2-4/MP.png,VERIFIED_BY_COLOR_GRID
UO,2-4,MP,77,AI,purple,6,UO/2-4/MP.png,VERIFIED_BY_COLOR_GRID
UO,2-4,MP,76s,AI,purple,4,UO/2-4/MP.png,VERIFIED_BY_COLOR_GRID
UO,2-4,MP,75s,UNSELECTED,gray,4,UO/2-4/MP.png,VERIFIED_BY_COLOR_GRID
UO,2-4,MP,74s,UNSELECTED,gray,4,UO/2-4/MP.png,VERIFIED_BY_COLOR_GRID
UO,2-4,MP,73s,UNSELECTED,gray,4,UO/2-4/MP.png,VERIFIED_BY_COLOR_GRID
UO,2-4,MP,72s,UNSELECTED,gray,4,UO/2-4/MP.png,VERIFIED_BY_COLOR_GRID
UO,2-4,MP,A6o,AI,purple,12,UO/2-4/MP.png,VERIFIED_BY_COLOR_GRID
UO,2-4,MP,K6o,UNSELECTED,gray,12,UO/2-4/MP.png,VERIFIED_BY_COLOR_GRID
UO,2-4,MP,Q6o,UNSELECTED,gray,12,UO/2-4/MP.png,VERIFIED_BY_COLOR_GRID
UO,2-4,MP,J6o,UNSELECTED,gray,12,UO/2-4/MP.png,VERIFIED_BY_COLOR_GRID
UO,2-4,MP,T6o,UNSELECTED,gray,12,UO/2-4/MP.png,VERIFIED_BY_COLOR_GRID
UO,2-4,MP,96o,UNSELECTED,gray,12,UO/2-4/MP.png,VERIFIED_BY_COLOR_GRID
UO,2-4,MP,86o,UNSELECTED,gray,12,UO/2-4/MP.png,VERIFIED_BY_COLOR_GRID
UO,2-4,MP,76o,UNSELECTED,gray,12,UO/2-4/MP.png,VERIFIED_BY_COLOR_GRID
UO,2-4,MP,66,AI,purple,6,UO/2-4/MP.png,VERIFIED_BY_COLOR_GRID
UO,2-4,MP,65s,UNSELECTED,gray,4,UO/2-4/MP.png,VERIFIED_BY_COLOR_GRID
UO,2-4,MP,64s,UNSELECTED,gray,4,UO/2-4/MP.png,VERIFIED_BY_COLOR_GRID
UO,2-4,MP,63s,UNSELECTED,gray,4,UO/2-4/MP.png,VERIFIED_BY_COLOR_GRID
UO,2-4,MP,62s,UNSELECTED,gray,4,UO/2-4/MP.png,VERIFIED_BY_COLOR_GRID
UO,2-4,MP,A5o,AI,purple,12,UO/2-4/MP.png,VERIFIED_BY_COLOR_GRID
UO,2-4,MP,K5o,UNSELECTED,gray,12,UO/2-4/MP.png,VERIFIED_BY_COLOR_GRID
UO,2-4,MP,Q5o,UNSELECTED,gray,12,UO/2-4/MP.png,VERIFIED_BY_COLOR_GRID
UO,2-4,MP,J5o,UNSELECTED,gray,12,UO/2-4/MP.png,VERIFIED_BY_COLOR_GRID
UO,2-4,MP,T5o,UNSELECTED,gray,12,UO/2-4/MP.png,VERIFIED_BY_COLOR_GRID
UO,2-4,MP,95o,UNSELECTED,gray,12,UO/2-4/MP.png,VERIFIED_BY_COLOR_GRID
UO,2-4,MP,85o,UNSELECTED,gray,12,UO/2-4/MP.png,VERIFIED_BY_COLOR_GRID
UO,2-4,MP,75o,UNSELECTED,gray,12,UO/2-4/MP.png,VERIFIED_BY_COLOR_GRID
UO,2-4,MP,65o,UNSELECTED,gray,12,UO/2-4/MP.png,VERIFIED_BY_COLOR_GRID
UO,2-4,MP,55,AI,purple,6,UO/2-4/MP.png,VERIFIED_BY_COLOR_GRID
UO,2-4,MP,54s,UNSELECTED,gray,4,UO/2-4/MP.png,VERIFIED_BY_COLOR_GRID
UO,2-4,MP,53s,UNSELECTED,gray,4,UO/2-4/MP.png,VERIFIED_BY_COLOR_GRID
UO,2-4,MP,52s,UNSELECTED,gray,4,UO/2-4/MP.png,VERIFIED_BY_COLOR_GRID
UO,2-4,MP,A4o,AI,purple,12,UO/2-4/MP.png,VERIFIED_BY_COLOR_GRID
UO,2-4,MP,K4o,UNSELECTED,gray,12,UO/2-4/MP.png,VERIFIED_BY_COLOR_GRID
UO,2-4,MP,Q4o,UNSELECTED,gray,12,UO/2-4/MP.png,VERIFIED_BY_COLOR_GRID
UO,2-4,MP,J4o,UNSELECTED,gray,12,UO/2-4/MP.png,VERIFIED_BY_COLOR_GRID
UO,2-4,MP,T4o,UNSELECTED,gray,12,UO/2-4/MP.png,VERIFIED_BY_COLOR_GRID
UO,2-4,MP,94o,UNSELECTED,gray,12,UO/2-4/MP.png,VERIFIED_BY_COLOR_GRID
UO,2-4,MP,84o,UNSELECTED,gray,12,UO/2-4/MP.png,VERIFIED_BY_COLOR_GRID
UO,2-4,MP,74o,UNSELECTED,gray,12,UO/2-4/MP.png,VERIFIED_BY_COLOR_GRID
UO,2-4,MP,64o,UNSELECTED,gray,12,UO/2-4/MP.png,VERIFIED_BY_COLOR_GRID
UO,2-4,MP,54o,UNSELECTED,gray,12,UO/2-4/MP.png,VERIFIED_BY_COLOR_GRID
UO,2-4,MP,44,AI,purple,6,UO/2-4/MP.png,VERIFIED_BY_COLOR_GRID
UO,2-4,MP,43s,UNSELECTED,gray,4,UO/2-4/MP.png,VERIFIED_BY_COLOR_GRID
UO,2-4,MP,42s,UNSELECTED,gray,4,UO/2-4/MP.png,VERIFIED_BY_COLOR_GRID
UO,2-4,MP,A3o,AI,purple,12,UO/2-4/MP.png,VERIFIED_BY_COLOR_GRID
UO,2-4,MP,K3o,UNSELECTED,gray,12,UO/2-4/MP.png,VERIFIED_BY_COLOR_GRID
UO,2-4,MP,Q3o,UNSELECTED,gray,12,UO/2-4/MP.png,VERIFIED_BY_COLOR_GRID
UO,2-4,MP,J3o,UNSELECTED,gray,12,UO/2-4/MP.png,VERIFIED_BY_COLOR_GRID
UO,2-4,MP,T3o,UNSELECTED,gray,12,UO/2-4/MP.png,VERIFIED_BY_COLOR_GRID
UO,2-4,MP,93o,UNSELECTED,gray,12,UO/2-4/MP.png,VERIFIED_BY_COLOR_GRID
UO,2-4,MP,83o,UNSELECTED,gray,12,UO/2-4/MP.png,VERIFIED_BY_COLOR_GRID
UO,2-4,MP,73o,UNSELECTED,gray,12,UO/2-4/MP.png,VERIFIED_BY_COLOR_GRID
UO,2-4,MP,63o,UNSELECTED,gray,12,UO/2-4/MP.png,VERIFIED_BY_COLOR_GRID
UO,2-4,MP,53o,UNSELECTED,gray,12,UO/2-4/MP.png,VERIFIED_BY_COLOR_GRID
UO,2-4,MP,43o,UNSELECTED,gray,12,UO/2-4/MP.png,VERIFIED_BY_COLOR_GRID
UO,2-4,MP,33,AI,purple,6,UO/2-4/MP.png,VERIFIED_BY_COLOR_GRID
UO,2-4,MP,32s,UNSELECTED,gray,4,UO/2-4/MP.png,VERIFIED_BY_COLOR_GRID
UO,2-4,MP,A2o,AI,purple,12,UO/2-4/MP.png,VERIFIED_BY_COLOR_GRID
UO,2-4,MP,K2o,UNSELECTED,gray,12,UO/2-4/MP.png,VERIFIED_BY_COLOR_GRID
UO,2-4,MP,Q2o,UNSELECTED,gray,12,UO/2-4/MP.png,VERIFIED_BY_COLOR_GRID
UO,2-4,MP,J2o,UNSELECTED,gray,12,UO/2-4/MP.png,VERIFIED_BY_COLOR_GRID
UO,2-4,MP,T2o,UNSELECTED,gray,12,UO/2-4/MP.png,VERIFIED_BY_COLOR_GRID
UO,2-4,MP,92o,UNSELECTED,gray,12,UO/2-4/MP.png,VERIFIED_BY_COLOR_GRID
UO,2-4,MP,82o,UNSELECTED,gray,12,UO/2-4/MP.png,VERIFIED_BY_COLOR_GRID
UO,2-4,MP,72o,UNSELECTED,gray,12,UO/2-4/MP.png,VERIFIED_BY_COLOR_GRID
UO,2-4,MP,62o,UNSELECTED,gray,12,UO/2-4/MP.png,VERIFIED_BY_COLOR_GRID
UO,2-4,MP,52o,UNSELECTED,gray,12,UO/2-4/MP.png,VERIFIED_BY_COLOR_GRID
UO,2-4,MP,42o,UNSELECTED,gray,12,UO/2-4/MP.png,VERIFIED_BY_COLOR_GRID
UO,2-4,MP,32o,UNSELECTED,gray,12,UO/2-4/MP.png,VERIFIED_BY_COLOR_GRID
UO,2-4,MP,22,AI,purple,6,UO/2-4/MP.png,VERIFIED_BY_COLOR_GRID
UO,2-4,LJ,AA,AI,purple,6,UO/2-4/LJ.png,VERIFIED_BY_COLOR_GRID
UO,2-4,LJ,AKs,AI,purple,4,UO/2-4/LJ.png,VERIFIED_BY_COLOR_GRID
UO,2-4,LJ,AQs,AI,purple,4,UO/2-4/LJ.png,VERIFIED_BY_COLOR_GRID
UO,2-4,LJ,AJs,AI,purple,4,UO/2-4/LJ.png,VERIFIED_BY_COLOR_GRID
UO,2-4,LJ,ATs,AI,purple,4,UO/2-4/LJ.png,VERIFIED_BY_COLOR_GRID
UO,2-4,LJ,A9s,AI,purple,4,UO/2-4/LJ.png,VERIFIED_BY_COLOR_GRID
UO,2-4,LJ,A8s,AI,purple,4,UO/2-4/LJ.png,VERIFIED_BY_COLOR_GRID
UO,2-4,LJ,A7s,AI,purple,4,UO/2-4/LJ.png,VERIFIED_BY_COLOR_GRID
UO,2-4,LJ,A6s,AI,purple,4,UO/2-4/LJ.png,VERIFIED_BY_COLOR_GRID
UO,2-4,LJ,A5s,AI,purple,4,UO/2-4/LJ.png,VERIFIED_BY_COLOR_GRID
UO,2-4,LJ,A4s,AI,purple,4,UO/2-4/LJ.png,VERIFIED_BY_COLOR_GRID
UO,2-4,LJ,A3s,AI,purple,4,UO/2-4/LJ.png,VERIFIED_BY_COLOR_GRID
UO,2-4,LJ,A2s,AI,purple,4,UO/2-4/LJ.png,VERIFIED_BY_COLOR_GRID
UO,2-4,LJ,AKo,AI,purple,12,UO/2-4/LJ.png,VERIFIED_BY_COLOR_GRID
UO,2-4,LJ,KK,AI,purple,6,UO/2-4/LJ.png,VERIFIED_BY_COLOR_GRID
UO,2-4,LJ,KQs,AI,purple,4,UO/2-4/LJ.png,VERIFIED_BY_COLOR_GRID
UO,2-4,LJ,KJs,AI,purple,4,UO/2-4/LJ.png,VERIFIED_BY_COLOR_GRID
UO,2-4,LJ,KTs,AI,purple,4,UO/2-4/LJ.png,VERIFIED_BY_COLOR_GRID
UO,2-4,LJ,K9s,AI,purple,4,UO/2-4/LJ.png,VERIFIED_BY_COLOR_GRID
UO,2-4,LJ,K8s,AI,purple,4,UO/2-4/LJ.png,VERIFIED_BY_COLOR_GRID
UO,2-4,LJ,K7s,AI,purple,4,UO/2-4/LJ.png,VERIFIED_BY_COLOR_GRID
UO,2-4,LJ,K6s,AI,purple,4,UO/2-4/LJ.png,VERIFIED_BY_COLOR_GRID
UO,2-4,LJ,K5s,AI,purple,4,UO/2-4/LJ.png,VERIFIED_BY_COLOR_GRID
UO,2-4,LJ,K4s,AI,purple,4,UO/2-4/LJ.png,VERIFIED_BY_COLOR_GRID
UO,2-4,LJ,K3s,AI,purple,4,UO/2-4/LJ.png,VERIFIED_BY_COLOR_GRID
UO,2-4,LJ,K2s,AI,purple,4,UO/2-4/LJ.png,VERIFIED_BY_COLOR_GRID
UO,2-4,LJ,AQo,AI,purple,12,UO/2-4/LJ.png,VERIFIED_BY_COLOR_GRID
UO,2-4,LJ,KQo,AI,purple,12,UO/2-4/LJ.png,VERIFIED_BY_COLOR_GRID
UO,2-4,LJ,QQ,AI,purple,6,UO/2-4/LJ.png,VERIFIED_BY_COLOR_GRID
UO,2-4,LJ,QJs,AI,purple,4,UO/2-4/LJ.png,VERIFIED_BY_COLOR_GRID
UO,2-4,LJ,QTs,AI,purple,4,UO/2-4/LJ.png,VERIFIED_BY_COLOR_GRID
UO,2-4,LJ,Q9s,AI,purple,4,UO/2-4/LJ.png,VERIFIED_BY_COLOR_GRID
UO,2-4,LJ,Q8s,AI,purple,4,UO/2-4/LJ.png,VERIFIED_BY_COLOR_GRID
UO,2-4,LJ,Q7s,AI,purple,4,UO/2-4/LJ.png,VERIFIED_BY_COLOR_GRID
UO,2-4,LJ,Q6s,AI,purple,4,UO/2-4/LJ.png,VERIFIED_BY_COLOR_GRID
UO,2-4,LJ,Q5s,AI,purple,4,UO/2-4/LJ.png,VERIFIED_BY_COLOR_GRID
UO,2-4,LJ,Q4s,AI,purple,4,UO/2-4/LJ.png,VERIFIED_BY_COLOR_GRID
UO,2-4,LJ,Q3s,UNSELECTED,gray,4,UO/2-4/LJ.png,VERIFIED_BY_COLOR_GRID
UO,2-4,LJ,Q2s,UNSELECTED,gray,4,UO/2-4/LJ.png,VERIFIED_BY_COLOR_GRID
UO,2-4,LJ,AJo,AI,purple,12,UO/2-4/LJ.png,VERIFIED_BY_COLOR_GRID
UO,2-4,LJ,KJo,AI,purple,12,UO/2-4/LJ.png,VERIFIED_BY_COLOR_GRID
UO,2-4,LJ,QJo,AI,purple,12,UO/2-4/LJ.png,VERIFIED_BY_COLOR_GRID
UO,2-4,LJ,JJ,AI,purple,6,UO/2-4/LJ.png,VERIFIED_BY_COLOR_GRID
UO,2-4,LJ,JTs,AI,purple,4,UO/2-4/LJ.png,VERIFIED_BY_COLOR_GRID
UO,2-4,LJ,J9s,AI,purple,4,UO/2-4/LJ.png,VERIFIED_BY_COLOR_GRID
UO,2-4,LJ,J8s,AI,purple,4,UO/2-4/LJ.png,VERIFIED_BY_COLOR_GRID
UO,2-4,LJ,J7s,AI,purple,4,UO/2-4/LJ.png,VERIFIED_BY_COLOR_GRID
UO,2-4,LJ,J6s,UNSELECTED,gray,4,UO/2-4/LJ.png,VERIFIED_BY_COLOR_GRID
UO,2-4,LJ,J5s,UNSELECTED,gray,4,UO/2-4/LJ.png,VERIFIED_BY_COLOR_GRID
UO,2-4,LJ,J4s,UNSELECTED,gray,4,UO/2-4/LJ.png,VERIFIED_BY_COLOR_GRID
UO,2-4,LJ,J3s,UNSELECTED,gray,4,UO/2-4/LJ.png,VERIFIED_BY_COLOR_GRID
UO,2-4,LJ,J2s,UNSELECTED,gray,4,UO/2-4/LJ.png,VERIFIED_BY_COLOR_GRID
UO,2-4,LJ,ATo,AI,purple,12,UO/2-4/LJ.png,VERIFIED_BY_COLOR_GRID
UO,2-4,LJ,KTo,AI,purple,12,UO/2-4/LJ.png,VERIFIED_BY_COLOR_GRID
UO,2-4,LJ,QTo,AI,purple,12,UO/2-4/LJ.png,VERIFIED_BY_COLOR_GRID
UO,2-4,LJ,JTo,AI,purple,12,UO/2-4/LJ.png,VERIFIED_BY_COLOR_GRID
UO,2-4,LJ,TT,AI,purple,6,UO/2-4/LJ.png,VERIFIED_BY_COLOR_GRID
UO,2-4,LJ,T9s,AI,purple,4,UO/2-4/LJ.png,VERIFIED_BY_COLOR_GRID
UO,2-4,LJ,T8s,AI,purple,4,UO/2-4/LJ.png,VERIFIED_BY_COLOR_GRID
UO,2-4,LJ,T7s,AI,purple,4,UO/2-4/LJ.png,VERIFIED_BY_COLOR_GRID
UO,2-4,LJ,T6s,UNSELECTED,gray,4,UO/2-4/LJ.png,VERIFIED_BY_COLOR_GRID
UO,2-4,LJ,T5s,UNSELECTED,gray,4,UO/2-4/LJ.png,VERIFIED_BY_COLOR_GRID
UO,2-4,LJ,T4s,UNSELECTED,gray,4,UO/2-4/LJ.png,VERIFIED_BY_COLOR_GRID
UO,2-4,LJ,T3s,UNSELECTED,gray,4,UO/2-4/LJ.png,VERIFIED_BY_COLOR_GRID
UO,2-4,LJ,T2s,UNSELECTED,gray,4,UO/2-4/LJ.png,VERIFIED_BY_COLOR_GRID
UO,2-4,LJ,A9o,AI,purple,12,UO/2-4/LJ.png,VERIFIED_BY_COLOR_GRID
UO,2-4,LJ,K9o,AI,purple,12,UO/2-4/LJ.png,VERIFIED_BY_COLOR_GRID
UO,2-4,LJ,Q9o,AI,purple,12,UO/2-4/LJ.png,VERIFIED_BY_COLOR_GRID
UO,2-4,LJ,J9o,AI,purple,12,UO/2-4/LJ.png,VERIFIED_BY_COLOR_GRID
UO,2-4,LJ,T9o,AI,purple,12,UO/2-4/LJ.png,VERIFIED_BY_COLOR_GRID
UO,2-4,LJ,99,AI,purple,6,UO/2-4/LJ.png,VERIFIED_BY_COLOR_GRID
UO,2-4,LJ,98s,AI,purple,4,UO/2-4/LJ.png,VERIFIED_BY_COLOR_GRID
UO,2-4,LJ,97s,AI,purple,4,UO/2-4/LJ.png,VERIFIED_BY_COLOR_GRID
UO,2-4,LJ,96s,UNSELECTED,gray,4,UO/2-4/LJ.png,VERIFIED_BY_COLOR_GRID
UO,2-4,LJ,95s,UNSELECTED,gray,4,UO/2-4/LJ.png,VERIFIED_BY_COLOR_GRID
UO,2-4,LJ,94s,UNSELECTED,gray,4,UO/2-4/LJ.png,VERIFIED_BY_COLOR_GRID
UO,2-4,LJ,93s,UNSELECTED,gray,4,UO/2-4/LJ.png,VERIFIED_BY_COLOR_GRID
UO,2-4,LJ,92s,UNSELECTED,gray,4,UO/2-4/LJ.png,VERIFIED_BY_COLOR_GRID
UO,2-4,LJ,A8o,AI,purple,12,UO/2-4/LJ.png,VERIFIED_BY_COLOR_GRID
UO,2-4,LJ,K8o,AI,purple,12,UO/2-4/LJ.png,VERIFIED_BY_COLOR_GRID
UO,2-4,LJ,Q8o,UNSELECTED,gray,12,UO/2-4/LJ.png,VERIFIED_BY_COLOR_GRID
UO,2-4,LJ,J8o,UNSELECTED,gray,12,UO/2-4/LJ.png,VERIFIED_BY_COLOR_GRID
UO,2-4,LJ,T8o,UNSELECTED,gray,12,UO/2-4/LJ.png,VERIFIED_BY_COLOR_GRID
UO,2-4,LJ,98o,UNSELECTED,gray,12,UO/2-4/LJ.png,VERIFIED_BY_COLOR_GRID
UO,2-4,LJ,88,AI,purple,6,UO/2-4/LJ.png,VERIFIED_BY_COLOR_GRID
UO,2-4,LJ,87s,AI,purple,4,UO/2-4/LJ.png,VERIFIED_BY_COLOR_GRID
UO,2-4,LJ,86s,AI,purple,4,UO/2-4/LJ.png,VERIFIED_BY_COLOR_GRID
UO,2-4,LJ,85s,UNSELECTED,gray,4,UO/2-4/LJ.png,VERIFIED_BY_COLOR_GRID
UO,2-4,LJ,84s,UNSELECTED,gray,4,UO/2-4/LJ.png,VERIFIED_BY_COLOR_GRID
UO,2-4,LJ,83s,UNSELECTED,gray,4,UO/2-4/LJ.png,VERIFIED_BY_COLOR_GRID
UO,2-4,LJ,82s,UNSELECTED,gray,4,UO/2-4/LJ.png,VERIFIED_BY_COLOR_GRID
UO,2-4,LJ,A7o,AI,purple,12,UO/2-4/LJ.png,VERIFIED_BY_COLOR_GRID
UO,2-4,LJ,K7o,AI,purple,12,UO/2-4/LJ.png,VERIFIED_BY_COLOR_GRID
UO,2-4,LJ,Q7o,UNSELECTED,gray,12,UO/2-4/LJ.png,VERIFIED_BY_COLOR_GRID
UO,2-4,LJ,J7o,UNSELECTED,gray,12,UO/2-4/LJ.png,VERIFIED_BY_COLOR_GRID
UO,2-4,LJ,T7o,UNSELECTED,gray,12,UO/2-4/LJ.png,VERIFIED_BY_COLOR_GRID
UO,2-4,LJ,97o,UNSELECTED,gray,12,UO/2-4/LJ.png,VERIFIED_BY_COLOR_GRID
UO,2-4,LJ,87o,UNSELECTED,gray,12,UO/2-4/LJ.png,VERIFIED_BY_COLOR_GRID
UO,2-4,LJ,77,AI,purple,6,UO/2-4/LJ.png,VERIFIED_BY_COLOR_GRID
UO,2-4,LJ,76s,AI,purple,4,UO/2-4/LJ.png,VERIFIED_BY_COLOR_GRID
UO,2-4,LJ,75s,UNSELECTED,gray,4,UO/2-4/LJ.png,VERIFIED_BY_COLOR_GRID
UO,2-4,LJ,74s,UNSELECTED,gray,4,UO/2-4/LJ.png,VERIFIED_BY_COLOR_GRID
UO,2-4,LJ,73s,UNSELECTED,gray,4,UO/2-4/LJ.png,VERIFIED_BY_COLOR_GRID
UO,2-4,LJ,72s,UNSELECTED,gray,4,UO/2-4/LJ.png,VERIFIED_BY_COLOR_GRID
UO,2-4,LJ,A6o,AI,purple,12,UO/2-4/LJ.png,VERIFIED_BY_COLOR_GRID
UO,2-4,LJ,K6o,UNSELECTED,gray,12,UO/2-4/LJ.png,VERIFIED_BY_COLOR_GRID
UO,2-4,LJ,Q6o,UNSELECTED,gray,12,UO/2-4/LJ.png,VERIFIED_BY_COLOR_GRID
UO,2-4,LJ,J6o,UNSELECTED,gray,12,UO/2-4/LJ.png,VERIFIED_BY_COLOR_GRID
UO,2-4,LJ,T6o,UNSELECTED,gray,12,UO/2-4/LJ.png,VERIFIED_BY_COLOR_GRID
UO,2-4,LJ,96o,UNSELECTED,gray,12,UO/2-4/LJ.png,VERIFIED_BY_COLOR_GRID
UO,2-4,LJ,86o,UNSELECTED,gray,12,UO/2-4/LJ.png,VERIFIED_BY_COLOR_GRID
UO,2-4,LJ,76o,UNSELECTED,gray,12,UO/2-4/LJ.png,VERIFIED_BY_COLOR_GRID
UO,2-4,LJ,66,AI,purple,6,UO/2-4/LJ.png,VERIFIED_BY_COLOR_GRID
UO,2-4,LJ,65s,UNSELECTED,gray,4,UO/2-4/LJ.png,VERIFIED_BY_COLOR_GRID
UO,2-4,LJ,64s,UNSELECTED,gray,4,UO/2-4/LJ.png,VERIFIED_BY_COLOR_GRID
UO,2-4,LJ,63s,UNSELECTED,gray,4,UO/2-4/LJ.png,VERIFIED_BY_COLOR_GRID
UO,2-4,LJ,62s,UNSELECTED,gray,4,UO/2-4/LJ.png,VERIFIED_BY_COLOR_GRID
UO,2-4,LJ,A5o,AI,purple,12,UO/2-4/LJ.png,VERIFIED_BY_COLOR_GRID
UO,2-4,LJ,K5o,UNSELECTED,gray,12,UO/2-4/LJ.png,VERIFIED_BY_COLOR_GRID
UO,2-4,LJ,Q5o,UNSELECTED,gray,12,UO/2-4/LJ.png,VERIFIED_BY_COLOR_GRID
UO,2-4,LJ,J5o,UNSELECTED,gray,12,UO/2-4/LJ.png,VERIFIED_BY_COLOR_GRID
UO,2-4,LJ,T5o,UNSELECTED,gray,12,UO/2-4/LJ.png,VERIFIED_BY_COLOR_GRID
UO,2-4,LJ,95o,UNSELECTED,gray,12,UO/2-4/LJ.png,VERIFIED_BY_COLOR_GRID
UO,2-4,LJ,85o,UNSELECTED,gray,12,UO/2-4/LJ.png,VERIFIED_BY_COLOR_GRID
UO,2-4,LJ,75o,UNSELECTED,gray,12,UO/2-4/LJ.png,VERIFIED_BY_COLOR_GRID
UO,2-4,LJ,65o,UNSELECTED,gray,12,UO/2-4/LJ.png,VERIFIED_BY_COLOR_GRID
UO,2-4,LJ,55,AI,purple,6,UO/2-4/LJ.png,VERIFIED_BY_COLOR_GRID
UO,2-4,LJ,54s,UNSELECTED,gray,4,UO/2-4/LJ.png,VERIFIED_BY_COLOR_GRID
UO,2-4,LJ,53s,UNSELECTED,gray,4,UO/2-4/LJ.png,VERIFIED_BY_COLOR_GRID
UO,2-4,LJ,52s,UNSELECTED,gray,4,UO/2-4/LJ.png,VERIFIED_BY_COLOR_GRID
UO,2-4,LJ,A4o,AI,purple,12,UO/2-4/LJ.png,VERIFIED_BY_COLOR_GRID
UO,2-4,LJ,K4o,UNSELECTED,gray,12,UO/2-4/LJ.png,VERIFIED_BY_COLOR_GRID
UO,2-4,LJ,Q4o,UNSELECTED,gray,12,UO/2-4/LJ.png,VERIFIED_BY_COLOR_GRID
UO,2-4,LJ,J4o,UNSELECTED,gray,12,UO/2-4/LJ.png,VERIFIED_BY_COLOR_GRID
UO,2-4,LJ,T4o,UNSELECTED,gray,12,UO/2-4/LJ.png,VERIFIED_BY_COLOR_GRID
UO,2-4,LJ,94o,UNSELECTED,gray,12,UO/2-4/LJ.png,VERIFIED_BY_COLOR_GRID
UO,2-4,LJ,84o,UNSELECTED,gray,12,UO/2-4/LJ.png,VERIFIED_BY_COLOR_GRID
UO,2-4,LJ,74o,UNSELECTED,gray,12,UO/2-4/LJ.png,VERIFIED_BY_COLOR_GRID
UO,2-4,LJ,64o,UNSELECTED,gray,12,UO/2-4/LJ.png,VERIFIED_BY_COLOR_GRID
UO,2-4,LJ,54o,UNSELECTED,gray,12,UO/2-4/LJ.png,VERIFIED_BY_COLOR_GRID
UO,2-4,LJ,44,AI,purple,6,UO/2-4/LJ.png,VERIFIED_BY_COLOR_GRID
UO,2-4,LJ,43s,UNSELECTED,gray,4,UO/2-4/LJ.png,VERIFIED_BY_COLOR_GRID
UO,2-4,LJ,42s,UNSELECTED,gray,4,UO/2-4/LJ.png,VERIFIED_BY_COLOR_GRID
UO,2-4,LJ,A3o,AI,purple,12,UO/2-4/LJ.png,VERIFIED_BY_COLOR_GRID
UO,2-4,LJ,K3o,UNSELECTED,gray,12,UO/2-4/LJ.png,VERIFIED_BY_COLOR_GRID
UO,2-4,LJ,Q3o,UNSELECTED,gray,12,UO/2-4/LJ.png,VERIFIED_BY_COLOR_GRID
UO,2-4,LJ,J3o,UNSELECTED,gray,12,UO/2-4/LJ.png,VERIFIED_BY_COLOR_GRID
UO,2-4,LJ,T3o,UNSELECTED,gray,12,UO/2-4/LJ.png,VERIFIED_BY_COLOR_GRID
UO,2-4,LJ,93o,UNSELECTED,gray,12,UO/2-4/LJ.png,VERIFIED_BY_COLOR_GRID
UO,2-4,LJ,83o,UNSELECTED,gray,12,UO/2-4/LJ.png,VERIFIED_BY_COLOR_GRID
UO,2-4,LJ,73o,UNSELECTED,gray,12,UO/2-4/LJ.png,VERIFIED_BY_COLOR_GRID
UO,2-4,LJ,63o,UNSELECTED,gray,12,UO/2-4/LJ.png,VERIFIED_BY_COLOR_GRID
UO,2-4,LJ,53o,UNSELECTED,gray,12,UO/2-4/LJ.png,VERIFIED_BY_COLOR_GRID
UO,2-4,LJ,43o,UNSELECTED,gray,12,UO/2-4/LJ.png,VERIFIED_BY_COLOR_GRID
UO,2-4,LJ,33,AI,purple,6,UO/2-4/LJ.png,VERIFIED_BY_COLOR_GRID
UO,2-4,LJ,32s,UNSELECTED,gray,4,UO/2-4/LJ.png,VERIFIED_BY_COLOR_GRID
UO,2-4,LJ,A2o,AI,purple,12,UO/2-4/LJ.png,VERIFIED_BY_COLOR_GRID
UO,2-4,LJ,K2o,UNSELECTED,gray,12,UO/2-4/LJ.png,VERIFIED_BY_COLOR_GRID
UO,2-4,LJ,Q2o,UNSELECTED,gray,12,UO/2-4/LJ.png,VERIFIED_BY_COLOR_GRID
UO,2-4,LJ,J2o,UNSELECTED,gray,12,UO/2-4/LJ.png,VERIFIED_BY_COLOR_GRID
UO,2-4,LJ,T2o,UNSELECTED,gray,12,UO/2-4/LJ.png,VERIFIED_BY_COLOR_GRID
UO,2-4,LJ,92o,UNSELECTED,gray,12,UO/2-4/LJ.png,VERIFIED_BY_COLOR_GRID
UO,2-4,LJ,82o,UNSELECTED,gray,12,UO/2-4/LJ.png,VERIFIED_BY_COLOR_GRID
UO,2-4,LJ,72o,UNSELECTED,gray,12,UO/2-4/LJ.png,VERIFIED_BY_COLOR_GRID
UO,2-4,LJ,62o,UNSELECTED,gray,12,UO/2-4/LJ.png,VERIFIED_BY_COLOR_GRID
UO,2-4,LJ,52o,UNSELECTED,gray,12,UO/2-4/LJ.png,VERIFIED_BY_COLOR_GRID
UO,2-4,LJ,42o,UNSELECTED,gray,12,UO/2-4/LJ.png,VERIFIED_BY_COLOR_GRID
UO,2-4,LJ,32o,UNSELECTED,gray,12,UO/2-4/LJ.png,VERIFIED_BY_COLOR_GRID
UO,2-4,LJ,22,AI,purple,6,UO/2-4/LJ.png,VERIFIED_BY_COLOR_GRID
UO,2-4,HJ,AA,AI,purple,6,UO/2-4/HJ.png,VERIFIED_BY_COLOR_GRID
UO,2-4,HJ,AKs,AI,purple,4,UO/2-4/HJ.png,VERIFIED_BY_COLOR_GRID
UO,2-4,HJ,AQs,AI,purple,4,UO/2-4/HJ.png,VERIFIED_BY_COLOR_GRID
UO,2-4,HJ,AJs,AI,purple,4,UO/2-4/HJ.png,VERIFIED_BY_COLOR_GRID
UO,2-4,HJ,ATs,AI,purple,4,UO/2-4/HJ.png,VERIFIED_BY_COLOR_GRID
UO,2-4,HJ,A9s,AI,purple,4,UO/2-4/HJ.png,VERIFIED_BY_COLOR_GRID
UO,2-4,HJ,A8s,AI,purple,4,UO/2-4/HJ.png,VERIFIED_BY_COLOR_GRID
UO,2-4,HJ,A7s,AI,purple,4,UO/2-4/HJ.png,VERIFIED_BY_COLOR_GRID
UO,2-4,HJ,A6s,AI,purple,4,UO/2-4/HJ.png,VERIFIED_BY_COLOR_GRID
UO,2-4,HJ,A5s,AI,purple,4,UO/2-4/HJ.png,VERIFIED_BY_COLOR_GRID
UO,2-4,HJ,A4s,AI,purple,4,UO/2-4/HJ.png,VERIFIED_BY_COLOR_GRID
UO,2-4,HJ,A3s,AI,purple,4,UO/2-4/HJ.png,VERIFIED_BY_COLOR_GRID
UO,2-4,HJ,A2s,AI,purple,4,UO/2-4/HJ.png,VERIFIED_BY_COLOR_GRID
UO,2-4,HJ,AKo,AI,purple,12,UO/2-4/HJ.png,VERIFIED_BY_COLOR_GRID
UO,2-4,HJ,KK,AI,purple,6,UO/2-4/HJ.png,VERIFIED_BY_COLOR_GRID
UO,2-4,HJ,KQs,AI,purple,4,UO/2-4/HJ.png,VERIFIED_BY_COLOR_GRID
UO,2-4,HJ,KJs,AI,purple,4,UO/2-4/HJ.png,VERIFIED_BY_COLOR_GRID
UO,2-4,HJ,KTs,AI,purple,4,UO/2-4/HJ.png,VERIFIED_BY_COLOR_GRID
UO,2-4,HJ,K9s,AI,purple,4,UO/2-4/HJ.png,VERIFIED_BY_COLOR_GRID
UO,2-4,HJ,K8s,AI,purple,4,UO/2-4/HJ.png,VERIFIED_BY_COLOR_GRID
UO,2-4,HJ,K7s,AI,purple,4,UO/2-4/HJ.png,VERIFIED_BY_COLOR_GRID
UO,2-4,HJ,K6s,AI,purple,4,UO/2-4/HJ.png,VERIFIED_BY_COLOR_GRID
UO,2-4,HJ,K5s,AI,purple,4,UO/2-4/HJ.png,VERIFIED_BY_COLOR_GRID
UO,2-4,HJ,K4s,AI,purple,4,UO/2-4/HJ.png,VERIFIED_BY_COLOR_GRID
UO,2-4,HJ,K3s,AI,purple,4,UO/2-4/HJ.png,VERIFIED_BY_COLOR_GRID
UO,2-4,HJ,K2s,AI,purple,4,UO/2-4/HJ.png,VERIFIED_BY_COLOR_GRID
UO,2-4,HJ,AQo,AI,purple,12,UO/2-4/HJ.png,VERIFIED_BY_COLOR_GRID
UO,2-4,HJ,KQo,AI,purple,12,UO/2-4/HJ.png,VERIFIED_BY_COLOR_GRID
UO,2-4,HJ,QQ,AI,purple,6,UO/2-4/HJ.png,VERIFIED_BY_COLOR_GRID
UO,2-4,HJ,QJs,AI,purple,4,UO/2-4/HJ.png,VERIFIED_BY_COLOR_GRID
UO,2-4,HJ,QTs,AI,purple,4,UO/2-4/HJ.png,VERIFIED_BY_COLOR_GRID
UO,2-4,HJ,Q9s,AI,purple,4,UO/2-4/HJ.png,VERIFIED_BY_COLOR_GRID
UO,2-4,HJ,Q8s,AI,purple,4,UO/2-4/HJ.png,VERIFIED_BY_COLOR_GRID
UO,2-4,HJ,Q7s,AI,purple,4,UO/2-4/HJ.png,VERIFIED_BY_COLOR_GRID
UO,2-4,HJ,Q6s,AI,purple,4,UO/2-4/HJ.png,VERIFIED_BY_COLOR_GRID
UO,2-4,HJ,Q5s,AI,purple,4,UO/2-4/HJ.png,VERIFIED_BY_COLOR_GRID
UO,2-4,HJ,Q4s,AI,purple,4,UO/2-4/HJ.png,VERIFIED_BY_COLOR_GRID
UO,2-4,HJ,Q3s,AI,purple,4,UO/2-4/HJ.png,VERIFIED_BY_COLOR_GRID
UO,2-4,HJ,Q2s,AI,purple,4,UO/2-4/HJ.png,VERIFIED_BY_COLOR_GRID
UO,2-4,HJ,AJo,AI,purple,12,UO/2-4/HJ.png,VERIFIED_BY_COLOR_GRID
UO,2-4,HJ,KJo,AI,purple,12,UO/2-4/HJ.png,VERIFIED_BY_COLOR_GRID
UO,2-4,HJ,QJo,AI,purple,12,UO/2-4/HJ.png,VERIFIED_BY_COLOR_GRID
UO,2-4,HJ,JJ,AI,purple,6,UO/2-4/HJ.png,VERIFIED_BY_COLOR_GRID
UO,2-4,HJ,JTs,AI,purple,4,UO/2-4/HJ.png,VERIFIED_BY_COLOR_GRID
UO,2-4,HJ,J9s,AI,purple,4,UO/2-4/HJ.png,VERIFIED_BY_COLOR_GRID
UO,2-4,HJ,J8s,AI,purple,4,UO/2-4/HJ.png,VERIFIED_BY_COLOR_GRID
UO,2-4,HJ,J7s,AI,purple,4,UO/2-4/HJ.png,VERIFIED_BY_COLOR_GRID
UO,2-4,HJ,J6s,AI,purple,4,UO/2-4/HJ.png,VERIFIED_BY_COLOR_GRID
UO,2-4,HJ,J5s,AI,purple,4,UO/2-4/HJ.png,VERIFIED_BY_COLOR_GRID
UO,2-4,HJ,J4s,UNSELECTED,gray,4,UO/2-4/HJ.png,VERIFIED_BY_COLOR_GRID
UO,2-4,HJ,J3s,UNSELECTED,gray,4,UO/2-4/HJ.png,VERIFIED_BY_COLOR_GRID
UO,2-4,HJ,J2s,UNSELECTED,gray,4,UO/2-4/HJ.png,VERIFIED_BY_COLOR_GRID
UO,2-4,HJ,ATo,AI,purple,12,UO/2-4/HJ.png,VERIFIED_BY_COLOR_GRID
UO,2-4,HJ,KTo,AI,purple,12,UO/2-4/HJ.png,VERIFIED_BY_COLOR_GRID
UO,2-4,HJ,QTo,AI,purple,12,UO/2-4/HJ.png,VERIFIED_BY_COLOR_GRID
UO,2-4,HJ,JTo,AI,purple,12,UO/2-4/HJ.png,VERIFIED_BY_COLOR_GRID
UO,2-4,HJ,TT,AI,purple,6,UO/2-4/HJ.png,VERIFIED_BY_COLOR_GRID
UO,2-4,HJ,T9s,AI,purple,4,UO/2-4/HJ.png,VERIFIED_BY_COLOR_GRID
UO,2-4,HJ,T8s,AI,purple,4,UO/2-4/HJ.png,VERIFIED_BY_COLOR_GRID
UO,2-4,HJ,T7s,AI,purple,4,UO/2-4/HJ.png,VERIFIED_BY_COLOR_GRID
UO,2-4,HJ,T6s,AI,purple,4,UO/2-4/HJ.png,VERIFIED_BY_COLOR_GRID
UO,2-4,HJ,T5s,UNSELECTED,gray,4,UO/2-4/HJ.png,VERIFIED_BY_COLOR_GRID
UO,2-4,HJ,T4s,UNSELECTED,gray,4,UO/2-4/HJ.png,VERIFIED_BY_COLOR_GRID
UO,2-4,HJ,T3s,UNSELECTED,gray,4,UO/2-4/HJ.png,VERIFIED_BY_COLOR_GRID
UO,2-4,HJ,T2s,UNSELECTED,gray,4,UO/2-4/HJ.png,VERIFIED_BY_COLOR_GRID
UO,2-4,HJ,A9o,AI,purple,12,UO/2-4/HJ.png,VERIFIED_BY_COLOR_GRID
UO,2-4,HJ,K9o,AI,purple,12,UO/2-4/HJ.png,VERIFIED_BY_COLOR_GRID
UO,2-4,HJ,Q9o,AI,purple,12,UO/2-4/HJ.png,VERIFIED_BY_COLOR_GRID
UO,2-4,HJ,J9o,AI,purple,12,UO/2-4/HJ.png,VERIFIED_BY_COLOR_GRID
UO,2-4,HJ,T9o,AI,purple,12,UO/2-4/HJ.png,VERIFIED_BY_COLOR_GRID
UO,2-4,HJ,99,AI,purple,6,UO/2-4/HJ.png,VERIFIED_BY_COLOR_GRID
UO,2-4,HJ,98s,AI,purple,4,UO/2-4/HJ.png,VERIFIED_BY_COLOR_GRID
UO,2-4,HJ,97s,AI,purple,4,UO/2-4/HJ.png,VERIFIED_BY_COLOR_GRID
UO,2-4,HJ,96s,AI,purple,4,UO/2-4/HJ.png,VERIFIED_BY_COLOR_GRID
UO,2-4,HJ,95s,UNSELECTED,gray,4,UO/2-4/HJ.png,VERIFIED_BY_COLOR_GRID
UO,2-4,HJ,94s,UNSELECTED,gray,4,UO/2-4/HJ.png,VERIFIED_BY_COLOR_GRID
UO,2-4,HJ,93s,UNSELECTED,gray,4,UO/2-4/HJ.png,VERIFIED_BY_COLOR_GRID
UO,2-4,HJ,92s,UNSELECTED,gray,4,UO/2-4/HJ.png,VERIFIED_BY_COLOR_GRID
UO,2-4,HJ,A8o,AI,purple,12,UO/2-4/HJ.png,VERIFIED_BY_COLOR_GRID
UO,2-4,HJ,K8o,AI,purple,12,UO/2-4/HJ.png,VERIFIED_BY_COLOR_GRID
UO,2-4,HJ,Q8o,AI,purple,12,UO/2-4/HJ.png,VERIFIED_BY_COLOR_GRID
UO,2-4,HJ,J8o,AI,purple,12,UO/2-4/HJ.png,VERIFIED_BY_COLOR_GRID
UO,2-4,HJ,T8o,UNSELECTED,gray,12,UO/2-4/HJ.png,VERIFIED_BY_COLOR_GRID
UO,2-4,HJ,98o,UNSELECTED,gray,12,UO/2-4/HJ.png,VERIFIED_BY_COLOR_GRID
UO,2-4,HJ,88,AI,purple,6,UO/2-4/HJ.png,VERIFIED_BY_COLOR_GRID
UO,2-4,HJ,87s,AI,purple,4,UO/2-4/HJ.png,VERIFIED_BY_COLOR_GRID
UO,2-4,HJ,86s,AI,purple,4,UO/2-4/HJ.png,VERIFIED_BY_COLOR_GRID
UO,2-4,HJ,85s,UNSELECTED,gray,4,UO/2-4/HJ.png,VERIFIED_BY_COLOR_GRID
UO,2-4,HJ,84s,UNSELECTED,gray,4,UO/2-4/HJ.png,VERIFIED_BY_COLOR_GRID
UO,2-4,HJ,83s,UNSELECTED,gray,4,UO/2-4/HJ.png,VERIFIED_BY_COLOR_GRID
UO,2-4,HJ,82s,UNSELECTED,gray,4,UO/2-4/HJ.png,VERIFIED_BY_COLOR_GRID
UO,2-4,HJ,A7o,AI,purple,12,UO/2-4/HJ.png,VERIFIED_BY_COLOR_GRID
UO,2-4,HJ,K7o,AI,purple,12,UO/2-4/HJ.png,VERIFIED_BY_COLOR_GRID
UO,2-4,HJ,Q7o,UNSELECTED,gray,12,UO/2-4/HJ.png,VERIFIED_BY_COLOR_GRID
UO,2-4,HJ,J7o,UNSELECTED,gray,12,UO/2-4/HJ.png,VERIFIED_BY_COLOR_GRID
UO,2-4,HJ,T7o,UNSELECTED,gray,12,UO/2-4/HJ.png,VERIFIED_BY_COLOR_GRID
UO,2-4,HJ,97o,UNSELECTED,gray,12,UO/2-4/HJ.png,VERIFIED_BY_COLOR_GRID
UO,2-4,HJ,87o,UNSELECTED,gray,12,UO/2-4/HJ.png,VERIFIED_BY_COLOR_GRID
UO,2-4,HJ,77,AI,purple,6,UO/2-4/HJ.png,VERIFIED_BY_COLOR_GRID
UO,2-4,HJ,76s,AI,purple,4,UO/2-4/HJ.png,VERIFIED_BY_COLOR_GRID
UO,2-4,HJ,75s,UNSELECTED,gray,4,UO/2-4/HJ.png,VERIFIED_BY_COLOR_GRID
UO,2-4,HJ,74s,UNSELECTED,gray,4,UO/2-4/HJ.png,VERIFIED_BY_COLOR_GRID
UO,2-4,HJ,73s,UNSELECTED,gray,4,UO/2-4/HJ.png,VERIFIED_BY_COLOR_GRID
UO,2-4,HJ,72s,UNSELECTED,gray,4,UO/2-4/HJ.png,VERIFIED_BY_COLOR_GRID
UO,2-4,HJ,A6o,AI,purple,12,UO/2-4/HJ.png,VERIFIED_BY_COLOR_GRID
UO,2-4,HJ,K6o,AI,purple,12,UO/2-4/HJ.png,VERIFIED_BY_COLOR_GRID
UO,2-4,HJ,Q6o,UNSELECTED,gray,12,UO/2-4/HJ.png,VERIFIED_BY_COLOR_GRID
UO,2-4,HJ,J6o,UNSELECTED,gray,12,UO/2-4/HJ.png,VERIFIED_BY_COLOR_GRID
UO,2-4,HJ,T6o,UNSELECTED,gray,12,UO/2-4/HJ.png,VERIFIED_BY_COLOR_GRID
UO,2-4,HJ,96o,UNSELECTED,gray,12,UO/2-4/HJ.png,VERIFIED_BY_COLOR_GRID
UO,2-4,HJ,86o,UNSELECTED,gray,12,UO/2-4/HJ.png,VERIFIED_BY_COLOR_GRID
UO,2-4,HJ,76o,UNSELECTED,gray,12,UO/2-4/HJ.png,VERIFIED_BY_COLOR_GRID
UO,2-4,HJ,66,AI,purple,6,UO/2-4/HJ.png,VERIFIED_BY_COLOR_GRID
UO,2-4,HJ,65s,UNSELECTED,gray,4,UO/2-4/HJ.png,VERIFIED_BY_COLOR_GRID
UO,2-4,HJ,64s,UNSELECTED,gray,4,UO/2-4/HJ.png,VERIFIED_BY_COLOR_GRID
UO,2-4,HJ,63s,UNSELECTED,gray,4,UO/2-4/HJ.png,VERIFIED_BY_COLOR_GRID
UO,2-4,HJ,62s,UNSELECTED,gray,4,UO/2-4/HJ.png,VERIFIED_BY_COLOR_GRID
UO,2-4,HJ,A5o,AI,purple,12,UO/2-4/HJ.png,VERIFIED_BY_COLOR_GRID
UO,2-4,HJ,K5o,AI,purple,12,UO/2-4/HJ.png,VERIFIED_BY_COLOR_GRID
UO,2-4,HJ,Q5o,UNSELECTED,gray,12,UO/2-4/HJ.png,VERIFIED_BY_COLOR_GRID
UO,2-4,HJ,J5o,UNSELECTED,gray,12,UO/2-4/HJ.png,VERIFIED_BY_COLOR_GRID
UO,2-4,HJ,T5o,UNSELECTED,gray,12,UO/2-4/HJ.png,VERIFIED_BY_COLOR_GRID
UO,2-4,HJ,95o,UNSELECTED,gray,12,UO/2-4/HJ.png,VERIFIED_BY_COLOR_GRID
UO,2-4,HJ,85o,UNSELECTED,gray,12,UO/2-4/HJ.png,VERIFIED_BY_COLOR_GRID
UO,2-4,HJ,75o,UNSELECTED,gray,12,UO/2-4/HJ.png,VERIFIED_BY_COLOR_GRID
UO,2-4,HJ,65o,UNSELECTED,gray,12,UO/2-4/HJ.png,VERIFIED_BY_COLOR_GRID
UO,2-4,HJ,55,AI,purple,6,UO/2-4/HJ.png,VERIFIED_BY_COLOR_GRID
UO,2-4,HJ,54s,UNSELECTED,gray,4,UO/2-4/HJ.png,VERIFIED_BY_COLOR_GRID
UO,2-4,HJ,53s,UNSELECTED,gray,4,UO/2-4/HJ.png,VERIFIED_BY_COLOR_GRID
UO,2-4,HJ,52s,UNSELECTED,gray,4,UO/2-4/HJ.png,VERIFIED_BY_COLOR_GRID
UO,2-4,HJ,A4o,AI,purple,12,UO/2-4/HJ.png,VERIFIED_BY_COLOR_GRID
UO,2-4,HJ,K4o,UNSELECTED,gray,12,UO/2-4/HJ.png,VERIFIED_BY_COLOR_GRID
UO,2-4,HJ,Q4o,UNSELECTED,gray,12,UO/2-4/HJ.png,VERIFIED_BY_COLOR_GRID
UO,2-4,HJ,J4o,UNSELECTED,gray,12,UO/2-4/HJ.png,VERIFIED_BY_COLOR_GRID
UO,2-4,HJ,T4o,UNSELECTED,gray,12,UO/2-4/HJ.png,VERIFIED_BY_COLOR_GRID
UO,2-4,HJ,94o,UNSELECTED,gray,12,UO/2-4/HJ.png,VERIFIED_BY_COLOR_GRID
UO,2-4,HJ,84o,UNSELECTED,gray,12,UO/2-4/HJ.png,VERIFIED_BY_COLOR_GRID
UO,2-4,HJ,74o,UNSELECTED,gray,12,UO/2-4/HJ.png,VERIFIED_BY_COLOR_GRID
UO,2-4,HJ,64o,UNSELECTED,gray,12,UO/2-4/HJ.png,VERIFIED_BY_COLOR_GRID
UO,2-4,HJ,54o,UNSELECTED,gray,12,UO/2-4/HJ.png,VERIFIED_BY_COLOR_GRID
UO,2-4,HJ,44,AI,purple,6,UO/2-4/HJ.png,VERIFIED_BY_COLOR_GRID
UO,2-4,HJ,43s,UNSELECTED,gray,4,UO/2-4/HJ.png,VERIFIED_BY_COLOR_GRID
UO,2-4,HJ,42s,UNSELECTED,gray,4,UO/2-4/HJ.png,VERIFIED_BY_COLOR_GRID
UO,2-4,HJ,A3o,AI,purple,12,UO/2-4/HJ.png,VERIFIED_BY_COLOR_GRID
UO,2-4,HJ,K3o,UNSELECTED,gray,12,UO/2-4/HJ.png,VERIFIED_BY_COLOR_GRID
UO,2-4,HJ,Q3o,UNSELECTED,gray,12,UO/2-4/HJ.png,VERIFIED_BY_COLOR_GRID
UO,2-4,HJ,J3o,UNSELECTED,gray,12,UO/2-4/HJ.png,VERIFIED_BY_COLOR_GRID
UO,2-4,HJ,T3o,UNSELECTED,gray,12,UO/2-4/HJ.png,VERIFIED_BY_COLOR_GRID
UO,2-4,HJ,93o,UNSELECTED,gray,12,UO/2-4/HJ.png,VERIFIED_BY_COLOR_GRID
UO,2-4,HJ,83o,UNSELECTED,gray,12,UO/2-4/HJ.png,VERIFIED_BY_COLOR_GRID
UO,2-4,HJ,73o,UNSELECTED,gray,12,UO/2-4/HJ.png,VERIFIED_BY_COLOR_GRID
UO,2-4,HJ,63o,UNSELECTED,gray,12,UO/2-4/HJ.png,VERIFIED_BY_COLOR_GRID
UO,2-4,HJ,53o,UNSELECTED,gray,12,UO/2-4/HJ.png,VERIFIED_BY_COLOR_GRID
UO,2-4,HJ,43o,UNSELECTED,gray,12,UO/2-4/HJ.png,VERIFIED_BY_COLOR_GRID
UO,2-4,HJ,33,AI,purple,6,UO/2-4/HJ.png,VERIFIED_BY_COLOR_GRID
UO,2-4,HJ,32s,UNSELECTED,gray,4,UO/2-4/HJ.png,VERIFIED_BY_COLOR_GRID
UO,2-4,HJ,A2o,AI,purple,12,UO/2-4/HJ.png,VERIFIED_BY_COLOR_GRID
UO,2-4,HJ,K2o,UNSELECTED,gray,12,UO/2-4/HJ.png,VERIFIED_BY_COLOR_GRID
UO,2-4,HJ,Q2o,UNSELECTED,gray,12,UO/2-4/HJ.png,VERIFIED_BY_COLOR_GRID
UO,2-4,HJ,J2o,UNSELECTED,gray,12,UO/2-4/HJ.png,VERIFIED_BY_COLOR_GRID
UO,2-4,HJ,T2o,UNSELECTED,gray,12,UO/2-4/HJ.png,VERIFIED_BY_COLOR_GRID
UO,2-4,HJ,92o,UNSELECTED,gray,12,UO/2-4/HJ.png,VERIFIED_BY_COLOR_GRID
UO,2-4,HJ,82o,UNSELECTED,gray,12,UO/2-4/HJ.png,VERIFIED_BY_COLOR_GRID
UO,2-4,HJ,72o,UNSELECTED,gray,12,UO/2-4/HJ.png,VERIFIED_BY_COLOR_GRID
UO,2-4,HJ,62o,UNSELECTED,gray,12,UO/2-4/HJ.png,VERIFIED_BY_COLOR_GRID
UO,2-4,HJ,52o,UNSELECTED,gray,12,UO/2-4/HJ.png,VERIFIED_BY_COLOR_GRID
UO,2-4,HJ,42o,UNSELECTED,gray,12,UO/2-4/HJ.png,VERIFIED_BY_COLOR_GRID
UO,2-4,HJ,32o,UNSELECTED,gray,12,UO/2-4/HJ.png,VERIFIED_BY_COLOR_GRID
UO,2-4,HJ,22,AI,purple,6,UO/2-4/HJ.png,VERIFIED_BY_COLOR_GRID
UO,2-4,CO,AA,AI,purple,6,UO/2-4/CO.png,VERIFIED_BY_COLOR_GRID
UO,2-4,CO,AKs,AI,purple,4,UO/2-4/CO.png,VERIFIED_BY_COLOR_GRID
UO,2-4,CO,AQs,AI,purple,4,UO/2-4/CO.png,VERIFIED_BY_COLOR_GRID
UO,2-4,CO,AJs,AI,purple,4,UO/2-4/CO.png,VERIFIED_BY_COLOR_GRID
UO,2-4,CO,ATs,AI,purple,4,UO/2-4/CO.png,VERIFIED_BY_COLOR_GRID
UO,2-4,CO,A9s,AI,purple,4,UO/2-4/CO.png,VERIFIED_BY_COLOR_GRID
UO,2-4,CO,A8s,AI,purple,4,UO/2-4/CO.png,VERIFIED_BY_COLOR_GRID
UO,2-4,CO,A7s,AI,purple,4,UO/2-4/CO.png,VERIFIED_BY_COLOR_GRID
UO,2-4,CO,A6s,AI,purple,4,UO/2-4/CO.png,VERIFIED_BY_COLOR_GRID
UO,2-4,CO,A5s,AI,purple,4,UO/2-4/CO.png,VERIFIED_BY_COLOR_GRID
UO,2-4,CO,A4s,AI,purple,4,UO/2-4/CO.png,VERIFIED_BY_COLOR_GRID
UO,2-4,CO,A3s,AI,purple,4,UO/2-4/CO.png,VERIFIED_BY_COLOR_GRID
UO,2-4,CO,A2s,AI,purple,4,UO/2-4/CO.png,VERIFIED_BY_COLOR_GRID
UO,2-4,CO,AKo,AI,purple,12,UO/2-4/CO.png,VERIFIED_BY_COLOR_GRID
UO,2-4,CO,KK,AI,purple,6,UO/2-4/CO.png,VERIFIED_BY_COLOR_GRID
UO,2-4,CO,KQs,AI,purple,4,UO/2-4/CO.png,VERIFIED_BY_COLOR_GRID
UO,2-4,CO,KJs,AI,purple,4,UO/2-4/CO.png,VERIFIED_BY_COLOR_GRID
UO,2-4,CO,KTs,AI,purple,4,UO/2-4/CO.png,VERIFIED_BY_COLOR_GRID
UO,2-4,CO,K9s,AI,purple,4,UO/2-4/CO.png,VERIFIED_BY_COLOR_GRID
UO,2-4,CO,K8s,AI,purple,4,UO/2-4/CO.png,VERIFIED_BY_COLOR_GRID
UO,2-4,CO,K7s,AI,purple,4,UO/2-4/CO.png,VERIFIED_BY_COLOR_GRID
UO,2-4,CO,K6s,AI,purple,4,UO/2-4/CO.png,VERIFIED_BY_COLOR_GRID
UO,2-4,CO,K5s,AI,purple,4,UO/2-4/CO.png,VERIFIED_BY_COLOR_GRID
UO,2-4,CO,K4s,AI,purple,4,UO/2-4/CO.png,VERIFIED_BY_COLOR_GRID
UO,2-4,CO,K3s,AI,purple,4,UO/2-4/CO.png,VERIFIED_BY_COLOR_GRID
UO,2-4,CO,K2s,AI,purple,4,UO/2-4/CO.png,VERIFIED_BY_COLOR_GRID
UO,2-4,CO,AQo,AI,purple,12,UO/2-4/CO.png,VERIFIED_BY_COLOR_GRID
UO,2-4,CO,KQo,AI,purple,12,UO/2-4/CO.png,VERIFIED_BY_COLOR_GRID
UO,2-4,CO,QQ,AI,purple,6,UO/2-4/CO.png,VERIFIED_BY_COLOR_GRID
UO,2-4,CO,QJs,AI,purple,4,UO/2-4/CO.png,VERIFIED_BY_COLOR_GRID
UO,2-4,CO,QTs,AI,purple,4,UO/2-4/CO.png,VERIFIED_BY_COLOR_GRID
UO,2-4,CO,Q9s,AI,purple,4,UO/2-4/CO.png,VERIFIED_BY_COLOR_GRID
UO,2-4,CO,Q8s,AI,purple,4,UO/2-4/CO.png,VERIFIED_BY_COLOR_GRID
UO,2-4,CO,Q7s,AI,purple,4,UO/2-4/CO.png,VERIFIED_BY_COLOR_GRID
UO,2-4,CO,Q6s,AI,purple,4,UO/2-4/CO.png,VERIFIED_BY_COLOR_GRID
UO,2-4,CO,Q5s,AI,purple,4,UO/2-4/CO.png,VERIFIED_BY_COLOR_GRID
UO,2-4,CO,Q4s,AI,purple,4,UO/2-4/CO.png,VERIFIED_BY_COLOR_GRID
UO,2-4,CO,Q3s,AI,purple,4,UO/2-4/CO.png,VERIFIED_BY_COLOR_GRID
UO,2-4,CO,Q2s,AI,purple,4,UO/2-4/CO.png,VERIFIED_BY_COLOR_GRID
UO,2-4,CO,AJo,AI,purple,12,UO/2-4/CO.png,VERIFIED_BY_COLOR_GRID
UO,2-4,CO,KJo,AI,purple,12,UO/2-4/CO.png,VERIFIED_BY_COLOR_GRID
UO,2-4,CO,QJo,AI,purple,12,UO/2-4/CO.png,VERIFIED_BY_COLOR_GRID
UO,2-4,CO,JJ,AI,purple,6,UO/2-4/CO.png,VERIFIED_BY_COLOR_GRID
UO,2-4,CO,JTs,AI,purple,4,UO/2-4/CO.png,VERIFIED_BY_COLOR_GRID
UO,2-4,CO,J9s,AI,purple,4,UO/2-4/CO.png,VERIFIED_BY_COLOR_GRID
UO,2-4,CO,J8s,AI,purple,4,UO/2-4/CO.png,VERIFIED_BY_COLOR_GRID
UO,2-4,CO,J7s,AI,purple,4,UO/2-4/CO.png,VERIFIED_BY_COLOR_GRID
UO,2-4,CO,J6s,AI,purple,4,UO/2-4/CO.png,VERIFIED_BY_COLOR_GRID
UO,2-4,CO,J5s,AI,purple,4,UO/2-4/CO.png,VERIFIED_BY_COLOR_GRID
UO,2-4,CO,J4s,AI,purple,4,UO/2-4/CO.png,VERIFIED_BY_COLOR_GRID
UO,2-4,CO,J3s,AI,purple,4,UO/2-4/CO.png,VERIFIED_BY_COLOR_GRID
UO,2-4,CO,J2s,UNSELECTED,gray,4,UO/2-4/CO.png,VERIFIED_BY_COLOR_GRID
UO,2-4,CO,ATo,AI,purple,12,UO/2-4/CO.png,VERIFIED_BY_COLOR_GRID
UO,2-4,CO,KTo,AI,purple,12,UO/2-4/CO.png,VERIFIED_BY_COLOR_GRID
UO,2-4,CO,QTo,AI,purple,12,UO/2-4/CO.png,VERIFIED_BY_COLOR_GRID
UO,2-4,CO,JTo,AI,purple,12,UO/2-4/CO.png,VERIFIED_BY_COLOR_GRID
UO,2-4,CO,TT,AI,purple,6,UO/2-4/CO.png,VERIFIED_BY_COLOR_GRID
UO,2-4,CO,T9s,AI,purple,4,UO/2-4/CO.png,VERIFIED_BY_COLOR_GRID
UO,2-4,CO,T8s,AI,purple,4,UO/2-4/CO.png,VERIFIED_BY_COLOR_GRID
UO,2-4,CO,T7s,AI,purple,4,UO/2-4/CO.png,VERIFIED_BY_COLOR_GRID
UO,2-4,CO,T6s,AI,purple,4,UO/2-4/CO.png,VERIFIED_BY_COLOR_GRID
UO,2-4,CO,T5s,UNSELECTED,gray,4,UO/2-4/CO.png,VERIFIED_BY_COLOR_GRID
UO,2-4,CO,T4s,UNSELECTED,gray,4,UO/2-4/CO.png,VERIFIED_BY_COLOR_GRID
UO,2-4,CO,T3s,UNSELECTED,gray,4,UO/2-4/CO.png,VERIFIED_BY_COLOR_GRID
UO,2-4,CO,T2s,UNSELECTED,gray,4,UO/2-4/CO.png,VERIFIED_BY_COLOR_GRID
UO,2-4,CO,A9o,AI,purple,12,UO/2-4/CO.png,VERIFIED_BY_COLOR_GRID
UO,2-4,CO,K9o,AI,purple,12,UO/2-4/CO.png,VERIFIED_BY_COLOR_GRID
UO,2-4,CO,Q9o,AI,purple,12,UO/2-4/CO.png,VERIFIED_BY_COLOR_GRID
UO,2-4,CO,J9o,AI,purple,12,UO/2-4/CO.png,VERIFIED_BY_COLOR_GRID
UO,2-4,CO,T9o,AI,purple,12,UO/2-4/CO.png,VERIFIED_BY_COLOR_GRID
UO,2-4,CO,99,AI,purple,6,UO/2-4/CO.png,VERIFIED_BY_COLOR_GRID
UO,2-4,CO,98s,AI,purple,4,UO/2-4/CO.png,VERIFIED_BY_COLOR_GRID
UO,2-4,CO,97s,AI,purple,4,UO/2-4/CO.png,VERIFIED_BY_COLOR_GRID
UO,2-4,CO,96s,AI,purple,4,UO/2-4/CO.png,VERIFIED_BY_COLOR_GRID
UO,2-4,CO,95s,UNSELECTED,gray,4,UO/2-4/CO.png,VERIFIED_BY_COLOR_GRID
UO,2-4,CO,94s,UNSELECTED,gray,4,UO/2-4/CO.png,VERIFIED_BY_COLOR_GRID
UO,2-4,CO,93s,UNSELECTED,gray,4,UO/2-4/CO.png,VERIFIED_BY_COLOR_GRID
UO,2-4,CO,92s,UNSELECTED,gray,4,UO/2-4/CO.png,VERIFIED_BY_COLOR_GRID
UO,2-4,CO,A8o,AI,purple,12,UO/2-4/CO.png,VERIFIED_BY_COLOR_GRID
UO,2-4,CO,K8o,AI,purple,12,UO/2-4/CO.png,VERIFIED_BY_COLOR_GRID
UO,2-4,CO,Q8o,AI,purple,12,UO/2-4/CO.png,VERIFIED_BY_COLOR_GRID
UO,2-4,CO,J8o,AI,purple,12,UO/2-4/CO.png,VERIFIED_BY_COLOR_GRID
UO,2-4,CO,T8o,AI,purple,12,UO/2-4/CO.png,VERIFIED_BY_COLOR_GRID
UO,2-4,CO,98o,AI,purple,12,UO/2-4/CO.png,VERIFIED_BY_COLOR_GRID
UO,2-4,CO,88,AI,purple,6,UO/2-4/CO.png,VERIFIED_BY_COLOR_GRID
UO,2-4,CO,87s,AI,purple,4,UO/2-4/CO.png,VERIFIED_BY_COLOR_GRID
UO,2-4,CO,86s,AI,purple,4,UO/2-4/CO.png,VERIFIED_BY_COLOR_GRID
UO,2-4,CO,85s,UNSELECTED,gray,4,UO/2-4/CO.png,VERIFIED_BY_COLOR_GRID
UO,2-4,CO,84s,UNSELECTED,gray,4,UO/2-4/CO.png,VERIFIED_BY_COLOR_GRID
UO,2-4,CO,83s,UNSELECTED,gray,4,UO/2-4/CO.png,VERIFIED_BY_COLOR_GRID
UO,2-4,CO,82s,UNSELECTED,gray,4,UO/2-4/CO.png,VERIFIED_BY_COLOR_GRID
UO,2-4,CO,A7o,AI,purple,12,UO/2-4/CO.png,VERIFIED_BY_COLOR_GRID
UO,2-4,CO,K7o,AI,purple,12,UO/2-4/CO.png,VERIFIED_BY_COLOR_GRID
UO,2-4,CO,Q7o,AI,purple,12,UO/2-4/CO.png,VERIFIED_BY_COLOR_GRID
UO,2-4,CO,J7o,AI,purple,12,UO/2-4/CO.png,VERIFIED_BY_COLOR_GRID
UO,2-4,CO,T7o,UNSELECTED,gray,12,UO/2-4/CO.png,VERIFIED_BY_COLOR_GRID
UO,2-4,CO,97o,UNSELECTED,gray,12,UO/2-4/CO.png,VERIFIED_BY_COLOR_GRID
UO,2-4,CO,87o,UNSELECTED,gray,12,UO/2-4/CO.png,VERIFIED_BY_COLOR_GRID
UO,2-4,CO,77,AI,purple,6,UO/2-4/CO.png,VERIFIED_BY_COLOR_GRID
UO,2-4,CO,76s,AI,purple,4,UO/2-4/CO.png,VERIFIED_BY_COLOR_GRID
UO,2-4,CO,75s,UNSELECTED,gray,4,UO/2-4/CO.png,VERIFIED_BY_COLOR_GRID
UO,2-4,CO,74s,UNSELECTED,gray,4,UO/2-4/CO.png,VERIFIED_BY_COLOR_GRID
UO,2-4,CO,73s,UNSELECTED,gray,4,UO/2-4/CO.png,VERIFIED_BY_COLOR_GRID
UO,2-4,CO,72s,UNSELECTED,gray,4,UO/2-4/CO.png,VERIFIED_BY_COLOR_GRID
UO,2-4,CO,A6o,AI,purple,12,UO/2-4/CO.png,VERIFIED_BY_COLOR_GRID
UO,2-4,CO,K6o,AI,purple,12,UO/2-4/CO.png,VERIFIED_BY_COLOR_GRID
UO,2-4,CO,Q6o,AI,purple,12,UO/2-4/CO.png,VERIFIED_BY_COLOR_GRID
UO,2-4,CO,J6o,UNSELECTED,gray,12,UO/2-4/CO.png,VERIFIED_BY_COLOR_GRID
UO,2-4,CO,T6o,UNSELECTED,gray,12,UO/2-4/CO.png,VERIFIED_BY_COLOR_GRID
UO,2-4,CO,96o,UNSELECTED,gray,12,UO/2-4/CO.png,VERIFIED_BY_COLOR_GRID
UO,2-4,CO,86o,UNSELECTED,gray,12,UO/2-4/CO.png,VERIFIED_BY_COLOR_GRID
UO,2-4,CO,76o,UNSELECTED,gray,12,UO/2-4/CO.png,VERIFIED_BY_COLOR_GRID
UO,2-4,CO,66,AI,purple,6,UO/2-4/CO.png,VERIFIED_BY_COLOR_GRID
UO,2-4,CO,65s,AI,purple,4,UO/2-4/CO.png,VERIFIED_BY_COLOR_GRID
UO,2-4,CO,64s,UNSELECTED,gray,4,UO/2-4/CO.png,VERIFIED_BY_COLOR_GRID
UO,2-4,CO,63s,UNSELECTED,gray,4,UO/2-4/CO.png,VERIFIED_BY_COLOR_GRID
UO,2-4,CO,62s,UNSELECTED,gray,4,UO/2-4/CO.png,VERIFIED_BY_COLOR_GRID
UO,2-4,CO,A5o,AI,purple,12,UO/2-4/CO.png,VERIFIED_BY_COLOR_GRID
UO,2-4,CO,K5o,AI,purple,12,UO/2-4/CO.png,VERIFIED_BY_COLOR_GRID
UO,2-4,CO,Q5o,AI,purple,12,UO/2-4/CO.png,VERIFIED_BY_COLOR_GRID
UO,2-4,CO,J5o,UNSELECTED,gray,12,UO/2-4/CO.png,VERIFIED_BY_COLOR_GRID
UO,2-4,CO,T5o,UNSELECTED,gray,12,UO/2-4/CO.png,VERIFIED_BY_COLOR_GRID
UO,2-4,CO,95o,UNSELECTED,gray,12,UO/2-4/CO.png,VERIFIED_BY_COLOR_GRID
UO,2-4,CO,85o,UNSELECTED,gray,12,UO/2-4/CO.png,VERIFIED_BY_COLOR_GRID
UO,2-4,CO,75o,UNSELECTED,gray,12,UO/2-4/CO.png,VERIFIED_BY_COLOR_GRID
UO,2-4,CO,65o,UNSELECTED,gray,12,UO/2-4/CO.png,VERIFIED_BY_COLOR_GRID
UO,2-4,CO,55,AI,purple,6,UO/2-4/CO.png,VERIFIED_BY_COLOR_GRID
UO,2-4,CO,54s,UNSELECTED,gray,4,UO/2-4/CO.png,VERIFIED_BY_COLOR_GRID
UO,2-4,CO,53s,UNSELECTED,gray,4,UO/2-4/CO.png,VERIFIED_BY_COLOR_GRID
UO,2-4,CO,52s,UNSELECTED,gray,4,UO/2-4/CO.png,VERIFIED_BY_COLOR_GRID
UO,2-4,CO,A4o,AI,purple,12,UO/2-4/CO.png,VERIFIED_BY_COLOR_GRID
UO,2-4,CO,K4o,AI,purple,12,UO/2-4/CO.png,VERIFIED_BY_COLOR_GRID
UO,2-4,CO,Q4o,UNSELECTED,gray,12,UO/2-4/CO.png,VERIFIED_BY_COLOR_GRID
UO,2-4,CO,J4o,UNSELECTED,gray,12,UO/2-4/CO.png,VERIFIED_BY_COLOR_GRID
UO,2-4,CO,T4o,UNSELECTED,gray,12,UO/2-4/CO.png,VERIFIED_BY_COLOR_GRID
UO,2-4,CO,94o,UNSELECTED,gray,12,UO/2-4/CO.png,VERIFIED_BY_COLOR_GRID
UO,2-4,CO,84o,UNSELECTED,gray,12,UO/2-4/CO.png,VERIFIED_BY_COLOR_GRID
UO,2-4,CO,74o,UNSELECTED,gray,12,UO/2-4/CO.png,VERIFIED_BY_COLOR_GRID
UO,2-4,CO,64o,UNSELECTED,gray,12,UO/2-4/CO.png,VERIFIED_BY_COLOR_GRID
UO,2-4,CO,54o,UNSELECTED,gray,12,UO/2-4/CO.png,VERIFIED_BY_COLOR_GRID
UO,2-4,CO,44,AI,purple,6,UO/2-4/CO.png,VERIFIED_BY_COLOR_GRID
UO,2-4,CO,43s,UNSELECTED,gray,4,UO/2-4/CO.png,VERIFIED_BY_COLOR_GRID
UO,2-4,CO,42s,UNSELECTED,gray,4,UO/2-4/CO.png,VERIFIED_BY_COLOR_GRID
UO,2-4,CO,A3o,AI,purple,12,UO/2-4/CO.png,VERIFIED_BY_COLOR_GRID
UO,2-4,CO,K3o,AI,purple,12,UO/2-4/CO.png,VERIFIED_BY_COLOR_GRID
UO,2-4,CO,Q3o,UNSELECTED,gray,12,UO/2-4/CO.png,VERIFIED_BY_COLOR_GRID
UO,2-4,CO,J3o,UNSELECTED,gray,12,UO/2-4/CO.png,VERIFIED_BY_COLOR_GRID
UO,2-4,CO,T3o,UNSELECTED,gray,12,UO/2-4/CO.png,VERIFIED_BY_COLOR_GRID
UO,2-4,CO,93o,UNSELECTED,gray,12,UO/2-4/CO.png,VERIFIED_BY_COLOR_GRID
UO,2-4,CO,83o,UNSELECTED,gray,12,UO/2-4/CO.png,VERIFIED_BY_COLOR_GRID
UO,2-4,CO,73o,UNSELECTED,gray,12,UO/2-4/CO.png,VERIFIED_BY_COLOR_GRID
UO,2-4,CO,63o,UNSELECTED,gray,12,UO/2-4/CO.png,VERIFIED_BY_COLOR_GRID
UO,2-4,CO,53o,UNSELECTED,gray,12,UO/2-4/CO.png,VERIFIED_BY_COLOR_GRID
UO,2-4,CO,43o,UNSELECTED,gray,12,UO/2-4/CO.png,VERIFIED_BY_COLOR_GRID
UO,2-4,CO,33,AI,purple,6,UO/2-4/CO.png,VERIFIED_BY_COLOR_GRID
UO,2-4,CO,32s,UNSELECTED,gray,4,UO/2-4/CO.png,VERIFIED_BY_COLOR_GRID
UO,2-4,CO,A2o,AI,purple,12,UO/2-4/CO.png,VERIFIED_BY_COLOR_GRID
UO,2-4,CO,K2o,AI,purple,12,UO/2-4/CO.png,VERIFIED_BY_COLOR_GRID
UO,2-4,CO,Q2o,UNSELECTED,gray,12,UO/2-4/CO.png,VERIFIED_BY_COLOR_GRID
UO,2-4,CO,J2o,UNSELECTED,gray,12,UO/2-4/CO.png,VERIFIED_BY_COLOR_GRID
UO,2-4,CO,T2o,UNSELECTED,gray,12,UO/2-4/CO.png,VERIFIED_BY_COLOR_GRID
UO,2-4,CO,92o,UNSELECTED,gray,12,UO/2-4/CO.png,VERIFIED_BY_COLOR_GRID
UO,2-4,CO,82o,UNSELECTED,gray,12,UO/2-4/CO.png,VERIFIED_BY_COLOR_GRID
UO,2-4,CO,72o,UNSELECTED,gray,12,UO/2-4/CO.png,VERIFIED_BY_COLOR_GRID
UO,2-4,CO,62o,UNSELECTED,gray,12,UO/2-4/CO.png,VERIFIED_BY_COLOR_GRID
UO,2-4,CO,52o,UNSELECTED,gray,12,UO/2-4/CO.png,VERIFIED_BY_COLOR_GRID
UO,2-4,CO,42o,UNSELECTED,gray,12,UO/2-4/CO.png,VERIFIED_BY_COLOR_GRID
UO,2-4,CO,32o,UNSELECTED,gray,12,UO/2-4/CO.png,VERIFIED_BY_COLOR_GRID
UO,2-4,CO,22,AI,purple,6,UO/2-4/CO.png,VERIFIED_BY_COLOR_GRID
UO,2-4,BTN,AA,AI,purple,6,UO/2-4/BTN.png,VERIFIED_BY_COLOR_GRID
UO,2-4,BTN,AKs,AI,purple,4,UO/2-4/BTN.png,VERIFIED_BY_COLOR_GRID
UO,2-4,BTN,AQs,AI,purple,4,UO/2-4/BTN.png,VERIFIED_BY_COLOR_GRID
UO,2-4,BTN,AJs,AI,purple,4,UO/2-4/BTN.png,VERIFIED_BY_COLOR_GRID
UO,2-4,BTN,ATs,AI,purple,4,UO/2-4/BTN.png,VERIFIED_BY_COLOR_GRID
UO,2-4,BTN,A9s,AI,purple,4,UO/2-4/BTN.png,VERIFIED_BY_COLOR_GRID
UO,2-4,BTN,A8s,AI,purple,4,UO/2-4/BTN.png,VERIFIED_BY_COLOR_GRID
UO,2-4,BTN,A7s,AI,purple,4,UO/2-4/BTN.png,VERIFIED_BY_COLOR_GRID
UO,2-4,BTN,A6s,AI,purple,4,UO/2-4/BTN.png,VERIFIED_BY_COLOR_GRID
UO,2-4,BTN,A5s,AI,purple,4,UO/2-4/BTN.png,VERIFIED_BY_COLOR_GRID
UO,2-4,BTN,A4s,AI,purple,4,UO/2-4/BTN.png,VERIFIED_BY_COLOR_GRID
UO,2-4,BTN,A3s,AI,purple,4,UO/2-4/BTN.png,VERIFIED_BY_COLOR_GRID
UO,2-4,BTN,A2s,AI,purple,4,UO/2-4/BTN.png,VERIFIED_BY_COLOR_GRID
UO,2-4,BTN,AKo,AI,purple,12,UO/2-4/BTN.png,VERIFIED_BY_COLOR_GRID
UO,2-4,BTN,KK,AI,purple,6,UO/2-4/BTN.png,VERIFIED_BY_COLOR_GRID
UO,2-4,BTN,KQs,AI,purple,4,UO/2-4/BTN.png,VERIFIED_BY_COLOR_GRID
UO,2-4,BTN,KJs,AI,purple,4,UO/2-4/BTN.png,VERIFIED_BY_COLOR_GRID
UO,2-4,BTN,KTs,AI,purple,4,UO/2-4/BTN.png,VERIFIED_BY_COLOR_GRID
UO,2-4,BTN,K9s,AI,purple,4,UO/2-4/BTN.png,VERIFIED_BY_COLOR_GRID
UO,2-4,BTN,K8s,AI,purple,4,UO/2-4/BTN.png,VERIFIED_BY_COLOR_GRID
UO,2-4,BTN,K7s,AI,purple,4,UO/2-4/BTN.png,VERIFIED_BY_COLOR_GRID
UO,2-4,BTN,K6s,AI,purple,4,UO/2-4/BTN.png,VERIFIED_BY_COLOR_GRID
UO,2-4,BTN,K5s,AI,purple,4,UO/2-4/BTN.png,VERIFIED_BY_COLOR_GRID
UO,2-4,BTN,K4s,AI,purple,4,UO/2-4/BTN.png,VERIFIED_BY_COLOR_GRID
UO,2-4,BTN,K3s,AI,purple,4,UO/2-4/BTN.png,VERIFIED_BY_COLOR_GRID
UO,2-4,BTN,K2s,AI,purple,4,UO/2-4/BTN.png,VERIFIED_BY_COLOR_GRID
UO,2-4,BTN,AQo,AI,purple,12,UO/2-4/BTN.png,VERIFIED_BY_COLOR_GRID
UO,2-4,BTN,KQo,AI,purple,12,UO/2-4/BTN.png,VERIFIED_BY_COLOR_GRID
UO,2-4,BTN,QQ,AI,purple,6,UO/2-4/BTN.png,VERIFIED_BY_COLOR_GRID
UO,2-4,BTN,QJs,AI,purple,4,UO/2-4/BTN.png,VERIFIED_BY_COLOR_GRID
UO,2-4,BTN,QTs,AI,purple,4,UO/2-4/BTN.png,VERIFIED_BY_COLOR_GRID
UO,2-4,BTN,Q9s,AI,purple,4,UO/2-4/BTN.png,VERIFIED_BY_COLOR_GRID
UO,2-4,BTN,Q8s,AI,purple,4,UO/2-4/BTN.png,VERIFIED_BY_COLOR_GRID
UO,2-4,BTN,Q7s,AI,purple,4,UO/2-4/BTN.png,VERIFIED_BY_COLOR_GRID
UO,2-4,BTN,Q6s,AI,purple,4,UO/2-4/BTN.png,VERIFIED_BY_COLOR_GRID
UO,2-4,BTN,Q5s,AI,purple,4,UO/2-4/BTN.png,VERIFIED_BY_COLOR_GRID
UO,2-4,BTN,Q4s,AI,purple,4,UO/2-4/BTN.png,VERIFIED_BY_COLOR_GRID
UO,2-4,BTN,Q3s,AI,purple,4,UO/2-4/BTN.png,VERIFIED_BY_COLOR_GRID
UO,2-4,BTN,Q2s,AI,purple,4,UO/2-4/BTN.png,VERIFIED_BY_COLOR_GRID
UO,2-4,BTN,AJo,AI,purple,12,UO/2-4/BTN.png,VERIFIED_BY_COLOR_GRID
UO,2-4,BTN,KJo,AI,purple,12,UO/2-4/BTN.png,VERIFIED_BY_COLOR_GRID
UO,2-4,BTN,QJo,AI,purple,12,UO/2-4/BTN.png,VERIFIED_BY_COLOR_GRID
UO,2-4,BTN,JJ,AI,purple,6,UO/2-4/BTN.png,VERIFIED_BY_COLOR_GRID
UO,2-4,BTN,JTs,AI,purple,4,UO/2-4/BTN.png,VERIFIED_BY_COLOR_GRID
UO,2-4,BTN,J9s,AI,purple,4,UO/2-4/BTN.png,VERIFIED_BY_COLOR_GRID
UO,2-4,BTN,J8s,AI,purple,4,UO/2-4/BTN.png,VERIFIED_BY_COLOR_GRID
UO,2-4,BTN,J7s,AI,purple,4,UO/2-4/BTN.png,VERIFIED_BY_COLOR_GRID
UO,2-4,BTN,J6s,AI,purple,4,UO/2-4/BTN.png,VERIFIED_BY_COLOR_GRID
UO,2-4,BTN,J5s,AI,purple,4,UO/2-4/BTN.png,VERIFIED_BY_COLOR_GRID
UO,2-4,BTN,J4s,AI,purple,4,UO/2-4/BTN.png,VERIFIED_BY_COLOR_GRID
UO,2-4,BTN,J3s,AI,purple,4,UO/2-4/BTN.png,VERIFIED_BY_COLOR_GRID
UO,2-4,BTN,J2s,AI,purple,4,UO/2-4/BTN.png,VERIFIED_BY_COLOR_GRID
UO,2-4,BTN,ATo,AI,purple,12,UO/2-4/BTN.png,VERIFIED_BY_COLOR_GRID
UO,2-4,BTN,KTo,AI,purple,12,UO/2-4/BTN.png,VERIFIED_BY_COLOR_GRID
UO,2-4,BTN,QTo,AI,purple,12,UO/2-4/BTN.png,VERIFIED_BY_COLOR_GRID
UO,2-4,BTN,JTo,AI,purple,12,UO/2-4/BTN.png,VERIFIED_BY_COLOR_GRID
UO,2-4,BTN,TT,AI,purple,6,UO/2-4/BTN.png,VERIFIED_BY_COLOR_GRID
UO,2-4,BTN,T9s,AI,purple,4,UO/2-4/BTN.png,VERIFIED_BY_COLOR_GRID
UO,2-4,BTN,T8s,AI,purple,4,UO/2-4/BTN.png,VERIFIED_BY_COLOR_GRID
UO,2-4,BTN,T7s,AI,purple,4,UO/2-4/BTN.png,VERIFIED_BY_COLOR_GRID
UO,2-4,BTN,T6s,AI,purple,4,UO/2-4/BTN.png,VERIFIED_BY_COLOR_GRID
UO,2-4,BTN,T5s,AI,purple,4,UO/2-4/BTN.png,VERIFIED_BY_COLOR_GRID
UO,2-4,BTN,T4s,AI,purple,4,UO/2-4/BTN.png,VERIFIED_BY_COLOR_GRID
UO,2-4,BTN,T3s,UNSELECTED,gray,4,UO/2-4/BTN.png,VERIFIED_BY_COLOR_GRID
UO,2-4,BTN,T2s,UNSELECTED,gray,4,UO/2-4/BTN.png,VERIFIED_BY_COLOR_GRID
UO,2-4,BTN,A9o,AI,purple,12,UO/2-4/BTN.png,VERIFIED_BY_COLOR_GRID
UO,2-4,BTN,K9o,AI,purple,12,UO/2-4/BTN.png,VERIFIED_BY_COLOR_GRID
UO,2-4,BTN,Q9o,AI,purple,12,UO/2-4/BTN.png,VERIFIED_BY_COLOR_GRID
UO,2-4,BTN,J9o,AI,purple,12,UO/2-4/BTN.png,VERIFIED_BY_COLOR_GRID
UO,2-4,BTN,T9o,AI,purple,12,UO/2-4/BTN.png,VERIFIED_BY_COLOR_GRID
UO,2-4,BTN,99,AI,purple,6,UO/2-4/BTN.png,VERIFIED_BY_COLOR_GRID
UO,2-4,BTN,98s,AI,purple,4,UO/2-4/BTN.png,VERIFIED_BY_COLOR_GRID
UO,2-4,BTN,97s,AI,purple,4,UO/2-4/BTN.png,VERIFIED_BY_COLOR_GRID
UO,2-4,BTN,96s,AI,purple,4,UO/2-4/BTN.png,VERIFIED_BY_COLOR_GRID
UO,2-4,BTN,95s,AI,purple,4,UO/2-4/BTN.png,VERIFIED_BY_COLOR_GRID
UO,2-4,BTN,94s,UNSELECTED,gray,4,UO/2-4/BTN.png,VERIFIED_BY_COLOR_GRID
UO,2-4,BTN,93s,UNSELECTED,gray,4,UO/2-4/BTN.png,VERIFIED_BY_COLOR_GRID
UO,2-4,BTN,92s,UNSELECTED,gray,4,UO/2-4/BTN.png,VERIFIED_BY_COLOR_GRID
UO,2-4,BTN,A8o,AI,purple,12,UO/2-4/BTN.png,VERIFIED_BY_COLOR_GRID
UO,2-4,BTN,K8o,AI,purple,12,UO/2-4/BTN.png,VERIFIED_BY_COLOR_GRID
UO,2-4,BTN,Q8o,AI,purple,12,UO/2-4/BTN.png,VERIFIED_BY_COLOR_GRID
UO,2-4,BTN,J8o,AI,purple,12,UO/2-4/BTN.png,VERIFIED_BY_COLOR_GRID
UO,2-4,BTN,T8o,AI,purple,12,UO/2-4/BTN.png,VERIFIED_BY_COLOR_GRID
UO,2-4,BTN,98o,AI,purple,12,UO/2-4/BTN.png,VERIFIED_BY_COLOR_GRID
UO,2-4,BTN,88,AI,purple,6,UO/2-4/BTN.png,VERIFIED_BY_COLOR_GRID
UO,2-4,BTN,87s,AI,purple,4,UO/2-4/BTN.png,VERIFIED_BY_COLOR_GRID
UO,2-4,BTN,86s,AI,purple,4,UO/2-4/BTN.png,VERIFIED_BY_COLOR_GRID
UO,2-4,BTN,85s,UNSELECTED,gray,4,UO/2-4/BTN.png,VERIFIED_BY_COLOR_GRID
UO,2-4,BTN,84s,UNSELECTED,gray,4,UO/2-4/BTN.png,VERIFIED_BY_COLOR_GRID
UO,2-4,BTN,83s,UNSELECTED,gray,4,UO/2-4/BTN.png,VERIFIED_BY_COLOR_GRID
UO,2-4,BTN,82s,UNSELECTED,gray,4,UO/2-4/BTN.png,VERIFIED_BY_COLOR_GRID
UO,2-4,BTN,A7o,AI,purple,12,UO/2-4/BTN.png,VERIFIED_BY_COLOR_GRID
UO,2-4,BTN,K7o,AI,purple,12,UO/2-4/BTN.png,VERIFIED_BY_COLOR_GRID
UO,2-4,BTN,Q7o,AI,purple,12,UO/2-4/BTN.png,VERIFIED_BY_COLOR_GRID
UO,2-4,BTN,J7o,AI,purple,12,UO/2-4/BTN.png,VERIFIED_BY_COLOR_GRID
UO,2-4,BTN,T7o,AI,purple,12,UO/2-4/BTN.png,VERIFIED_BY_COLOR_GRID
UO,2-4,BTN,97o,AI,purple,12,UO/2-4/BTN.png,VERIFIED_BY_COLOR_GRID
UO,2-4,BTN,87o,UNSELECTED,gray,12,UO/2-4/BTN.png,VERIFIED_BY_COLOR_GRID
UO,2-4,BTN,77,AI,purple,6,UO/2-4/BTN.png,VERIFIED_BY_COLOR_GRID
UO,2-4,BTN,76s,AI,purple,4,UO/2-4/BTN.png,VERIFIED_BY_COLOR_GRID
UO,2-4,BTN,75s,UNSELECTED,gray,4,UO/2-4/BTN.png,VERIFIED_BY_COLOR_GRID
UO,2-4,BTN,74s,UNSELECTED,gray,4,UO/2-4/BTN.png,VERIFIED_BY_COLOR_GRID
UO,2-4,BTN,73s,UNSELECTED,gray,4,UO/2-4/BTN.png,VERIFIED_BY_COLOR_GRID
UO,2-4,BTN,72s,UNSELECTED,gray,4,UO/2-4/BTN.png,VERIFIED_BY_COLOR_GRID
UO,2-4,BTN,A6o,AI,purple,12,UO/2-4/BTN.png,VERIFIED_BY_COLOR_GRID
UO,2-4,BTN,K6o,AI,purple,12,UO/2-4/BTN.png,VERIFIED_BY_COLOR_GRID
UO,2-4,BTN,Q6o,AI,purple,12,UO/2-4/BTN.png,VERIFIED_BY_COLOR_GRID
UO,2-4,BTN,J6o,AI,purple,12,UO/2-4/BTN.png,VERIFIED_BY_COLOR_GRID
UO,2-4,BTN,T6o,UNSELECTED,gray,12,UO/2-4/BTN.png,VERIFIED_BY_COLOR_GRID
UO,2-4,BTN,96o,UNSELECTED,gray,12,UO/2-4/BTN.png,VERIFIED_BY_COLOR_GRID
UO,2-4,BTN,86o,UNSELECTED,gray,12,UO/2-4/BTN.png,VERIFIED_BY_COLOR_GRID
UO,2-4,BTN,76o,UNSELECTED,gray,12,UO/2-4/BTN.png,VERIFIED_BY_COLOR_GRID
UO,2-4,BTN,66,AI,purple,6,UO/2-4/BTN.png,VERIFIED_BY_COLOR_GRID
UO,2-4,BTN,65s,AI,purple,4,UO/2-4/BTN.png,VERIFIED_BY_COLOR_GRID
UO,2-4,BTN,64s,UNSELECTED,gray,4,UO/2-4/BTN.png,VERIFIED_BY_COLOR_GRID
UO,2-4,BTN,63s,UNSELECTED,gray,4,UO/2-4/BTN.png,VERIFIED_BY_COLOR_GRID
UO,2-4,BTN,62s,UNSELECTED,gray,4,UO/2-4/BTN.png,VERIFIED_BY_COLOR_GRID
UO,2-4,BTN,A5o,AI,purple,12,UO/2-4/BTN.png,VERIFIED_BY_COLOR_GRID
UO,2-4,BTN,K5o,AI,purple,12,UO/2-4/BTN.png,VERIFIED_BY_COLOR_GRID
UO,2-4,BTN,Q5o,AI,purple,12,UO/2-4/BTN.png,VERIFIED_BY_COLOR_GRID
UO,2-4,BTN,J5o,UNSELECTED,gray,12,UO/2-4/BTN.png,VERIFIED_BY_COLOR_GRID
UO,2-4,BTN,T5o,UNSELECTED,gray,12,UO/2-4/BTN.png,VERIFIED_BY_COLOR_GRID
UO,2-4,BTN,95o,UNSELECTED,gray,12,UO/2-4/BTN.png,VERIFIED_BY_COLOR_GRID
UO,2-4,BTN,85o,UNSELECTED,gray,12,UO/2-4/BTN.png,VERIFIED_BY_COLOR_GRID
UO,2-4,BTN,75o,UNSELECTED,gray,12,UO/2-4/BTN.png,VERIFIED_BY_COLOR_GRID
UO,2-4,BTN,65o,UNSELECTED,gray,12,UO/2-4/BTN.png,VERIFIED_BY_COLOR_GRID
UO,2-4,BTN,55,AI,purple,6,UO/2-4/BTN.png,VERIFIED_BY_COLOR_GRID
UO,2-4,BTN,54s,UNSELECTED,gray,4,UO/2-4/BTN.png,VERIFIED_BY_COLOR_GRID
UO,2-4,BTN,53s,UNSELECTED,gray,4,UO/2-4/BTN.png,VERIFIED_BY_COLOR_GRID
UO,2-4,BTN,52s,UNSELECTED,gray,4,UO/2-4/BTN.png,VERIFIED_BY_COLOR_GRID
UO,2-4,BTN,A4o,AI,purple,12,UO/2-4/BTN.png,VERIFIED_BY_COLOR_GRID
UO,2-4,BTN,K4o,AI,purple,12,UO/2-4/BTN.png,VERIFIED_BY_COLOR_GRID
UO,2-4,BTN,Q4o,AI,purple,12,UO/2-4/BTN.png,VERIFIED_BY_COLOR_GRID
UO,2-4,BTN,J4o,UNSELECTED,gray,12,UO/2-4/BTN.png,VERIFIED_BY_COLOR_GRID
UO,2-4,BTN,T4o,UNSELECTED,gray,12,UO/2-4/BTN.png,VERIFIED_BY_COLOR_GRID
UO,2-4,BTN,94o,UNSELECTED,gray,12,UO/2-4/BTN.png,VERIFIED_BY_COLOR_GRID
UO,2-4,BTN,84o,UNSELECTED,gray,12,UO/2-4/BTN.png,VERIFIED_BY_COLOR_GRID
UO,2-4,BTN,74o,UNSELECTED,gray,12,UO/2-4/BTN.png,VERIFIED_BY_COLOR_GRID
UO,2-4,BTN,64o,UNSELECTED,gray,12,UO/2-4/BTN.png,VERIFIED_BY_COLOR_GRID
UO,2-4,BTN,54o,UNSELECTED,gray,12,UO/2-4/BTN.png,VERIFIED_BY_COLOR_GRID
UO,2-4,BTN,44,AI,purple,6,UO/2-4/BTN.png,VERIFIED_BY_COLOR_GRID
UO,2-4,BTN,43s,UNSELECTED,gray,4,UO/2-4/BTN.png,VERIFIED_BY_COLOR_GRID
UO,2-4,BTN,42s,UNSELECTED,gray,4,UO/2-4/BTN.png,VERIFIED_BY_COLOR_GRID
UO,2-4,BTN,A3o,AI,purple,12,UO/2-4/BTN.png,VERIFIED_BY_COLOR_GRID
UO,2-4,BTN,K3o,AI,purple,12,UO/2-4/BTN.png,VERIFIED_BY_COLOR_GRID
UO,2-4,BTN,Q3o,AI,purple,12,UO/2-4/BTN.png,VERIFIED_BY_COLOR_GRID
UO,2-4,BTN,J3o,UNSELECTED,gray,12,UO/2-4/BTN.png,VERIFIED_BY_COLOR_GRID
UO,2-4,BTN,T3o,UNSELECTED,gray,12,UO/2-4/BTN.png,VERIFIED_BY_COLOR_GRID
UO,2-4,BTN,93o,UNSELECTED,gray,12,UO/2-4/BTN.png,VERIFIED_BY_COLOR_GRID
UO,2-4,BTN,83o,UNSELECTED,gray,12,UO/2-4/BTN.png,VERIFIED_BY_COLOR_GRID
UO,2-4,BTN,73o,UNSELECTED,gray,12,UO/2-4/BTN.png,VERIFIED_BY_COLOR_GRID
UO,2-4,BTN,63o,UNSELECTED,gray,12,UO/2-4/BTN.png,VERIFIED_BY_COLOR_GRID
UO,2-4,BTN,53o,UNSELECTED,gray,12,UO/2-4/BTN.png,VERIFIED_BY_COLOR_GRID
UO,2-4,BTN,43o,UNSELECTED,gray,12,UO/2-4/BTN.png,VERIFIED_BY_COLOR_GRID
UO,2-4,BTN,33,AI,purple,6,UO/2-4/BTN.png,VERIFIED_BY_COLOR_GRID
UO,2-4,BTN,32s,UNSELECTED,gray,4,UO/2-4/BTN.png,VERIFIED_BY_COLOR_GRID
UO,2-4,BTN,A2o,AI,purple,12,UO/2-4/BTN.png,VERIFIED_BY_COLOR_GRID
UO,2-4,BTN,K2o,AI,purple,12,UO/2-4/BTN.png,VERIFIED_BY_COLOR_GRID
UO,2-4,BTN,Q2o,AI,purple,12,UO/2-4/BTN.png,VERIFIED_BY_COLOR_GRID
UO,2-4,BTN,J2o,UNSELECTED,gray,12,UO/2-4/BTN.png,VERIFIED_BY_COLOR_GRID
UO,2-4,BTN,T2o,UNSELECTED,gray,12,UO/2-4/BTN.png,VERIFIED_BY_COLOR_GRID
UO,2-4,BTN,92o,UNSELECTED,gray,12,UO/2-4/BTN.png,VERIFIED_BY_COLOR_GRID
UO,2-4,BTN,82o,UNSELECTED,gray,12,UO/2-4/BTN.png,VERIFIED_BY_COLOR_GRID
UO,2-4,BTN,72o,UNSELECTED,gray,12,UO/2-4/BTN.png,VERIFIED_BY_COLOR_GRID
UO,2-4,BTN,62o,UNSELECTED,gray,12,UO/2-4/BTN.png,VERIFIED_BY_COLOR_GRID
UO,2-4,BTN,52o,UNSELECTED,gray,12,UO/2-4/BTN.png,VERIFIED_BY_COLOR_GRID
UO,2-4,BTN,42o,UNSELECTED,gray,12,UO/2-4/BTN.png,VERIFIED_BY_COLOR_GRID
UO,2-4,BTN,32o,UNSELECTED,gray,12,UO/2-4/BTN.png,VERIFIED_BY_COLOR_GRID
UO,2-4,BTN,22,AI,purple,6,UO/2-4/BTN.png,VERIFIED_BY_COLOR_GRID
UO,4-6,EP,AA,AI,purple,6,UO/4-6/EP.png,VERIFIED_BY_COLOR_GRID
UO,4-6,EP,AKs,AI,purple,4,UO/4-6/EP.png,VERIFIED_BY_COLOR_GRID
UO,4-6,EP,AQs,AI,purple,4,UO/4-6/EP.png,VERIFIED_BY_COLOR_GRID
UO,4-6,EP,AJs,AI,purple,4,UO/4-6/EP.png,VERIFIED_BY_COLOR_GRID
UO,4-6,EP,ATs,AI,purple,4,UO/4-6/EP.png,VERIFIED_BY_COLOR_GRID
UO,4-6,EP,A9s,AI,purple,4,UO/4-6/EP.png,VERIFIED_BY_COLOR_GRID
UO,4-6,EP,A8s,AI,purple,4,UO/4-6/EP.png,VERIFIED_BY_COLOR_GRID
UO,4-6,EP,A7s,AI,purple,4,UO/4-6/EP.png,VERIFIED_BY_COLOR_GRID
UO,4-6,EP,A6s,AI,purple,4,UO/4-6/EP.png,VERIFIED_BY_COLOR_GRID
UO,4-6,EP,A5s,AI,purple,4,UO/4-6/EP.png,VERIFIED_BY_COLOR_GRID
UO,4-6,EP,A4s,AI,purple,4,UO/4-6/EP.png,VERIFIED_BY_COLOR_GRID
UO,4-6,EP,A3s,AI,purple,4,UO/4-6/EP.png,VERIFIED_BY_COLOR_GRID
UO,4-6,EP,A2s,AI,purple,4,UO/4-6/EP.png,VERIFIED_BY_COLOR_GRID
UO,4-6,EP,AKo,AI,purple,12,UO/4-6/EP.png,VERIFIED_BY_COLOR_GRID
UO,4-6,EP,KK,AI,purple,6,UO/4-6/EP.png,VERIFIED_BY_COLOR_GRID
UO,4-6,EP,KQs,AI,purple,4,UO/4-6/EP.png,VERIFIED_BY_COLOR_GRID
UO,4-6,EP,KJs,AI,purple,4,UO/4-6/EP.png,VERIFIED_BY_COLOR_GRID
UO,4-6,EP,KTs,AI,purple,4,UO/4-6/EP.png,VERIFIED_BY_COLOR_GRID
UO,4-6,EP,K9s,AI,purple,4,UO/4-6/EP.png,VERIFIED_BY_COLOR_GRID
UO,4-6,EP,K8s,AI,purple,4,UO/4-6/EP.png,VERIFIED_BY_COLOR_GRID
UO,4-6,EP,K7s,AI,purple,4,UO/4-6/EP.png,VERIFIED_BY_COLOR_GRID
UO,4-6,EP,K6s,AI,purple,4,UO/4-6/EP.png,VERIFIED_BY_COLOR_GRID
UO,4-6,EP,K5s,UNSELECTED,gray,4,UO/4-6/EP.png,VERIFIED_BY_COLOR_GRID
UO,4-6,EP,K4s,UNSELECTED,gray,4,UO/4-6/EP.png,VERIFIED_BY_COLOR_GRID
UO,4-6,EP,K3s,UNSELECTED,gray,4,UO/4-6/EP.png,VERIFIED_BY_COLOR_GRID
UO,4-6,EP,K2s,UNSELECTED,gray,4,UO/4-6/EP.png,VERIFIED_BY_COLOR_GRID
UO,4-6,EP,AQo,AI,purple,12,UO/4-6/EP.png,VERIFIED_BY_COLOR_GRID
UO,4-6,EP,KQo,AI,purple,12,UO/4-6/EP.png,VERIFIED_BY_COLOR_GRID
UO,4-6,EP,QQ,AI,purple,6,UO/4-6/EP.png,VERIFIED_BY_COLOR_GRID
UO,4-6,EP,QJs,AI,purple,4,UO/4-6/EP.png,VERIFIED_BY_COLOR_GRID
UO,4-6,EP,QTs,AI,purple,4,UO/4-6/EP.png,VERIFIED_BY_COLOR_GRID
UO,4-6,EP,Q9s,AI,purple,4,UO/4-6/EP.png,VERIFIED_BY_COLOR_GRID
UO,4-6,EP,Q8s,AI,purple,4,UO/4-6/EP.png,VERIFIED_BY_COLOR_GRID
UO,4-6,EP,Q7s,UNSELECTED,gray,4,UO/4-6/EP.png,VERIFIED_BY_COLOR_GRID
UO,4-6,EP,Q6s,UNSELECTED,gray,4,UO/4-6/EP.png,VERIFIED_BY_COLOR_GRID
UO,4-6,EP,Q5s,UNSELECTED,gray,4,UO/4-6/EP.png,VERIFIED_BY_COLOR_GRID
UO,4-6,EP,Q4s,UNSELECTED,gray,4,UO/4-6/EP.png,VERIFIED_BY_COLOR_GRID
UO,4-6,EP,Q3s,UNSELECTED,gray,4,UO/4-6/EP.png,VERIFIED_BY_COLOR_GRID
UO,4-6,EP,Q2s,UNSELECTED,gray,4,UO/4-6/EP.png,VERIFIED_BY_COLOR_GRID
UO,4-6,EP,AJo,AI,purple,12,UO/4-6/EP.png,VERIFIED_BY_COLOR_GRID
UO,4-6,EP,KJo,AI,purple,12,UO/4-6/EP.png,VERIFIED_BY_COLOR_GRID
UO,4-6,EP,QJo,AI,purple,12,UO/4-6/EP.png,VERIFIED_BY_COLOR_GRID
UO,4-6,EP,JJ,AI,purple,6,UO/4-6/EP.png,VERIFIED_BY_COLOR_GRID
UO,4-6,EP,JTs,AI,purple,4,UO/4-6/EP.png,VERIFIED_BY_COLOR_GRID
UO,4-6,EP,J9s,AI,purple,4,UO/4-6/EP.png,VERIFIED_BY_COLOR_GRID
UO,4-6,EP,J8s,UNSELECTED,gray,4,UO/4-6/EP.png,VERIFIED_BY_COLOR_GRID
UO,4-6,EP,J7s,UNSELECTED,gray,4,UO/4-6/EP.png,VERIFIED_BY_COLOR_GRID
UO,4-6,EP,J6s,UNSELECTED,gray,4,UO/4-6/EP.png,VERIFIED_BY_COLOR_GRID
UO,4-6,EP,J5s,UNSELECTED,gray,4,UO/4-6/EP.png,VERIFIED_BY_COLOR_GRID
UO,4-6,EP,J4s,UNSELECTED,gray,4,UO/4-6/EP.png,VERIFIED_BY_COLOR_GRID
UO,4-6,EP,J3s,UNSELECTED,gray,4,UO/4-6/EP.png,VERIFIED_BY_COLOR_GRID
UO,4-6,EP,J2s,UNSELECTED,gray,4,UO/4-6/EP.png,VERIFIED_BY_COLOR_GRID
UO,4-6,EP,ATo,AI,purple,12,UO/4-6/EP.png,VERIFIED_BY_COLOR_GRID
UO,4-6,EP,KTo,AI,purple,12,UO/4-6/EP.png,VERIFIED_BY_COLOR_GRID
UO,4-6,EP,QTo,AI,purple,12,UO/4-6/EP.png,VERIFIED_BY_COLOR_GRID
UO,4-6,EP,JTo,AI,purple,12,UO/4-6/EP.png,VERIFIED_BY_COLOR_GRID
UO,4-6,EP,TT,AI,purple,6,UO/4-6/EP.png,VERIFIED_BY_COLOR_GRID
UO,4-6,EP,T9s,AI,purple,4,UO/4-6/EP.png,VERIFIED_BY_COLOR_GRID
UO,4-6,EP,T8s,UNSELECTED,gray,4,UO/4-6/EP.png,VERIFIED_BY_COLOR_GRID
UO,4-6,EP,T7s,UNSELECTED,gray,4,UO/4-6/EP.png,VERIFIED_BY_COLOR_GRID
UO,4-6,EP,T6s,UNSELECTED,gray,4,UO/4-6/EP.png,VERIFIED_BY_COLOR_GRID
UO,4-6,EP,T5s,UNSELECTED,gray,4,UO/4-6/EP.png,VERIFIED_BY_COLOR_GRID
UO,4-6,EP,T4s,UNSELECTED,gray,4,UO/4-6/EP.png,VERIFIED_BY_COLOR_GRID
UO,4-6,EP,T3s,UNSELECTED,gray,4,UO/4-6/EP.png,VERIFIED_BY_COLOR_GRID
UO,4-6,EP,T2s,UNSELECTED,gray,4,UO/4-6/EP.png,VERIFIED_BY_COLOR_GRID
UO,4-6,EP,A9o,AI,purple,12,UO/4-6/EP.png,VERIFIED_BY_COLOR_GRID
UO,4-6,EP,K9o,AI,purple,12,UO/4-6/EP.png,VERIFIED_BY_COLOR_GRID
UO,4-6,EP,Q9o,UNSELECTED,gray,12,UO/4-6/EP.png,VERIFIED_BY_COLOR_GRID
UO,4-6,EP,J9o,UNSELECTED,gray,12,UO/4-6/EP.png,VERIFIED_BY_COLOR_GRID
UO,4-6,EP,T9o,UNSELECTED,gray,12,UO/4-6/EP.png,VERIFIED_BY_COLOR_GRID
UO,4-6,EP,99,AI,purple,6,UO/4-6/EP.png,VERIFIED_BY_COLOR_GRID
UO,4-6,EP,98s,UNSELECTED,gray,4,UO/4-6/EP.png,VERIFIED_BY_COLOR_GRID
UO,4-6,EP,97s,UNSELECTED,gray,4,UO/4-6/EP.png,VERIFIED_BY_COLOR_GRID
UO,4-6,EP,96s,UNSELECTED,gray,4,UO/4-6/EP.png,VERIFIED_BY_COLOR_GRID
UO,4-6,EP,95s,UNSELECTED,gray,4,UO/4-6/EP.png,VERIFIED_BY_COLOR_GRID
UO,4-6,EP,94s,UNSELECTED,gray,4,UO/4-6/EP.png,VERIFIED_BY_COLOR_GRID
UO,4-6,EP,93s,UNSELECTED,gray,4,UO/4-6/EP.png,VERIFIED_BY_COLOR_GRID
UO,4-6,EP,92s,UNSELECTED,gray,4,UO/4-6/EP.png,VERIFIED_BY_COLOR_GRID
UO,4-6,EP,A8o,AI,purple,12,UO/4-6/EP.png,VERIFIED_BY_COLOR_GRID
UO,4-6,EP,K8o,UNSELECTED,gray,12,UO/4-6/EP.png,VERIFIED_BY_COLOR_GRID
UO,4-6,EP,Q8o,UNSELECTED,gray,12,UO/4-6/EP.png,VERIFIED_BY_COLOR_GRID
UO,4-6,EP,J8o,UNSELECTED,gray,12,UO/4-6/EP.png,VERIFIED_BY_COLOR_GRID
UO,4-6,EP,T8o,UNSELECTED,gray,12,UO/4-6/EP.png,VERIFIED_BY_COLOR_GRID
UO,4-6,EP,98o,UNSELECTED,gray,12,UO/4-6/EP.png,VERIFIED_BY_COLOR_GRID
UO,4-6,EP,88,AI,purple,6,UO/4-6/EP.png,VERIFIED_BY_COLOR_GRID
UO,4-6,EP,87s,UNSELECTED,gray,4,UO/4-6/EP.png,VERIFIED_BY_COLOR_GRID
UO,4-6,EP,86s,UNSELECTED,gray,4,UO/4-6/EP.png,VERIFIED_BY_COLOR_GRID
UO,4-6,EP,85s,UNSELECTED,gray,4,UO/4-6/EP.png,VERIFIED_BY_COLOR_GRID
UO,4-6,EP,84s,UNSELECTED,gray,4,UO/4-6/EP.png,VERIFIED_BY_COLOR_GRID
UO,4-6,EP,83s,UNSELECTED,gray,4,UO/4-6/EP.png,VERIFIED_BY_COLOR_GRID
UO,4-6,EP,82s,UNSELECTED,gray,4,UO/4-6/EP.png,VERIFIED_BY_COLOR_GRID
UO,4-6,EP,A7o,AI,purple,12,UO/4-6/EP.png,VERIFIED_BY_COLOR_GRID
UO,4-6,EP,K7o,UNSELECTED,gray,12,UO/4-6/EP.png,VERIFIED_BY_COLOR_GRID
UO,4-6,EP,Q7o,UNSELECTED,gray,12,UO/4-6/EP.png,VERIFIED_BY_COLOR_GRID
UO,4-6,EP,J7o,UNSELECTED,gray,12,UO/4-6/EP.png,VERIFIED_BY_COLOR_GRID
UO,4-6,EP,T7o,UNSELECTED,gray,12,UO/4-6/EP.png,VERIFIED_BY_COLOR_GRID
UO,4-6,EP,97o,UNSELECTED,gray,12,UO/4-6/EP.png,VERIFIED_BY_COLOR_GRID
UO,4-6,EP,87o,UNSELECTED,gray,12,UO/4-6/EP.png,VERIFIED_BY_COLOR_GRID
UO,4-6,EP,77,AI,purple,6,UO/4-6/EP.png,VERIFIED_BY_COLOR_GRID
UO,4-6,EP,76s,UNSELECTED,gray,4,UO/4-6/EP.png,VERIFIED_BY_COLOR_GRID
UO,4-6,EP,75s,UNSELECTED,gray,4,UO/4-6/EP.png,VERIFIED_BY_COLOR_GRID
UO,4-6,EP,74s,UNSELECTED,gray,4,UO/4-6/EP.png,VERIFIED_BY_COLOR_GRID
UO,4-6,EP,73s,UNSELECTED,gray,4,UO/4-6/EP.png,VERIFIED_BY_COLOR_GRID
UO,4-6,EP,72s,UNSELECTED,gray,4,UO/4-6/EP.png,VERIFIED_BY_COLOR_GRID
UO,4-6,EP,A6o,AI,purple,12,UO/4-6/EP.png,VERIFIED_BY_COLOR_GRID
UO,4-6,EP,K6o,UNSELECTED,gray,12,UO/4-6/EP.png,VERIFIED_BY_COLOR_GRID
UO,4-6,EP,Q6o,UNSELECTED,gray,12,UO/4-6/EP.png,VERIFIED_BY_COLOR_GRID
UO,4-6,EP,J6o,UNSELECTED,gray,12,UO/4-6/EP.png,VERIFIED_BY_COLOR_GRID
UO,4-6,EP,T6o,UNSELECTED,gray,12,UO/4-6/EP.png,VERIFIED_BY_COLOR_GRID
UO,4-6,EP,96o,UNSELECTED,gray,12,UO/4-6/EP.png,VERIFIED_BY_COLOR_GRID
UO,4-6,EP,86o,UNSELECTED,gray,12,UO/4-6/EP.png,VERIFIED_BY_COLOR_GRID
UO,4-6,EP,76o,UNSELECTED,gray,12,UO/4-6/EP.png,VERIFIED_BY_COLOR_GRID
UO,4-6,EP,66,AI,purple,6,UO/4-6/EP.png,VERIFIED_BY_COLOR_GRID
UO,4-6,EP,65s,UNSELECTED,gray,4,UO/4-6/EP.png,VERIFIED_BY_COLOR_GRID
UO,4-6,EP,64s,UNSELECTED,gray,4,UO/4-6/EP.png,VERIFIED_BY_COLOR_GRID
UO,4-6,EP,63s,UNSELECTED,gray,4,UO/4-6/EP.png,VERIFIED_BY_COLOR_GRID
UO,4-6,EP,62s,UNSELECTED,gray,4,UO/4-6/EP.png,VERIFIED_BY_COLOR_GRID
UO,4-6,EP,A5o,AI,purple,12,UO/4-6/EP.png,VERIFIED_BY_COLOR_GRID
UO,4-6,EP,K5o,UNSELECTED,gray,12,UO/4-6/EP.png,VERIFIED_BY_COLOR_GRID
UO,4-6,EP,Q5o,UNSELECTED,gray,12,UO/4-6/EP.png,VERIFIED_BY_COLOR_GRID
UO,4-6,EP,J5o,UNSELECTED,gray,12,UO/4-6/EP.png,VERIFIED_BY_COLOR_GRID
UO,4-6,EP,T5o,UNSELECTED,gray,12,UO/4-6/EP.png,VERIFIED_BY_COLOR_GRID
UO,4-6,EP,95o,UNSELECTED,gray,12,UO/4-6/EP.png,VERIFIED_BY_COLOR_GRID
UO,4-6,EP,85o,UNSELECTED,gray,12,UO/4-6/EP.png,VERIFIED_BY_COLOR_GRID
UO,4-6,EP,75o,UNSELECTED,gray,12,UO/4-6/EP.png,VERIFIED_BY_COLOR_GRID
UO,4-6,EP,65o,UNSELECTED,gray,12,UO/4-6/EP.png,VERIFIED_BY_COLOR_GRID
UO,4-6,EP,55,AI,purple,6,UO/4-6/EP.png,VERIFIED_BY_COLOR_GRID
UO,4-6,EP,54s,UNSELECTED,gray,4,UO/4-6/EP.png,VERIFIED_BY_COLOR_GRID
UO,4-6,EP,53s,UNSELECTED,gray,4,UO/4-6/EP.png,VERIFIED_BY_COLOR_GRID
UO,4-6,EP,52s,UNSELECTED,gray,4,UO/4-6/EP.png,VERIFIED_BY_COLOR_GRID
UO,4-6,EP,A4o,AI,purple,12,UO/4-6/EP.png,VERIFIED_BY_COLOR_GRID
UO,4-6,EP,K4o,UNSELECTED,gray,12,UO/4-6/EP.png,VERIFIED_BY_COLOR_GRID
UO,4-6,EP,Q4o,UNSELECTED,gray,12,UO/4-6/EP.png,VERIFIED_BY_COLOR_GRID
UO,4-6,EP,J4o,UNSELECTED,gray,12,UO/4-6/EP.png,VERIFIED_BY_COLOR_GRID
UO,4-6,EP,T4o,UNSELECTED,gray,12,UO/4-6/EP.png,VERIFIED_BY_COLOR_GRID
UO,4-6,EP,94o,UNSELECTED,gray,12,UO/4-6/EP.png,VERIFIED_BY_COLOR_GRID
UO,4-6,EP,84o,UNSELECTED,gray,12,UO/4-6/EP.png,VERIFIED_BY_COLOR_GRID
UO,4-6,EP,74o,UNSELECTED,gray,12,UO/4-6/EP.png,VERIFIED_BY_COLOR_GRID
UO,4-6,EP,64o,UNSELECTED,gray,12,UO/4-6/EP.png,VERIFIED_BY_COLOR_GRID
UO,4-6,EP,54o,UNSELECTED,gray,12,UO/4-6/EP.png,VERIFIED_BY_COLOR_GRID
UO,4-6,EP,44,AI,purple,6,UO/4-6/EP.png,VERIFIED_BY_COLOR_GRID
UO,4-6,EP,43s,UNSELECTED,gray,4,UO/4-6/EP.png,VERIFIED_BY_COLOR_GRID
UO,4-6,EP,42s,UNSELECTED,gray,4,UO/4-6/EP.png,VERIFIED_BY_COLOR_GRID
UO,4-6,EP,A3o,AI,purple,12,UO/4-6/EP.png,VERIFIED_BY_COLOR_GRID
UO,4-6,EP,K3o,UNSELECTED,gray,12,UO/4-6/EP.png,VERIFIED_BY_COLOR_GRID
UO,4-6,EP,Q3o,UNSELECTED,gray,12,UO/4-6/EP.png,VERIFIED_BY_COLOR_GRID
UO,4-6,EP,J3o,UNSELECTED,gray,12,UO/4-6/EP.png,VERIFIED_BY_COLOR_GRID
UO,4-6,EP,T3o,UNSELECTED,gray,12,UO/4-6/EP.png,VERIFIED_BY_COLOR_GRID
UO,4-6,EP,93o,UNSELECTED,gray,12,UO/4-6/EP.png,VERIFIED_BY_COLOR_GRID
UO,4-6,EP,83o,UNSELECTED,gray,12,UO/4-6/EP.png,VERIFIED_BY_COLOR_GRID
UO,4-6,EP,73o,UNSELECTED,gray,12,UO/4-6/EP.png,VERIFIED_BY_COLOR_GRID
UO,4-6,EP,63o,UNSELECTED,gray,12,UO/4-6/EP.png,VERIFIED_BY_COLOR_GRID
UO,4-6,EP,53o,UNSELECTED,gray,12,UO/4-6/EP.png,VERIFIED_BY_COLOR_GRID
UO,4-6,EP,43o,UNSELECTED,gray,12,UO/4-6/EP.png,VERIFIED_BY_COLOR_GRID
UO,4-6,EP,33,AI,purple,6,UO/4-6/EP.png,VERIFIED_BY_COLOR_GRID
UO,4-6,EP,32s,UNSELECTED,gray,4,UO/4-6/EP.png,VERIFIED_BY_COLOR_GRID
UO,4-6,EP,A2o,AI,purple,12,UO/4-6/EP.png,VERIFIED_BY_COLOR_GRID
UO,4-6,EP,K2o,UNSELECTED,gray,12,UO/4-6/EP.png,VERIFIED_BY_COLOR_GRID
UO,4-6,EP,Q2o,UNSELECTED,gray,12,UO/4-6/EP.png,VERIFIED_BY_COLOR_GRID
UO,4-6,EP,J2o,UNSELECTED,gray,12,UO/4-6/EP.png,VERIFIED_BY_COLOR_GRID
UO,4-6,EP,T2o,UNSELECTED,gray,12,UO/4-6/EP.png,VERIFIED_BY_COLOR_GRID
UO,4-6,EP,92o,UNSELECTED,gray,12,UO/4-6/EP.png,VERIFIED_BY_COLOR_GRID
UO,4-6,EP,82o,UNSELECTED,gray,12,UO/4-6/EP.png,VERIFIED_BY_COLOR_GRID
UO,4-6,EP,72o,UNSELECTED,gray,12,UO/4-6/EP.png,VERIFIED_BY_COLOR_GRID
UO,4-6,EP,62o,UNSELECTED,gray,12,UO/4-6/EP.png,VERIFIED_BY_COLOR_GRID
UO,4-6,EP,52o,UNSELECTED,gray,12,UO/4-6/EP.png,VERIFIED_BY_COLOR_GRID
UO,4-6,EP,42o,UNSELECTED,gray,12,UO/4-6/EP.png,VERIFIED_BY_COLOR_GRID
UO,4-6,EP,32o,UNSELECTED,gray,12,UO/4-6/EP.png,VERIFIED_BY_COLOR_GRID
UO,4-6,EP,22,AI,purple,6,UO/4-6/EP.png,VERIFIED_BY_COLOR_GRID
UO,4-6,MP,AA,AI,purple,6,UO/4-6/MP.png,VERIFIED_BY_COLOR_GRID
UO,4-6,MP,AKs,AI,purple,4,UO/4-6/MP.png,VERIFIED_BY_COLOR_GRID
UO,4-6,MP,AQs,AI,purple,4,UO/4-6/MP.png,VERIFIED_BY_COLOR_GRID
UO,4-6,MP,AJs,AI,purple,4,UO/4-6/MP.png,VERIFIED_BY_COLOR_GRID
UO,4-6,MP,ATs,AI,purple,4,UO/4-6/MP.png,VERIFIED_BY_COLOR_GRID
UO,4-6,MP,A9s,AI,purple,4,UO/4-6/MP.png,VERIFIED_BY_COLOR_GRID
UO,4-6,MP,A8s,AI,purple,4,UO/4-6/MP.png,VERIFIED_BY_COLOR_GRID
UO,4-6,MP,A7s,AI,purple,4,UO/4-6/MP.png,VERIFIED_BY_COLOR_GRID
UO,4-6,MP,A6s,AI,purple,4,UO/4-6/MP.png,VERIFIED_BY_COLOR_GRID
UO,4-6,MP,A5s,AI,purple,4,UO/4-6/MP.png,VERIFIED_BY_COLOR_GRID
UO,4-6,MP,A4s,AI,purple,4,UO/4-6/MP.png,VERIFIED_BY_COLOR_GRID
UO,4-6,MP,A3s,AI,purple,4,UO/4-6/MP.png,VERIFIED_BY_COLOR_GRID
UO,4-6,MP,A2s,AI,purple,4,UO/4-6/MP.png,VERIFIED_BY_COLOR_GRID
UO,4-6,MP,AKo,AI,purple,12,UO/4-6/MP.png,VERIFIED_BY_COLOR_GRID
UO,4-6,MP,KK,AI,purple,6,UO/4-6/MP.png,VERIFIED_BY_COLOR_GRID
UO,4-6,MP,KQs,AI,purple,4,UO/4-6/MP.png,VERIFIED_BY_COLOR_GRID
UO,4-6,MP,KJs,AI,purple,4,UO/4-6/MP.png,VERIFIED_BY_COLOR_GRID
UO,4-6,MP,KTs,AI,purple,4,UO/4-6/MP.png,VERIFIED_BY_COLOR_GRID
UO,4-6,MP,K9s,AI,purple,4,UO/4-6/MP.png,VERIFIED_BY_COLOR_GRID
UO,4-6,MP,K8s,AI,purple,4,UO/4-6/MP.png,VERIFIED_BY_COLOR_GRID
UO,4-6,MP,K7s,AI,purple,4,UO/4-6/MP.png,VERIFIED_BY_COLOR_GRID
UO,4-6,MP,K6s,AI,purple,4,UO/4-6/MP.png,VERIFIED_BY_COLOR_GRID
UO,4-6,MP,K5s,AI,purple,4,UO/4-6/MP.png,VERIFIED_BY_COLOR_GRID
UO,4-6,MP,K4s,UNSELECTED,gray,4,UO/4-6/MP.png,VERIFIED_BY_COLOR_GRID
UO,4-6,MP,K3s,UNSELECTED,gray,4,UO/4-6/MP.png,VERIFIED_BY_COLOR_GRID
UO,4-6,MP,K2s,UNSELECTED,gray,4,UO/4-6/MP.png,VERIFIED_BY_COLOR_GRID
UO,4-6,MP,AQo,AI,purple,12,UO/4-6/MP.png,VERIFIED_BY_COLOR_GRID
UO,4-6,MP,KQo,AI,purple,12,UO/4-6/MP.png,VERIFIED_BY_COLOR_GRID
UO,4-6,MP,QQ,AI,purple,6,UO/4-6/MP.png,VERIFIED_BY_COLOR_GRID
UO,4-6,MP,QJs,AI,purple,4,UO/4-6/MP.png,VERIFIED_BY_COLOR_GRID
UO,4-6,MP,QTs,AI,purple,4,UO/4-6/MP.png,VERIFIED_BY_COLOR_GRID
UO,4-6,MP,Q9s,AI,purple,4,UO/4-6/MP.png,VERIFIED_BY_COLOR_GRID
UO,4-6,MP,Q8s,AI,purple,4,UO/4-6/MP.png,VERIFIED_BY_COLOR_GRID
UO,4-6,MP,Q7s,AI,purple,4,UO/4-6/MP.png,VERIFIED_BY_COLOR_GRID
UO,4-6,MP,Q6s,UNSELECTED,gray,4,UO/4-6/MP.png,VERIFIED_BY_COLOR_GRID
UO,4-6,MP,Q5s,UNSELECTED,gray,4,UO/4-6/MP.png,VERIFIED_BY_COLOR_GRID
UO,4-6,MP,Q4s,UNSELECTED,gray,4,UO/4-6/MP.png,VERIFIED_BY_COLOR_GRID
UO,4-6,MP,Q3s,UNSELECTED,gray,4,UO/4-6/MP.png,VERIFIED_BY_COLOR_GRID
UO,4-6,MP,Q2s,UNSELECTED,gray,4,UO/4-6/MP.png,VERIFIED_BY_COLOR_GRID
UO,4-6,MP,AJo,AI,purple,12,UO/4-6/MP.png,VERIFIED_BY_COLOR_GRID
UO,4-6,MP,KJo,AI,purple,12,UO/4-6/MP.png,VERIFIED_BY_COLOR_GRID
UO,4-6,MP,QJo,AI,purple,12,UO/4-6/MP.png,VERIFIED_BY_COLOR_GRID
UO,4-6,MP,JJ,AI,purple,6,UO/4-6/MP.png,VERIFIED_BY_COLOR_GRID
UO,4-6,MP,JTs,AI,purple,4,UO/4-6/MP.png,VERIFIED_BY_COLOR_GRID
UO,4-6,MP,J9s,AI,purple,4,UO/4-6/MP.png,VERIFIED_BY_COLOR_GRID
UO,4-6,MP,J8s,AI,purple,4,UO/4-6/MP.png,VERIFIED_BY_COLOR_GRID
UO,4-6,MP,J7s,UNSELECTED,gray,4,UO/4-6/MP.png,VERIFIED_BY_COLOR_GRID
UO,4-6,MP,J6s,UNSELECTED,gray,4,UO/4-6/MP.png,VERIFIED_BY_COLOR_GRID
UO,4-6,MP,J5s,UNSELECTED,gray,4,UO/4-6/MP.png,VERIFIED_BY_COLOR_GRID
UO,4-6,MP,J4s,UNSELECTED,gray,4,UO/4-6/MP.png,VERIFIED_BY_COLOR_GRID
UO,4-6,MP,J3s,UNSELECTED,gray,4,UO/4-6/MP.png,VERIFIED_BY_COLOR_GRID
UO,4-6,MP,J2s,UNSELECTED,gray,4,UO/4-6/MP.png,VERIFIED_BY_COLOR_GRID
UO,4-6,MP,ATo,AI,purple,12,UO/4-6/MP.png,VERIFIED_BY_COLOR_GRID
UO,4-6,MP,KTo,AI,purple,12,UO/4-6/MP.png,VERIFIED_BY_COLOR_GRID
UO,4-6,MP,QTo,AI,purple,12,UO/4-6/MP.png,VERIFIED_BY_COLOR_GRID
UO,4-6,MP,JTo,AI,purple,12,UO/4-6/MP.png,VERIFIED_BY_COLOR_GRID
UO,4-6,MP,TT,AI,purple,6,UO/4-6/MP.png,VERIFIED_BY_COLOR_GRID
UO,4-6,MP,T9s,AI,purple,4,UO/4-6/MP.png,VERIFIED_BY_COLOR_GRID
UO,4-6,MP,T8s,UNSELECTED,gray,4,UO/4-6/MP.png,VERIFIED_BY_COLOR_GRID
UO,4-6,MP,T7s,UNSELECTED,gray,4,UO/4-6/MP.png,VERIFIED_BY_COLOR_GRID
UO,4-6,MP,T6s,UNSELECTED,gray,4,UO/4-6/MP.png,VERIFIED_BY_COLOR_GRID
UO,4-6,MP,T5s,UNSELECTED,gray,4,UO/4-6/MP.png,VERIFIED_BY_COLOR_GRID
UO,4-6,MP,T4s,UNSELECTED,gray,4,UO/4-6/MP.png,VERIFIED_BY_COLOR_GRID
UO,4-6,MP,T3s,UNSELECTED,gray,4,UO/4-6/MP.png,VERIFIED_BY_COLOR_GRID
UO,4-6,MP,T2s,UNSELECTED,gray,4,UO/4-6/MP.png,VERIFIED_BY_COLOR_GRID
UO,4-6,MP,A9o,AI,purple,12,UO/4-6/MP.png,VERIFIED_BY_COLOR_GRID
UO,4-6,MP,K9o,AI,purple,12,UO/4-6/MP.png,VERIFIED_BY_COLOR_GRID
UO,4-6,MP,Q9o,AI,purple,12,UO/4-6/MP.png,VERIFIED_BY_COLOR_GRID
UO,4-6,MP,J9o,UNSELECTED,gray,12,UO/4-6/MP.png,VERIFIED_BY_COLOR_GRID
UO,4-6,MP,T9o,UNSELECTED,gray,12,UO/4-6/MP.png,VERIFIED_BY_COLOR_GRID
UO,4-6,MP,99,AI,purple,6,UO/4-6/MP.png,VERIFIED_BY_COLOR_GRID
UO,4-6,MP,98s,UNSELECTED,gray,4,UO/4-6/MP.png,VERIFIED_BY_COLOR_GRID
UO,4-6,MP,97s,UNSELECTED,gray,4,UO/4-6/MP.png,VERIFIED_BY_COLOR_GRID
UO,4-6,MP,96s,UNSELECTED,gray,4,UO/4-6/MP.png,VERIFIED_BY_COLOR_GRID
UO,4-6,MP,95s,UNSELECTED,gray,4,UO/4-6/MP.png,VERIFIED_BY_COLOR_GRID
UO,4-6,MP,94s,UNSELECTED,gray,4,UO/4-6/MP.png,VERIFIED_BY_COLOR_GRID
UO,4-6,MP,93s,UNSELECTED,gray,4,UO/4-6/MP.png,VERIFIED_BY_COLOR_GRID
UO,4-6,MP,92s,UNSELECTED,gray,4,UO/4-6/MP.png,VERIFIED_BY_COLOR_GRID
UO,4-6,MP,A8o,AI,purple,12,UO/4-6/MP.png,VERIFIED_BY_COLOR_GRID
UO,4-6,MP,K8o,AI,purple,12,UO/4-6/MP.png,VERIFIED_BY_COLOR_GRID
UO,4-6,MP,Q8o,UNSELECTED,gray,12,UO/4-6/MP.png,VERIFIED_BY_COLOR_GRID
UO,4-6,MP,J8o,UNSELECTED,gray,12,UO/4-6/MP.png,VERIFIED_BY_COLOR_GRID
UO,4-6,MP,T8o,UNSELECTED,gray,12,UO/4-6/MP.png,VERIFIED_BY_COLOR_GRID
UO,4-6,MP,98o,UNSELECTED,gray,12,UO/4-6/MP.png,VERIFIED_BY_COLOR_GRID
UO,4-6,MP,88,AI,purple,6,UO/4-6/MP.png,VERIFIED_BY_COLOR_GRID
UO,4-6,MP,87s,UNSELECTED,gray,4,UO/4-6/MP.png,VERIFIED_BY_COLOR_GRID
UO,4-6,MP,86s,UNSELECTED,gray,4,UO/4-6/MP.png,VERIFIED_BY_COLOR_GRID
UO,4-6,MP,85s,UNSELECTED,gray,4,UO/4-6/MP.png,VERIFIED_BY_COLOR_GRID
UO,4-6,MP,84s,UNSELECTED,gray,4,UO/4-6/MP.png,VERIFIED_BY_COLOR_GRID
UO,4-6,MP,83s,UNSELECTED,gray,4,UO/4-6/MP.png,VERIFIED_BY_COLOR_GRID
UO,4-6,MP,82s,UNSELECTED,gray,4,UO/4-6/MP.png,VERIFIED_BY_COLOR_GRID
UO,4-6,MP,A7o,AI,purple,12,UO/4-6/MP.png,VERIFIED_BY_COLOR_GRID
UO,4-6,MP,K7o,UNSELECTED,gray,12,UO/4-6/MP.png,VERIFIED_BY_COLOR_GRID
UO,4-6,MP,Q7o,UNSELECTED,gray,12,UO/4-6/MP.png,VERIFIED_BY_COLOR_GRID
UO,4-6,MP,J7o,UNSELECTED,gray,12,UO/4-6/MP.png,VERIFIED_BY_COLOR_GRID
UO,4-6,MP,T7o,UNSELECTED,gray,12,UO/4-6/MP.png,VERIFIED_BY_COLOR_GRID
UO,4-6,MP,97o,UNSELECTED,gray,12,UO/4-6/MP.png,VERIFIED_BY_COLOR_GRID
UO,4-6,MP,87o,UNSELECTED,gray,12,UO/4-6/MP.png,VERIFIED_BY_COLOR_GRID
UO,4-6,MP,77,AI,purple,6,UO/4-6/MP.png,VERIFIED_BY_COLOR_GRID
UO,4-6,MP,76s,UNSELECTED,gray,4,UO/4-6/MP.png,VERIFIED_BY_COLOR_GRID
UO,4-6,MP,75s,UNSELECTED,gray,4,UO/4-6/MP.png,VERIFIED_BY_COLOR_GRID
UO,4-6,MP,74s,UNSELECTED,gray,4,UO/4-6/MP.png,VERIFIED_BY_COLOR_GRID
UO,4-6,MP,73s,UNSELECTED,gray,4,UO/4-6/MP.png,VERIFIED_BY_COLOR_GRID
UO,4-6,MP,72s,UNSELECTED,gray,4,UO/4-6/MP.png,VERIFIED_BY_COLOR_GRID
UO,4-6,MP,A6o,AI,purple,12,UO/4-6/MP.png,VERIFIED_BY_COLOR_GRID
UO,4-6,MP,K6o,UNSELECTED,gray,12,UO/4-6/MP.png,VERIFIED_BY_COLOR_GRID
UO,4-6,MP,Q6o,UNSELECTED,gray,12,UO/4-6/MP.png,VERIFIED_BY_COLOR_GRID
UO,4-6,MP,J6o,UNSELECTED,gray,12,UO/4-6/MP.png,VERIFIED_BY_COLOR_GRID
UO,4-6,MP,T6o,UNSELECTED,gray,12,UO/4-6/MP.png,VERIFIED_BY_COLOR_GRID
UO,4-6,MP,96o,UNSELECTED,gray,12,UO/4-6/MP.png,VERIFIED_BY_COLOR_GRID
UO,4-6,MP,86o,UNSELECTED,gray,12,UO/4-6/MP.png,VERIFIED_BY_COLOR_GRID
UO,4-6,MP,76o,UNSELECTED,gray,12,UO/4-6/MP.png,VERIFIED_BY_COLOR_GRID
UO,4-6,MP,66,AI,purple,6,UO/4-6/MP.png,VERIFIED_BY_COLOR_GRID
UO,4-6,MP,65s,UNSELECTED,gray,4,UO/4-6/MP.png,VERIFIED_BY_COLOR_GRID
UO,4-6,MP,64s,UNSELECTED,gray,4,UO/4-6/MP.png,VERIFIED_BY_COLOR_GRID
UO,4-6,MP,63s,UNSELECTED,gray,4,UO/4-6/MP.png,VERIFIED_BY_COLOR_GRID
UO,4-6,MP,62s,UNSELECTED,gray,4,UO/4-6/MP.png,VERIFIED_BY_COLOR_GRID
UO,4-6,MP,A5o,AI,purple,12,UO/4-6/MP.png,VERIFIED_BY_COLOR_GRID
UO,4-6,MP,K5o,UNSELECTED,gray,12,UO/4-6/MP.png,VERIFIED_BY_COLOR_GRID
UO,4-6,MP,Q5o,UNSELECTED,gray,12,UO/4-6/MP.png,VERIFIED_BY_COLOR_GRID
UO,4-6,MP,J5o,UNSELECTED,gray,12,UO/4-6/MP.png,VERIFIED_BY_COLOR_GRID
UO,4-6,MP,T5o,UNSELECTED,gray,12,UO/4-6/MP.png,VERIFIED_BY_COLOR_GRID
UO,4-6,MP,95o,UNSELECTED,gray,12,UO/4-6/MP.png,VERIFIED_BY_COLOR_GRID
UO,4-6,MP,85o,UNSELECTED,gray,12,UO/4-6/MP.png,VERIFIED_BY_COLOR_GRID
UO,4-6,MP,75o,UNSELECTED,gray,12,UO/4-6/MP.png,VERIFIED_BY_COLOR_GRID
UO,4-6,MP,65o,UNSELECTED,gray,12,UO/4-6/MP.png,VERIFIED_BY_COLOR_GRID
UO,4-6,MP,55,AI,purple,6,UO/4-6/MP.png,VERIFIED_BY_COLOR_GRID
UO,4-6,MP,54s,UNSELECTED,gray,4,UO/4-6/MP.png,VERIFIED_BY_COLOR_GRID
UO,4-6,MP,53s,UNSELECTED,gray,4,UO/4-6/MP.png,VERIFIED_BY_COLOR_GRID
UO,4-6,MP,52s,UNSELECTED,gray,4,UO/4-6/MP.png,VERIFIED_BY_COLOR_GRID
UO,4-6,MP,A4o,AI,purple,12,UO/4-6/MP.png,VERIFIED_BY_COLOR_GRID
UO,4-6,MP,K4o,UNSELECTED,gray,12,UO/4-6/MP.png,VERIFIED_BY_COLOR_GRID
UO,4-6,MP,Q4o,UNSELECTED,gray,12,UO/4-6/MP.png,VERIFIED_BY_COLOR_GRID
UO,4-6,MP,J4o,UNSELECTED,gray,12,UO/4-6/MP.png,VERIFIED_BY_COLOR_GRID
UO,4-6,MP,T4o,UNSELECTED,gray,12,UO/4-6/MP.png,VERIFIED_BY_COLOR_GRID
UO,4-6,MP,94o,UNSELECTED,gray,12,UO/4-6/MP.png,VERIFIED_BY_COLOR_GRID
UO,4-6,MP,84o,UNSELECTED,gray,12,UO/4-6/MP.png,VERIFIED_BY_COLOR_GRID
UO,4-6,MP,74o,UNSELECTED,gray,12,UO/4-6/MP.png,VERIFIED_BY_COLOR_GRID
UO,4-6,MP,64o,UNSELECTED,gray,12,UO/4-6/MP.png,VERIFIED_BY_COLOR_GRID
UO,4-6,MP,54o,UNSELECTED,gray,12,UO/4-6/MP.png,VERIFIED_BY_COLOR_GRID
UO,4-6,MP,44,AI,purple,6,UO/4-6/MP.png,VERIFIED_BY_COLOR_GRID
UO,4-6,MP,43s,UNSELECTED,gray,4,UO/4-6/MP.png,VERIFIED_BY_COLOR_GRID
UO,4-6,MP,42s,UNSELECTED,gray,4,UO/4-6/MP.png,VERIFIED_BY_COLOR_GRID
UO,4-6,MP,A3o,AI,purple,12,UO/4-6/MP.png,VERIFIED_BY_COLOR_GRID
UO,4-6,MP,K3o,UNSELECTED,gray,12,UO/4-6/MP.png,VERIFIED_BY_COLOR_GRID
UO,4-6,MP,Q3o,UNSELECTED,gray,12,UO/4-6/MP.png,VERIFIED_BY_COLOR_GRID
UO,4-6,MP,J3o,UNSELECTED,gray,12,UO/4-6/MP.png,VERIFIED_BY_COLOR_GRID
UO,4-6,MP,T3o,UNSELECTED,gray,12,UO/4-6/MP.png,VERIFIED_BY_COLOR_GRID
UO,4-6,MP,93o,UNSELECTED,gray,12,UO/4-6/MP.png,VERIFIED_BY_COLOR_GRID
UO,4-6,MP,83o,UNSELECTED,gray,12,UO/4-6/MP.png,VERIFIED_BY_COLOR_GRID
UO,4-6,MP,73o,UNSELECTED,gray,12,UO/4-6/MP.png,VERIFIED_BY_COLOR_GRID
UO,4-6,MP,63o,UNSELECTED,gray,12,UO/4-6/MP.png,VERIFIED_BY_COLOR_GRID
UO,4-6,MP,53o,UNSELECTED,gray,12,UO/4-6/MP.png,VERIFIED_BY_COLOR_GRID
UO,4-6,MP,43o,UNSELECTED,gray,12,UO/4-6/MP.png,VERIFIED_BY_COLOR_GRID
UO,4-6,MP,33,AI,purple,6,UO/4-6/MP.png,VERIFIED_BY_COLOR_GRID
UO,4-6,MP,32s,UNSELECTED,gray,4,UO/4-6/MP.png,VERIFIED_BY_COLOR_GRID
UO,4-6,MP,A2o,AI,purple,12,UO/4-6/MP.png,VERIFIED_BY_COLOR_GRID
UO,4-6,MP,K2o,UNSELECTED,gray,12,UO/4-6/MP.png,VERIFIED_BY_COLOR_GRID
UO,4-6,MP,Q2o,UNSELECTED,gray,12,UO/4-6/MP.png,VERIFIED_BY_COLOR_GRID
UO,4-6,MP,J2o,UNSELECTED,gray,12,UO/4-6/MP.png,VERIFIED_BY_COLOR_GRID
UO,4-6,MP,T2o,UNSELECTED,gray,12,UO/4-6/MP.png,VERIFIED_BY_COLOR_GRID
UO,4-6,MP,92o,UNSELECTED,gray,12,UO/4-6/MP.png,VERIFIED_BY_COLOR_GRID
UO,4-6,MP,82o,UNSELECTED,gray,12,UO/4-6/MP.png,VERIFIED_BY_COLOR_GRID
UO,4-6,MP,72o,UNSELECTED,gray,12,UO/4-6/MP.png,VERIFIED_BY_COLOR_GRID
UO,4-6,MP,62o,UNSELECTED,gray,12,UO/4-6/MP.png,VERIFIED_BY_COLOR_GRID
UO,4-6,MP,52o,UNSELECTED,gray,12,UO/4-6/MP.png,VERIFIED_BY_COLOR_GRID
UO,4-6,MP,42o,UNSELECTED,gray,12,UO/4-6/MP.png,VERIFIED_BY_COLOR_GRID
UO,4-6,MP,32o,UNSELECTED,gray,12,UO/4-6/MP.png,VERIFIED_BY_COLOR_GRID
UO,4-6,MP,22,AI,purple,6,UO/4-6/MP.png,VERIFIED_BY_COLOR_GRID
UO,4-6,LJ,AA,AI,purple,6,UO/4-6/LJ.png,VERIFIED_BY_COLOR_GRID
UO,4-6,LJ,AKs,AI,purple,4,UO/4-6/LJ.png,VERIFIED_BY_COLOR_GRID
UO,4-6,LJ,AQs,AI,purple,4,UO/4-6/LJ.png,VERIFIED_BY_COLOR_GRID
UO,4-6,LJ,AJs,AI,purple,4,UO/4-6/LJ.png,VERIFIED_BY_COLOR_GRID
UO,4-6,LJ,ATs,AI,purple,4,UO/4-6/LJ.png,VERIFIED_BY_COLOR_GRID
UO,4-6,LJ,A9s,AI,purple,4,UO/4-6/LJ.png,VERIFIED_BY_COLOR_GRID
UO,4-6,LJ,A8s,AI,purple,4,UO/4-6/LJ.png,VERIFIED_BY_COLOR_GRID
UO,4-6,LJ,A7s,AI,purple,4,UO/4-6/LJ.png,VERIFIED_BY_COLOR_GRID
UO,4-6,LJ,A6s,AI,purple,4,UO/4-6/LJ.png,VERIFIED_BY_COLOR_GRID
UO,4-6,LJ,A5s,AI,purple,4,UO/4-6/LJ.png,VERIFIED_BY_COLOR_GRID
UO,4-6,LJ,A4s,AI,purple,4,UO/4-6/LJ.png,VERIFIED_BY_COLOR_GRID
UO,4-6,LJ,A3s,AI,purple,4,UO/4-6/LJ.png,VERIFIED_BY_COLOR_GRID
UO,4-6,LJ,A2s,AI,purple,4,UO/4-6/LJ.png,VERIFIED_BY_COLOR_GRID
UO,4-6,LJ,AKo,AI,purple,12,UO/4-6/LJ.png,VERIFIED_BY_COLOR_GRID
UO,4-6,LJ,KK,AI,purple,6,UO/4-6/LJ.png,VERIFIED_BY_COLOR_GRID
UO,4-6,LJ,KQs,AI,purple,4,UO/4-6/LJ.png,VERIFIED_BY_COLOR_GRID
UO,4-6,LJ,KJs,AI,purple,4,UO/4-6/LJ.png,VERIFIED_BY_COLOR_GRID
UO,4-6,LJ,KTs,AI,purple,4,UO/4-6/LJ.png,VERIFIED_BY_COLOR_GRID
UO,4-6,LJ,K9s,AI,purple,4,UO/4-6/LJ.png,VERIFIED_BY_COLOR_GRID
UO,4-6,LJ,K8s,AI,purple,4,UO/4-6/LJ.png,VERIFIED_BY_COLOR_GRID
UO,4-6,LJ,K7s,AI,purple,4,UO/4-6/LJ.png,VERIFIED_BY_COLOR_GRID
UO,4-6,LJ,K6s,AI,purple,4,UO/4-6/LJ.png,VERIFIED_BY_COLOR_GRID
UO,4-6,LJ,K5s,AI,purple,4,UO/4-6/LJ.png,VERIFIED_BY_COLOR_GRID
UO,4-6,LJ,K4s,AI,purple,4,UO/4-6/LJ.png,VERIFIED_BY_COLOR_GRID
UO,4-6,LJ,K3s,AI,purple,4,UO/4-6/LJ.png,VERIFIED_BY_COLOR_GRID
UO,4-6,LJ,K2s,UNSELECTED,gray,4,UO/4-6/LJ.png,VERIFIED_BY_COLOR_GRID
UO,4-6,LJ,AQo,AI,purple,12,UO/4-6/LJ.png,VERIFIED_BY_COLOR_GRID
UO,4-6,LJ,KQo,AI,purple,12,UO/4-6/LJ.png,VERIFIED_BY_COLOR_GRID
UO,4-6,LJ,QQ,AI,purple,6,UO/4-6/LJ.png,VERIFIED_BY_COLOR_GRID
UO,4-6,LJ,QJs,AI,purple,4,UO/4-6/LJ.png,VERIFIED_BY_COLOR_GRID
UO,4-6,LJ,QTs,AI,purple,4,UO/4-6/LJ.png,VERIFIED_BY_COLOR_GRID
UO,4-6,LJ,Q9s,AI,purple,4,UO/4-6/LJ.png,VERIFIED_BY_COLOR_GRID
UO,4-6,LJ,Q8s,AI,purple,4,UO/4-6/LJ.png,VERIFIED_BY_COLOR_GRID
UO,4-6,LJ,Q7s,AI,purple,4,UO/4-6/LJ.png,VERIFIED_BY_COLOR_GRID
UO,4-6,LJ,Q6s,UNSELECTED,gray,4,UO/4-6/LJ.png,VERIFIED_BY_COLOR_GRID
UO,4-6,LJ,Q5s,UNSELECTED,gray,4,UO/4-6/LJ.png,VERIFIED_BY_COLOR_GRID
UO,4-6,LJ,Q4s,UNSELECTED,gray,4,UO/4-6/LJ.png,VERIFIED_BY_COLOR_GRID
UO,4-6,LJ,Q3s,UNSELECTED,gray,4,UO/4-6/LJ.png,VERIFIED_BY_COLOR_GRID
UO,4-6,LJ,Q2s,UNSELECTED,gray,4,UO/4-6/LJ.png,VERIFIED_BY_COLOR_GRID
UO,4-6,LJ,AJo,AI,purple,12,UO/4-6/LJ.png,VERIFIED_BY_COLOR_GRID
UO,4-6,LJ,KJo,AI,purple,12,UO/4-6/LJ.png,VERIFIED_BY_COLOR_GRID
UO,4-6,LJ,QJo,AI,purple,12,UO/4-6/LJ.png,VERIFIED_BY_COLOR_GRID
UO,4-6,LJ,JJ,AI,purple,6,UO/4-6/LJ.png,VERIFIED_BY_COLOR_GRID
UO,4-6,LJ,JTs,AI,purple,4,UO/4-6/LJ.png,VERIFIED_BY_COLOR_GRID
UO,4-6,LJ,J9s,AI,purple,4,UO/4-6/LJ.png,VERIFIED_BY_COLOR_GRID
UO,4-6,LJ,J8s,AI,purple,4,UO/4-6/LJ.png,VERIFIED_BY_COLOR_GRID
UO,4-6,LJ,J7s,UNSELECTED,gray,4,UO/4-6/LJ.png,VERIFIED_BY_COLOR_GRID
UO,4-6,LJ,J6s,UNSELECTED,gray,4,UO/4-6/LJ.png,VERIFIED_BY_COLOR_GRID
UO,4-6,LJ,J5s,UNSELECTED,gray,4,UO/4-6/LJ.png,VERIFIED_BY_COLOR_GRID
UO,4-6,LJ,J4s,UNSELECTED,gray,4,UO/4-6/LJ.png,VERIFIED_BY_COLOR_GRID
UO,4-6,LJ,J3s,UNSELECTED,gray,4,UO/4-6/LJ.png,VERIFIED_BY_COLOR_GRID
UO,4-6,LJ,J2s,UNSELECTED,gray,4,UO/4-6/LJ.png,VERIFIED_BY_COLOR_GRID
UO,4-6,LJ,ATo,AI,purple,12,UO/4-6/LJ.png,VERIFIED_BY_COLOR_GRID
UO,4-6,LJ,KTo,AI,purple,12,UO/4-6/LJ.png,VERIFIED_BY_COLOR_GRID
UO,4-6,LJ,QTo,AI,purple,12,UO/4-6/LJ.png,VERIFIED_BY_COLOR_GRID
UO,4-6,LJ,JTo,AI,purple,12,UO/4-6/LJ.png,VERIFIED_BY_COLOR_GRID
UO,4-6,LJ,TT,AI,purple,6,UO/4-6/LJ.png,VERIFIED_BY_COLOR_GRID
UO,4-6,LJ,T9s,AI,purple,4,UO/4-6/LJ.png,VERIFIED_BY_COLOR_GRID
UO,4-6,LJ,T8s,AI,purple,4,UO/4-6/LJ.png,VERIFIED_BY_COLOR_GRID
UO,4-6,LJ,T7s,UNSELECTED,gray,4,UO/4-6/LJ.png,VERIFIED_BY_COLOR_GRID
UO,4-6,LJ,T6s,UNSELECTED,gray,4,UO/4-6/LJ.png,VERIFIED_BY_COLOR_GRID
UO,4-6,LJ,T5s,UNSELECTED,gray,4,UO/4-6/LJ.png,VERIFIED_BY_COLOR_GRID
UO,4-6,LJ,T4s,UNSELECTED,gray,4,UO/4-6/LJ.png,VERIFIED_BY_COLOR_GRID
UO,4-6,LJ,T3s,UNSELECTED,gray,4,UO/4-6/LJ.png,VERIFIED_BY_COLOR_GRID
UO,4-6,LJ,T2s,UNSELECTED,gray,4,UO/4-6/LJ.png,VERIFIED_BY_COLOR_GRID
UO,4-6,LJ,A9o,AI,purple,12,UO/4-6/LJ.png,VERIFIED_BY_COLOR_GRID
UO,4-6,LJ,K9o,AI,purple,12,UO/4-6/LJ.png,VERIFIED_BY_COLOR_GRID
UO,4-6,LJ,Q9o,AI,purple,12,UO/4-6/LJ.png,VERIFIED_BY_COLOR_GRID
UO,4-6,LJ,J9o,UNSELECTED,gray,12,UO/4-6/LJ.png,VERIFIED_BY_COLOR_GRID
UO,4-6,LJ,T9o,UNSELECTED,gray,12,UO/4-6/LJ.png,VERIFIED_BY_COLOR_GRID
UO,4-6,LJ,99,AI,purple,6,UO/4-6/LJ.png,VERIFIED_BY_COLOR_GRID
UO,4-6,LJ,98s,UNSELECTED,gray,4,UO/4-6/LJ.png,VERIFIED_BY_COLOR_GRID
UO,4-6,LJ,97s,UNSELECTED,gray,4,UO/4-6/LJ.png,VERIFIED_BY_COLOR_GRID
UO,4-6,LJ,96s,UNSELECTED,gray,4,UO/4-6/LJ.png,VERIFIED_BY_COLOR_GRID
UO,4-6,LJ,95s,UNSELECTED,gray,4,UO/4-6/LJ.png,VERIFIED_BY_COLOR_GRID
UO,4-6,LJ,94s,UNSELECTED,gray,4,UO/4-6/LJ.png,VERIFIED_BY_COLOR_GRID
UO,4-6,LJ,93s,UNSELECTED,gray,4,UO/4-6/LJ.png,VERIFIED_BY_COLOR_GRID
UO,4-6,LJ,92s,UNSELECTED,gray,4,UO/4-6/LJ.png,VERIFIED_BY_COLOR_GRID
UO,4-6,LJ,A8o,AI,purple,12,UO/4-6/LJ.png,VERIFIED_BY_COLOR_GRID
UO,4-6,LJ,K8o,AI,purple,12,UO/4-6/LJ.png,VERIFIED_BY_COLOR_GRID
UO,4-6,LJ,Q8o,UNSELECTED,gray,12,UO/4-6/LJ.png,VERIFIED_BY_COLOR_GRID
UO,4-6,LJ,J8o,UNSELECTED,gray,12,UO/4-6/LJ.png,VERIFIED_BY_COLOR_GRID
UO,4-6,LJ,T8o,UNSELECTED,gray,12,UO/4-6/LJ.png,VERIFIED_BY_COLOR_GRID
UO,4-6,LJ,98o,UNSELECTED,gray,12,UO/4-6/LJ.png,VERIFIED_BY_COLOR_GRID
UO,4-6,LJ,88,AI,purple,6,UO/4-6/LJ.png,VERIFIED_BY_COLOR_GRID
UO,4-6,LJ,87s,UNSELECTED,gray,4,UO/4-6/LJ.png,VERIFIED_BY_COLOR_GRID
UO,4-6,LJ,86s,UNSELECTED,gray,4,UO/4-6/LJ.png,VERIFIED_BY_COLOR_GRID
UO,4-6,LJ,85s,UNSELECTED,gray,4,UO/4-6/LJ.png,VERIFIED_BY_COLOR_GRID
UO,4-6,LJ,84s,UNSELECTED,gray,4,UO/4-6/LJ.png,VERIFIED_BY_COLOR_GRID
UO,4-6,LJ,83s,UNSELECTED,gray,4,UO/4-6/LJ.png,VERIFIED_BY_COLOR_GRID
UO,4-6,LJ,82s,UNSELECTED,gray,4,UO/4-6/LJ.png,VERIFIED_BY_COLOR_GRID
UO,4-6,LJ,A7o,AI,purple,12,UO/4-6/LJ.png,VERIFIED_BY_COLOR_GRID
UO,4-6,LJ,K7o,UNSELECTED,gray,12,UO/4-6/LJ.png,VERIFIED_BY_COLOR_GRID
UO,4-6,LJ,Q7o,UNSELECTED,gray,12,UO/4-6/LJ.png,VERIFIED_BY_COLOR_GRID
UO,4-6,LJ,J7o,UNSELECTED,gray,12,UO/4-6/LJ.png,VERIFIED_BY_COLOR_GRID
UO,4-6,LJ,T7o,UNSELECTED,gray,12,UO/4-6/LJ.png,VERIFIED_BY_COLOR_GRID
UO,4-6,LJ,97o,UNSELECTED,gray,12,UO/4-6/LJ.png,VERIFIED_BY_COLOR_GRID
UO,4-6,LJ,87o,UNSELECTED,gray,12,UO/4-6/LJ.png,VERIFIED_BY_COLOR_GRID
UO,4-6,LJ,77,AI,purple,6,UO/4-6/LJ.png,VERIFIED_BY_COLOR_GRID
UO,4-6,LJ,76s,UNSELECTED,gray,4,UO/4-6/LJ.png,VERIFIED_BY_COLOR_GRID
UO,4-6,LJ,75s,UNSELECTED,gray,4,UO/4-6/LJ.png,VERIFIED_BY_COLOR_GRID
UO,4-6,LJ,74s,UNSELECTED,gray,4,UO/4-6/LJ.png,VERIFIED_BY_COLOR_GRID
UO,4-6,LJ,73s,UNSELECTED,gray,4,UO/4-6/LJ.png,VERIFIED_BY_COLOR_GRID
UO,4-6,LJ,72s,UNSELECTED,gray,4,UO/4-6/LJ.png,VERIFIED_BY_COLOR_GRID
UO,4-6,LJ,A6o,AI,purple,12,UO/4-6/LJ.png,VERIFIED_BY_COLOR_GRID
UO,4-6,LJ,K6o,UNSELECTED,gray,12,UO/4-6/LJ.png,VERIFIED_BY_COLOR_GRID
UO,4-6,LJ,Q6o,UNSELECTED,gray,12,UO/4-6/LJ.png,VERIFIED_BY_COLOR_GRID
UO,4-6,LJ,J6o,UNSELECTED,gray,12,UO/4-6/LJ.png,VERIFIED_BY_COLOR_GRID
UO,4-6,LJ,T6o,UNSELECTED,gray,12,UO/4-6/LJ.png,VERIFIED_BY_COLOR_GRID
UO,4-6,LJ,96o,UNSELECTED,gray,12,UO/4-6/LJ.png,VERIFIED_BY_COLOR_GRID
UO,4-6,LJ,86o,UNSELECTED,gray,12,UO/4-6/LJ.png,VERIFIED_BY_COLOR_GRID
UO,4-6,LJ,76o,UNSELECTED,gray,12,UO/4-6/LJ.png,VERIFIED_BY_COLOR_GRID
UO,4-6,LJ,66,AI,purple,6,UO/4-6/LJ.png,VERIFIED_BY_COLOR_GRID
UO,4-6,LJ,65s,UNSELECTED,gray,4,UO/4-6/LJ.png,VERIFIED_BY_COLOR_GRID
UO,4-6,LJ,64s,UNSELECTED,gray,4,UO/4-6/LJ.png,VERIFIED_BY_COLOR_GRID
UO,4-6,LJ,63s,UNSELECTED,gray,4,UO/4-6/LJ.png,VERIFIED_BY_COLOR_GRID
UO,4-6,LJ,62s,UNSELECTED,gray,4,UO/4-6/LJ.png,VERIFIED_BY_COLOR_GRID
UO,4-6,LJ,A5o,AI,purple,12,UO/4-6/LJ.png,VERIFIED_BY_COLOR_GRID
UO,4-6,LJ,K5o,UNSELECTED,gray,12,UO/4-6/LJ.png,VERIFIED_BY_COLOR_GRID
UO,4-6,LJ,Q5o,UNSELECTED,gray,12,UO/4-6/LJ.png,VERIFIED_BY_COLOR_GRID
UO,4-6,LJ,J5o,UNSELECTED,gray,12,UO/4-6/LJ.png,VERIFIED_BY_COLOR_GRID
UO,4-6,LJ,T5o,UNSELECTED,gray,12,UO/4-6/LJ.png,VERIFIED_BY_COLOR_GRID
UO,4-6,LJ,95o,UNSELECTED,gray,12,UO/4-6/LJ.png,VERIFIED_BY_COLOR_GRID
UO,4-6,LJ,85o,UNSELECTED,gray,12,UO/4-6/LJ.png,VERIFIED_BY_COLOR_GRID
UO,4-6,LJ,75o,UNSELECTED,gray,12,UO/4-6/LJ.png,VERIFIED_BY_COLOR_GRID
UO,4-6,LJ,65o,UNSELECTED,gray,12,UO/4-6/LJ.png,VERIFIED_BY_COLOR_GRID
UO,4-6,LJ,55,AI,purple,6,UO/4-6/LJ.png,VERIFIED_BY_COLOR_GRID
UO,4-6,LJ,54s,UNSELECTED,gray,4,UO/4-6/LJ.png,VERIFIED_BY_COLOR_GRID
UO,4-6,LJ,53s,UNSELECTED,gray,4,UO/4-6/LJ.png,VERIFIED_BY_COLOR_GRID
UO,4-6,LJ,52s,UNSELECTED,gray,4,UO/4-6/LJ.png,VERIFIED_BY_COLOR_GRID
UO,4-6,LJ,A4o,AI,purple,12,UO/4-6/LJ.png,VERIFIED_BY_COLOR_GRID
UO,4-6,LJ,K4o,UNSELECTED,gray,12,UO/4-6/LJ.png,VERIFIED_BY_COLOR_GRID
UO,4-6,LJ,Q4o,UNSELECTED,gray,12,UO/4-6/LJ.png,VERIFIED_BY_COLOR_GRID
UO,4-6,LJ,J4o,UNSELECTED,gray,12,UO/4-6/LJ.png,VERIFIED_BY_COLOR_GRID
UO,4-6,LJ,T4o,UNSELECTED,gray,12,UO/4-6/LJ.png,VERIFIED_BY_COLOR_GRID
UO,4-6,LJ,94o,UNSELECTED,gray,12,UO/4-6/LJ.png,VERIFIED_BY_COLOR_GRID
UO,4-6,LJ,84o,UNSELECTED,gray,12,UO/4-6/LJ.png,VERIFIED_BY_COLOR_GRID
UO,4-6,LJ,74o,UNSELECTED,gray,12,UO/4-6/LJ.png,VERIFIED_BY_COLOR_GRID
UO,4-6,LJ,64o,UNSELECTED,gray,12,UO/4-6/LJ.png,VERIFIED_BY_COLOR_GRID
UO,4-6,LJ,54o,UNSELECTED,gray,12,UO/4-6/LJ.png,VERIFIED_BY_COLOR_GRID
UO,4-6,LJ,44,AI,purple,6,UO/4-6/LJ.png,VERIFIED_BY_COLOR_GRID
UO,4-6,LJ,43s,UNSELECTED,gray,4,UO/4-6/LJ.png,VERIFIED_BY_COLOR_GRID
UO,4-6,LJ,42s,UNSELECTED,gray,4,UO/4-6/LJ.png,VERIFIED_BY_COLOR_GRID
UO,4-6,LJ,A3o,AI,purple,12,UO/4-6/LJ.png,VERIFIED_BY_COLOR_GRID
UO,4-6,LJ,K3o,UNSELECTED,gray,12,UO/4-6/LJ.png,VERIFIED_BY_COLOR_GRID
UO,4-6,LJ,Q3o,UNSELECTED,gray,12,UO/4-6/LJ.png,VERIFIED_BY_COLOR_GRID
UO,4-6,LJ,J3o,UNSELECTED,gray,12,UO/4-6/LJ.png,VERIFIED_BY_COLOR_GRID
UO,4-6,LJ,T3o,UNSELECTED,gray,12,UO/4-6/LJ.png,VERIFIED_BY_COLOR_GRID
UO,4-6,LJ,93o,UNSELECTED,gray,12,UO/4-6/LJ.png,VERIFIED_BY_COLOR_GRID
UO,4-6,LJ,83o,UNSELECTED,gray,12,UO/4-6/LJ.png,VERIFIED_BY_COLOR_GRID
UO,4-6,LJ,73o,UNSELECTED,gray,12,UO/4-6/LJ.png,VERIFIED_BY_COLOR_GRID
UO,4-6,LJ,63o,UNSELECTED,gray,12,UO/4-6/LJ.png,VERIFIED_BY_COLOR_GRID
UO,4-6,LJ,53o,UNSELECTED,gray,12,UO/4-6/LJ.png,VERIFIED_BY_COLOR_GRID
UO,4-6,LJ,43o,UNSELECTED,gray,12,UO/4-6/LJ.png,VERIFIED_BY_COLOR_GRID
UO,4-6,LJ,33,AI,purple,6,UO/4-6/LJ.png,VERIFIED_BY_COLOR_GRID
UO,4-6,LJ,32s,UNSELECTED,gray,4,UO/4-6/LJ.png,VERIFIED_BY_COLOR_GRID
UO,4-6,LJ,A2o,AI,purple,12,UO/4-6/LJ.png,VERIFIED_BY_COLOR_GRID
UO,4-6,LJ,K2o,UNSELECTED,gray,12,UO/4-6/LJ.png,VERIFIED_BY_COLOR_GRID
UO,4-6,LJ,Q2o,UNSELECTED,gray,12,UO/4-6/LJ.png,VERIFIED_BY_COLOR_GRID
UO,4-6,LJ,J2o,UNSELECTED,gray,12,UO/4-6/LJ.png,VERIFIED_BY_COLOR_GRID
UO,4-6,LJ,T2o,UNSELECTED,gray,12,UO/4-6/LJ.png,VERIFIED_BY_COLOR_GRID
UO,4-6,LJ,92o,UNSELECTED,gray,12,UO/4-6/LJ.png,VERIFIED_BY_COLOR_GRID
UO,4-6,LJ,82o,UNSELECTED,gray,12,UO/4-6/LJ.png,VERIFIED_BY_COLOR_GRID
UO,4-6,LJ,72o,UNSELECTED,gray,12,UO/4-6/LJ.png,VERIFIED_BY_COLOR_GRID
UO,4-6,LJ,62o,UNSELECTED,gray,12,UO/4-6/LJ.png,VERIFIED_BY_COLOR_GRID
UO,4-6,LJ,52o,UNSELECTED,gray,12,UO/4-6/LJ.png,VERIFIED_BY_COLOR_GRID
UO,4-6,LJ,42o,UNSELECTED,gray,12,UO/4-6/LJ.png,VERIFIED_BY_COLOR_GRID
UO,4-6,LJ,32o,UNSELECTED,gray,12,UO/4-6/LJ.png,VERIFIED_BY_COLOR_GRID
UO,4-6,LJ,22,AI,purple,6,UO/4-6/LJ.png,VERIFIED_BY_COLOR_GRID
UO,4-6,HJ,AA,AI,purple,6,UO/4-6/HJ.png,VERIFIED_BY_COLOR_GRID
UO,4-6,HJ,AKs,AI,purple,4,UO/4-6/HJ.png,VERIFIED_BY_COLOR_GRID
UO,4-6,HJ,AQs,AI,purple,4,UO/4-6/HJ.png,VERIFIED_BY_COLOR_GRID
UO,4-6,HJ,AJs,AI,purple,4,UO/4-6/HJ.png,VERIFIED_BY_COLOR_GRID
UO,4-6,HJ,ATs,AI,purple,4,UO/4-6/HJ.png,VERIFIED_BY_COLOR_GRID
UO,4-6,HJ,A9s,AI,purple,4,UO/4-6/HJ.png,VERIFIED_BY_COLOR_GRID
UO,4-6,HJ,A8s,AI,purple,4,UO/4-6/HJ.png,VERIFIED_BY_COLOR_GRID
UO,4-6,HJ,A7s,AI,purple,4,UO/4-6/HJ.png,VERIFIED_BY_COLOR_GRID
UO,4-6,HJ,A6s,AI,purple,4,UO/4-6/HJ.png,VERIFIED_BY_COLOR_GRID
UO,4-6,HJ,A5s,AI,purple,4,UO/4-6/HJ.png,VERIFIED_BY_COLOR_GRID
UO,4-6,HJ,A4s,AI,purple,4,UO/4-6/HJ.png,VERIFIED_BY_COLOR_GRID
UO,4-6,HJ,A3s,AI,purple,4,UO/4-6/HJ.png,VERIFIED_BY_COLOR_GRID
UO,4-6,HJ,A2s,AI,purple,4,UO/4-6/HJ.png,VERIFIED_BY_COLOR_GRID
UO,4-6,HJ,AKo,AI,purple,12,UO/4-6/HJ.png,VERIFIED_BY_COLOR_GRID
UO,4-6,HJ,KK,AI,purple,6,UO/4-6/HJ.png,VERIFIED_BY_COLOR_GRID
UO,4-6,HJ,KQs,AI,purple,4,UO/4-6/HJ.png,VERIFIED_BY_COLOR_GRID
UO,4-6,HJ,KJs,AI,purple,4,UO/4-6/HJ.png,VERIFIED_BY_COLOR_GRID
UO,4-6,HJ,KTs,AI,purple,4,UO/4-6/HJ.png,VERIFIED_BY_COLOR_GRID
UO,4-6,HJ,K9s,AI,purple,4,UO/4-6/HJ.png,VERIFIED_BY_COLOR_GRID
UO,4-6,HJ,K8s,AI,purple,4,UO/4-6/HJ.png,VERIFIED_BY_COLOR_GRID
UO,4-6,HJ,K7s,AI,purple,4,UO/4-6/HJ.png,VERIFIED_BY_COLOR_GRID
UO,4-6,HJ,K6s,AI,purple,4,UO/4-6/HJ.png,VERIFIED_BY_COLOR_GRID
UO,4-6,HJ,K5s,AI,purple,4,UO/4-6/HJ.png,VERIFIED_BY_COLOR_GRID
UO,4-6,HJ,K4s,AI,purple,4,UO/4-6/HJ.png,VERIFIED_BY_COLOR_GRID
UO,4-6,HJ,K3s,AI,purple,4,UO/4-6/HJ.png,VERIFIED_BY_COLOR_GRID
UO,4-6,HJ,K2s,AI,purple,4,UO/4-6/HJ.png,VERIFIED_BY_COLOR_GRID
UO,4-6,HJ,AQo,AI,purple,12,UO/4-6/HJ.png,VERIFIED_BY_COLOR_GRID
UO,4-6,HJ,KQo,AI,purple,12,UO/4-6/HJ.png,VERIFIED_BY_COLOR_GRID
UO,4-6,HJ,QQ,AI,purple,6,UO/4-6/HJ.png,VERIFIED_BY_COLOR_GRID
UO,4-6,HJ,QJs,AI,purple,4,UO/4-6/HJ.png,VERIFIED_BY_COLOR_GRID
UO,4-6,HJ,QTs,AI,purple,4,UO/4-6/HJ.png,VERIFIED_BY_COLOR_GRID
UO,4-6,HJ,Q9s,AI,purple,4,UO/4-6/HJ.png,VERIFIED_BY_COLOR_GRID
UO,4-6,HJ,Q8s,AI,purple,4,UO/4-6/HJ.png,VERIFIED_BY_COLOR_GRID
UO,4-6,HJ,Q7s,AI,purple,4,UO/4-6/HJ.png,VERIFIED_BY_COLOR_GRID
UO,4-6,HJ,Q6s,AI,purple,4,UO/4-6/HJ.png,VERIFIED_BY_COLOR_GRID
UO,4-6,HJ,Q5s,UNSELECTED,gray,4,UO/4-6/HJ.png,VERIFIED_BY_COLOR_GRID
UO,4-6,HJ,Q4s,UNSELECTED,gray,4,UO/4-6/HJ.png,VERIFIED_BY_COLOR_GRID
UO,4-6,HJ,Q3s,UNSELECTED,gray,4,UO/4-6/HJ.png,VERIFIED_BY_COLOR_GRID
UO,4-6,HJ,Q2s,UNSELECTED,gray,4,UO/4-6/HJ.png,VERIFIED_BY_COLOR_GRID
UO,4-6,HJ,AJo,AI,purple,12,UO/4-6/HJ.png,VERIFIED_BY_COLOR_GRID
UO,4-6,HJ,KJo,AI,purple,12,UO/4-6/HJ.png,VERIFIED_BY_COLOR_GRID
UO,4-6,HJ,QJo,AI,purple,12,UO/4-6/HJ.png,VERIFIED_BY_COLOR_GRID
UO,4-6,HJ,JJ,AI,purple,6,UO/4-6/HJ.png,VERIFIED_BY_COLOR_GRID
UO,4-6,HJ,JTs,AI,purple,4,UO/4-6/HJ.png,VERIFIED_BY_COLOR_GRID
UO,4-6,HJ,J9s,AI,purple,4,UO/4-6/HJ.png,VERIFIED_BY_COLOR_GRID
UO,4-6,HJ,J8s,AI,purple,4,UO/4-6/HJ.png,VERIFIED_BY_COLOR_GRID
UO,4-6,HJ,J7s,AI,purple,4,UO/4-6/HJ.png,VERIFIED_BY_COLOR_GRID
UO,4-6,HJ,J6s,UNSELECTED,gray,4,UO/4-6/HJ.png,VERIFIED_BY_COLOR_GRID
UO,4-6,HJ,J5s,UNSELECTED,gray,4,UO/4-6/HJ.png,VERIFIED_BY_COLOR_GRID
UO,4-6,HJ,J4s,UNSELECTED,gray,4,UO/4-6/HJ.png,VERIFIED_BY_COLOR_GRID
UO,4-6,HJ,J3s,UNSELECTED,gray,4,UO/4-6/HJ.png,VERIFIED_BY_COLOR_GRID
UO,4-6,HJ,J2s,UNSELECTED,gray,4,UO/4-6/HJ.png,VERIFIED_BY_COLOR_GRID
UO,4-6,HJ,ATo,AI,purple,12,UO/4-6/HJ.png,VERIFIED_BY_COLOR_GRID
UO,4-6,HJ,KTo,AI,purple,12,UO/4-6/HJ.png,VERIFIED_BY_COLOR_GRID
UO,4-6,HJ,QTo,AI,purple,12,UO/4-6/HJ.png,VERIFIED_BY_COLOR_GRID
UO,4-6,HJ,JTo,AI,purple,12,UO/4-6/HJ.png,VERIFIED_BY_COLOR_GRID
UO,4-6,HJ,TT,AI,purple,6,UO/4-6/HJ.png,VERIFIED_BY_COLOR_GRID
UO,4-6,HJ,T9s,AI,purple,4,UO/4-6/HJ.png,VERIFIED_BY_COLOR_GRID
UO,4-6,HJ,T8s,AI,purple,4,UO/4-6/HJ.png,VERIFIED_BY_COLOR_GRID
UO,4-6,HJ,T7s,UNSELECTED,gray,4,UO/4-6/HJ.png,VERIFIED_BY_COLOR_GRID
UO,4-6,HJ,T6s,UNSELECTED,gray,4,UO/4-6/HJ.png,VERIFIED_BY_COLOR_GRID
UO,4-6,HJ,T5s,UNSELECTED,gray,4,UO/4-6/HJ.png,VERIFIED_BY_COLOR_GRID
UO,4-6,HJ,T4s,UNSELECTED,gray,4,UO/4-6/HJ.png,VERIFIED_BY_COLOR_GRID
UO,4-6,HJ,T3s,UNSELECTED,gray,4,UO/4-6/HJ.png,VERIFIED_BY_COLOR_GRID
UO,4-6,HJ,T2s,UNSELECTED,gray,4,UO/4-6/HJ.png,VERIFIED_BY_COLOR_GRID
UO,4-6,HJ,A9o,AI,purple,12,UO/4-6/HJ.png,VERIFIED_BY_COLOR_GRID
UO,4-6,HJ,K9o,AI,purple,12,UO/4-6/HJ.png,VERIFIED_BY_COLOR_GRID
UO,4-6,HJ,Q9o,AI,purple,12,UO/4-6/HJ.png,VERIFIED_BY_COLOR_GRID
UO,4-6,HJ,J9o,UNSELECTED,gray,12,UO/4-6/HJ.png,VERIFIED_BY_COLOR_GRID
UO,4-6,HJ,T9o,UNSELECTED,gray,12,UO/4-6/HJ.png,VERIFIED_BY_COLOR_GRID
UO,4-6,HJ,99,AI,purple,6,UO/4-6/HJ.png,VERIFIED_BY_COLOR_GRID
UO,4-6,HJ,98s,UNSELECTED,gray,4,UO/4-6/HJ.png,VERIFIED_BY_COLOR_GRID
UO,4-6,HJ,97s,UNSELECTED,gray,4,UO/4-6/HJ.png,VERIFIED_BY_COLOR_GRID
UO,4-6,HJ,96s,UNSELECTED,gray,4,UO/4-6/HJ.png,VERIFIED_BY_COLOR_GRID
UO,4-6,HJ,95s,UNSELECTED,gray,4,UO/4-6/HJ.png,VERIFIED_BY_COLOR_GRID
UO,4-6,HJ,94s,UNSELECTED,gray,4,UO/4-6/HJ.png,VERIFIED_BY_COLOR_GRID
UO,4-6,HJ,93s,UNSELECTED,gray,4,UO/4-6/HJ.png,VERIFIED_BY_COLOR_GRID
UO,4-6,HJ,92s,UNSELECTED,gray,4,UO/4-6/HJ.png,VERIFIED_BY_COLOR_GRID
UO,4-6,HJ,A8o,AI,purple,12,UO/4-6/HJ.png,VERIFIED_BY_COLOR_GRID
UO,4-6,HJ,K8o,AI,purple,12,UO/4-6/HJ.png,VERIFIED_BY_COLOR_GRID
UO,4-6,HJ,Q8o,UNSELECTED,gray,12,UO/4-6/HJ.png,VERIFIED_BY_COLOR_GRID
UO,4-6,HJ,J8o,UNSELECTED,gray,12,UO/4-6/HJ.png,VERIFIED_BY_COLOR_GRID
UO,4-6,HJ,T8o,UNSELECTED,gray,12,UO/4-6/HJ.png,VERIFIED_BY_COLOR_GRID
UO,4-6,HJ,98o,UNSELECTED,gray,12,UO/4-6/HJ.png,VERIFIED_BY_COLOR_GRID
UO,4-6,HJ,88,AI,purple,6,UO/4-6/HJ.png,VERIFIED_BY_COLOR_GRID
UO,4-6,HJ,87s,UNSELECTED,gray,4,UO/4-6/HJ.png,VERIFIED_BY_COLOR_GRID
UO,4-6,HJ,86s,UNSELECTED,gray,4,UO/4-6/HJ.png,VERIFIED_BY_COLOR_GRID
UO,4-6,HJ,85s,UNSELECTED,gray,4,UO/4-6/HJ.png,VERIFIED_BY_COLOR_GRID
UO,4-6,HJ,84s,UNSELECTED,gray,4,UO/4-6/HJ.png,VERIFIED_BY_COLOR_GRID
UO,4-6,HJ,83s,UNSELECTED,gray,4,UO/4-6/HJ.png,VERIFIED_BY_COLOR_GRID
UO,4-6,HJ,82s,UNSELECTED,gray,4,UO/4-6/HJ.png,VERIFIED_BY_COLOR_GRID
UO,4-6,HJ,A7o,AI,purple,12,UO/4-6/HJ.png,VERIFIED_BY_COLOR_GRID
UO,4-6,HJ,K7o,AI,purple,12,UO/4-6/HJ.png,VERIFIED_BY_COLOR_GRID
UO,4-6,HJ,Q7o,UNSELECTED,gray,12,UO/4-6/HJ.png,VERIFIED_BY_COLOR_GRID
UO,4-6,HJ,J7o,UNSELECTED,gray,12,UO/4-6/HJ.png,VERIFIED_BY_COLOR_GRID
UO,4-6,HJ,T7o,UNSELECTED,gray,12,UO/4-6/HJ.png,VERIFIED_BY_COLOR_GRID
UO,4-6,HJ,97o,UNSELECTED,gray,12,UO/4-6/HJ.png,VERIFIED_BY_COLOR_GRID
UO,4-6,HJ,87o,UNSELECTED,gray,12,UO/4-6/HJ.png,VERIFIED_BY_COLOR_GRID
UO,4-6,HJ,77,AI,purple,6,UO/4-6/HJ.png,VERIFIED_BY_COLOR_GRID
UO,4-6,HJ,76s,UNSELECTED,gray,4,UO/4-6/HJ.png,VERIFIED_BY_COLOR_GRID
UO,4-6,HJ,75s,UNSELECTED,gray,4,UO/4-6/HJ.png,VERIFIED_BY_COLOR_GRID
UO,4-6,HJ,74s,UNSELECTED,gray,4,UO/4-6/HJ.png,VERIFIED_BY_COLOR_GRID
UO,4-6,HJ,73s,UNSELECTED,gray,4,UO/4-6/HJ.png,VERIFIED_BY_COLOR_GRID
UO,4-6,HJ,72s,UNSELECTED,gray,4,UO/4-6/HJ.png,VERIFIED_BY_COLOR_GRID
UO,4-6,HJ,A6o,AI,purple,12,UO/4-6/HJ.png,VERIFIED_BY_COLOR_GRID
UO,4-6,HJ,K6o,UNSELECTED,gray,12,UO/4-6/HJ.png,VERIFIED_BY_COLOR_GRID
UO,4-6,HJ,Q6o,UNSELECTED,gray,12,UO/4-6/HJ.png,VERIFIED_BY_COLOR_GRID
UO,4-6,HJ,J6o,UNSELECTED,gray,12,UO/4-6/HJ.png,VERIFIED_BY_COLOR_GRID
UO,4-6,HJ,T6o,UNSELECTED,gray,12,UO/4-6/HJ.png,VERIFIED_BY_COLOR_GRID
UO,4-6,HJ,96o,UNSELECTED,gray,12,UO/4-6/HJ.png,VERIFIED_BY_COLOR_GRID
UO,4-6,HJ,86o,UNSELECTED,gray,12,UO/4-6/HJ.png,VERIFIED_BY_COLOR_GRID
UO,4-6,HJ,76o,UNSELECTED,gray,12,UO/4-6/HJ.png,VERIFIED_BY_COLOR_GRID
UO,4-6,HJ,66,AI,purple,6,UO/4-6/HJ.png,VERIFIED_BY_COLOR_GRID
UO,4-6,HJ,65s,UNSELECTED,gray,4,UO/4-6/HJ.png,VERIFIED_BY_COLOR_GRID
UO,4-6,HJ,64s,UNSELECTED,gray,4,UO/4-6/HJ.png,VERIFIED_BY_COLOR_GRID
UO,4-6,HJ,63s,UNSELECTED,gray,4,UO/4-6/HJ.png,VERIFIED_BY_COLOR_GRID
UO,4-6,HJ,62s,UNSELECTED,gray,4,UO/4-6/HJ.png,VERIFIED_BY_COLOR_GRID
UO,4-6,HJ,A5o,AI,purple,12,UO/4-6/HJ.png,VERIFIED_BY_COLOR_GRID
UO,4-6,HJ,K5o,UNSELECTED,gray,12,UO/4-6/HJ.png,VERIFIED_BY_COLOR_GRID
UO,4-6,HJ,Q5o,UNSELECTED,gray,12,UO/4-6/HJ.png,VERIFIED_BY_COLOR_GRID
UO,4-6,HJ,J5o,UNSELECTED,gray,12,UO/4-6/HJ.png,VERIFIED_BY_COLOR_GRID
UO,4-6,HJ,T5o,UNSELECTED,gray,12,UO/4-6/HJ.png,VERIFIED_BY_COLOR_GRID
UO,4-6,HJ,95o,UNSELECTED,gray,12,UO/4-6/HJ.png,VERIFIED_BY_COLOR_GRID
UO,4-6,HJ,85o,UNSELECTED,gray,12,UO/4-6/HJ.png,VERIFIED_BY_COLOR_GRID
UO,4-6,HJ,75o,UNSELECTED,gray,12,UO/4-6/HJ.png,VERIFIED_BY_COLOR_GRID
UO,4-6,HJ,65o,UNSELECTED,gray,12,UO/4-6/HJ.png,VERIFIED_BY_COLOR_GRID
UO,4-6,HJ,55,AI,purple,6,UO/4-6/HJ.png,VERIFIED_BY_COLOR_GRID
UO,4-6,HJ,54s,UNSELECTED,gray,4,UO/4-6/HJ.png,VERIFIED_BY_COLOR_GRID
UO,4-6,HJ,53s,UNSELECTED,gray,4,UO/4-6/HJ.png,VERIFIED_BY_COLOR_GRID
UO,4-6,HJ,52s,UNSELECTED,gray,4,UO/4-6/HJ.png,VERIFIED_BY_COLOR_GRID
UO,4-6,HJ,A4o,AI,purple,12,UO/4-6/HJ.png,VERIFIED_BY_COLOR_GRID
UO,4-6,HJ,K4o,UNSELECTED,gray,12,UO/4-6/HJ.png,VERIFIED_BY_COLOR_GRID
UO,4-6,HJ,Q4o,UNSELECTED,gray,12,UO/4-6/HJ.png,VERIFIED_BY_COLOR_GRID
UO,4-6,HJ,J4o,UNSELECTED,gray,12,UO/4-6/HJ.png,VERIFIED_BY_COLOR_GRID
UO,4-6,HJ,T4o,UNSELECTED,gray,12,UO/4-6/HJ.png,VERIFIED_BY_COLOR_GRID
UO,4-6,HJ,94o,UNSELECTED,gray,12,UO/4-6/HJ.png,VERIFIED_BY_COLOR_GRID
UO,4-6,HJ,84o,UNSELECTED,gray,12,UO/4-6/HJ.png,VERIFIED_BY_COLOR_GRID
UO,4-6,HJ,74o,UNSELECTED,gray,12,UO/4-6/HJ.png,VERIFIED_BY_COLOR_GRID
UO,4-6,HJ,64o,UNSELECTED,gray,12,UO/4-6/HJ.png,VERIFIED_BY_COLOR_GRID
UO,4-6,HJ,54o,UNSELECTED,gray,12,UO/4-6/HJ.png,VERIFIED_BY_COLOR_GRID
UO,4-6,HJ,44,AI,purple,6,UO/4-6/HJ.png,VERIFIED_BY_COLOR_GRID
UO,4-6,HJ,43s,UNSELECTED,gray,4,UO/4-6/HJ.png,VERIFIED_BY_COLOR_GRID
UO,4-6,HJ,42s,UNSELECTED,gray,4,UO/4-6/HJ.png,VERIFIED_BY_COLOR_GRID
UO,4-6,HJ,A3o,AI,purple,12,UO/4-6/HJ.png,VERIFIED_BY_COLOR_GRID
UO,4-6,HJ,K3o,UNSELECTED,gray,12,UO/4-6/HJ.png,VERIFIED_BY_COLOR_GRID
UO,4-6,HJ,Q3o,UNSELECTED,gray,12,UO/4-6/HJ.png,VERIFIED_BY_COLOR_GRID
UO,4-6,HJ,J3o,UNSELECTED,gray,12,UO/4-6/HJ.png,VERIFIED_BY_COLOR_GRID
UO,4-6,HJ,T3o,UNSELECTED,gray,12,UO/4-6/HJ.png,VERIFIED_BY_COLOR_GRID
UO,4-6,HJ,93o,UNSELECTED,gray,12,UO/4-6/HJ.png,VERIFIED_BY_COLOR_GRID
UO,4-6,HJ,83o,UNSELECTED,gray,12,UO/4-6/HJ.png,VERIFIED_BY_COLOR_GRID
UO,4-6,HJ,73o,UNSELECTED,gray,12,UO/4-6/HJ.png,VERIFIED_BY_COLOR_GRID
UO,4-6,HJ,63o,UNSELECTED,gray,12,UO/4-6/HJ.png,VERIFIED_BY_COLOR_GRID
UO,4-6,HJ,53o,UNSELECTED,gray,12,UO/4-6/HJ.png,VERIFIED_BY_COLOR_GRID
UO,4-6,HJ,43o,UNSELECTED,gray,12,UO/4-6/HJ.png,VERIFIED_BY_COLOR_GRID
UO,4-6,HJ,33,AI,purple,6,UO/4-6/HJ.png,VERIFIED_BY_COLOR_GRID
UO,4-6,HJ,32s,UNSELECTED,gray,4,UO/4-6/HJ.png,VERIFIED_BY_COLOR_GRID
UO,4-6,HJ,A2o,AI,purple,12,UO/4-6/HJ.png,VERIFIED_BY_COLOR_GRID
UO,4-6,HJ,K2o,UNSELECTED,gray,12,UO/4-6/HJ.png,VERIFIED_BY_COLOR_GRID
UO,4-6,HJ,Q2o,UNSELECTED,gray,12,UO/4-6/HJ.png,VERIFIED_BY_COLOR_GRID
UO,4-6,HJ,J2o,UNSELECTED,gray,12,UO/4-6/HJ.png,VERIFIED_BY_COLOR_GRID
UO,4-6,HJ,T2o,UNSELECTED,gray,12,UO/4-6/HJ.png,VERIFIED_BY_COLOR_GRID
UO,4-6,HJ,92o,UNSELECTED,gray,12,UO/4-6/HJ.png,VERIFIED_BY_COLOR_GRID
UO,4-6,HJ,82o,UNSELECTED,gray,12,UO/4-6/HJ.png,VERIFIED_BY_COLOR_GRID
UO,4-6,HJ,72o,UNSELECTED,gray,12,UO/4-6/HJ.png,VERIFIED_BY_COLOR_GRID
UO,4-6,HJ,62o,UNSELECTED,gray,12,UO/4-6/HJ.png,VERIFIED_BY_COLOR_GRID
UO,4-6,HJ,52o,UNSELECTED,gray,12,UO/4-6/HJ.png,VERIFIED_BY_COLOR_GRID
UO,4-6,HJ,42o,UNSELECTED,gray,12,UO/4-6/HJ.png,VERIFIED_BY_COLOR_GRID
UO,4-6,HJ,32o,UNSELECTED,gray,12,UO/4-6/HJ.png,VERIFIED_BY_COLOR_GRID
UO,4-6,HJ,22,AI,purple,6,UO/4-6/HJ.png,VERIFIED_BY_COLOR_GRID
UO,4-6,CO,AA,AI,purple,6,UO/4-6/CO.png,VERIFIED_BY_COLOR_GRID
UO,4-6,CO,AKs,AI,purple,4,UO/4-6/CO.png,VERIFIED_BY_COLOR_GRID
UO,4-6,CO,AQs,AI,purple,4,UO/4-6/CO.png,VERIFIED_BY_COLOR_GRID
UO,4-6,CO,AJs,AI,purple,4,UO/4-6/CO.png,VERIFIED_BY_COLOR_GRID
UO,4-6,CO,ATs,AI,purple,4,UO/4-6/CO.png,VERIFIED_BY_COLOR_GRID
UO,4-6,CO,A9s,AI,purple,4,UO/4-6/CO.png,VERIFIED_BY_COLOR_GRID
UO,4-6,CO,A8s,AI,purple,4,UO/4-6/CO.png,VERIFIED_BY_COLOR_GRID
UO,4-6,CO,A7s,AI,purple,4,UO/4-6/CO.png,VERIFIED_BY_COLOR_GRID
UO,4-6,CO,A6s,AI,purple,4,UO/4-6/CO.png,VERIFIED_BY_COLOR_GRID
UO,4-6,CO,A5s,AI,purple,4,UO/4-6/CO.png,VERIFIED_BY_COLOR_GRID
UO,4-6,CO,A4s,AI,purple,4,UO/4-6/CO.png,VERIFIED_BY_COLOR_GRID
UO,4-6,CO,A3s,AI,purple,4,UO/4-6/CO.png,VERIFIED_BY_COLOR_GRID
UO,4-6,CO,A2s,AI,purple,4,UO/4-6/CO.png,VERIFIED_BY_COLOR_GRID
UO,4-6,CO,AKo,AI,purple,12,UO/4-6/CO.png,VERIFIED_BY_COLOR_GRID
UO,4-6,CO,KK,AI,purple,6,UO/4-6/CO.png,VERIFIED_BY_COLOR_GRID
UO,4-6,CO,KQs,AI,purple,4,UO/4-6/CO.png,VERIFIED_BY_COLOR_GRID
UO,4-6,CO,KJs,AI,purple,4,UO/4-6/CO.png,VERIFIED_BY_COLOR_GRID
UO,4-6,CO,KTs,AI,purple,4,UO/4-6/CO.png,VERIFIED_BY_COLOR_GRID
UO,4-6,CO,K9s,AI,purple,4,UO/4-6/CO.png,VERIFIED_BY_COLOR_GRID
UO,4-6,CO,K8s,AI,purple,4,UO/4-6/CO.png,VERIFIED_BY_COLOR_GRID
UO,4-6,CO,K7s,AI,purple,4,UO/4-6/CO.png,VERIFIED_BY_COLOR_GRID
UO,4-6,CO,K6s,AI,purple,4,UO/4-6/CO.png,VERIFIED_BY_COLOR_GRID
UO,4-6,CO,K5s,AI,purple,4,UO/4-6/CO.png,VERIFIED_BY_COLOR_GRID
UO,4-6,CO,K4s,AI,purple,4,UO/4-6/CO.png,VERIFIED_BY_COLOR_GRID
UO,4-6,CO,K3s,AI,purple,4,UO/4-6/CO.png,VERIFIED_BY_COLOR_GRID
UO,4-6,CO,K2s,AI,purple,4,UO/4-6/CO.png,VERIFIED_BY_COLOR_GRID
UO,4-6,CO,AQo,AI,purple,12,UO/4-6/CO.png,VERIFIED_BY_COLOR_GRID
UO,4-6,CO,KQo,AI,purple,12,UO/4-6/CO.png,VERIFIED_BY_COLOR_GRID
UO,4-6,CO,QQ,AI,purple,6,UO/4-6/CO.png,VERIFIED_BY_COLOR_GRID
UO,4-6,CO,QJs,AI,purple,4,UO/4-6/CO.png,VERIFIED_BY_COLOR_GRID
UO,4-6,CO,QTs,AI,purple,4,UO/4-6/CO.png,VERIFIED_BY_COLOR_GRID
UO,4-6,CO,Q9s,AI,purple,4,UO/4-6/CO.png,VERIFIED_BY_COLOR_GRID
UO,4-6,CO,Q8s,AI,purple,4,UO/4-6/CO.png,VERIFIED_BY_COLOR_GRID
UO,4-6,CO,Q7s,AI,purple,4,UO/4-6/CO.png,VERIFIED_BY_COLOR_GRID
UO,4-6,CO,Q6s,AI,purple,4,UO/4-6/CO.png,VERIFIED_BY_COLOR_GRID
UO,4-6,CO,Q5s,AI,purple,4,UO/4-6/CO.png,VERIFIED_BY_COLOR_GRID
UO,4-6,CO,Q4s,UNSELECTED,gray,4,UO/4-6/CO.png,VERIFIED_BY_COLOR_GRID
UO,4-6,CO,Q3s,UNSELECTED,gray,4,UO/4-6/CO.png,VERIFIED_BY_COLOR_GRID
UO,4-6,CO,Q2s,UNSELECTED,gray,4,UO/4-6/CO.png,VERIFIED_BY_COLOR_GRID
UO,4-6,CO,AJo,AI,purple,12,UO/4-6/CO.png,VERIFIED_BY_COLOR_GRID
UO,4-6,CO,KJo,AI,purple,12,UO/4-6/CO.png,VERIFIED_BY_COLOR_GRID
UO,4-6,CO,QJo,AI,purple,12,UO/4-6/CO.png,VERIFIED_BY_COLOR_GRID
UO,4-6,CO,JJ,AI,purple,6,UO/4-6/CO.png,VERIFIED_BY_COLOR_GRID
UO,4-6,CO,JTs,AI,purple,4,UO/4-6/CO.png,VERIFIED_BY_COLOR_GRID
UO,4-6,CO,J9s,AI,purple,4,UO/4-6/CO.png,VERIFIED_BY_COLOR_GRID
UO,4-6,CO,J8s,AI,purple,4,UO/4-6/CO.png,VERIFIED_BY_COLOR_GRID
UO,4-6,CO,J7s,AI,purple,4,UO/4-6/CO.png,VERIFIED_BY_COLOR_GRID
UO,4-6,CO,J6s,UNSELECTED,gray,4,UO/4-6/CO.png,VERIFIED_BY_COLOR_GRID
UO,4-6,CO,J5s,UNSELECTED,gray,4,UO/4-6/CO.png,VERIFIED_BY_COLOR_GRID
UO,4-6,CO,J4s,UNSELECTED,gray,4,UO/4-6/CO.png,VERIFIED_BY_COLOR_GRID
UO,4-6,CO,J3s,UNSELECTED,gray,4,UO/4-6/CO.png,VERIFIED_BY_COLOR_GRID
UO,4-6,CO,J2s,UNSELECTED,gray,4,UO/4-6/CO.png,VERIFIED_BY_COLOR_GRID
UO,4-6,CO,ATo,AI,purple,12,UO/4-6/CO.png,VERIFIED_BY_COLOR_GRID
UO,4-6,CO,KTo,AI,purple,12,UO/4-6/CO.png,VERIFIED_BY_COLOR_GRID
UO,4-6,CO,QTo,AI,purple,12,UO/4-6/CO.png,VERIFIED_BY_COLOR_GRID
UO,4-6,CO,JTo,AI,purple,12,UO/4-6/CO.png,VERIFIED_BY_COLOR_GRID
UO,4-6,CO,TT,AI,purple,6,UO/4-6/CO.png,VERIFIED_BY_COLOR_GRID
UO,4-6,CO,T9s,AI,purple,4,UO/4-6/CO.png,VERIFIED_BY_COLOR_GRID
UO,4-6,CO,T8s,AI,purple,4,UO/4-6/CO.png,VERIFIED_BY_COLOR_GRID
UO,4-6,CO,T7s,UNSELECTED,gray,4,UO/4-6/CO.png,VERIFIED_BY_COLOR_GRID
UO,4-6,CO,T6s,UNSELECTED,gray,4,UO/4-6/CO.png,VERIFIED_BY_COLOR_GRID
UO,4-6,CO,T5s,UNSELECTED,gray,4,UO/4-6/CO.png,VERIFIED_BY_COLOR_GRID
UO,4-6,CO,T4s,UNSELECTED,gray,4,UO/4-6/CO.png,VERIFIED_BY_COLOR_GRID
UO,4-6,CO,T3s,UNSELECTED,gray,4,UO/4-6/CO.png,VERIFIED_BY_COLOR_GRID
UO,4-6,CO,T2s,UNSELECTED,gray,4,UO/4-6/CO.png,VERIFIED_BY_COLOR_GRID
UO,4-6,CO,A9o,AI,purple,12,UO/4-6/CO.png,VERIFIED_BY_COLOR_GRID
UO,4-6,CO,K9o,AI,purple,12,UO/4-6/CO.png,VERIFIED_BY_COLOR_GRID
UO,4-6,CO,Q9o,AI,purple,12,UO/4-6/CO.png,VERIFIED_BY_COLOR_GRID
UO,4-6,CO,J9o,AI,purple,12,UO/4-6/CO.png,VERIFIED_BY_COLOR_GRID
UO,4-6,CO,T9o,UNSELECTED,gray,12,UO/4-6/CO.png,VERIFIED_BY_COLOR_GRID
UO,4-6,CO,99,AI,purple,6,UO/4-6/CO.png,VERIFIED_BY_COLOR_GRID
UO,4-6,CO,98s,AI,purple,4,UO/4-6/CO.png,VERIFIED_BY_COLOR_GRID
UO,4-6,CO,97s,UNSELECTED,gray,4,UO/4-6/CO.png,VERIFIED_BY_COLOR_GRID
UO,4-6,CO,96s,UNSELECTED,gray,4,UO/4-6/CO.png,VERIFIED_BY_COLOR_GRID
UO,4-6,CO,95s,UNSELECTED,gray,4,UO/4-6/CO.png,VERIFIED_BY_COLOR_GRID
UO,4-6,CO,94s,UNSELECTED,gray,4,UO/4-6/CO.png,VERIFIED_BY_COLOR_GRID
UO,4-6,CO,93s,UNSELECTED,gray,4,UO/4-6/CO.png,VERIFIED_BY_COLOR_GRID
UO,4-6,CO,92s,UNSELECTED,gray,4,UO/4-6/CO.png,VERIFIED_BY_COLOR_GRID
UO,4-6,CO,A8o,AI,purple,12,UO/4-6/CO.png,VERIFIED_BY_COLOR_GRID
UO,4-6,CO,K8o,AI,purple,12,UO/4-6/CO.png,VERIFIED_BY_COLOR_GRID
UO,4-6,CO,Q8o,UNSELECTED,gray,12,UO/4-6/CO.png,VERIFIED_BY_COLOR_GRID
UO,4-6,CO,J8o,UNSELECTED,gray,12,UO/4-6/CO.png,VERIFIED_BY_COLOR_GRID
UO,4-6,CO,T8o,UNSELECTED,gray,12,UO/4-6/CO.png,VERIFIED_BY_COLOR_GRID
UO,4-6,CO,98o,UNSELECTED,gray,12,UO/4-6/CO.png,VERIFIED_BY_COLOR_GRID
UO,4-6,CO,88,AI,purple,6,UO/4-6/CO.png,VERIFIED_BY_COLOR_GRID
UO,4-6,CO,87s,UNSELECTED,gray,4,UO/4-6/CO.png,VERIFIED_BY_COLOR_GRID
UO,4-6,CO,86s,UNSELECTED,gray,4,UO/4-6/CO.png,VERIFIED_BY_COLOR_GRID
UO,4-6,CO,85s,UNSELECTED,gray,4,UO/4-6/CO.png,VERIFIED_BY_COLOR_GRID
UO,4-6,CO,84s,UNSELECTED,gray,4,UO/4-6/CO.png,VERIFIED_BY_COLOR_GRID
UO,4-6,CO,83s,UNSELECTED,gray,4,UO/4-6/CO.png,VERIFIED_BY_COLOR_GRID
UO,4-6,CO,82s,UNSELECTED,gray,4,UO/4-6/CO.png,VERIFIED_BY_COLOR_GRID
UO,4-6,CO,A7o,AI,purple,12,UO/4-6/CO.png,VERIFIED_BY_COLOR_GRID
UO,4-6,CO,K7o,AI,purple,12,UO/4-6/CO.png,VERIFIED_BY_COLOR_GRID
UO,4-6,CO,Q7o,UNSELECTED,gray,12,UO/4-6/CO.png,VERIFIED_BY_COLOR_GRID
UO,4-6,CO,J7o,UNSELECTED,gray,12,UO/4-6/CO.png,VERIFIED_BY_COLOR_GRID
UO,4-6,CO,T7o,UNSELECTED,gray,12,UO/4-6/CO.png,VERIFIED_BY_COLOR_GRID
UO,4-6,CO,97o,UNSELECTED,gray,12,UO/4-6/CO.png,VERIFIED_BY_COLOR_GRID
UO,4-6,CO,87o,UNSELECTED,gray,12,UO/4-6/CO.png,VERIFIED_BY_COLOR_GRID
UO,4-6,CO,77,AI,purple,6,UO/4-6/CO.png,VERIFIED_BY_COLOR_GRID
UO,4-6,CO,76s,UNSELECTED,gray,4,UO/4-6/CO.png,VERIFIED_BY_COLOR_GRID
UO,4-6,CO,75s,UNSELECTED,gray,4,UO/4-6/CO.png,VERIFIED_BY_COLOR_GRID
UO,4-6,CO,74s,UNSELECTED,gray,4,UO/4-6/CO.png,VERIFIED_BY_COLOR_GRID
UO,4-6,CO,73s,UNSELECTED,gray,4,UO/4-6/CO.png,VERIFIED_BY_COLOR_GRID
UO,4-6,CO,72s,UNSELECTED,gray,4,UO/4-6/CO.png,VERIFIED_BY_COLOR_GRID
UO,4-6,CO,A6o,AI,purple,12,UO/4-6/CO.png,VERIFIED_BY_COLOR_GRID
UO,4-6,CO,K6o,AI,purple,12,UO/4-6/CO.png,VERIFIED_BY_COLOR_GRID
UO,4-6,CO,Q6o,UNSELECTED,gray,12,UO/4-6/CO.png,VERIFIED_BY_COLOR_GRID
UO,4-6,CO,J6o,UNSELECTED,gray,12,UO/4-6/CO.png,VERIFIED_BY_COLOR_GRID
UO,4-6,CO,T6o,UNSELECTED,gray,12,UO/4-6/CO.png,VERIFIED_BY_COLOR_GRID
UO,4-6,CO,96o,UNSELECTED,gray,12,UO/4-6/CO.png,VERIFIED_BY_COLOR_GRID
UO,4-6,CO,86o,UNSELECTED,gray,12,UO/4-6/CO.png,VERIFIED_BY_COLOR_GRID
UO,4-6,CO,76o,UNSELECTED,gray,12,UO/4-6/CO.png,VERIFIED_BY_COLOR_GRID
UO,4-6,CO,66,AI,purple,6,UO/4-6/CO.png,VERIFIED_BY_COLOR_GRID
UO,4-6,CO,65s,UNSELECTED,gray,4,UO/4-6/CO.png,VERIFIED_BY_COLOR_GRID
UO,4-6,CO,64s,UNSELECTED,gray,4,UO/4-6/CO.png,VERIFIED_BY_COLOR_GRID
UO,4-6,CO,63s,UNSELECTED,gray,4,UO/4-6/CO.png,VERIFIED_BY_COLOR_GRID
UO,4-6,CO,62s,UNSELECTED,gray,4,UO/4-6/CO.png,VERIFIED_BY_COLOR_GRID
UO,4-6,CO,A5o,AI,purple,12,UO/4-6/CO.png,VERIFIED_BY_COLOR_GRID
UO,4-6,CO,K5o,UNSELECTED,gray,12,UO/4-6/CO.png,VERIFIED_BY_COLOR_GRID
UO,4-6,CO,Q5o,UNSELECTED,gray,12,UO/4-6/CO.png,VERIFIED_BY_COLOR_GRID
UO,4-6,CO,J5o,UNSELECTED,gray,12,UO/4-6/CO.png,VERIFIED_BY_COLOR_GRID
UO,4-6,CO,T5o,UNSELECTED,gray,12,UO/4-6/CO.png,VERIFIED_BY_COLOR_GRID
UO,4-6,CO,95o,UNSELECTED,gray,12,UO/4-6/CO.png,VERIFIED_BY_COLOR_GRID
UO,4-6,CO,85o,UNSELECTED,gray,12,UO/4-6/CO.png,VERIFIED_BY_COLOR_GRID
UO,4-6,CO,75o,UNSELECTED,gray,12,UO/4-6/CO.png,VERIFIED_BY_COLOR_GRID
UO,4-6,CO,65o,UNSELECTED,gray,12,UO/4-6/CO.png,VERIFIED_BY_COLOR_GRID
UO,4-6,CO,55,AI,purple,6,UO/4-6/CO.png,VERIFIED_BY_COLOR_GRID
UO,4-6,CO,54s,UNSELECTED,gray,4,UO/4-6/CO.png,VERIFIED_BY_COLOR_GRID
UO,4-6,CO,53s,UNSELECTED,gray,4,UO/4-6/CO.png,VERIFIED_BY_COLOR_GRID
UO,4-6,CO,52s,UNSELECTED,gray,4,UO/4-6/CO.png,VERIFIED_BY_COLOR_GRID
UO,4-6,CO,A4o,AI,purple,12,UO/4-6/CO.png,VERIFIED_BY_COLOR_GRID
UO,4-6,CO,K4o,UNSELECTED,gray,12,UO/4-6/CO.png,VERIFIED_BY_COLOR_GRID
UO,4-6,CO,Q4o,UNSELECTED,gray,12,UO/4-6/CO.png,VERIFIED_BY_COLOR_GRID
UO,4-6,CO,J4o,UNSELECTED,gray,12,UO/4-6/CO.png,VERIFIED_BY_COLOR_GRID
UO,4-6,CO,T4o,UNSELECTED,gray,12,UO/4-6/CO.png,VERIFIED_BY_COLOR_GRID
UO,4-6,CO,94o,UNSELECTED,gray,12,UO/4-6/CO.png,VERIFIED_BY_COLOR_GRID
UO,4-6,CO,84o,UNSELECTED,gray,12,UO/4-6/CO.png,VERIFIED_BY_COLOR_GRID
UO,4-6,CO,74o,UNSELECTED,gray,12,UO/4-6/CO.png,VERIFIED_BY_COLOR_GRID
UO,4-6,CO,64o,UNSELECTED,gray,12,UO/4-6/CO.png,VERIFIED_BY_COLOR_GRID
UO,4-6,CO,54o,UNSELECTED,gray,12,UO/4-6/CO.png,VERIFIED_BY_COLOR_GRID
UO,4-6,CO,44,AI,purple,6,UO/4-6/CO.png,VERIFIED_BY_COLOR_GRID
UO,4-6,CO,43s,UNSELECTED,gray,4,UO/4-6/CO.png,VERIFIED_BY_COLOR_GRID
UO,4-6,CO,42s,UNSELECTED,gray,4,UO/4-6/CO.png,VERIFIED_BY_COLOR_GRID
UO,4-6,CO,A3o,AI,purple,12,UO/4-6/CO.png,VERIFIED_BY_COLOR_GRID
UO,4-6,CO,K3o,UNSELECTED,gray,12,UO/4-6/CO.png,VERIFIED_BY_COLOR_GRID
UO,4-6,CO,Q3o,UNSELECTED,gray,12,UO/4-6/CO.png,VERIFIED_BY_COLOR_GRID
UO,4-6,CO,J3o,UNSELECTED,gray,12,UO/4-6/CO.png,VERIFIED_BY_COLOR_GRID
UO,4-6,CO,T3o,UNSELECTED,gray,12,UO/4-6/CO.png,VERIFIED_BY_COLOR_GRID
UO,4-6,CO,93o,UNSELECTED,gray,12,UO/4-6/CO.png,VERIFIED_BY_COLOR_GRID
UO,4-6,CO,83o,UNSELECTED,gray,12,UO/4-6/CO.png,VERIFIED_BY_COLOR_GRID
UO,4-6,CO,73o,UNSELECTED,gray,12,UO/4-6/CO.png,VERIFIED_BY_COLOR_GRID
UO,4-6,CO,63o,UNSELECTED,gray,12,UO/4-6/CO.png,VERIFIED_BY_COLOR_GRID
UO,4-6,CO,53o,UNSELECTED,gray,12,UO/4-6/CO.png,VERIFIED_BY_COLOR_GRID
UO,4-6,CO,43o,UNSELECTED,gray,12,UO/4-6/CO.png,VERIFIED_BY_COLOR_GRID
UO,4-6,CO,33,AI,purple,6,UO/4-6/CO.png,VERIFIED_BY_COLOR_GRID
UO,4-6,CO,32s,UNSELECTED,gray,4,UO/4-6/CO.png,VERIFIED_BY_COLOR_GRID
UO,4-6,CO,A2o,AI,purple,12,UO/4-6/CO.png,VERIFIED_BY_COLOR_GRID
UO,4-6,CO,K2o,UNSELECTED,gray,12,UO/4-6/CO.png,VERIFIED_BY_COLOR_GRID
UO,4-6,CO,Q2o,UNSELECTED,gray,12,UO/4-6/CO.png,VERIFIED_BY_COLOR_GRID
UO,4-6,CO,J2o,UNSELECTED,gray,12,UO/4-6/CO.png,VERIFIED_BY_COLOR_GRID
UO,4-6,CO,T2o,UNSELECTED,gray,12,UO/4-6/CO.png,VERIFIED_BY_COLOR_GRID
UO,4-6,CO,92o,UNSELECTED,gray,12,UO/4-6/CO.png,VERIFIED_BY_COLOR_GRID
UO,4-6,CO,82o,UNSELECTED,gray,12,UO/4-6/CO.png,VERIFIED_BY_COLOR_GRID
UO,4-6,CO,72o,UNSELECTED,gray,12,UO/4-6/CO.png,VERIFIED_BY_COLOR_GRID
UO,4-6,CO,62o,UNSELECTED,gray,12,UO/4-6/CO.png,VERIFIED_BY_COLOR_GRID
UO,4-6,CO,52o,UNSELECTED,gray,12,UO/4-6/CO.png,VERIFIED_BY_COLOR_GRID
UO,4-6,CO,42o,UNSELECTED,gray,12,UO/4-6/CO.png,VERIFIED_BY_COLOR_GRID
UO,4-6,CO,32o,UNSELECTED,gray,12,UO/4-6/CO.png,VERIFIED_BY_COLOR_GRID
UO,4-6,CO,22,AI,purple,6,UO/4-6/CO.png,VERIFIED_BY_COLOR_GRID
UO,4-6,BTN,AA,AI,purple,6,UO/4-6/BTN.png,VERIFIED_BY_COLOR_GRID
UO,4-6,BTN,AKs,AI,purple,4,UO/4-6/BTN.png,VERIFIED_BY_COLOR_GRID
UO,4-6,BTN,AQs,AI,purple,4,UO/4-6/BTN.png,VERIFIED_BY_COLOR_GRID
UO,4-6,BTN,AJs,AI,purple,4,UO/4-6/BTN.png,VERIFIED_BY_COLOR_GRID
UO,4-6,BTN,ATs,AI,purple,4,UO/4-6/BTN.png,VERIFIED_BY_COLOR_GRID
UO,4-6,BTN,A9s,AI,purple,4,UO/4-6/BTN.png,VERIFIED_BY_COLOR_GRID
UO,4-6,BTN,A8s,AI,purple,4,UO/4-6/BTN.png,VERIFIED_BY_COLOR_GRID
UO,4-6,BTN,A7s,AI,purple,4,UO/4-6/BTN.png,VERIFIED_BY_COLOR_GRID
UO,4-6,BTN,A6s,AI,purple,4,UO/4-6/BTN.png,VERIFIED_BY_COLOR_GRID
UO,4-6,BTN,A5s,AI,purple,4,UO/4-6/BTN.png,VERIFIED_BY_COLOR_GRID
UO,4-6,BTN,A4s,AI,purple,4,UO/4-6/BTN.png,VERIFIED_BY_COLOR_GRID
UO,4-6,BTN,A3s,AI,purple,4,UO/4-6/BTN.png,VERIFIED_BY_COLOR_GRID
UO,4-6,BTN,A2s,AI,purple,4,UO/4-6/BTN.png,VERIFIED_BY_COLOR_GRID
UO,4-6,BTN,AKo,AI,purple,12,UO/4-6/BTN.png,VERIFIED_BY_COLOR_GRID
UO,4-6,BTN,KK,AI,purple,6,UO/4-6/BTN.png,VERIFIED_BY_COLOR_GRID
UO,4-6,BTN,KQs,AI,purple,4,UO/4-6/BTN.png,VERIFIED_BY_COLOR_GRID
UO,4-6,BTN,KJs,AI,purple,4,UO/4-6/BTN.png,VERIFIED_BY_COLOR_GRID
UO,4-6,BTN,KTs,AI,purple,4,UO/4-6/BTN.png,VERIFIED_BY_COLOR_GRID
UO,4-6,BTN,K9s,AI,purple,4,UO/4-6/BTN.png,VERIFIED_BY_COLOR_GRID
UO,4-6,BTN,K8s,AI,purple,4,UO/4-6/BTN.png,VERIFIED_BY_COLOR_GRID
UO,4-6,BTN,K7s,AI,purple,4,UO/4-6/BTN.png,VERIFIED_BY_COLOR_GRID
UO,4-6,BTN,K6s,AI,purple,4,UO/4-6/BTN.png,VERIFIED_BY_COLOR_GRID
UO,4-6,BTN,K5s,AI,purple,4,UO/4-6/BTN.png,VERIFIED_BY_COLOR_GRID
UO,4-6,BTN,K4s,AI,purple,4,UO/4-6/BTN.png,VERIFIED_BY_COLOR_GRID
UO,4-6,BTN,K3s,AI,purple,4,UO/4-6/BTN.png,VERIFIED_BY_COLOR_GRID
UO,4-6,BTN,K2s,AI,purple,4,UO/4-6/BTN.png,VERIFIED_BY_COLOR_GRID
UO,4-6,BTN,AQo,AI,purple,12,UO/4-6/BTN.png,VERIFIED_BY_COLOR_GRID
UO,4-6,BTN,KQo,AI,purple,12,UO/4-6/BTN.png,VERIFIED_BY_COLOR_GRID
UO,4-6,BTN,QQ,AI,purple,6,UO/4-6/BTN.png,VERIFIED_BY_COLOR_GRID
UO,4-6,BTN,QJs,AI,purple,4,UO/4-6/BTN.png,VERIFIED_BY_COLOR_GRID
UO,4-6,BTN,QTs,AI,purple,4,UO/4-6/BTN.png,VERIFIED_BY_COLOR_GRID
UO,4-6,BTN,Q9s,AI,purple,4,UO/4-6/BTN.png,VERIFIED_BY_COLOR_GRID
UO,4-6,BTN,Q8s,AI,purple,4,UO/4-6/BTN.png,VERIFIED_BY_COLOR_GRID
UO,4-6,BTN,Q7s,AI,purple,4,UO/4-6/BTN.png,VERIFIED_BY_COLOR_GRID
UO,4-6,BTN,Q6s,AI,purple,4,UO/4-6/BTN.png,VERIFIED_BY_COLOR_GRID
UO,4-6,BTN,Q5s,AI,purple,4,UO/4-6/BTN.png,VERIFIED_BY_COLOR_GRID
UO,4-6,BTN,Q4s,AI,purple,4,UO/4-6/BTN.png,VERIFIED_BY_COLOR_GRID
UO,4-6,BTN,Q3s,AI,purple,4,UO/4-6/BTN.png,VERIFIED_BY_COLOR_GRID
UO,4-6,BTN,Q2s,AI,purple,4,UO/4-6/BTN.png,VERIFIED_BY_COLOR_GRID
UO,4-6,BTN,AJo,AI,purple,12,UO/4-6/BTN.png,VERIFIED_BY_COLOR_GRID
UO,4-6,BTN,KJo,AI,purple,12,UO/4-6/BTN.png,VERIFIED_BY_COLOR_GRID
UO,4-6,BTN,QJo,AI,purple,12,UO/4-6/BTN.png,VERIFIED_BY_COLOR_GRID
UO,4-6,BTN,JJ,AI,purple,6,UO/4-6/BTN.png,VERIFIED_BY_COLOR_GRID
UO,4-6,BTN,JTs,AI,purple,4,UO/4-6/BTN.png,VERIFIED_BY_COLOR_GRID
UO,4-6,BTN,J9s,AI,purple,4,UO/4-6/BTN.png,VERIFIED_BY_COLOR_GRID
UO,4-6,BTN,J8s,AI,purple,4,UO/4-6/BTN.png,VERIFIED_BY_COLOR_GRID
UO,4-6,BTN,J7s,AI,purple,4,UO/4-6/BTN.png,VERIFIED_BY_COLOR_GRID
UO,4-6,BTN,J6s,AI,purple,4,UO/4-6/BTN.png,VERIFIED_BY_COLOR_GRID
UO,4-6,BTN,J5s,AI,purple,4,UO/4-6/BTN.png,VERIFIED_BY_COLOR_GRID
UO,4-6,BTN,J4s,UNSELECTED,gray,4,UO/4-6/BTN.png,VERIFIED_BY_COLOR_GRID
UO,4-6,BTN,J3s,UNSELECTED,gray,4,UO/4-6/BTN.png,VERIFIED_BY_COLOR_GRID
UO,4-6,BTN,J2s,UNSELECTED,gray,4,UO/4-6/BTN.png,VERIFIED_BY_COLOR_GRID
UO,4-6,BTN,ATo,AI,purple,12,UO/4-6/BTN.png,VERIFIED_BY_COLOR_GRID
UO,4-6,BTN,KTo,AI,purple,12,UO/4-6/BTN.png,VERIFIED_BY_COLOR_GRID
UO,4-6,BTN,QTo,AI,purple,12,UO/4-6/BTN.png,VERIFIED_BY_COLOR_GRID
UO,4-6,BTN,JTo,AI,purple,12,UO/4-6/BTN.png,VERIFIED_BY_COLOR_GRID
UO,4-6,BTN,TT,AI,purple,6,UO/4-6/BTN.png,VERIFIED_BY_COLOR_GRID
UO,4-6,BTN,T9s,AI,purple,4,UO/4-6/BTN.png,VERIFIED_BY_COLOR_GRID
UO,4-6,BTN,T8s,AI,purple,4,UO/4-6/BTN.png,VERIFIED_BY_COLOR_GRID
UO,4-6,BTN,T7s,AI,purple,4,UO/4-6/BTN.png,VERIFIED_BY_COLOR_GRID
UO,4-6,BTN,T6s,UNSELECTED,gray,4,UO/4-6/BTN.png,VERIFIED_BY_COLOR_GRID
UO,4-6,BTN,T5s,UNSELECTED,gray,4,UO/4-6/BTN.png,VERIFIED_BY_COLOR_GRID
UO,4-6,BTN,T4s,UNSELECTED,gray,4,UO/4-6/BTN.png,VERIFIED_BY_COLOR_GRID
UO,4-6,BTN,T3s,UNSELECTED,gray,4,UO/4-6/BTN.png,VERIFIED_BY_COLOR_GRID
UO,4-6,BTN,T2s,UNSELECTED,gray,4,UO/4-6/BTN.png,VERIFIED_BY_COLOR_GRID
UO,4-6,BTN,A9o,AI,purple,12,UO/4-6/BTN.png,VERIFIED_BY_COLOR_GRID
UO,4-6,BTN,K9o,AI,purple,12,UO/4-6/BTN.png,VERIFIED_BY_COLOR_GRID
UO,4-6,BTN,Q9o,AI,purple,12,UO/4-6/BTN.png,VERIFIED_BY_COLOR_GRID
UO,4-6,BTN,J9o,AI,purple,12,UO/4-6/BTN.png,VERIFIED_BY_COLOR_GRID
UO,4-6,BTN,T9o,AI,purple,12,UO/4-6/BTN.png,VERIFIED_BY_COLOR_GRID
UO,4-6,BTN,99,AI,purple,6,UO/4-6/BTN.png,VERIFIED_BY_COLOR_GRID
UO,4-6,BTN,98s,AI,purple,4,UO/4-6/BTN.png,VERIFIED_BY_COLOR_GRID
UO,4-6,BTN,97s,AI,purple,4,UO/4-6/BTN.png,VERIFIED_BY_COLOR_GRID
UO,4-6,BTN,96s,UNSELECTED,gray,4,UO/4-6/BTN.png,VERIFIED_BY_COLOR_GRID
UO,4-6,BTN,95s,UNSELECTED,gray,4,UO/4-6/BTN.png,VERIFIED_BY_COLOR_GRID
UO,4-6,BTN,94s,UNSELECTED,gray,4,UO/4-6/BTN.png,VERIFIED_BY_COLOR_GRID
UO,4-6,BTN,93s,UNSELECTED,gray,4,UO/4-6/BTN.png,VERIFIED_BY_COLOR_GRID
UO,4-6,BTN,92s,UNSELECTED,gray,4,UO/4-6/BTN.png,VERIFIED_BY_COLOR_GRID
UO,4-6,BTN,A8o,AI,purple,12,UO/4-6/BTN.png,VERIFIED_BY_COLOR_GRID
UO,4-6,BTN,K8o,AI,purple,12,UO/4-6/BTN.png,VERIFIED_BY_COLOR_GRID
UO,4-6,BTN,Q8o,AI,purple,12,UO/4-6/BTN.png,VERIFIED_BY_COLOR_GRID
UO,4-6,BTN,J8o,AI,purple,12,UO/4-6/BTN.png,VERIFIED_BY_COLOR_GRID
UO,4-6,BTN,T8o,UNSELECTED,gray,12,UO/4-6/BTN.png,VERIFIED_BY_COLOR_GRID
UO,4-6,BTN,98o,UNSELECTED,gray,12,UO/4-6/BTN.png,VERIFIED_BY_COLOR_GRID
UO,4-6,BTN,88,AI,purple,6,UO/4-6/BTN.png,VERIFIED_BY_COLOR_GRID
UO,4-6,BTN,87s,UNSELECTED,gray,4,UO/4-6/BTN.png,VERIFIED_BY_COLOR_GRID
UO,4-6,BTN,86s,UNSELECTED,gray,4,UO/4-6/BTN.png,VERIFIED_BY_COLOR_GRID
UO,4-6,BTN,85s,UNSELECTED,gray,4,UO/4-6/BTN.png,VERIFIED_BY_COLOR_GRID
UO,4-6,BTN,84s,UNSELECTED,gray,4,UO/4-6/BTN.png,VERIFIED_BY_COLOR_GRID
UO,4-6,BTN,83s,UNSELECTED,gray,4,UO/4-6/BTN.png,VERIFIED_BY_COLOR_GRID
UO,4-6,BTN,82s,UNSELECTED,gray,4,UO/4-6/BTN.png,VERIFIED_BY_COLOR_GRID
UO,4-6,BTN,A7o,AI,purple,12,UO/4-6/BTN.png,VERIFIED_BY_COLOR_GRID
UO,4-6,BTN,K7o,AI,purple,12,UO/4-6/BTN.png,VERIFIED_BY_COLOR_GRID
UO,4-6,BTN,Q7o,AI,purple,12,UO/4-6/BTN.png,VERIFIED_BY_COLOR_GRID
UO,4-6,BTN,J7o,UNSELECTED,gray,12,UO/4-6/BTN.png,VERIFIED_BY_COLOR_GRID
UO,4-6,BTN,T7o,UNSELECTED,gray,12,UO/4-6/BTN.png,VERIFIED_BY_COLOR_GRID
UO,4-6,BTN,97o,UNSELECTED,gray,12,UO/4-6/BTN.png,VERIFIED_BY_COLOR_GRID
UO,4-6,BTN,87o,UNSELECTED,gray,12,UO/4-6/BTN.png,VERIFIED_BY_COLOR_GRID
UO,4-6,BTN,77,AI,purple,6,UO/4-6/BTN.png,VERIFIED_BY_COLOR_GRID
UO,4-6,BTN,76s,UNSELECTED,gray,4,UO/4-6/BTN.png,VERIFIED_BY_COLOR_GRID
UO,4-6,BTN,75s,UNSELECTED,gray,4,UO/4-6/BTN.png,VERIFIED_BY_COLOR_GRID
UO,4-6,BTN,74s,UNSELECTED,gray,4,UO/4-6/BTN.png,VERIFIED_BY_COLOR_GRID
UO,4-6,BTN,73s,UNSELECTED,gray,4,UO/4-6/BTN.png,VERIFIED_BY_COLOR_GRID
UO,4-6,BTN,72s,UNSELECTED,gray,4,UO/4-6/BTN.png,VERIFIED_BY_COLOR_GRID
UO,4-6,BTN,A6o,AI,purple,12,UO/4-6/BTN.png,VERIFIED_BY_COLOR_GRID
UO,4-6,BTN,K6o,AI,purple,12,UO/4-6/BTN.png,VERIFIED_BY_COLOR_GRID
UO,4-6,BTN,Q6o,AI,purple,12,UO/4-6/BTN.png,VERIFIED_BY_COLOR_GRID
UO,4-6,BTN,J6o,UNSELECTED,gray,12,UO/4-6/BTN.png,VERIFIED_BY_COLOR_GRID
UO,4-6,BTN,T6o,UNSELECTED,gray,12,UO/4-6/BTN.png,VERIFIED_BY_COLOR_GRID
UO,4-6,BTN,96o,UNSELECTED,gray,12,UO/4-6/BTN.png,VERIFIED_BY_COLOR_GRID
UO,4-6,BTN,86o,UNSELECTED,gray,12,UO/4-6/BTN.png,VERIFIED_BY_COLOR_GRID
UO,4-6,BTN,76o,UNSELECTED,gray,12,UO/4-6/BTN.png,VERIFIED_BY_COLOR_GRID
UO,4-6,BTN,66,AI,purple,6,UO/4-6/BTN.png,VERIFIED_BY_COLOR_GRID
UO,4-6,BTN,65s,UNSELECTED,gray,4,UO/4-6/BTN.png,VERIFIED_BY_COLOR_GRID
UO,4-6,BTN,64s,UNSELECTED,gray,4,UO/4-6/BTN.png,VERIFIED_BY_COLOR_GRID
UO,4-6,BTN,63s,UNSELECTED,gray,4,UO/4-6/BTN.png,VERIFIED_BY_COLOR_GRID
UO,4-6,BTN,62s,UNSELECTED,gray,4,UO/4-6/BTN.png,VERIFIED_BY_COLOR_GRID
UO,4-6,BTN,A5o,AI,purple,12,UO/4-6/BTN.png,VERIFIED_BY_COLOR_GRID
UO,4-6,BTN,K5o,AI,purple,12,UO/4-6/BTN.png,VERIFIED_BY_COLOR_GRID
UO,4-6,BTN,Q5o,UNSELECTED,gray,12,UO/4-6/BTN.png,VERIFIED_BY_COLOR_GRID
UO,4-6,BTN,J5o,UNSELECTED,gray,12,UO/4-6/BTN.png,VERIFIED_BY_COLOR_GRID
UO,4-6,BTN,T5o,UNSELECTED,gray,12,UO/4-6/BTN.png,VERIFIED_BY_COLOR_GRID
UO,4-6,BTN,95o,UNSELECTED,gray,12,UO/4-6/BTN.png,VERIFIED_BY_COLOR_GRID
UO,4-6,BTN,85o,UNSELECTED,gray,12,UO/4-6/BTN.png,VERIFIED_BY_COLOR_GRID
UO,4-6,BTN,75o,UNSELECTED,gray,12,UO/4-6/BTN.png,VERIFIED_BY_COLOR_GRID
UO,4-6,BTN,65o,UNSELECTED,gray,12,UO/4-6/BTN.png,VERIFIED_BY_COLOR_GRID
UO,4-6,BTN,55,AI,purple,6,UO/4-6/BTN.png,VERIFIED_BY_COLOR_GRID
UO,4-6,BTN,54s,UNSELECTED,gray,4,UO/4-6/BTN.png,VERIFIED_BY_COLOR_GRID
UO,4-6,BTN,53s,UNSELECTED,gray,4,UO/4-6/BTN.png,VERIFIED_BY_COLOR_GRID
UO,4-6,BTN,52s,UNSELECTED,gray,4,UO/4-6/BTN.png,VERIFIED_BY_COLOR_GRID
UO,4-6,BTN,A4o,AI,purple,12,UO/4-6/BTN.png,VERIFIED_BY_COLOR_GRID
UO,4-6,BTN,K4o,AI,purple,12,UO/4-6/BTN.png,VERIFIED_BY_COLOR_GRID
UO,4-6,BTN,Q4o,UNSELECTED,gray,12,UO/4-6/BTN.png,VERIFIED_BY_COLOR_GRID
UO,4-6,BTN,J4o,UNSELECTED,gray,12,UO/4-6/BTN.png,VERIFIED_BY_COLOR_GRID
UO,4-6,BTN,T4o,UNSELECTED,gray,12,UO/4-6/BTN.png,VERIFIED_BY_COLOR_GRID
UO,4-6,BTN,94o,UNSELECTED,gray,12,UO/4-6/BTN.png,VERIFIED_BY_COLOR_GRID
UO,4-6,BTN,84o,UNSELECTED,gray,12,UO/4-6/BTN.png,VERIFIED_BY_COLOR_GRID
UO,4-6,BTN,74o,UNSELECTED,gray,12,UO/4-6/BTN.png,VERIFIED_BY_COLOR_GRID
UO,4-6,BTN,64o,UNSELECTED,gray,12,UO/4-6/BTN.png,VERIFIED_BY_COLOR_GRID
UO,4-6,BTN,54o,UNSELECTED,gray,12,UO/4-6/BTN.png,VERIFIED_BY_COLOR_GRID
UO,4-6,BTN,44,AI,purple,6,UO/4-6/BTN.png,VERIFIED_BY_COLOR_GRID
UO,4-6,BTN,43s,UNSELECTED,gray,4,UO/4-6/BTN.png,VERIFIED_BY_COLOR_GRID
UO,4-6,BTN,42s,UNSELECTED,gray,4,UO/4-6/BTN.png,VERIFIED_BY_COLOR_GRID
UO,4-6,BTN,A3o,AI,purple,12,UO/4-6/BTN.png,VERIFIED_BY_COLOR_GRID
UO,4-6,BTN,K3o,AI,purple,12,UO/4-6/BTN.png,VERIFIED_BY_COLOR_GRID
UO,4-6,BTN,Q3o,UNSELECTED,gray,12,UO/4-6/BTN.png,VERIFIED_BY_COLOR_GRID
UO,4-6,BTN,J3o,UNSELECTED,gray,12,UO/4-6/BTN.png,VERIFIED_BY_COLOR_GRID
UO,4-6,BTN,T3o,UNSELECTED,gray,12,UO/4-6/BTN.png,VERIFIED_BY_COLOR_GRID
UO,4-6,BTN,93o,UNSELECTED,gray,12,UO/4-6/BTN.png,VERIFIED_BY_COLOR_GRID
UO,4-6,BTN,83o,UNSELECTED,gray,12,UO/4-6/BTN.png,VERIFIED_BY_COLOR_GRID
UO,4-6,BTN,73o,UNSELECTED,gray,12,UO/4-6/BTN.png,VERIFIED_BY_COLOR_GRID
UO,4-6,BTN,63o,UNSELECTED,gray,12,UO/4-6/BTN.png,VERIFIED_BY_COLOR_GRID
UO,4-6,BTN,53o,UNSELECTED,gray,12,UO/4-6/BTN.png,VERIFIED_BY_COLOR_GRID
UO,4-6,BTN,43o,UNSELECTED,gray,12,UO/4-6/BTN.png,VERIFIED_BY_COLOR_GRID
UO,4-6,BTN,33,AI,purple,6,UO/4-6/BTN.png,VERIFIED_BY_COLOR_GRID
UO,4-6,BTN,32s,UNSELECTED,gray,4,UO/4-6/BTN.png,VERIFIED_BY_COLOR_GRID
UO,4-6,BTN,A2o,AI,purple,12,UO/4-6/BTN.png,VERIFIED_BY_COLOR_GRID
UO,4-6,BTN,K2o,AI,purple,12,UO/4-6/BTN.png,VERIFIED_BY_COLOR_GRID
UO,4-6,BTN,Q2o,UNSELECTED,gray,12,UO/4-6/BTN.png,VERIFIED_BY_COLOR_GRID
UO,4-6,BTN,J2o,UNSELECTED,gray,12,UO/4-6/BTN.png,VERIFIED_BY_COLOR_GRID
UO,4-6,BTN,T2o,UNSELECTED,gray,12,UO/4-6/BTN.png,VERIFIED_BY_COLOR_GRID
UO,4-6,BTN,92o,UNSELECTED,gray,12,UO/4-6/BTN.png,VERIFIED_BY_COLOR_GRID
UO,4-6,BTN,82o,UNSELECTED,gray,12,UO/4-6/BTN.png,VERIFIED_BY_COLOR_GRID
UO,4-6,BTN,72o,UNSELECTED,gray,12,UO/4-6/BTN.png,VERIFIED_BY_COLOR_GRID
UO,4-6,BTN,62o,UNSELECTED,gray,12,UO/4-6/BTN.png,VERIFIED_BY_COLOR_GRID
UO,4-6,BTN,52o,UNSELECTED,gray,12,UO/4-6/BTN.png,VERIFIED_BY_COLOR_GRID
UO,4-6,BTN,42o,UNSELECTED,gray,12,UO/4-6/BTN.png,VERIFIED_BY_COLOR_GRID
UO,4-6,BTN,32o,UNSELECTED,gray,12,UO/4-6/BTN.png,VERIFIED_BY_COLOR_GRID
UO,4-6,BTN,22,AI,purple,6,UO/4-6/BTN.png,VERIFIED_BY_COLOR_GRID
UO,6-8,EP,AA,AI,purple,6,UO/6-8/EP.png,VERIFIED_BY_COLOR_GRID
UO,6-8,EP,AKs,AI,purple,4,UO/6-8/EP.png,VERIFIED_BY_COLOR_GRID
UO,6-8,EP,AQs,AI,purple,4,UO/6-8/EP.png,VERIFIED_BY_COLOR_GRID
UO,6-8,EP,AJs,AI,purple,4,UO/6-8/EP.png,VERIFIED_BY_COLOR_GRID
UO,6-8,EP,ATs,AI,purple,4,UO/6-8/EP.png,VERIFIED_BY_COLOR_GRID
UO,6-8,EP,A9s,AI,purple,4,UO/6-8/EP.png,VERIFIED_BY_COLOR_GRID
UO,6-8,EP,A8s,AI,purple,4,UO/6-8/EP.png,VERIFIED_BY_COLOR_GRID
UO,6-8,EP,A7s,AI,purple,4,UO/6-8/EP.png,VERIFIED_BY_COLOR_GRID
UO,6-8,EP,A6s,AI,purple,4,UO/6-8/EP.png,VERIFIED_BY_COLOR_GRID
UO,6-8,EP,A5s,AI,purple,4,UO/6-8/EP.png,VERIFIED_BY_COLOR_GRID
UO,6-8,EP,A4s,AI,purple,4,UO/6-8/EP.png,VERIFIED_BY_COLOR_GRID
UO,6-8,EP,A3s,AI,purple,4,UO/6-8/EP.png,VERIFIED_BY_COLOR_GRID
UO,6-8,EP,A2s,AI,purple,4,UO/6-8/EP.png,VERIFIED_BY_COLOR_GRID
UO,6-8,EP,AKo,AI,purple,12,UO/6-8/EP.png,VERIFIED_BY_COLOR_GRID
UO,6-8,EP,KK,AI,purple,6,UO/6-8/EP.png,VERIFIED_BY_COLOR_GRID
UO,6-8,EP,KQs,AI,purple,4,UO/6-8/EP.png,VERIFIED_BY_COLOR_GRID
UO,6-8,EP,KJs,AI,purple,4,UO/6-8/EP.png,VERIFIED_BY_COLOR_GRID
UO,6-8,EP,KTs,AI,purple,4,UO/6-8/EP.png,VERIFIED_BY_COLOR_GRID
UO,6-8,EP,K9s,UNSELECTED,gray,4,UO/6-8/EP.png,VERIFIED_BY_COLOR_GRID
UO,6-8,EP,K8s,UNSELECTED,gray,4,UO/6-8/EP.png,VERIFIED_BY_COLOR_GRID
UO,6-8,EP,K7s,UNSELECTED,gray,4,UO/6-8/EP.png,VERIFIED_BY_COLOR_GRID
UO,6-8,EP,K6s,UNSELECTED,gray,4,UO/6-8/EP.png,VERIFIED_BY_COLOR_GRID
UO,6-8,EP,K5s,UNSELECTED,gray,4,UO/6-8/EP.png,VERIFIED_BY_COLOR_GRID
UO,6-8,EP,K4s,UNSELECTED,gray,4,UO/6-8/EP.png,VERIFIED_BY_COLOR_GRID
UO,6-8,EP,K3s,UNSELECTED,gray,4,UO/6-8/EP.png,VERIFIED_BY_COLOR_GRID
UO,6-8,EP,K2s,UNSELECTED,gray,4,UO/6-8/EP.png,VERIFIED_BY_COLOR_GRID
UO,6-8,EP,AQo,AI,purple,12,UO/6-8/EP.png,VERIFIED_BY_COLOR_GRID
UO,6-8,EP,KQo,AI,purple,12,UO/6-8/EP.png,VERIFIED_BY_COLOR_GRID
UO,6-8,EP,QQ,AI,purple,6,UO/6-8/EP.png,VERIFIED_BY_COLOR_GRID
UO,6-8,EP,QJs,AI,purple,4,UO/6-8/EP.png,VERIFIED_BY_COLOR_GRID
UO,6-8,EP,QTs,AI,purple,4,UO/6-8/EP.png,VERIFIED_BY_COLOR_GRID
UO,6-8,EP,Q9s,UNSELECTED,gray,4,UO/6-8/EP.png,VERIFIED_BY_COLOR_GRID
UO,6-8,EP,Q8s,UNSELECTED,gray,4,UO/6-8/EP.png,VERIFIED_BY_COLOR_GRID
UO,6-8,EP,Q7s,UNSELECTED,gray,4,UO/6-8/EP.png,VERIFIED_BY_COLOR_GRID
UO,6-8,EP,Q6s,UNSELECTED,gray,4,UO/6-8/EP.png,VERIFIED_BY_COLOR_GRID
UO,6-8,EP,Q5s,UNSELECTED,gray,4,UO/6-8/EP.png,VERIFIED_BY_COLOR_GRID
UO,6-8,EP,Q4s,UNSELECTED,gray,4,UO/6-8/EP.png,VERIFIED_BY_COLOR_GRID
UO,6-8,EP,Q3s,UNSELECTED,gray,4,UO/6-8/EP.png,VERIFIED_BY_COLOR_GRID
UO,6-8,EP,Q2s,UNSELECTED,gray,4,UO/6-8/EP.png,VERIFIED_BY_COLOR_GRID
UO,6-8,EP,AJo,AI,purple,12,UO/6-8/EP.png,VERIFIED_BY_COLOR_GRID
UO,6-8,EP,KJo,AI,purple,12,UO/6-8/EP.png,VERIFIED_BY_COLOR_GRID
UO,6-8,EP,QJo,UNSELECTED,gray,12,UO/6-8/EP.png,VERIFIED_BY_COLOR_GRID
UO,6-8,EP,JJ,AI,purple,6,UO/6-8/EP.png,VERIFIED_BY_COLOR_GRID
UO,6-8,EP,JTs,AI,purple,4,UO/6-8/EP.png,VERIFIED_BY_COLOR_GRID
UO,6-8,EP,J9s,UNSELECTED,gray,4,UO/6-8/EP.png,VERIFIED_BY_COLOR_GRID
UO,6-8,EP,J8s,UNSELECTED,gray,4,UO/6-8/EP.png,VERIFIED_BY_COLOR_GRID
UO,6-8,EP,J7s,UNSELECTED,gray,4,UO/6-8/EP.png,VERIFIED_BY_COLOR_GRID
UO,6-8,EP,J6s,UNSELECTED,gray,4,UO/6-8/EP.png,VERIFIED_BY_COLOR_GRID
UO,6-8,EP,J5s,UNSELECTED,gray,4,UO/6-8/EP.png,VERIFIED_BY_COLOR_GRID
UO,6-8,EP,J4s,UNSELECTED,gray,4,UO/6-8/EP.png,VERIFIED_BY_COLOR_GRID
UO,6-8,EP,J3s,UNSELECTED,gray,4,UO/6-8/EP.png,VERIFIED_BY_COLOR_GRID
UO,6-8,EP,J2s,UNSELECTED,gray,4,UO/6-8/EP.png,VERIFIED_BY_COLOR_GRID
UO,6-8,EP,ATo,AI,purple,12,UO/6-8/EP.png,VERIFIED_BY_COLOR_GRID
UO,6-8,EP,KTo,UNSELECTED,gray,12,UO/6-8/EP.png,VERIFIED_BY_COLOR_GRID
UO,6-8,EP,QTo,UNSELECTED,gray,12,UO/6-8/EP.png,VERIFIED_BY_COLOR_GRID
UO,6-8,EP,JTo,UNSELECTED,gray,12,UO/6-8/EP.png,VERIFIED_BY_COLOR_GRID
UO,6-8,EP,TT,AI,purple,6,UO/6-8/EP.png,VERIFIED_BY_COLOR_GRID
UO,6-8,EP,T9s,UNSELECTED,gray,4,UO/6-8/EP.png,VERIFIED_BY_COLOR_GRID
UO,6-8,EP,T8s,UNSELECTED,gray,4,UO/6-8/EP.png,VERIFIED_BY_COLOR_GRID
UO,6-8,EP,T7s,UNSELECTED,gray,4,UO/6-8/EP.png,VERIFIED_BY_COLOR_GRID
UO,6-8,EP,T6s,UNSELECTED,gray,4,UO/6-8/EP.png,VERIFIED_BY_COLOR_GRID
UO,6-8,EP,T5s,UNSELECTED,gray,4,UO/6-8/EP.png,VERIFIED_BY_COLOR_GRID
UO,6-8,EP,T4s,UNSELECTED,gray,4,UO/6-8/EP.png,VERIFIED_BY_COLOR_GRID
UO,6-8,EP,T3s,UNSELECTED,gray,4,UO/6-8/EP.png,VERIFIED_BY_COLOR_GRID
UO,6-8,EP,T2s,UNSELECTED,gray,4,UO/6-8/EP.png,VERIFIED_BY_COLOR_GRID
UO,6-8,EP,A9o,AI,purple,12,UO/6-8/EP.png,VERIFIED_BY_COLOR_GRID
UO,6-8,EP,K9o,UNSELECTED,gray,12,UO/6-8/EP.png,VERIFIED_BY_COLOR_GRID
UO,6-8,EP,Q9o,UNSELECTED,gray,12,UO/6-8/EP.png,VERIFIED_BY_COLOR_GRID
UO,6-8,EP,J9o,UNSELECTED,gray,12,UO/6-8/EP.png,VERIFIED_BY_COLOR_GRID
UO,6-8,EP,T9o,UNSELECTED,gray,12,UO/6-8/EP.png,VERIFIED_BY_COLOR_GRID
UO,6-8,EP,99,AI,purple,6,UO/6-8/EP.png,VERIFIED_BY_COLOR_GRID
UO,6-8,EP,98s,UNSELECTED,gray,4,UO/6-8/EP.png,VERIFIED_BY_COLOR_GRID
UO,6-8,EP,97s,UNSELECTED,gray,4,UO/6-8/EP.png,VERIFIED_BY_COLOR_GRID
UO,6-8,EP,96s,UNSELECTED,gray,4,UO/6-8/EP.png,VERIFIED_BY_COLOR_GRID
UO,6-8,EP,95s,UNSELECTED,gray,4,UO/6-8/EP.png,VERIFIED_BY_COLOR_GRID
UO,6-8,EP,94s,UNSELECTED,gray,4,UO/6-8/EP.png,VERIFIED_BY_COLOR_GRID
UO,6-8,EP,93s,UNSELECTED,gray,4,UO/6-8/EP.png,VERIFIED_BY_COLOR_GRID
UO,6-8,EP,92s,UNSELECTED,gray,4,UO/6-8/EP.png,VERIFIED_BY_COLOR_GRID
UO,6-8,EP,A8o,AI,purple,12,UO/6-8/EP.png,VERIFIED_BY_COLOR_GRID
UO,6-8,EP,K8o,UNSELECTED,gray,12,UO/6-8/EP.png,VERIFIED_BY_COLOR_GRID
UO,6-8,EP,Q8o,UNSELECTED,gray,12,UO/6-8/EP.png,VERIFIED_BY_COLOR_GRID
UO,6-8,EP,J8o,UNSELECTED,gray,12,UO/6-8/EP.png,VERIFIED_BY_COLOR_GRID
UO,6-8,EP,T8o,UNSELECTED,gray,12,UO/6-8/EP.png,VERIFIED_BY_COLOR_GRID
UO,6-8,EP,98o,UNSELECTED,gray,12,UO/6-8/EP.png,VERIFIED_BY_COLOR_GRID
UO,6-8,EP,88,AI,purple,6,UO/6-8/EP.png,VERIFIED_BY_COLOR_GRID
UO,6-8,EP,87s,UNSELECTED,gray,4,UO/6-8/EP.png,VERIFIED_BY_COLOR_GRID
UO,6-8,EP,86s,UNSELECTED,gray,4,UO/6-8/EP.png,VERIFIED_BY_COLOR_GRID
UO,6-8,EP,85s,UNSELECTED,gray,4,UO/6-8/EP.png,VERIFIED_BY_COLOR_GRID
UO,6-8,EP,84s,UNSELECTED,gray,4,UO/6-8/EP.png,VERIFIED_BY_COLOR_GRID
UO,6-8,EP,83s,UNSELECTED,gray,4,UO/6-8/EP.png,VERIFIED_BY_COLOR_GRID
UO,6-8,EP,82s,UNSELECTED,gray,4,UO/6-8/EP.png,VERIFIED_BY_COLOR_GRID
UO,6-8,EP,A7o,AI,purple,12,UO/6-8/EP.png,VERIFIED_BY_COLOR_GRID
UO,6-8,EP,K7o,UNSELECTED,gray,12,UO/6-8/EP.png,VERIFIED_BY_COLOR_GRID
UO,6-8,EP,Q7o,UNSELECTED,gray,12,UO/6-8/EP.png,VERIFIED_BY_COLOR_GRID
UO,6-8,EP,J7o,UNSELECTED,gray,12,UO/6-8/EP.png,VERIFIED_BY_COLOR_GRID
UO,6-8,EP,T7o,UNSELECTED,gray,12,UO/6-8/EP.png,VERIFIED_BY_COLOR_GRID
UO,6-8,EP,97o,UNSELECTED,gray,12,UO/6-8/EP.png,VERIFIED_BY_COLOR_GRID
UO,6-8,EP,87o,UNSELECTED,gray,12,UO/6-8/EP.png,VERIFIED_BY_COLOR_GRID
UO,6-8,EP,77,AI,purple,6,UO/6-8/EP.png,VERIFIED_BY_COLOR_GRID
UO,6-8,EP,76s,UNSELECTED,gray,4,UO/6-8/EP.png,VERIFIED_BY_COLOR_GRID
UO,6-8,EP,75s,UNSELECTED,gray,4,UO/6-8/EP.png,VERIFIED_BY_COLOR_GRID
UO,6-8,EP,74s,UNSELECTED,gray,4,UO/6-8/EP.png,VERIFIED_BY_COLOR_GRID
UO,6-8,EP,73s,UNSELECTED,gray,4,UO/6-8/EP.png,VERIFIED_BY_COLOR_GRID
UO,6-8,EP,72s,UNSELECTED,gray,4,UO/6-8/EP.png,VERIFIED_BY_COLOR_GRID
UO,6-8,EP,A6o,UNSELECTED,gray,12,UO/6-8/EP.png,VERIFIED_BY_COLOR_GRID
UO,6-8,EP,K6o,UNSELECTED,gray,12,UO/6-8/EP.png,VERIFIED_BY_COLOR_GRID
UO,6-8,EP,Q6o,UNSELECTED,gray,12,UO/6-8/EP.png,VERIFIED_BY_COLOR_GRID
UO,6-8,EP,J6o,UNSELECTED,gray,12,UO/6-8/EP.png,VERIFIED_BY_COLOR_GRID
UO,6-8,EP,T6o,UNSELECTED,gray,12,UO/6-8/EP.png,VERIFIED_BY_COLOR_GRID
UO,6-8,EP,96o,UNSELECTED,gray,12,UO/6-8/EP.png,VERIFIED_BY_COLOR_GRID
UO,6-8,EP,86o,UNSELECTED,gray,12,UO/6-8/EP.png,VERIFIED_BY_COLOR_GRID
UO,6-8,EP,76o,UNSELECTED,gray,12,UO/6-8/EP.png,VERIFIED_BY_COLOR_GRID
UO,6-8,EP,66,AI,purple,6,UO/6-8/EP.png,VERIFIED_BY_COLOR_GRID
UO,6-8,EP,65s,UNSELECTED,gray,4,UO/6-8/EP.png,VERIFIED_BY_COLOR_GRID
UO,6-8,EP,64s,UNSELECTED,gray,4,UO/6-8/EP.png,VERIFIED_BY_COLOR_GRID
UO,6-8,EP,63s,UNSELECTED,gray,4,UO/6-8/EP.png,VERIFIED_BY_COLOR_GRID
UO,6-8,EP,62s,UNSELECTED,gray,4,UO/6-8/EP.png,VERIFIED_BY_COLOR_GRID
UO,6-8,EP,A5o,UNSELECTED,gray,12,UO/6-8/EP.png,VERIFIED_BY_COLOR_GRID
UO,6-8,EP,K5o,UNSELECTED,gray,12,UO/6-8/EP.png,VERIFIED_BY_COLOR_GRID
UO,6-8,EP,Q5o,UNSELECTED,gray,12,UO/6-8/EP.png,VERIFIED_BY_COLOR_GRID
UO,6-8,EP,J5o,UNSELECTED,gray,12,UO/6-8/EP.png,VERIFIED_BY_COLOR_GRID
UO,6-8,EP,T5o,UNSELECTED,gray,12,UO/6-8/EP.png,VERIFIED_BY_COLOR_GRID
UO,6-8,EP,95o,UNSELECTED,gray,12,UO/6-8/EP.png,VERIFIED_BY_COLOR_GRID
UO,6-8,EP,85o,UNSELECTED,gray,12,UO/6-8/EP.png,VERIFIED_BY_COLOR_GRID
UO,6-8,EP,75o,UNSELECTED,gray,12,UO/6-8/EP.png,VERIFIED_BY_COLOR_GRID
UO,6-8,EP,65o,UNSELECTED,gray,12,UO/6-8/EP.png,VERIFIED_BY_COLOR_GRID
UO,6-8,EP,55,AI,purple,6,UO/6-8/EP.png,VERIFIED_BY_COLOR_GRID
UO,6-8,EP,54s,UNSELECTED,gray,4,UO/6-8/EP.png,VERIFIED_BY_COLOR_GRID
UO,6-8,EP,53s,UNSELECTED,gray,4,UO/6-8/EP.png,VERIFIED_BY_COLOR_GRID
UO,6-8,EP,52s,UNSELECTED,gray,4,UO/6-8/EP.png,VERIFIED_BY_COLOR_GRID
UO,6-8,EP,A4o,UNSELECTED,gray,12,UO/6-8/EP.png,VERIFIED_BY_COLOR_GRID
UO,6-8,EP,K4o,UNSELECTED,gray,12,UO/6-8/EP.png,VERIFIED_BY_COLOR_GRID
UO,6-8,EP,Q4o,UNSELECTED,gray,12,UO/6-8/EP.png,VERIFIED_BY_COLOR_GRID
UO,6-8,EP,J4o,UNSELECTED,gray,12,UO/6-8/EP.png,VERIFIED_BY_COLOR_GRID
UO,6-8,EP,T4o,UNSELECTED,gray,12,UO/6-8/EP.png,VERIFIED_BY_COLOR_GRID
UO,6-8,EP,94o,UNSELECTED,gray,12,UO/6-8/EP.png,VERIFIED_BY_COLOR_GRID
UO,6-8,EP,84o,UNSELECTED,gray,12,UO/6-8/EP.png,VERIFIED_BY_COLOR_GRID
UO,6-8,EP,74o,UNSELECTED,gray,12,UO/6-8/EP.png,VERIFIED_BY_COLOR_GRID
UO,6-8,EP,64o,UNSELECTED,gray,12,UO/6-8/EP.png,VERIFIED_BY_COLOR_GRID
UO,6-8,EP,54o,UNSELECTED,gray,12,UO/6-8/EP.png,VERIFIED_BY_COLOR_GRID
UO,6-8,EP,44,AI,purple,6,UO/6-8/EP.png,VERIFIED_BY_COLOR_GRID
UO,6-8,EP,43s,UNSELECTED,gray,4,UO/6-8/EP.png,VERIFIED_BY_COLOR_GRID
UO,6-8,EP,42s,UNSELECTED,gray,4,UO/6-8/EP.png,VERIFIED_BY_COLOR_GRID
UO,6-8,EP,A3o,UNSELECTED,gray,12,UO/6-8/EP.png,VERIFIED_BY_COLOR_GRID
UO,6-8,EP,K3o,UNSELECTED,gray,12,UO/6-8/EP.png,VERIFIED_BY_COLOR_GRID
UO,6-8,EP,Q3o,UNSELECTED,gray,12,UO/6-8/EP.png,VERIFIED_BY_COLOR_GRID
UO,6-8,EP,J3o,UNSELECTED,gray,12,UO/6-8/EP.png,VERIFIED_BY_COLOR_GRID
UO,6-8,EP,T3o,UNSELECTED,gray,12,UO/6-8/EP.png,VERIFIED_BY_COLOR_GRID
UO,6-8,EP,93o,UNSELECTED,gray,12,UO/6-8/EP.png,VERIFIED_BY_COLOR_GRID
UO,6-8,EP,83o,UNSELECTED,gray,12,UO/6-8/EP.png,VERIFIED_BY_COLOR_GRID
UO,6-8,EP,73o,UNSELECTED,gray,12,UO/6-8/EP.png,VERIFIED_BY_COLOR_GRID
UO,6-8,EP,63o,UNSELECTED,gray,12,UO/6-8/EP.png,VERIFIED_BY_COLOR_GRID
UO,6-8,EP,53o,UNSELECTED,gray,12,UO/6-8/EP.png,VERIFIED_BY_COLOR_GRID
UO,6-8,EP,43o,UNSELECTED,gray,12,UO/6-8/EP.png,VERIFIED_BY_COLOR_GRID
UO,6-8,EP,33,AI,purple,6,UO/6-8/EP.png,VERIFIED_BY_COLOR_GRID
UO,6-8,EP,32s,UNSELECTED,gray,4,UO/6-8/EP.png,VERIFIED_BY_COLOR_GRID
UO,6-8,EP,A2o,UNSELECTED,gray,12,UO/6-8/EP.png,VERIFIED_BY_COLOR_GRID
UO,6-8,EP,K2o,UNSELECTED,gray,12,UO/6-8/EP.png,VERIFIED_BY_COLOR_GRID
UO,6-8,EP,Q2o,UNSELECTED,gray,12,UO/6-8/EP.png,VERIFIED_BY_COLOR_GRID
UO,6-8,EP,J2o,UNSELECTED,gray,12,UO/6-8/EP.png,VERIFIED_BY_COLOR_GRID
UO,6-8,EP,T2o,UNSELECTED,gray,12,UO/6-8/EP.png,VERIFIED_BY_COLOR_GRID
UO,6-8,EP,92o,UNSELECTED,gray,12,UO/6-8/EP.png,VERIFIED_BY_COLOR_GRID
UO,6-8,EP,82o,UNSELECTED,gray,12,UO/6-8/EP.png,VERIFIED_BY_COLOR_GRID
UO,6-8,EP,72o,UNSELECTED,gray,12,UO/6-8/EP.png,VERIFIED_BY_COLOR_GRID
UO,6-8,EP,62o,UNSELECTED,gray,12,UO/6-8/EP.png,VERIFIED_BY_COLOR_GRID
UO,6-8,EP,52o,UNSELECTED,gray,12,UO/6-8/EP.png,VERIFIED_BY_COLOR_GRID
UO,6-8,EP,42o,UNSELECTED,gray,12,UO/6-8/EP.png,VERIFIED_BY_COLOR_GRID
UO,6-8,EP,32o,UNSELECTED,gray,12,UO/6-8/EP.png,VERIFIED_BY_COLOR_GRID
UO,6-8,EP,22,UNSELECTED,gray,6,UO/6-8/EP.png,VERIFIED_BY_COLOR_GRID
UO,6-8,MP,AA,AI,purple,6,UO/6-8/MP.png,VERIFIED_BY_COLOR_GRID
UO,6-8,MP,AKs,AI,purple,4,UO/6-8/MP.png,VERIFIED_BY_COLOR_GRID
UO,6-8,MP,AQs,AI,purple,4,UO/6-8/MP.png,VERIFIED_BY_COLOR_GRID
UO,6-8,MP,AJs,AI,purple,4,UO/6-8/MP.png,VERIFIED_BY_COLOR_GRID
UO,6-8,MP,ATs,AI,purple,4,UO/6-8/MP.png,VERIFIED_BY_COLOR_GRID
UO,6-8,MP,A9s,AI,purple,4,UO/6-8/MP.png,VERIFIED_BY_COLOR_GRID
UO,6-8,MP,A8s,AI,purple,4,UO/6-8/MP.png,VERIFIED_BY_COLOR_GRID
UO,6-8,MP,A7s,AI,purple,4,UO/6-8/MP.png,VERIFIED_BY_COLOR_GRID
UO,6-8,MP,A6s,AI,purple,4,UO/6-8/MP.png,VERIFIED_BY_COLOR_GRID
UO,6-8,MP,A5s,AI,purple,4,UO/6-8/MP.png,VERIFIED_BY_COLOR_GRID
UO,6-8,MP,A4s,AI,purple,4,UO/6-8/MP.png,VERIFIED_BY_COLOR_GRID
UO,6-8,MP,A3s,AI,purple,4,UO/6-8/MP.png,VERIFIED_BY_COLOR_GRID
UO,6-8,MP,A2s,AI,purple,4,UO/6-8/MP.png,VERIFIED_BY_COLOR_GRID
UO,6-8,MP,AKo,AI,purple,12,UO/6-8/MP.png,VERIFIED_BY_COLOR_GRID
UO,6-8,MP,KK,AI,purple,6,UO/6-8/MP.png,VERIFIED_BY_COLOR_GRID
UO,6-8,MP,KQs,AI,purple,4,UO/6-8/MP.png,VERIFIED_BY_COLOR_GRID
UO,6-8,MP,KJs,AI,purple,4,UO/6-8/MP.png,VERIFIED_BY_COLOR_GRID
UO,6-8,MP,KTs,AI,purple,4,UO/6-8/MP.png,VERIFIED_BY_COLOR_GRID
UO,6-8,MP,K9s,AI,purple,4,UO/6-8/MP.png,VERIFIED_BY_COLOR_GRID
UO,6-8,MP,K8s,UNSELECTED,gray,4,UO/6-8/MP.png,VERIFIED_BY_COLOR_GRID
UO,6-8,MP,K7s,UNSELECTED,gray,4,UO/6-8/MP.png,VERIFIED_BY_COLOR_GRID
UO,6-8,MP,K6s,UNSELECTED,gray,4,UO/6-8/MP.png,VERIFIED_BY_COLOR_GRID
UO,6-8,MP,K5s,UNSELECTED,gray,4,UO/6-8/MP.png,VERIFIED_BY_COLOR_GRID
UO,6-8,MP,K4s,UNSELECTED,gray,4,UO/6-8/MP.png,VERIFIED_BY_COLOR_GRID
UO,6-8,MP,K3s,UNSELECTED,gray,4,UO/6-8/MP.png,VERIFIED_BY_COLOR_GRID
UO,6-8,MP,K2s,UNSELECTED,gray,4,UO/6-8/MP.png,VERIFIED_BY_COLOR_GRID
UO,6-8,MP,AQo,AI,purple,12,UO/6-8/MP.png,VERIFIED_BY_COLOR_GRID
UO,6-8,MP,KQo,AI,purple,12,UO/6-8/MP.png,VERIFIED_BY_COLOR_GRID
UO,6-8,MP,QQ,AI,purple,6,UO/6-8/MP.png,VERIFIED_BY_COLOR_GRID
UO,6-8,MP,QJs,AI,purple,4,UO/6-8/MP.png,VERIFIED_BY_COLOR_GRID
UO,6-8,MP,QTs,AI,purple,4,UO/6-8/MP.png,VERIFIED_BY_COLOR_GRID
UO,6-8,MP,Q9s,UNSELECTED,gray,4,UO/6-8/MP.png,VERIFIED_BY_COLOR_GRID
UO,6-8,MP,Q8s,UNSELECTED,gray,4,UO/6-8/MP.png,VERIFIED_BY_COLOR_GRID
UO,6-8,MP,Q7s,UNSELECTED,gray,4,UO/6-8/MP.png,VERIFIED_BY_COLOR_GRID
UO,6-8,MP,Q6s,UNSELECTED,gray,4,UO/6-8/MP.png,VERIFIED_BY_COLOR_GRID
UO,6-8,MP,Q5s,UNSELECTED,gray,4,UO/6-8/MP.png,VERIFIED_BY_COLOR_GRID
UO,6-8,MP,Q4s,UNSELECTED,gray,4,UO/6-8/MP.png,VERIFIED_BY_COLOR_GRID
UO,6-8,MP,Q3s,UNSELECTED,gray,4,UO/6-8/MP.png,VERIFIED_BY_COLOR_GRID
UO,6-8,MP,Q2s,UNSELECTED,gray,4,UO/6-8/MP.png,VERIFIED_BY_COLOR_GRID
UO,6-8,MP,AJo,AI,purple,12,UO/6-8/MP.png,VERIFIED_BY_COLOR_GRID
UO,6-8,MP,KJo,AI,purple,12,UO/6-8/MP.png,VERIFIED_BY_COLOR_GRID
UO,6-8,MP,QJo,UNSELECTED,gray,12,UO/6-8/MP.png,VERIFIED_BY_COLOR_GRID
UO,6-8,MP,JJ,AI,purple,6,UO/6-8/MP.png,VERIFIED_BY_COLOR_GRID
UO,6-8,MP,JTs,AI,purple,4,UO/6-8/MP.png,VERIFIED_BY_COLOR_GRID
UO,6-8,MP,J9s,UNSELECTED,gray,4,UO/6-8/MP.png,VERIFIED_BY_COLOR_GRID
UO,6-8,MP,J8s,UNSELECTED,gray,4,UO/6-8/MP.png,VERIFIED_BY_COLOR_GRID
UO,6-8,MP,J7s,UNSELECTED,gray,4,UO/6-8/MP.png,VERIFIED_BY_COLOR_GRID
UO,6-8,MP,J6s,UNSELECTED,gray,4,UO/6-8/MP.png,VERIFIED_BY_COLOR_GRID
UO,6-8,MP,J5s,UNSELECTED,gray,4,UO/6-8/MP.png,VERIFIED_BY_COLOR_GRID
UO,6-8,MP,J4s,UNSELECTED,gray,4,UO/6-8/MP.png,VERIFIED_BY_COLOR_GRID
UO,6-8,MP,J3s,UNSELECTED,gray,4,UO/6-8/MP.png,VERIFIED_BY_COLOR_GRID
UO,6-8,MP,J2s,UNSELECTED,gray,4,UO/6-8/MP.png,VERIFIED_BY_COLOR_GRID
UO,6-8,MP,ATo,AI,purple,12,UO/6-8/MP.png,VERIFIED_BY_COLOR_GRID
UO,6-8,MP,KTo,UNSELECTED,gray,12,UO/6-8/MP.png,VERIFIED_BY_COLOR_GRID
UO,6-8,MP,QTo,UNSELECTED,gray,12,UO/6-8/MP.png,VERIFIED_BY_COLOR_GRID
UO,6-8,MP,JTo,UNSELECTED,gray,12,UO/6-8/MP.png,VERIFIED_BY_COLOR_GRID
UO,6-8,MP,TT,AI,purple,6,UO/6-8/MP.png,VERIFIED_BY_COLOR_GRID
UO,6-8,MP,T9s,UNSELECTED,gray,4,UO/6-8/MP.png,VERIFIED_BY_COLOR_GRID
UO,6-8,MP,T8s,UNSELECTED,gray,4,UO/6-8/MP.png,VERIFIED_BY_COLOR_GRID
UO,6-8,MP,T7s,UNSELECTED,gray,4,UO/6-8/MP.png,VERIFIED_BY_COLOR_GRID
UO,6-8,MP,T6s,UNSELECTED,gray,4,UO/6-8/MP.png,VERIFIED_BY_COLOR_GRID
UO,6-8,MP,T5s,UNSELECTED,gray,4,UO/6-8/MP.png,VERIFIED_BY_COLOR_GRID
UO,6-8,MP,T4s,UNSELECTED,gray,4,UO/6-8/MP.png,VERIFIED_BY_COLOR_GRID
UO,6-8,MP,T3s,UNSELECTED,gray,4,UO/6-8/MP.png,VERIFIED_BY_COLOR_GRID
UO,6-8,MP,T2s,UNSELECTED,gray,4,UO/6-8/MP.png,VERIFIED_BY_COLOR_GRID
UO,6-8,MP,A9o,AI,purple,12,UO/6-8/MP.png,VERIFIED_BY_COLOR_GRID
UO,6-8,MP,K9o,UNSELECTED,gray,12,UO/6-8/MP.png,VERIFIED_BY_COLOR_GRID
UO,6-8,MP,Q9o,UNSELECTED,gray,12,UO/6-8/MP.png,VERIFIED_BY_COLOR_GRID
UO,6-8,MP,J9o,UNSELECTED,gray,12,UO/6-8/MP.png,VERIFIED_BY_COLOR_GRID
UO,6-8,MP,T9o,UNSELECTED,gray,12,UO/6-8/MP.png,VERIFIED_BY_COLOR_GRID
UO,6-8,MP,99,AI,purple,6,UO/6-8/MP.png,VERIFIED_BY_COLOR_GRID
UO,6-8,MP,98s,UNSELECTED,gray,4,UO/6-8/MP.png,VERIFIED_BY_COLOR_GRID
UO,6-8,MP,97s,UNSELECTED,gray,4,UO/6-8/MP.png,VERIFIED_BY_COLOR_GRID
UO,6-8,MP,96s,UNSELECTED,gray,4,UO/6-8/MP.png,VERIFIED_BY_COLOR_GRID
UO,6-8,MP,95s,UNSELECTED,gray,4,UO/6-8/MP.png,VERIFIED_BY_COLOR_GRID
UO,6-8,MP,94s,UNSELECTED,gray,4,UO/6-8/MP.png,VERIFIED_BY_COLOR_GRID
UO,6-8,MP,93s,UNSELECTED,gray,4,UO/6-8/MP.png,VERIFIED_BY_COLOR_GRID
UO,6-8,MP,92s,UNSELECTED,gray,4,UO/6-8/MP.png,VERIFIED_BY_COLOR_GRID
UO,6-8,MP,A8o,AI,purple,12,UO/6-8/MP.png,VERIFIED_BY_COLOR_GRID
UO,6-8,MP,K8o,UNSELECTED,gray,12,UO/6-8/MP.png,VERIFIED_BY_COLOR_GRID
UO,6-8,MP,Q8o,UNSELECTED,gray,12,UO/6-8/MP.png,VERIFIED_BY_COLOR_GRID
UO,6-8,MP,J8o,UNSELECTED,gray,12,UO/6-8/MP.png,VERIFIED_BY_COLOR_GRID
UO,6-8,MP,T8o,UNSELECTED,gray,12,UO/6-8/MP.png,VERIFIED_BY_COLOR_GRID
UO,6-8,MP,98o,UNSELECTED,gray,12,UO/6-8/MP.png,VERIFIED_BY_COLOR_GRID
UO,6-8,MP,88,AI,purple,6,UO/6-8/MP.png,VERIFIED_BY_COLOR_GRID
UO,6-8,MP,87s,UNSELECTED,gray,4,UO/6-8/MP.png,VERIFIED_BY_COLOR_GRID
UO,6-8,MP,86s,UNSELECTED,gray,4,UO/6-8/MP.png,VERIFIED_BY_COLOR_GRID
UO,6-8,MP,85s,UNSELECTED,gray,4,UO/6-8/MP.png,VERIFIED_BY_COLOR_GRID
UO,6-8,MP,84s,UNSELECTED,gray,4,UO/6-8/MP.png,VERIFIED_BY_COLOR_GRID
UO,6-8,MP,83s,UNSELECTED,gray,4,UO/6-8/MP.png,VERIFIED_BY_COLOR_GRID
UO,6-8,MP,82s,UNSELECTED,gray,4,UO/6-8/MP.png,VERIFIED_BY_COLOR_GRID
UO,6-8,MP,A7o,AI,purple,12,UO/6-8/MP.png,VERIFIED_BY_COLOR_GRID
UO,6-8,MP,K7o,UNSELECTED,gray,12,UO/6-8/MP.png,VERIFIED_BY_COLOR_GRID
UO,6-8,MP,Q7o,UNSELECTED,gray,12,UO/6-8/MP.png,VERIFIED_BY_COLOR_GRID
UO,6-8,MP,J7o,UNSELECTED,gray,12,UO/6-8/MP.png,VERIFIED_BY_COLOR_GRID
UO,6-8,MP,T7o,UNSELECTED,gray,12,UO/6-8/MP.png,VERIFIED_BY_COLOR_GRID
UO,6-8,MP,97o,UNSELECTED,gray,12,UO/6-8/MP.png,VERIFIED_BY_COLOR_GRID
UO,6-8,MP,87o,UNSELECTED,gray,12,UO/6-8/MP.png,VERIFIED_BY_COLOR_GRID
UO,6-8,MP,77,AI,purple,6,UO/6-8/MP.png,VERIFIED_BY_COLOR_GRID
UO,6-8,MP,76s,UNSELECTED,gray,4,UO/6-8/MP.png,VERIFIED_BY_COLOR_GRID
UO,6-8,MP,75s,UNSELECTED,gray,4,UO/6-8/MP.png,VERIFIED_BY_COLOR_GRID
UO,6-8,MP,74s,UNSELECTED,gray,4,UO/6-8/MP.png,VERIFIED_BY_COLOR_GRID
UO,6-8,MP,73s,UNSELECTED,gray,4,UO/6-8/MP.png,VERIFIED_BY_COLOR_GRID
UO,6-8,MP,72s,UNSELECTED,gray,4,UO/6-8/MP.png,VERIFIED_BY_COLOR_GRID
UO,6-8,MP,A6o,AI,purple,12,UO/6-8/MP.png,VERIFIED_BY_COLOR_GRID
UO,6-8,MP,K6o,UNSELECTED,gray,12,UO/6-8/MP.png,VERIFIED_BY_COLOR_GRID
UO,6-8,MP,Q6o,UNSELECTED,gray,12,UO/6-8/MP.png,VERIFIED_BY_COLOR_GRID
UO,6-8,MP,J6o,UNSELECTED,gray,12,UO/6-8/MP.png,VERIFIED_BY_COLOR_GRID
UO,6-8,MP,T6o,UNSELECTED,gray,12,UO/6-8/MP.png,VERIFIED_BY_COLOR_GRID
UO,6-8,MP,96o,UNSELECTED,gray,12,UO/6-8/MP.png,VERIFIED_BY_COLOR_GRID
UO,6-8,MP,86o,UNSELECTED,gray,12,UO/6-8/MP.png,VERIFIED_BY_COLOR_GRID
UO,6-8,MP,76o,UNSELECTED,gray,12,UO/6-8/MP.png,VERIFIED_BY_COLOR_GRID
UO,6-8,MP,66,AI,purple,6,UO/6-8/MP.png,VERIFIED_BY_COLOR_GRID
UO,6-8,MP,65s,UNSELECTED,gray,4,UO/6-8/MP.png,VERIFIED_BY_COLOR_GRID
UO,6-8,MP,64s,UNSELECTED,gray,4,UO/6-8/MP.png,VERIFIED_BY_COLOR_GRID
UO,6-8,MP,63s,UNSELECTED,gray,4,UO/6-8/MP.png,VERIFIED_BY_COLOR_GRID
UO,6-8,MP,62s,UNSELECTED,gray,4,UO/6-8/MP.png,VERIFIED_BY_COLOR_GRID
UO,6-8,MP,A5o,UNSELECTED,gray,12,UO/6-8/MP.png,VERIFIED_BY_COLOR_GRID
UO,6-8,MP,K5o,UNSELECTED,gray,12,UO/6-8/MP.png,VERIFIED_BY_COLOR_GRID
UO,6-8,MP,Q5o,UNSELECTED,gray,12,UO/6-8/MP.png,VERIFIED_BY_COLOR_GRID
UO,6-8,MP,J5o,UNSELECTED,gray,12,UO/6-8/MP.png,VERIFIED_BY_COLOR_GRID
UO,6-8,MP,T5o,UNSELECTED,gray,12,UO/6-8/MP.png,VERIFIED_BY_COLOR_GRID
UO,6-8,MP,95o,UNSELECTED,gray,12,UO/6-8/MP.png,VERIFIED_BY_COLOR_GRID
UO,6-8,MP,85o,UNSELECTED,gray,12,UO/6-8/MP.png,VERIFIED_BY_COLOR_GRID
UO,6-8,MP,75o,UNSELECTED,gray,12,UO/6-8/MP.png,VERIFIED_BY_COLOR_GRID
UO,6-8,MP,65o,UNSELECTED,gray,12,UO/6-8/MP.png,VERIFIED_BY_COLOR_GRID
UO,6-8,MP,55,AI,purple,6,UO/6-8/MP.png,VERIFIED_BY_COLOR_GRID
UO,6-8,MP,54s,UNSELECTED,gray,4,UO/6-8/MP.png,VERIFIED_BY_COLOR_GRID
UO,6-8,MP,53s,UNSELECTED,gray,4,UO/6-8/MP.png,VERIFIED_BY_COLOR_GRID
UO,6-8,MP,52s,UNSELECTED,gray,4,UO/6-8/MP.png,VERIFIED_BY_COLOR_GRID
UO,6-8,MP,A4o,UNSELECTED,gray,12,UO/6-8/MP.png,VERIFIED_BY_COLOR_GRID
UO,6-8,MP,K4o,UNSELECTED,gray,12,UO/6-8/MP.png,VERIFIED_BY_COLOR_GRID
UO,6-8,MP,Q4o,UNSELECTED,gray,12,UO/6-8/MP.png,VERIFIED_BY_COLOR_GRID
UO,6-8,MP,J4o,UNSELECTED,gray,12,UO/6-8/MP.png,VERIFIED_BY_COLOR_GRID
UO,6-8,MP,T4o,UNSELECTED,gray,12,UO/6-8/MP.png,VERIFIED_BY_COLOR_GRID
UO,6-8,MP,94o,UNSELECTED,gray,12,UO/6-8/MP.png,VERIFIED_BY_COLOR_GRID
UO,6-8,MP,84o,UNSELECTED,gray,12,UO/6-8/MP.png,VERIFIED_BY_COLOR_GRID
UO,6-8,MP,74o,UNSELECTED,gray,12,UO/6-8/MP.png,VERIFIED_BY_COLOR_GRID
UO,6-8,MP,64o,UNSELECTED,gray,12,UO/6-8/MP.png,VERIFIED_BY_COLOR_GRID
UO,6-8,MP,54o,UNSELECTED,gray,12,UO/6-8/MP.png,VERIFIED_BY_COLOR_GRID
UO,6-8,MP,44,AI,purple,6,UO/6-8/MP.png,VERIFIED_BY_COLOR_GRID
UO,6-8,MP,43s,UNSELECTED,gray,4,UO/6-8/MP.png,VERIFIED_BY_COLOR_GRID
UO,6-8,MP,42s,UNSELECTED,gray,4,UO/6-8/MP.png,VERIFIED_BY_COLOR_GRID
UO,6-8,MP,A3o,UNSELECTED,gray,12,UO/6-8/MP.png,VERIFIED_BY_COLOR_GRID
UO,6-8,MP,K3o,UNSELECTED,gray,12,UO/6-8/MP.png,VERIFIED_BY_COLOR_GRID
UO,6-8,MP,Q3o,UNSELECTED,gray,12,UO/6-8/MP.png,VERIFIED_BY_COLOR_GRID
UO,6-8,MP,J3o,UNSELECTED,gray,12,UO/6-8/MP.png,VERIFIED_BY_COLOR_GRID
UO,6-8,MP,T3o,UNSELECTED,gray,12,UO/6-8/MP.png,VERIFIED_BY_COLOR_GRID
UO,6-8,MP,93o,UNSELECTED,gray,12,UO/6-8/MP.png,VERIFIED_BY_COLOR_GRID
UO,6-8,MP,83o,UNSELECTED,gray,12,UO/6-8/MP.png,VERIFIED_BY_COLOR_GRID
UO,6-8,MP,73o,UNSELECTED,gray,12,UO/6-8/MP.png,VERIFIED_BY_COLOR_GRID
UO,6-8,MP,63o,UNSELECTED,gray,12,UO/6-8/MP.png,VERIFIED_BY_COLOR_GRID
UO,6-8,MP,53o,UNSELECTED,gray,12,UO/6-8/MP.png,VERIFIED_BY_COLOR_GRID
UO,6-8,MP,43o,UNSELECTED,gray,12,UO/6-8/MP.png,VERIFIED_BY_COLOR_GRID
UO,6-8,MP,33,AI,purple,6,UO/6-8/MP.png,VERIFIED_BY_COLOR_GRID
UO,6-8,MP,32s,UNSELECTED,gray,4,UO/6-8/MP.png,VERIFIED_BY_COLOR_GRID
UO,6-8,MP,A2o,UNSELECTED,gray,12,UO/6-8/MP.png,VERIFIED_BY_COLOR_GRID
UO,6-8,MP,K2o,UNSELECTED,gray,12,UO/6-8/MP.png,VERIFIED_BY_COLOR_GRID
UO,6-8,MP,Q2o,UNSELECTED,gray,12,UO/6-8/MP.png,VERIFIED_BY_COLOR_GRID
UO,6-8,MP,J2o,UNSELECTED,gray,12,UO/6-8/MP.png,VERIFIED_BY_COLOR_GRID
UO,6-8,MP,T2o,UNSELECTED,gray,12,UO/6-8/MP.png,VERIFIED_BY_COLOR_GRID
UO,6-8,MP,92o,UNSELECTED,gray,12,UO/6-8/MP.png,VERIFIED_BY_COLOR_GRID
UO,6-8,MP,82o,UNSELECTED,gray,12,UO/6-8/MP.png,VERIFIED_BY_COLOR_GRID
UO,6-8,MP,72o,UNSELECTED,gray,12,UO/6-8/MP.png,VERIFIED_BY_COLOR_GRID
UO,6-8,MP,62o,UNSELECTED,gray,12,UO/6-8/MP.png,VERIFIED_BY_COLOR_GRID
UO,6-8,MP,52o,UNSELECTED,gray,12,UO/6-8/MP.png,VERIFIED_BY_COLOR_GRID
UO,6-8,MP,42o,UNSELECTED,gray,12,UO/6-8/MP.png,VERIFIED_BY_COLOR_GRID
UO,6-8,MP,32o,UNSELECTED,gray,12,UO/6-8/MP.png,VERIFIED_BY_COLOR_GRID
UO,6-8,MP,22,AI,purple,6,UO/6-8/MP.png,VERIFIED_BY_COLOR_GRID
UO,6-8,LJ,AA,AI,purple,6,UO/6-8/LJ.png,VERIFIED_BY_COLOR_GRID
UO,6-8,LJ,AKs,AI,purple,4,UO/6-8/LJ.png,VERIFIED_BY_COLOR_GRID
UO,6-8,LJ,AQs,AI,purple,4,UO/6-8/LJ.png,VERIFIED_BY_COLOR_GRID
UO,6-8,LJ,AJs,AI,purple,4,UO/6-8/LJ.png,VERIFIED_BY_COLOR_GRID
UO,6-8,LJ,ATs,AI,purple,4,UO/6-8/LJ.png,VERIFIED_BY_COLOR_GRID
UO,6-8,LJ,A9s,AI,purple,4,UO/6-8/LJ.png,VERIFIED_BY_COLOR_GRID
UO,6-8,LJ,A8s,AI,purple,4,UO/6-8/LJ.png,VERIFIED_BY_COLOR_GRID
UO,6-8,LJ,A7s,AI,purple,4,UO/6-8/LJ.png,VERIFIED_BY_COLOR_GRID
UO,6-8,LJ,A6s,AI,purple,4,UO/6-8/LJ.png,VERIFIED_BY_COLOR_GRID
UO,6-8,LJ,A5s,AI,purple,4,UO/6-8/LJ.png,VERIFIED_BY_COLOR_GRID
UO,6-8,LJ,A4s,AI,purple,4,UO/6-8/LJ.png,VERIFIED_BY_COLOR_GRID
UO,6-8,LJ,A3s,AI,purple,4,UO/6-8/LJ.png,VERIFIED_BY_COLOR_GRID
UO,6-8,LJ,A2s,AI,purple,4,UO/6-8/LJ.png,VERIFIED_BY_COLOR_GRID
UO,6-8,LJ,AKo,AI,purple,12,UO/6-8/LJ.png,VERIFIED_BY_COLOR_GRID
UO,6-8,LJ,KK,AI,purple,6,UO/6-8/LJ.png,VERIFIED_BY_COLOR_GRID
UO,6-8,LJ,KQs,AI,purple,4,UO/6-8/LJ.png,VERIFIED_BY_COLOR_GRID
UO,6-8,LJ,KJs,AI,purple,4,UO/6-8/LJ.png,VERIFIED_BY_COLOR_GRID
UO,6-8,LJ,KTs,AI,purple,4,UO/6-8/LJ.png,VERIFIED_BY_COLOR_GRID
UO,6-8,LJ,K9s,AI,purple,4,UO/6-8/LJ.png,VERIFIED_BY_COLOR_GRID
UO,6-8,LJ,K8s,AI,purple,4,UO/6-8/LJ.png,VERIFIED_BY_COLOR_GRID
UO,6-8,LJ,K7s,UNSELECTED,gray,4,UO/6-8/LJ.png,VERIFIED_BY_COLOR_GRID
UO,6-8,LJ,K6s,UNSELECTED,gray,4,UO/6-8/LJ.png,VERIFIED_BY_COLOR_GRID
UO,6-8,LJ,K5s,UNSELECTED,gray,4,UO/6-8/LJ.png,VERIFIED_BY_COLOR_GRID
UO,6-8,LJ,K4s,UNSELECTED,gray,4,UO/6-8/LJ.png,VERIFIED_BY_COLOR_GRID
UO,6-8,LJ,K3s,UNSELECTED,gray,4,UO/6-8/LJ.png,VERIFIED_BY_COLOR_GRID
UO,6-8,LJ,K2s,UNSELECTED,gray,4,UO/6-8/LJ.png,VERIFIED_BY_COLOR_GRID
UO,6-8,LJ,AQo,AI,purple,12,UO/6-8/LJ.png,VERIFIED_BY_COLOR_GRID
UO,6-8,LJ,KQo,AI,purple,12,UO/6-8/LJ.png,VERIFIED_BY_COLOR_GRID
UO,6-8,LJ,QQ,AI,purple,6,UO/6-8/LJ.png,VERIFIED_BY_COLOR_GRID
UO,6-8,LJ,QJs,AI,purple,4,UO/6-8/LJ.png,VERIFIED_BY_COLOR_GRID
UO,6-8,LJ,QTs,AI,purple,4,UO/6-8/LJ.png,VERIFIED_BY_COLOR_GRID
UO,6-8,LJ,Q9s,AI,purple,4,UO/6-8/LJ.png,VERIFIED_BY_COLOR_GRID
UO,6-8,LJ,Q8s,UNSELECTED,gray,4,UO/6-8/LJ.png,VERIFIED_BY_COLOR_GRID
UO,6-8,LJ,Q7s,UNSELECTED,gray,4,UO/6-8/LJ.png,VERIFIED_BY_COLOR_GRID
UO,6-8,LJ,Q6s,UNSELECTED,gray,4,UO/6-8/LJ.png,VERIFIED_BY_COLOR_GRID
UO,6-8,LJ,Q5s,UNSELECTED,gray,4,UO/6-8/LJ.png,VERIFIED_BY_COLOR_GRID
UO,6-8,LJ,Q4s,UNSELECTED,gray,4,UO/6-8/LJ.png,VERIFIED_BY_COLOR_GRID
UO,6-8,LJ,Q3s,UNSELECTED,gray,4,UO/6-8/LJ.png,VERIFIED_BY_COLOR_GRID
UO,6-8,LJ,Q2s,UNSELECTED,gray,4,UO/6-8/LJ.png,VERIFIED_BY_COLOR_GRID
UO,6-8,LJ,AJo,AI,purple,12,UO/6-8/LJ.png,VERIFIED_BY_COLOR_GRID
UO,6-8,LJ,KJo,AI,purple,12,UO/6-8/LJ.png,VERIFIED_BY_COLOR_GRID
UO,6-8,LJ,QJo,AI,purple,12,UO/6-8/LJ.png,VERIFIED_BY_COLOR_GRID
UO,6-8,LJ,JJ,AI,purple,6,UO/6-8/LJ.png,VERIFIED_BY_COLOR_GRID
UO,6-8,LJ,JTs,AI,purple,4,UO/6-8/LJ.png,VERIFIED_BY_COLOR_GRID
UO,6-8,LJ,J9s,UNSELECTED,gray,4,UO/6-8/LJ.png,VERIFIED_BY_COLOR_GRID
UO,6-8,LJ,J8s,UNSELECTED,gray,4,UO/6-8/LJ.png,VERIFIED_BY_COLOR_GRID
UO,6-8,LJ,J7s,UNSELECTED,gray,4,UO/6-8/LJ.png,VERIFIED_BY_COLOR_GRID
UO,6-8,LJ,J6s,UNSELECTED,gray,4,UO/6-8/LJ.png,VERIFIED_BY_COLOR_GRID
UO,6-8,LJ,J5s,UNSELECTED,gray,4,UO/6-8/LJ.png,VERIFIED_BY_COLOR_GRID
UO,6-8,LJ,J4s,UNSELECTED,gray,4,UO/6-8/LJ.png,VERIFIED_BY_COLOR_GRID
UO,6-8,LJ,J3s,UNSELECTED,gray,4,UO/6-8/LJ.png,VERIFIED_BY_COLOR_GRID
UO,6-8,LJ,J2s,UNSELECTED,gray,4,UO/6-8/LJ.png,VERIFIED_BY_COLOR_GRID
UO,6-8,LJ,ATo,AI,purple,12,UO/6-8/LJ.png,VERIFIED_BY_COLOR_GRID
UO,6-8,LJ,KTo,AI,purple,12,UO/6-8/LJ.png,VERIFIED_BY_COLOR_GRID
UO,6-8,LJ,QTo,UNSELECTED,gray,12,UO/6-8/LJ.png,VERIFIED_BY_COLOR_GRID
UO,6-8,LJ,JTo,UNSELECTED,gray,12,UO/6-8/LJ.png,VERIFIED_BY_COLOR_GRID
UO,6-8,LJ,TT,AI,purple,6,UO/6-8/LJ.png,VERIFIED_BY_COLOR_GRID
UO,6-8,LJ,T9s,UNSELECTED,gray,4,UO/6-8/LJ.png,VERIFIED_BY_COLOR_GRID
UO,6-8,LJ,T8s,UNSELECTED,gray,4,UO/6-8/LJ.png,VERIFIED_BY_COLOR_GRID
UO,6-8,LJ,T7s,UNSELECTED,gray,4,UO/6-8/LJ.png,VERIFIED_BY_COLOR_GRID
UO,6-8,LJ,T6s,UNSELECTED,gray,4,UO/6-8/LJ.png,VERIFIED_BY_COLOR_GRID
UO,6-8,LJ,T5s,UNSELECTED,gray,4,UO/6-8/LJ.png,VERIFIED_BY_COLOR_GRID
UO,6-8,LJ,T4s,UNSELECTED,gray,4,UO/6-8/LJ.png,VERIFIED_BY_COLOR_GRID
UO,6-8,LJ,T3s,UNSELECTED,gray,4,UO/6-8/LJ.png,VERIFIED_BY_COLOR_GRID
UO,6-8,LJ,T2s,UNSELECTED,gray,4,UO/6-8/LJ.png,VERIFIED_BY_COLOR_GRID
UO,6-8,LJ,A9o,AI,purple,12,UO/6-8/LJ.png,VERIFIED_BY_COLOR_GRID
UO,6-8,LJ,K9o,UNSELECTED,gray,12,UO/6-8/LJ.png,VERIFIED_BY_COLOR_GRID
UO,6-8,LJ,Q9o,UNSELECTED,gray,12,UO/6-8/LJ.png,VERIFIED_BY_COLOR_GRID
UO,6-8,LJ,J9o,UNSELECTED,gray,12,UO/6-8/LJ.png,VERIFIED_BY_COLOR_GRID
UO,6-8,LJ,T9o,UNSELECTED,gray,12,UO/6-8/LJ.png,VERIFIED_BY_COLOR_GRID
UO,6-8,LJ,99,AI,purple,6,UO/6-8/LJ.png,VERIFIED_BY_COLOR_GRID
UO,6-8,LJ,98s,UNSELECTED,gray,4,UO/6-8/LJ.png,VERIFIED_BY_COLOR_GRID
UO,6-8,LJ,97s,UNSELECTED,gray,4,UO/6-8/LJ.png,VERIFIED_BY_COLOR_GRID
UO,6-8,LJ,96s,UNSELECTED,gray,4,UO/6-8/LJ.png,VERIFIED_BY_COLOR_GRID
UO,6-8,LJ,95s,UNSELECTED,gray,4,UO/6-8/LJ.png,VERIFIED_BY_COLOR_GRID
UO,6-8,LJ,94s,UNSELECTED,gray,4,UO/6-8/LJ.png,VERIFIED_BY_COLOR_GRID
UO,6-8,LJ,93s,UNSELECTED,gray,4,UO/6-8/LJ.png,VERIFIED_BY_COLOR_GRID
UO,6-8,LJ,92s,UNSELECTED,gray,4,UO/6-8/LJ.png,VERIFIED_BY_COLOR_GRID
UO,6-8,LJ,A8o,AI,purple,12,UO/6-8/LJ.png,VERIFIED_BY_COLOR_GRID
UO,6-8,LJ,K8o,UNSELECTED,gray,12,UO/6-8/LJ.png,VERIFIED_BY_COLOR_GRID
UO,6-8,LJ,Q8o,UNSELECTED,gray,12,UO/6-8/LJ.png,VERIFIED_BY_COLOR_GRID
UO,6-8,LJ,J8o,UNSELECTED,gray,12,UO/6-8/LJ.png,VERIFIED_BY_COLOR_GRID
UO,6-8,LJ,T8o,UNSELECTED,gray,12,UO/6-8/LJ.png,VERIFIED_BY_COLOR_GRID
UO,6-8,LJ,98o,UNSELECTED,gray,12,UO/6-8/LJ.png,VERIFIED_BY_COLOR_GRID
UO,6-8,LJ,88,AI,purple,6,UO/6-8/LJ.png,VERIFIED_BY_COLOR_GRID
UO,6-8,LJ,87s,UNSELECTED,gray,4,UO/6-8/LJ.png,VERIFIED_BY_COLOR_GRID
UO,6-8,LJ,86s,UNSELECTED,gray,4,UO/6-8/LJ.png,VERIFIED_BY_COLOR_GRID
UO,6-8,LJ,85s,UNSELECTED,gray,4,UO/6-8/LJ.png,VERIFIED_BY_COLOR_GRID
UO,6-8,LJ,84s,UNSELECTED,gray,4,UO/6-8/LJ.png,VERIFIED_BY_COLOR_GRID
UO,6-8,LJ,83s,UNSELECTED,gray,4,UO/6-8/LJ.png,VERIFIED_BY_COLOR_GRID
UO,6-8,LJ,82s,UNSELECTED,gray,4,UO/6-8/LJ.png,VERIFIED_BY_COLOR_GRID
UO,6-8,LJ,A7o,AI,purple,12,UO/6-8/LJ.png,VERIFIED_BY_COLOR_GRID
UO,6-8,LJ,K7o,UNSELECTED,gray,12,UO/6-8/LJ.png,VERIFIED_BY_COLOR_GRID
UO,6-8,LJ,Q7o,UNSELECTED,gray,12,UO/6-8/LJ.png,VERIFIED_BY_COLOR_GRID
UO,6-8,LJ,J7o,UNSELECTED,gray,12,UO/6-8/LJ.png,VERIFIED_BY_COLOR_GRID
UO,6-8,LJ,T7o,UNSELECTED,gray,12,UO/6-8/LJ.png,VERIFIED_BY_COLOR_GRID
UO,6-8,LJ,97o,UNSELECTED,gray,12,UO/6-8/LJ.png,VERIFIED_BY_COLOR_GRID
UO,6-8,LJ,87o,UNSELECTED,gray,12,UO/6-8/LJ.png,VERIFIED_BY_COLOR_GRID
UO,6-8,LJ,77,AI,purple,6,UO/6-8/LJ.png,VERIFIED_BY_COLOR_GRID
UO,6-8,LJ,76s,UNSELECTED,gray,4,UO/6-8/LJ.png,VERIFIED_BY_COLOR_GRID
UO,6-8,LJ,75s,UNSELECTED,gray,4,UO/6-8/LJ.png,VERIFIED_BY_COLOR_GRID
UO,6-8,LJ,74s,UNSELECTED,gray,4,UO/6-8/LJ.png,VERIFIED_BY_COLOR_GRID
UO,6-8,LJ,73s,UNSELECTED,gray,4,UO/6-8/LJ.png,VERIFIED_BY_COLOR_GRID
UO,6-8,LJ,72s,UNSELECTED,gray,4,UO/6-8/LJ.png,VERIFIED_BY_COLOR_GRID
UO,6-8,LJ,A6o,AI,purple,12,UO/6-8/LJ.png,VERIFIED_BY_COLOR_GRID
UO,6-8,LJ,K6o,UNSELECTED,gray,12,UO/6-8/LJ.png,VERIFIED_BY_COLOR_GRID
UO,6-8,LJ,Q6o,UNSELECTED,gray,12,UO/6-8/LJ.png,VERIFIED_BY_COLOR_GRID
UO,6-8,LJ,J6o,UNSELECTED,gray,12,UO/6-8/LJ.png,VERIFIED_BY_COLOR_GRID
UO,6-8,LJ,T6o,UNSELECTED,gray,12,UO/6-8/LJ.png,VERIFIED_BY_COLOR_GRID
UO,6-8,LJ,96o,UNSELECTED,gray,12,UO/6-8/LJ.png,VERIFIED_BY_COLOR_GRID
UO,6-8,LJ,86o,UNSELECTED,gray,12,UO/6-8/LJ.png,VERIFIED_BY_COLOR_GRID
UO,6-8,LJ,76o,UNSELECTED,gray,12,UO/6-8/LJ.png,VERIFIED_BY_COLOR_GRID
UO,6-8,LJ,66,AI,purple,6,UO/6-8/LJ.png,VERIFIED_BY_COLOR_GRID
UO,6-8,LJ,65s,UNSELECTED,gray,4,UO/6-8/LJ.png,VERIFIED_BY_COLOR_GRID
UO,6-8,LJ,64s,UNSELECTED,gray,4,UO/6-8/LJ.png,VERIFIED_BY_COLOR_GRID
UO,6-8,LJ,63s,UNSELECTED,gray,4,UO/6-8/LJ.png,VERIFIED_BY_COLOR_GRID
UO,6-8,LJ,62s,UNSELECTED,gray,4,UO/6-8/LJ.png,VERIFIED_BY_COLOR_GRID
UO,6-8,LJ,A5o,AI,purple,12,UO/6-8/LJ.png,VERIFIED_BY_COLOR_GRID
UO,6-8,LJ,K5o,UNSELECTED,gray,12,UO/6-8/LJ.png,VERIFIED_BY_COLOR_GRID
UO,6-8,LJ,Q5o,UNSELECTED,gray,12,UO/6-8/LJ.png,VERIFIED_BY_COLOR_GRID
UO,6-8,LJ,J5o,UNSELECTED,gray,12,UO/6-8/LJ.png,VERIFIED_BY_COLOR_GRID
UO,6-8,LJ,T5o,UNSELECTED,gray,12,UO/6-8/LJ.png,VERIFIED_BY_COLOR_GRID
UO,6-8,LJ,95o,UNSELECTED,gray,12,UO/6-8/LJ.png,VERIFIED_BY_COLOR_GRID
UO,6-8,LJ,85o,UNSELECTED,gray,12,UO/6-8/LJ.png,VERIFIED_BY_COLOR_GRID
UO,6-8,LJ,75o,UNSELECTED,gray,12,UO/6-8/LJ.png,VERIFIED_BY_COLOR_GRID
UO,6-8,LJ,65o,UNSELECTED,gray,12,UO/6-8/LJ.png,VERIFIED_BY_COLOR_GRID
UO,6-8,LJ,55,AI,purple,6,UO/6-8/LJ.png,VERIFIED_BY_COLOR_GRID
UO,6-8,LJ,54s,UNSELECTED,gray,4,UO/6-8/LJ.png,VERIFIED_BY_COLOR_GRID
UO,6-8,LJ,53s,UNSELECTED,gray,4,UO/6-8/LJ.png,VERIFIED_BY_COLOR_GRID
UO,6-8,LJ,52s,UNSELECTED,gray,4,UO/6-8/LJ.png,VERIFIED_BY_COLOR_GRID
UO,6-8,LJ,A4o,UNSELECTED,gray,12,UO/6-8/LJ.png,VERIFIED_BY_COLOR_GRID
UO,6-8,LJ,K4o,UNSELECTED,gray,12,UO/6-8/LJ.png,VERIFIED_BY_COLOR_GRID
UO,6-8,LJ,Q4o,UNSELECTED,gray,12,UO/6-8/LJ.png,VERIFIED_BY_COLOR_GRID
UO,6-8,LJ,J4o,UNSELECTED,gray,12,UO/6-8/LJ.png,VERIFIED_BY_COLOR_GRID
UO,6-8,LJ,T4o,UNSELECTED,gray,12,UO/6-8/LJ.png,VERIFIED_BY_COLOR_GRID
UO,6-8,LJ,94o,UNSELECTED,gray,12,UO/6-8/LJ.png,VERIFIED_BY_COLOR_GRID
UO,6-8,LJ,84o,UNSELECTED,gray,12,UO/6-8/LJ.png,VERIFIED_BY_COLOR_GRID
UO,6-8,LJ,74o,UNSELECTED,gray,12,UO/6-8/LJ.png,VERIFIED_BY_COLOR_GRID
UO,6-8,LJ,64o,UNSELECTED,gray,12,UO/6-8/LJ.png,VERIFIED_BY_COLOR_GRID
UO,6-8,LJ,54o,UNSELECTED,gray,12,UO/6-8/LJ.png,VERIFIED_BY_COLOR_GRID
UO,6-8,LJ,44,AI,purple,6,UO/6-8/LJ.png,VERIFIED_BY_COLOR_GRID
UO,6-8,LJ,43s,UNSELECTED,gray,4,UO/6-8/LJ.png,VERIFIED_BY_COLOR_GRID
UO,6-8,LJ,42s,UNSELECTED,gray,4,UO/6-8/LJ.png,VERIFIED_BY_COLOR_GRID
UO,6-8,LJ,A3o,UNSELECTED,gray,12,UO/6-8/LJ.png,VERIFIED_BY_COLOR_GRID
UO,6-8,LJ,K3o,UNSELECTED,gray,12,UO/6-8/LJ.png,VERIFIED_BY_COLOR_GRID
UO,6-8,LJ,Q3o,UNSELECTED,gray,12,UO/6-8/LJ.png,VERIFIED_BY_COLOR_GRID
UO,6-8,LJ,J3o,UNSELECTED,gray,12,UO/6-8/LJ.png,VERIFIED_BY_COLOR_GRID
UO,6-8,LJ,T3o,UNSELECTED,gray,12,UO/6-8/LJ.png,VERIFIED_BY_COLOR_GRID
UO,6-8,LJ,93o,UNSELECTED,gray,12,UO/6-8/LJ.png,VERIFIED_BY_COLOR_GRID
UO,6-8,LJ,83o,UNSELECTED,gray,12,UO/6-8/LJ.png,VERIFIED_BY_COLOR_GRID
UO,6-8,LJ,73o,UNSELECTED,gray,12,UO/6-8/LJ.png,VERIFIED_BY_COLOR_GRID
UO,6-8,LJ,63o,UNSELECTED,gray,12,UO/6-8/LJ.png,VERIFIED_BY_COLOR_GRID
UO,6-8,LJ,53o,UNSELECTED,gray,12,UO/6-8/LJ.png,VERIFIED_BY_COLOR_GRID
UO,6-8,LJ,43o,UNSELECTED,gray,12,UO/6-8/LJ.png,VERIFIED_BY_COLOR_GRID
UO,6-8,LJ,33,AI,purple,6,UO/6-8/LJ.png,VERIFIED_BY_COLOR_GRID
UO,6-8,LJ,32s,UNSELECTED,gray,4,UO/6-8/LJ.png,VERIFIED_BY_COLOR_GRID
UO,6-8,LJ,A2o,UNSELECTED,gray,12,UO/6-8/LJ.png,VERIFIED_BY_COLOR_GRID
UO,6-8,LJ,K2o,UNSELECTED,gray,12,UO/6-8/LJ.png,VERIFIED_BY_COLOR_GRID
UO,6-8,LJ,Q2o,UNSELECTED,gray,12,UO/6-8/LJ.png,VERIFIED_BY_COLOR_GRID
UO,6-8,LJ,J2o,UNSELECTED,gray,12,UO/6-8/LJ.png,VERIFIED_BY_COLOR_GRID
UO,6-8,LJ,T2o,UNSELECTED,gray,12,UO/6-8/LJ.png,VERIFIED_BY_COLOR_GRID
UO,6-8,LJ,92o,UNSELECTED,gray,12,UO/6-8/LJ.png,VERIFIED_BY_COLOR_GRID
UO,6-8,LJ,82o,UNSELECTED,gray,12,UO/6-8/LJ.png,VERIFIED_BY_COLOR_GRID
UO,6-8,LJ,72o,UNSELECTED,gray,12,UO/6-8/LJ.png,VERIFIED_BY_COLOR_GRID
UO,6-8,LJ,62o,UNSELECTED,gray,12,UO/6-8/LJ.png,VERIFIED_BY_COLOR_GRID
UO,6-8,LJ,52o,UNSELECTED,gray,12,UO/6-8/LJ.png,VERIFIED_BY_COLOR_GRID
UO,6-8,LJ,42o,UNSELECTED,gray,12,UO/6-8/LJ.png,VERIFIED_BY_COLOR_GRID
UO,6-8,LJ,32o,UNSELECTED,gray,12,UO/6-8/LJ.png,VERIFIED_BY_COLOR_GRID
UO,6-8,LJ,22,AI,purple,6,UO/6-8/LJ.png,VERIFIED_BY_COLOR_GRID
UO,6-8,HJ,AA,AI,purple,6,UO/6-8/HJ.png,VERIFIED_BY_COLOR_GRID
UO,6-8,HJ,AKs,AI,purple,4,UO/6-8/HJ.png,VERIFIED_BY_COLOR_GRID
UO,6-8,HJ,AQs,AI,purple,4,UO/6-8/HJ.png,VERIFIED_BY_COLOR_GRID
UO,6-8,HJ,AJs,AI,purple,4,UO/6-8/HJ.png,VERIFIED_BY_COLOR_GRID
UO,6-8,HJ,ATs,AI,purple,4,UO/6-8/HJ.png,VERIFIED_BY_COLOR_GRID
UO,6-8,HJ,A9s,AI,purple,4,UO/6-8/HJ.png,VERIFIED_BY_COLOR_GRID
UO,6-8,HJ,A8s,AI,purple,4,UO/6-8/HJ.png,VERIFIED_BY_COLOR_GRID
UO,6-8,HJ,A7s,AI,purple,4,UO/6-8/HJ.png,VERIFIED_BY_COLOR_GRID
UO,6-8,HJ,A6s,AI,purple,4,UO/6-8/HJ.png,VERIFIED_BY_COLOR_GRID
UO,6-8,HJ,A5s,AI,purple,4,UO/6-8/HJ.png,VERIFIED_BY_COLOR_GRID
UO,6-8,HJ,A4s,AI,purple,4,UO/6-8/HJ.png,VERIFIED_BY_COLOR_GRID
UO,6-8,HJ,A3s,AI,purple,4,UO/6-8/HJ.png,VERIFIED_BY_COLOR_GRID
UO,6-8,HJ,A2s,AI,purple,4,UO/6-8/HJ.png,VERIFIED_BY_COLOR_GRID
UO,6-8,HJ,AKo,AI,purple,12,UO/6-8/HJ.png,VERIFIED_BY_COLOR_GRID
UO,6-8,HJ,KK,AI,purple,6,UO/6-8/HJ.png,VERIFIED_BY_COLOR_GRID
UO,6-8,HJ,KQs,AI,purple,4,UO/6-8/HJ.png,VERIFIED_BY_COLOR_GRID
UO,6-8,HJ,KJs,AI,purple,4,UO/6-8/HJ.png,VERIFIED_BY_COLOR_GRID
UO,6-8,HJ,KTs,AI,purple,4,UO/6-8/HJ.png,VERIFIED_BY_COLOR_GRID
UO,6-8,HJ,K9s,AI,purple,4,UO/6-8/HJ.png,VERIFIED_BY_COLOR_GRID
UO,6-8,HJ,K8s,AI,purple,4,UO/6-8/HJ.png,VERIFIED_BY_COLOR_GRID
UO,6-8,HJ,K7s,AI,purple,4,UO/6-8/HJ.png,VERIFIED_BY_COLOR_GRID
UO,6-8,HJ,K6s,AI,purple,4,UO/6-8/HJ.png,VERIFIED_BY_COLOR_GRID
UO,6-8,HJ,K5s,AI,purple,4,UO/6-8/HJ.png,VERIFIED_BY_COLOR_GRID
UO,6-8,HJ,K4s,UNSELECTED,gray,4,UO/6-8/HJ.png,VERIFIED_BY_COLOR_GRID
UO,6-8,HJ,K3s,UNSELECTED,gray,4,UO/6-8/HJ.png,VERIFIED_BY_COLOR_GRID
UO,6-8,HJ,K2s,UNSELECTED,gray,4,UO/6-8/HJ.png,VERIFIED_BY_COLOR_GRID
UO,6-8,HJ,AQo,AI,purple,12,UO/6-8/HJ.png,VERIFIED_BY_COLOR_GRID
UO,6-8,HJ,KQo,AI,purple,12,UO/6-8/HJ.png,VERIFIED_BY_COLOR_GRID
UO,6-8,HJ,QQ,AI,purple,6,UO/6-8/HJ.png,VERIFIED_BY_COLOR_GRID
UO,6-8,HJ,QJs,AI,purple,4,UO/6-8/HJ.png,VERIFIED_BY_COLOR_GRID
UO,6-8,HJ,QTs,AI,purple,4,UO/6-8/HJ.png,VERIFIED_BY_COLOR_GRID
UO,6-8,HJ,Q9s,AI,purple,4,UO/6-8/HJ.png,VERIFIED_BY_COLOR_GRID
UO,6-8,HJ,Q8s,AI,purple,4,UO/6-8/HJ.png,VERIFIED_BY_COLOR_GRID
UO,6-8,HJ,Q7s,UNSELECTED,gray,4,UO/6-8/HJ.png,VERIFIED_BY_COLOR_GRID
UO,6-8,HJ,Q6s,UNSELECTED,gray,4,UO/6-8/HJ.png,VERIFIED_BY_COLOR_GRID
UO,6-8,HJ,Q5s,UNSELECTED,gray,4,UO/6-8/HJ.png,VERIFIED_BY_COLOR_GRID
UO,6-8,HJ,Q4s,UNSELECTED,gray,4,UO/6-8/HJ.png,VERIFIED_BY_COLOR_GRID
UO,6-8,HJ,Q3s,UNSELECTED,gray,4,UO/6-8/HJ.png,VERIFIED_BY_COLOR_GRID
UO,6-8,HJ,Q2s,UNSELECTED,gray,4,UO/6-8/HJ.png,VERIFIED_BY_COLOR_GRID
UO,6-8,HJ,AJo,AI,purple,12,UO/6-8/HJ.png,VERIFIED_BY_COLOR_GRID
UO,6-8,HJ,KJo,AI,purple,12,UO/6-8/HJ.png,VERIFIED_BY_COLOR_GRID
UO,6-8,HJ,QJo,AI,purple,12,UO/6-8/HJ.png,VERIFIED_BY_COLOR_GRID
UO,6-8,HJ,JJ,AI,purple,6,UO/6-8/HJ.png,VERIFIED_BY_COLOR_GRID
UO,6-8,HJ,JTs,AI,purple,4,UO/6-8/HJ.png,VERIFIED_BY_COLOR_GRID
UO,6-8,HJ,J9s,AI,purple,4,UO/6-8/HJ.png,VERIFIED_BY_COLOR_GRID
UO,6-8,HJ,J8s,UNSELECTED,gray,4,UO/6-8/HJ.png,VERIFIED_BY_COLOR_GRID
UO,6-8,HJ,J7s,UNSELECTED,gray,4,UO/6-8/HJ.png,VERIFIED_BY_COLOR_GRID
UO,6-8,HJ,J6s,UNSELECTED,gray,4,UO/6-8/HJ.png,VERIFIED_BY_COLOR_GRID
UO,6-8,HJ,J5s,UNSELECTED,gray,4,UO/6-8/HJ.png,VERIFIED_BY_COLOR_GRID
UO,6-8,HJ,J4s,UNSELECTED,gray,4,UO/6-8/HJ.png,VERIFIED_BY_COLOR_GRID
UO,6-8,HJ,J3s,UNSELECTED,gray,4,UO/6-8/HJ.png,VERIFIED_BY_COLOR_GRID
UO,6-8,HJ,J2s,UNSELECTED,gray,4,UO/6-8/HJ.png,VERIFIED_BY_COLOR_GRID
UO,6-8,HJ,ATo,AI,purple,12,UO/6-8/HJ.png,VERIFIED_BY_COLOR_GRID
UO,6-8,HJ,KTo,AI,purple,12,UO/6-8/HJ.png,VERIFIED_BY_COLOR_GRID
UO,6-8,HJ,QTo,AI,purple,12,UO/6-8/HJ.png,VERIFIED_BY_COLOR_GRID
UO,6-8,HJ,JTo,UNSELECTED,gray,12,UO/6-8/HJ.png,VERIFIED_BY_COLOR_GRID
UO,6-8,HJ,TT,AI,purple,6,UO/6-8/HJ.png,VERIFIED_BY_COLOR_GRID
UO,6-8,HJ,T9s,AI,purple,4,UO/6-8/HJ.png,VERIFIED_BY_COLOR_GRID
UO,6-8,HJ,T8s,UNSELECTED,gray,4,UO/6-8/HJ.png,VERIFIED_BY_COLOR_GRID
UO,6-8,HJ,T7s,UNSELECTED,gray,4,UO/6-8/HJ.png,VERIFIED_BY_COLOR_GRID
UO,6-8,HJ,T6s,UNSELECTED,gray,4,UO/6-8/HJ.png,VERIFIED_BY_COLOR_GRID
UO,6-8,HJ,T5s,UNSELECTED,gray,4,UO/6-8/HJ.png,VERIFIED_BY_COLOR_GRID
UO,6-8,HJ,T4s,UNSELECTED,gray,4,UO/6-8/HJ.png,VERIFIED_BY_COLOR_GRID
UO,6-8,HJ,T3s,UNSELECTED,gray,4,UO/6-8/HJ.png,VERIFIED_BY_COLOR_GRID
UO,6-8,HJ,T2s,UNSELECTED,gray,4,UO/6-8/HJ.png,VERIFIED_BY_COLOR_GRID
UO,6-8,HJ,A9o,AI,purple,12,UO/6-8/HJ.png,VERIFIED_BY_COLOR_GRID
UO,6-8,HJ,K9o,AI,purple,12,UO/6-8/HJ.png,VERIFIED_BY_COLOR_GRID
UO,6-8,HJ,Q9o,UNSELECTED,gray,12,UO/6-8/HJ.png,VERIFIED_BY_COLOR_GRID
UO,6-8,HJ,J9o,UNSELECTED,gray,12,UO/6-8/HJ.png,VERIFIED_BY_COLOR_GRID
UO,6-8,HJ,T9o,UNSELECTED,gray,12,UO/6-8/HJ.png,VERIFIED_BY_COLOR_GRID
UO,6-8,HJ,99,AI,purple,6,UO/6-8/HJ.png,VERIFIED_BY_COLOR_GRID
UO,6-8,HJ,98s,UNSELECTED,gray,4,UO/6-8/HJ.png,VERIFIED_BY_COLOR_GRID
UO,6-8,HJ,97s,UNSELECTED,gray,4,UO/6-8/HJ.png,VERIFIED_BY_COLOR_GRID
UO,6-8,HJ,96s,UNSELECTED,gray,4,UO/6-8/HJ.png,VERIFIED_BY_COLOR_GRID
UO,6-8,HJ,95s,UNSELECTED,gray,4,UO/6-8/HJ.png,VERIFIED_BY_COLOR_GRID
UO,6-8,HJ,94s,UNSELECTED,gray,4,UO/6-8/HJ.png,VERIFIED_BY_COLOR_GRID
UO,6-8,HJ,93s,UNSELECTED,gray,4,UO/6-8/HJ.png,VERIFIED_BY_COLOR_GRID
UO,6-8,HJ,92s,UNSELECTED,gray,4,UO/6-8/HJ.png,VERIFIED_BY_COLOR_GRID
UO,6-8,HJ,A8o,AI,purple,12,UO/6-8/HJ.png,VERIFIED_BY_COLOR_GRID
UO,6-8,HJ,K8o,UNSELECTED,gray,12,UO/6-8/HJ.png,VERIFIED_BY_COLOR_GRID
UO,6-8,HJ,Q8o,UNSELECTED,gray,12,UO/6-8/HJ.png,VERIFIED_BY_COLOR_GRID
UO,6-8,HJ,J8o,UNSELECTED,gray,12,UO/6-8/HJ.png,VERIFIED_BY_COLOR_GRID
UO,6-8,HJ,T8o,UNSELECTED,gray,12,UO/6-8/HJ.png,VERIFIED_BY_COLOR_GRID
UO,6-8,HJ,98o,UNSELECTED,gray,12,UO/6-8/HJ.png,VERIFIED_BY_COLOR_GRID
UO,6-8,HJ,88,AI,purple,6,UO/6-8/HJ.png,VERIFIED_BY_COLOR_GRID
UO,6-8,HJ,87s,UNSELECTED,gray,4,UO/6-8/HJ.png,VERIFIED_BY_COLOR_GRID
UO,6-8,HJ,86s,UNSELECTED,gray,4,UO/6-8/HJ.png,VERIFIED_BY_COLOR_GRID
UO,6-8,HJ,85s,UNSELECTED,gray,4,UO/6-8/HJ.png,VERIFIED_BY_COLOR_GRID
UO,6-8,HJ,84s,UNSELECTED,gray,4,UO/6-8/HJ.png,VERIFIED_BY_COLOR_GRID
UO,6-8,HJ,83s,UNSELECTED,gray,4,UO/6-8/HJ.png,VERIFIED_BY_COLOR_GRID
UO,6-8,HJ,82s,UNSELECTED,gray,4,UO/6-8/HJ.png,VERIFIED_BY_COLOR_GRID
UO,6-8,HJ,A7o,AI,purple,12,UO/6-8/HJ.png,VERIFIED_BY_COLOR_GRID
UO,6-8,HJ,K7o,UNSELECTED,gray,12,UO/6-8/HJ.png,VERIFIED_BY_COLOR_GRID
UO,6-8,HJ,Q7o,UNSELECTED,gray,12,UO/6-8/HJ.png,VERIFIED_BY_COLOR_GRID
UO,6-8,HJ,J7o,UNSELECTED,gray,12,UO/6-8/HJ.png,VERIFIED_BY_COLOR_GRID
UO,6-8,HJ,T7o,UNSELECTED,gray,12,UO/6-8/HJ.png,VERIFIED_BY_COLOR_GRID
UO,6-8,HJ,97o,UNSELECTED,gray,12,UO/6-8/HJ.png,VERIFIED_BY_COLOR_GRID
UO,6-8,HJ,87o,UNSELECTED,gray,12,UO/6-8/HJ.png,VERIFIED_BY_COLOR_GRID
UO,6-8,HJ,77,AI,purple,6,UO/6-8/HJ.png,VERIFIED_BY_COLOR_GRID
UO,6-8,HJ,76s,UNSELECTED,gray,4,UO/6-8/HJ.png,VERIFIED_BY_COLOR_GRID
UO,6-8,HJ,75s,UNSELECTED,gray,4,UO/6-8/HJ.png,VERIFIED_BY_COLOR_GRID
UO,6-8,HJ,74s,UNSELECTED,gray,4,UO/6-8/HJ.png,VERIFIED_BY_COLOR_GRID
UO,6-8,HJ,73s,UNSELECTED,gray,4,UO/6-8/HJ.png,VERIFIED_BY_COLOR_GRID
UO,6-8,HJ,72s,UNSELECTED,gray,4,UO/6-8/HJ.png,VERIFIED_BY_COLOR_GRID
UO,6-8,HJ,A6o,AI,purple,12,UO/6-8/HJ.png,VERIFIED_BY_COLOR_GRID
UO,6-8,HJ,K6o,UNSELECTED,gray,12,UO/6-8/HJ.png,VERIFIED_BY_COLOR_GRID
UO,6-8,HJ,Q6o,UNSELECTED,gray,12,UO/6-8/HJ.png,VERIFIED_BY_COLOR_GRID
UO,6-8,HJ,J6o,UNSELECTED,gray,12,UO/6-8/HJ.png,VERIFIED_BY_COLOR_GRID
UO,6-8,HJ,T6o,UNSELECTED,gray,12,UO/6-8/HJ.png,VERIFIED_BY_COLOR_GRID
UO,6-8,HJ,96o,UNSELECTED,gray,12,UO/6-8/HJ.png,VERIFIED_BY_COLOR_GRID
UO,6-8,HJ,86o,UNSELECTED,gray,12,UO/6-8/HJ.png,VERIFIED_BY_COLOR_GRID
UO,6-8,HJ,76o,UNSELECTED,gray,12,UO/6-8/HJ.png,VERIFIED_BY_COLOR_GRID
UO,6-8,HJ,66,AI,purple,6,UO/6-8/HJ.png,VERIFIED_BY_COLOR_GRID
UO,6-8,HJ,65s,UNSELECTED,gray,4,UO/6-8/HJ.png,VERIFIED_BY_COLOR_GRID
UO,6-8,HJ,64s,UNSELECTED,gray,4,UO/6-8/HJ.png,VERIFIED_BY_COLOR_GRID
UO,6-8,HJ,63s,UNSELECTED,gray,4,UO/6-8/HJ.png,VERIFIED_BY_COLOR_GRID
UO,6-8,HJ,62s,UNSELECTED,gray,4,UO/6-8/HJ.png,VERIFIED_BY_COLOR_GRID
UO,6-8,HJ,A5o,AI,purple,12,UO/6-8/HJ.png,VERIFIED_BY_COLOR_GRID
UO,6-8,HJ,K5o,UNSELECTED,gray,12,UO/6-8/HJ.png,VERIFIED_BY_COLOR_GRID
UO,6-8,HJ,Q5o,UNSELECTED,gray,12,UO/6-8/HJ.png,VERIFIED_BY_COLOR_GRID
UO,6-8,HJ,J5o,UNSELECTED,gray,12,UO/6-8/HJ.png,VERIFIED_BY_COLOR_GRID
UO,6-8,HJ,T5o,UNSELECTED,gray,12,UO/6-8/HJ.png,VERIFIED_BY_COLOR_GRID
UO,6-8,HJ,95o,UNSELECTED,gray,12,UO/6-8/HJ.png,VERIFIED_BY_COLOR_GRID
UO,6-8,HJ,85o,UNSELECTED,gray,12,UO/6-8/HJ.png,VERIFIED_BY_COLOR_GRID
UO,6-8,HJ,75o,UNSELECTED,gray,12,UO/6-8/HJ.png,VERIFIED_BY_COLOR_GRID
UO,6-8,HJ,65o,UNSELECTED,gray,12,UO/6-8/HJ.png,VERIFIED_BY_COLOR_GRID
UO,6-8,HJ,55,AI,purple,6,UO/6-8/HJ.png,VERIFIED_BY_COLOR_GRID
UO,6-8,HJ,54s,UNSELECTED,gray,4,UO/6-8/HJ.png,VERIFIED_BY_COLOR_GRID
UO,6-8,HJ,53s,UNSELECTED,gray,4,UO/6-8/HJ.png,VERIFIED_BY_COLOR_GRID
UO,6-8,HJ,52s,UNSELECTED,gray,4,UO/6-8/HJ.png,VERIFIED_BY_COLOR_GRID
UO,6-8,HJ,A4o,AI,purple,12,UO/6-8/HJ.png,VERIFIED_BY_COLOR_GRID
UO,6-8,HJ,K4o,UNSELECTED,gray,12,UO/6-8/HJ.png,VERIFIED_BY_COLOR_GRID
UO,6-8,HJ,Q4o,UNSELECTED,gray,12,UO/6-8/HJ.png,VERIFIED_BY_COLOR_GRID
UO,6-8,HJ,J4o,UNSELECTED,gray,12,UO/6-8/HJ.png,VERIFIED_BY_COLOR_GRID
UO,6-8,HJ,T4o,UNSELECTED,gray,12,UO/6-8/HJ.png,VERIFIED_BY_COLOR_GRID
UO,6-8,HJ,94o,UNSELECTED,gray,12,UO/6-8/HJ.png,VERIFIED_BY_COLOR_GRID
UO,6-8,HJ,84o,UNSELECTED,gray,12,UO/6-8/HJ.png,VERIFIED_BY_COLOR_GRID
UO,6-8,HJ,74o,UNSELECTED,gray,12,UO/6-8/HJ.png,VERIFIED_BY_COLOR_GRID
UO,6-8,HJ,64o,UNSELECTED,gray,12,UO/6-8/HJ.png,VERIFIED_BY_COLOR_GRID
UO,6-8,HJ,54o,UNSELECTED,gray,12,UO/6-8/HJ.png,VERIFIED_BY_COLOR_GRID
UO,6-8,HJ,44,AI,purple,6,UO/6-8/HJ.png,VERIFIED_BY_COLOR_GRID
UO,6-8,HJ,43s,UNSELECTED,gray,4,UO/6-8/HJ.png,VERIFIED_BY_COLOR_GRID
UO,6-8,HJ,42s,UNSELECTED,gray,4,UO/6-8/HJ.png,VERIFIED_BY_COLOR_GRID
UO,6-8,HJ,A3o,AI,purple,12,UO/6-8/HJ.png,VERIFIED_BY_COLOR_GRID
UO,6-8,HJ,K3o,UNSELECTED,gray,12,UO/6-8/HJ.png,VERIFIED_BY_COLOR_GRID
UO,6-8,HJ,Q3o,UNSELECTED,gray,12,UO/6-8/HJ.png,VERIFIED_BY_COLOR_GRID
UO,6-8,HJ,J3o,UNSELECTED,gray,12,UO/6-8/HJ.png,VERIFIED_BY_COLOR_GRID
UO,6-8,HJ,T3o,UNSELECTED,gray,12,UO/6-8/HJ.png,VERIFIED_BY_COLOR_GRID
UO,6-8,HJ,93o,UNSELECTED,gray,12,UO/6-8/HJ.png,VERIFIED_BY_COLOR_GRID
UO,6-8,HJ,83o,UNSELECTED,gray,12,UO/6-8/HJ.png,VERIFIED_BY_COLOR_GRID
UO,6-8,HJ,73o,UNSELECTED,gray,12,UO/6-8/HJ.png,VERIFIED_BY_COLOR_GRID
UO,6-8,HJ,63o,UNSELECTED,gray,12,UO/6-8/HJ.png,VERIFIED_BY_COLOR_GRID
UO,6-8,HJ,53o,UNSELECTED,gray,12,UO/6-8/HJ.png,VERIFIED_BY_COLOR_GRID
UO,6-8,HJ,43o,UNSELECTED,gray,12,UO/6-8/HJ.png,VERIFIED_BY_COLOR_GRID
UO,6-8,HJ,33,AI,purple,6,UO/6-8/HJ.png,VERIFIED_BY_COLOR_GRID
UO,6-8,HJ,32s,UNSELECTED,gray,4,UO/6-8/HJ.png,VERIFIED_BY_COLOR_GRID
UO,6-8,HJ,A2o,AI,purple,12,UO/6-8/HJ.png,VERIFIED_BY_COLOR_GRID
UO,6-8,HJ,K2o,UNSELECTED,gray,12,UO/6-8/HJ.png,VERIFIED_BY_COLOR_GRID
UO,6-8,HJ,Q2o,UNSELECTED,gray,12,UO/6-8/HJ.png,VERIFIED_BY_COLOR_GRID
UO,6-8,HJ,J2o,UNSELECTED,gray,12,UO/6-8/HJ.png,VERIFIED_BY_COLOR_GRID
UO,6-8,HJ,T2o,UNSELECTED,gray,12,UO/6-8/HJ.png,VERIFIED_BY_COLOR_GRID
UO,6-8,HJ,92o,UNSELECTED,gray,12,UO/6-8/HJ.png,VERIFIED_BY_COLOR_GRID
UO,6-8,HJ,82o,UNSELECTED,gray,12,UO/6-8/HJ.png,VERIFIED_BY_COLOR_GRID
UO,6-8,HJ,72o,UNSELECTED,gray,12,UO/6-8/HJ.png,VERIFIED_BY_COLOR_GRID
UO,6-8,HJ,62o,UNSELECTED,gray,12,UO/6-8/HJ.png,VERIFIED_BY_COLOR_GRID
UO,6-8,HJ,52o,UNSELECTED,gray,12,UO/6-8/HJ.png,VERIFIED_BY_COLOR_GRID
UO,6-8,HJ,42o,UNSELECTED,gray,12,UO/6-8/HJ.png,VERIFIED_BY_COLOR_GRID
UO,6-8,HJ,32o,UNSELECTED,gray,12,UO/6-8/HJ.png,VERIFIED_BY_COLOR_GRID
UO,6-8,HJ,22,AI,purple,6,UO/6-8/HJ.png,VERIFIED_BY_COLOR_GRID
UO,6-8,CO,AA,AI,purple,6,UO/6-8/CO.png,VERIFIED_BY_COLOR_GRID
UO,6-8,CO,AKs,AI,purple,4,UO/6-8/CO.png,VERIFIED_BY_COLOR_GRID
UO,6-8,CO,AQs,AI,purple,4,UO/6-8/CO.png,VERIFIED_BY_COLOR_GRID
UO,6-8,CO,AJs,AI,purple,4,UO/6-8/CO.png,VERIFIED_BY_COLOR_GRID
UO,6-8,CO,ATs,AI,purple,4,UO/6-8/CO.png,VERIFIED_BY_COLOR_GRID
UO,6-8,CO,A9s,AI,purple,4,UO/6-8/CO.png,VERIFIED_BY_COLOR_GRID
UO,6-8,CO,A8s,AI,purple,4,UO/6-8/CO.png,VERIFIED_BY_COLOR_GRID
UO,6-8,CO,A7s,AI,purple,4,UO/6-8/CO.png,VERIFIED_BY_COLOR_GRID
UO,6-8,CO,A6s,AI,purple,4,UO/6-8/CO.png,VERIFIED_BY_COLOR_GRID
UO,6-8,CO,A5s,AI,purple,4,UO/6-8/CO.png,VERIFIED_BY_COLOR_GRID
UO,6-8,CO,A4s,AI,purple,4,UO/6-8/CO.png,VERIFIED_BY_COLOR_GRID
UO,6-8,CO,A3s,AI,purple,4,UO/6-8/CO.png,VERIFIED_BY_COLOR_GRID
UO,6-8,CO,A2s,AI,purple,4,UO/6-8/CO.png,VERIFIED_BY_COLOR_GRID
UO,6-8,CO,AKo,AI,purple,12,UO/6-8/CO.png,VERIFIED_BY_COLOR_GRID
UO,6-8,CO,KK,AI,purple,6,UO/6-8/CO.png,VERIFIED_BY_COLOR_GRID
UO,6-8,CO,KQs,AI,purple,4,UO/6-8/CO.png,VERIFIED_BY_COLOR_GRID
UO,6-8,CO,KJs,AI,purple,4,UO/6-8/CO.png,VERIFIED_BY_COLOR_GRID
UO,6-8,CO,KTs,AI,purple,4,UO/6-8/CO.png,VERIFIED_BY_COLOR_GRID
UO,6-8,CO,K9s,AI,purple,4,UO/6-8/CO.png,VERIFIED_BY_COLOR_GRID
UO,6-8,CO,K8s,AI,purple,4,UO/6-8/CO.png,VERIFIED_BY_COLOR_GRID
UO,6-8,CO,K7s,AI,purple,4,UO/6-8/CO.png,VERIFIED_BY_COLOR_GRID
UO,6-8,CO,K6s,AI,purple,4,UO/6-8/CO.png,VERIFIED_BY_COLOR_GRID
UO,6-8,CO,K5s,AI,purple,4,UO/6-8/CO.png,VERIFIED_BY_COLOR_GRID
UO,6-8,CO,K4s,AI,purple,4,UO/6-8/CO.png,VERIFIED_BY_COLOR_GRID
UO,6-8,CO,K3s,AI,purple,4,UO/6-8/CO.png,VERIFIED_BY_COLOR_GRID
UO,6-8,CO,K2s,UNSELECTED,gray,4,UO/6-8/CO.png,VERIFIED_BY_COLOR_GRID
UO,6-8,CO,AQo,AI,purple,12,UO/6-8/CO.png,VERIFIED_BY_COLOR_GRID
UO,6-8,CO,KQo,AI,purple,12,UO/6-8/CO.png,VERIFIED_BY_COLOR_GRID
UO,6-8,CO,QQ,AI,purple,6,UO/6-8/CO.png,VERIFIED_BY_COLOR_GRID
UO,6-8,CO,QJs,AI,purple,4,UO/6-8/CO.png,VERIFIED_BY_COLOR_GRID
UO,6-8,CO,QTs,AI,purple,4,UO/6-8/CO.png,VERIFIED_BY_COLOR_GRID
UO,6-8,CO,Q9s,AI,purple,4,UO/6-8/CO.png,VERIFIED_BY_COLOR_GRID
UO,6-8,CO,Q8s,AI,purple,4,UO/6-8/CO.png,VERIFIED_BY_COLOR_GRID
UO,6-8,CO,Q7s,UNSELECTED,gray,4,UO/6-8/CO.png,VERIFIED_BY_COLOR_GRID
UO,6-8,CO,Q6s,UNSELECTED,gray,4,UO/6-8/CO.png,VERIFIED_BY_COLOR_GRID
UO,6-8,CO,Q5s,UNSELECTED,gray,4,UO/6-8/CO.png,VERIFIED_BY_COLOR_GRID
UO,6-8,CO,Q4s,UNSELECTED,gray,4,UO/6-8/CO.png,VERIFIED_BY_COLOR_GRID
UO,6-8,CO,Q3s,UNSELECTED,gray,4,UO/6-8/CO.png,VERIFIED_BY_COLOR_GRID
UO,6-8,CO,Q2s,UNSELECTED,gray,4,UO/6-8/CO.png,VERIFIED_BY_COLOR_GRID
UO,6-8,CO,AJo,AI,purple,12,UO/6-8/CO.png,VERIFIED_BY_COLOR_GRID
UO,6-8,CO,KJo,AI,purple,12,UO/6-8/CO.png,VERIFIED_BY_COLOR_GRID
UO,6-8,CO,QJo,AI,purple,12,UO/6-8/CO.png,VERIFIED_BY_COLOR_GRID
UO,6-8,CO,JJ,AI,purple,6,UO/6-8/CO.png,VERIFIED_BY_COLOR_GRID
UO,6-8,CO,JTs,AI,purple,4,UO/6-8/CO.png,VERIFIED_BY_COLOR_GRID
UO,6-8,CO,J9s,AI,purple,4,UO/6-8/CO.png,VERIFIED_BY_COLOR_GRID
UO,6-8,CO,J8s,AI,purple,4,UO/6-8/CO.png,VERIFIED_BY_COLOR_GRID
UO,6-8,CO,J7s,UNSELECTED,gray,4,UO/6-8/CO.png,VERIFIED_BY_COLOR_GRID
UO,6-8,CO,J6s,UNSELECTED,gray,4,UO/6-8/CO.png,VERIFIED_BY_COLOR_GRID
UO,6-8,CO,J5s,UNSELECTED,gray,4,UO/6-8/CO.png,VERIFIED_BY_COLOR_GRID
UO,6-8,CO,J4s,UNSELECTED,gray,4,UO/6-8/CO.png,VERIFIED_BY_COLOR_GRID
UO,6-8,CO,J3s,UNSELECTED,gray,4,UO/6-8/CO.png,VERIFIED_BY_COLOR_GRID
UO,6-8,CO,J2s,UNSELECTED,gray,4,UO/6-8/CO.png,VERIFIED_BY_COLOR_GRID
UO,6-8,CO,ATo,AI,purple,12,UO/6-8/CO.png,VERIFIED_BY_COLOR_GRID
UO,6-8,CO,KTo,AI,purple,12,UO/6-8/CO.png,VERIFIED_BY_COLOR_GRID
UO,6-8,CO,QTo,AI,purple,12,UO/6-8/CO.png,VERIFIED_BY_COLOR_GRID
UO,6-8,CO,JTo,AI,purple,12,UO/6-8/CO.png,VERIFIED_BY_COLOR_GRID
UO,6-8,CO,TT,AI,purple,6,UO/6-8/CO.png,VERIFIED_BY_COLOR_GRID
UO,6-8,CO,T9s,AI,purple,4,UO/6-8/CO.png,VERIFIED_BY_COLOR_GRID
UO,6-8,CO,T8s,UNSELECTED,gray,4,UO/6-8/CO.png,VERIFIED_BY_COLOR_GRID
UO,6-8,CO,T7s,UNSELECTED,gray,4,UO/6-8/CO.png,VERIFIED_BY_COLOR_GRID
UO,6-8,CO,T6s,UNSELECTED,gray,4,UO/6-8/CO.png,VERIFIED_BY_COLOR_GRID
UO,6-8,CO,T5s,UNSELECTED,gray,4,UO/6-8/CO.png,VERIFIED_BY_COLOR_GRID
UO,6-8,CO,T4s,UNSELECTED,gray,4,UO/6-8/CO.png,VERIFIED_BY_COLOR_GRID
UO,6-8,CO,T3s,UNSELECTED,gray,4,UO/6-8/CO.png,VERIFIED_BY_COLOR_GRID
UO,6-8,CO,T2s,UNSELECTED,gray,4,UO/6-8/CO.png,VERIFIED_BY_COLOR_GRID
UO,6-8,CO,A9o,AI,purple,12,UO/6-8/CO.png,VERIFIED_BY_COLOR_GRID
UO,6-8,CO,K9o,AI,purple,12,UO/6-8/CO.png,VERIFIED_BY_COLOR_GRID
UO,6-8,CO,Q9o,AI,purple,12,UO/6-8/CO.png,VERIFIED_BY_COLOR_GRID
UO,6-8,CO,J9o,UNSELECTED,gray,12,UO/6-8/CO.png,VERIFIED_BY_COLOR_GRID
UO,6-8,CO,T9o,UNSELECTED,gray,12,UO/6-8/CO.png,VERIFIED_BY_COLOR_GRID
UO,6-8,CO,99,AI,purple,6,UO/6-8/CO.png,VERIFIED_BY_COLOR_GRID
UO,6-8,CO,98s,UNSELECTED,gray,4,UO/6-8/CO.png,VERIFIED_BY_COLOR_GRID
UO,6-8,CO,97s,UNSELECTED,gray,4,UO/6-8/CO.png,VERIFIED_BY_COLOR_GRID
UO,6-8,CO,96s,UNSELECTED,gray,4,UO/6-8/CO.png,VERIFIED_BY_COLOR_GRID
UO,6-8,CO,95s,UNSELECTED,gray,4,UO/6-8/CO.png,VERIFIED_BY_COLOR_GRID
UO,6-8,CO,94s,UNSELECTED,gray,4,UO/6-8/CO.png,VERIFIED_BY_COLOR_GRID
UO,6-8,CO,93s,UNSELECTED,gray,4,UO/6-8/CO.png,VERIFIED_BY_COLOR_GRID
UO,6-8,CO,92s,UNSELECTED,gray,4,UO/6-8/CO.png,VERIFIED_BY_COLOR_GRID
UO,6-8,CO,A8o,AI,purple,12,UO/6-8/CO.png,VERIFIED_BY_COLOR_GRID
UO,6-8,CO,K8o,AI,purple,12,UO/6-8/CO.png,VERIFIED_BY_COLOR_GRID
UO,6-8,CO,Q8o,UNSELECTED,gray,12,UO/6-8/CO.png,VERIFIED_BY_COLOR_GRID
UO,6-8,CO,J8o,UNSELECTED,gray,12,UO/6-8/CO.png,VERIFIED_BY_COLOR_GRID
UO,6-8,CO,T8o,UNSELECTED,gray,12,UO/6-8/CO.png,VERIFIED_BY_COLOR_GRID
UO,6-8,CO,98o,UNSELECTED,gray,12,UO/6-8/CO.png,VERIFIED_BY_COLOR_GRID
UO,6-8,CO,88,AI,purple,6,UO/6-8/CO.png,VERIFIED_BY_COLOR_GRID
UO,6-8,CO,87s,UNSELECTED,gray,4,UO/6-8/CO.png,VERIFIED_BY_COLOR_GRID
UO,6-8,CO,86s,UNSELECTED,gray,4,UO/6-8/CO.png,VERIFIED_BY_COLOR_GRID
UO,6-8,CO,85s,UNSELECTED,gray,4,UO/6-8/CO.png,VERIFIED_BY_COLOR_GRID
UO,6-8,CO,84s,UNSELECTED,gray,4,UO/6-8/CO.png,VERIFIED_BY_COLOR_GRID
UO,6-8,CO,83s,UNSELECTED,gray,4,UO/6-8/CO.png,VERIFIED_BY_COLOR_GRID
UO,6-8,CO,82s,UNSELECTED,gray,4,UO/6-8/CO.png,VERIFIED_BY_COLOR_GRID
UO,6-8,CO,A7o,AI,purple,12,UO/6-8/CO.png,VERIFIED_BY_COLOR_GRID
UO,6-8,CO,K7o,UNSELECTED,gray,12,UO/6-8/CO.png,VERIFIED_BY_COLOR_GRID
UO,6-8,CO,Q7o,UNSELECTED,gray,12,UO/6-8/CO.png,VERIFIED_BY_COLOR_GRID
UO,6-8,CO,J7o,UNSELECTED,gray,12,UO/6-8/CO.png,VERIFIED_BY_COLOR_GRID
UO,6-8,CO,T7o,UNSELECTED,gray,12,UO/6-8/CO.png,VERIFIED_BY_COLOR_GRID
UO,6-8,CO,97o,UNSELECTED,gray,12,UO/6-8/CO.png,VERIFIED_BY_COLOR_GRID
UO,6-8,CO,87o,UNSELECTED,gray,12,UO/6-8/CO.png,VERIFIED_BY_COLOR_GRID
UO,6-8,CO,77,AI,purple,6,UO/6-8/CO.png,VERIFIED_BY_COLOR_GRID
UO,6-8,CO,76s,UNSELECTED,gray,4,UO/6-8/CO.png,VERIFIED_BY_COLOR_GRID
UO,6-8,CO,75s,UNSELECTED,gray,4,UO/6-8/CO.png,VERIFIED_BY_COLOR_GRID
UO,6-8,CO,74s,UNSELECTED,gray,4,UO/6-8/CO.png,VERIFIED_BY_COLOR_GRID
UO,6-8,CO,73s,UNSELECTED,gray,4,UO/6-8/CO.png,VERIFIED_BY_COLOR_GRID
UO,6-8,CO,72s,UNSELECTED,gray,4,UO/6-8/CO.png,VERIFIED_BY_COLOR_GRID
UO,6-8,CO,A6o,AI,purple,12,UO/6-8/CO.png,VERIFIED_BY_COLOR_GRID
UO,6-8,CO,K6o,UNSELECTED,gray,12,UO/6-8/CO.png,VERIFIED_BY_COLOR_GRID
UO,6-8,CO,Q6o,UNSELECTED,gray,12,UO/6-8/CO.png,VERIFIED_BY_COLOR_GRID
UO,6-8,CO,J6o,UNSELECTED,gray,12,UO/6-8/CO.png,VERIFIED_BY_COLOR_GRID
UO,6-8,CO,T6o,UNSELECTED,gray,12,UO/6-8/CO.png,VERIFIED_BY_COLOR_GRID
UO,6-8,CO,96o,UNSELECTED,gray,12,UO/6-8/CO.png,VERIFIED_BY_COLOR_GRID
UO,6-8,CO,86o,UNSELECTED,gray,12,UO/6-8/CO.png,VERIFIED_BY_COLOR_GRID
UO,6-8,CO,76o,UNSELECTED,gray,12,UO/6-8/CO.png,VERIFIED_BY_COLOR_GRID
UO,6-8,CO,66,AI,purple,6,UO/6-8/CO.png,VERIFIED_BY_COLOR_GRID
UO,6-8,CO,65s,UNSELECTED,gray,4,UO/6-8/CO.png,VERIFIED_BY_COLOR_GRID
UO,6-8,CO,64s,UNSELECTED,gray,4,UO/6-8/CO.png,VERIFIED_BY_COLOR_GRID
UO,6-8,CO,63s,UNSELECTED,gray,4,UO/6-8/CO.png,VERIFIED_BY_COLOR_GRID
UO,6-8,CO,62s,UNSELECTED,gray,4,UO/6-8/CO.png,VERIFIED_BY_COLOR_GRID
UO,6-8,CO,A5o,AI,purple,12,UO/6-8/CO.png,VERIFIED_BY_COLOR_GRID
UO,6-8,CO,K5o,UNSELECTED,gray,12,UO/6-8/CO.png,VERIFIED_BY_COLOR_GRID
UO,6-8,CO,Q5o,UNSELECTED,gray,12,UO/6-8/CO.png,VERIFIED_BY_COLOR_GRID
UO,6-8,CO,J5o,UNSELECTED,gray,12,UO/6-8/CO.png,VERIFIED_BY_COLOR_GRID
UO,6-8,CO,T5o,UNSELECTED,gray,12,UO/6-8/CO.png,VERIFIED_BY_COLOR_GRID
UO,6-8,CO,95o,UNSELECTED,gray,12,UO/6-8/CO.png,VERIFIED_BY_COLOR_GRID
UO,6-8,CO,85o,UNSELECTED,gray,12,UO/6-8/CO.png,VERIFIED_BY_COLOR_GRID
UO,6-8,CO,75o,UNSELECTED,gray,12,UO/6-8/CO.png,VERIFIED_BY_COLOR_GRID
UO,6-8,CO,65o,UNSELECTED,gray,12,UO/6-8/CO.png,VERIFIED_BY_COLOR_GRID
UO,6-8,CO,55,AI,purple,6,UO/6-8/CO.png,VERIFIED_BY_COLOR_GRID
UO,6-8,CO,54s,UNSELECTED,gray,4,UO/6-8/CO.png,VERIFIED_BY_COLOR_GRID
UO,6-8,CO,53s,UNSELECTED,gray,4,UO/6-8/CO.png,VERIFIED_BY_COLOR_GRID
UO,6-8,CO,52s,UNSELECTED,gray,4,UO/6-8/CO.png,VERIFIED_BY_COLOR_GRID
UO,6-8,CO,A4o,AI,purple,12,UO/6-8/CO.png,VERIFIED_BY_COLOR_GRID
UO,6-8,CO,K4o,UNSELECTED,gray,12,UO/6-8/CO.png,VERIFIED_BY_COLOR_GRID
UO,6-8,CO,Q4o,UNSELECTED,gray,12,UO/6-8/CO.png,VERIFIED_BY_COLOR_GRID
UO,6-8,CO,J4o,UNSELECTED,gray,12,UO/6-8/CO.png,VERIFIED_BY_COLOR_GRID
UO,6-8,CO,T4o,UNSELECTED,gray,12,UO/6-8/CO.png,VERIFIED_BY_COLOR_GRID
UO,6-8,CO,94o,UNSELECTED,gray,12,UO/6-8/CO.png,VERIFIED_BY_COLOR_GRID
UO,6-8,CO,84o,UNSELECTED,gray,12,UO/6-8/CO.png,VERIFIED_BY_COLOR_GRID
UO,6-8,CO,74o,UNSELECTED,gray,12,UO/6-8/CO.png,VERIFIED_BY_COLOR_GRID
UO,6-8,CO,64o,UNSELECTED,gray,12,UO/6-8/CO.png,VERIFIED_BY_COLOR_GRID
UO,6-8,CO,54o,UNSELECTED,gray,12,UO/6-8/CO.png,VERIFIED_BY_COLOR_GRID
UO,6-8,CO,44,AI,purple,6,UO/6-8/CO.png,VERIFIED_BY_COLOR_GRID
UO,6-8,CO,43s,UNSELECTED,gray,4,UO/6-8/CO.png,VERIFIED_BY_COLOR_GRID
UO,6-8,CO,42s,UNSELECTED,gray,4,UO/6-8/CO.png,VERIFIED_BY_COLOR_GRID
UO,6-8,CO,A3o,AI,purple,12,UO/6-8/CO.png,VERIFIED_BY_COLOR_GRID
UO,6-8,CO,K3o,UNSELECTED,gray,12,UO/6-8/CO.png,VERIFIED_BY_COLOR_GRID
UO,6-8,CO,Q3o,UNSELECTED,gray,12,UO/6-8/CO.png,VERIFIED_BY_COLOR_GRID
UO,6-8,CO,J3o,UNSELECTED,gray,12,UO/6-8/CO.png,VERIFIED_BY_COLOR_GRID
UO,6-8,CO,T3o,UNSELECTED,gray,12,UO/6-8/CO.png,VERIFIED_BY_COLOR_GRID
UO,6-8,CO,93o,UNSELECTED,gray,12,UO/6-8/CO.png,VERIFIED_BY_COLOR_GRID
UO,6-8,CO,83o,UNSELECTED,gray,12,UO/6-8/CO.png,VERIFIED_BY_COLOR_GRID
UO,6-8,CO,73o,UNSELECTED,gray,12,UO/6-8/CO.png,VERIFIED_BY_COLOR_GRID
UO,6-8,CO,63o,UNSELECTED,gray,12,UO/6-8/CO.png,VERIFIED_BY_COLOR_GRID
UO,6-8,CO,53o,UNSELECTED,gray,12,UO/6-8/CO.png,VERIFIED_BY_COLOR_GRID
UO,6-8,CO,43o,UNSELECTED,gray,12,UO/6-8/CO.png,VERIFIED_BY_COLOR_GRID
UO,6-8,CO,33,AI,purple,6,UO/6-8/CO.png,VERIFIED_BY_COLOR_GRID
UO,6-8,CO,32s,UNSELECTED,gray,4,UO/6-8/CO.png,VERIFIED_BY_COLOR_GRID
UO,6-8,CO,A2o,AI,purple,12,UO/6-8/CO.png,VERIFIED_BY_COLOR_GRID
UO,6-8,CO,K2o,UNSELECTED,gray,12,UO/6-8/CO.png,VERIFIED_BY_COLOR_GRID
UO,6-8,CO,Q2o,UNSELECTED,gray,12,UO/6-8/CO.png,VERIFIED_BY_COLOR_GRID
UO,6-8,CO,J2o,UNSELECTED,gray,12,UO/6-8/CO.png,VERIFIED_BY_COLOR_GRID
UO,6-8,CO,T2o,UNSELECTED,gray,12,UO/6-8/CO.png,VERIFIED_BY_COLOR_GRID
UO,6-8,CO,92o,UNSELECTED,gray,12,UO/6-8/CO.png,VERIFIED_BY_COLOR_GRID
UO,6-8,CO,82o,UNSELECTED,gray,12,UO/6-8/CO.png,VERIFIED_BY_COLOR_GRID
UO,6-8,CO,72o,UNSELECTED,gray,12,UO/6-8/CO.png,VERIFIED_BY_COLOR_GRID
UO,6-8,CO,62o,UNSELECTED,gray,12,UO/6-8/CO.png,VERIFIED_BY_COLOR_GRID
UO,6-8,CO,52o,UNSELECTED,gray,12,UO/6-8/CO.png,VERIFIED_BY_COLOR_GRID
UO,6-8,CO,42o,UNSELECTED,gray,12,UO/6-8/CO.png,VERIFIED_BY_COLOR_GRID
UO,6-8,CO,32o,UNSELECTED,gray,12,UO/6-8/CO.png,VERIFIED_BY_COLOR_GRID
UO,6-8,CO,22,AI,purple,6,UO/6-8/CO.png,VERIFIED_BY_COLOR_GRID
UO,6-8,BTN,AA,AI,purple,6,UO/6-8/BTN.png,VERIFIED_BY_COLOR_GRID
UO,6-8,BTN,AKs,AI,purple,4,UO/6-8/BTN.png,VERIFIED_BY_COLOR_GRID
UO,6-8,BTN,AQs,AI,purple,4,UO/6-8/BTN.png,VERIFIED_BY_COLOR_GRID
UO,6-8,BTN,AJs,AI,purple,4,UO/6-8/BTN.png,VERIFIED_BY_COLOR_GRID
UO,6-8,BTN,ATs,AI,purple,4,UO/6-8/BTN.png,VERIFIED_BY_COLOR_GRID
UO,6-8,BTN,A9s,AI,purple,4,UO/6-8/BTN.png,VERIFIED_BY_COLOR_GRID
UO,6-8,BTN,A8s,AI,purple,4,UO/6-8/BTN.png,VERIFIED_BY_COLOR_GRID
UO,6-8,BTN,A7s,AI,purple,4,UO/6-8/BTN.png,VERIFIED_BY_COLOR_GRID
UO,6-8,BTN,A6s,AI,purple,4,UO/6-8/BTN.png,VERIFIED_BY_COLOR_GRID
UO,6-8,BTN,A5s,AI,purple,4,UO/6-8/BTN.png,VERIFIED_BY_COLOR_GRID
UO,6-8,BTN,A4s,AI,purple,4,UO/6-8/BTN.png,VERIFIED_BY_COLOR_GRID
UO,6-8,BTN,A3s,AI,purple,4,UO/6-8/BTN.png,VERIFIED_BY_COLOR_GRID
UO,6-8,BTN,A2s,AI,purple,4,UO/6-8/BTN.png,VERIFIED_BY_COLOR_GRID
UO,6-8,BTN,AKo,AI,purple,12,UO/6-8/BTN.png,VERIFIED_BY_COLOR_GRID
UO,6-8,BTN,KK,AI,purple,6,UO/6-8/BTN.png,VERIFIED_BY_COLOR_GRID
UO,6-8,BTN,KQs,AI,purple,4,UO/6-8/BTN.png,VERIFIED_BY_COLOR_GRID
UO,6-8,BTN,KJs,AI,purple,4,UO/6-8/BTN.png,VERIFIED_BY_COLOR_GRID
UO,6-8,BTN,KTs,AI,purple,4,UO/6-8/BTN.png,VERIFIED_BY_COLOR_GRID
UO,6-8,BTN,K9s,AI,purple,4,UO/6-8/BTN.png,VERIFIED_BY_COLOR_GRID
UO,6-8,BTN,K8s,AI,purple,4,UO/6-8/BTN.png,VERIFIED_BY_COLOR_GRID
UO,6-8,BTN,K7s,AI,purple,4,UO/6-8/BTN.png,VERIFIED_BY_COLOR_GRID
UO,6-8,BTN,K6s,AI,purple,4,UO/6-8/BTN.png,VERIFIED_BY_COLOR_GRID
UO,6-8,BTN,K5s,AI,purple,4,UO/6-8/BTN.png,VERIFIED_BY_COLOR_GRID
UO,6-8,BTN,K4s,AI,purple,4,UO/6-8/BTN.png,VERIFIED_BY_COLOR_GRID
UO,6-8,BTN,K3s,AI,purple,4,UO/6-8/BTN.png,VERIFIED_BY_COLOR_GRID
UO,6-8,BTN,K2s,AI,purple,4,UO/6-8/BTN.png,VERIFIED_BY_COLOR_GRID
UO,6-8,BTN,AQo,AI,purple,12,UO/6-8/BTN.png,VERIFIED_BY_COLOR_GRID
UO,6-8,BTN,KQo,AI,purple,12,UO/6-8/BTN.png,VERIFIED_BY_COLOR_GRID
UO,6-8,BTN,QQ,AI,purple,6,UO/6-8/BTN.png,VERIFIED_BY_COLOR_GRID
UO,6-8,BTN,QJs,AI,purple,4,UO/6-8/BTN.png,VERIFIED_BY_COLOR_GRID
UO,6-8,BTN,QTs,AI,purple,4,UO/6-8/BTN.png,VERIFIED_BY_COLOR_GRID
UO,6-8,BTN,Q9s,AI,purple,4,UO/6-8/BTN.png,VERIFIED_BY_COLOR_GRID
UO,6-8,BTN,Q8s,AI,purple,4,UO/6-8/BTN.png,VERIFIED_BY_COLOR_GRID
UO,6-8,BTN,Q7s,AI,purple,4,UO/6-8/BTN.png,VERIFIED_BY_COLOR_GRID
UO,6-8,BTN,Q6s,AI,purple,4,UO/6-8/BTN.png,VERIFIED_BY_COLOR_GRID
UO,6-8,BTN,Q5s,AI,purple,4,UO/6-8/BTN.png,VERIFIED_BY_COLOR_GRID
UO,6-8,BTN,Q4s,AI,purple,4,UO/6-8/BTN.png,VERIFIED_BY_COLOR_GRID
UO,6-8,BTN,Q3s,UNSELECTED,gray,4,UO/6-8/BTN.png,VERIFIED_BY_COLOR_GRID
UO,6-8,BTN,Q2s,UNSELECTED,gray,4,UO/6-8/BTN.png,VERIFIED_BY_COLOR_GRID
UO,6-8,BTN,AJo,AI,purple,12,UO/6-8/BTN.png,VERIFIED_BY_COLOR_GRID
UO,6-8,BTN,KJo,AI,purple,12,UO/6-8/BTN.png,VERIFIED_BY_COLOR_GRID
UO,6-8,BTN,QJo,AI,purple,12,UO/6-8/BTN.png,VERIFIED_BY_COLOR_GRID
UO,6-8,BTN,JJ,AI,purple,6,UO/6-8/BTN.png,VERIFIED_BY_COLOR_GRID
UO,6-8,BTN,JTs,AI,purple,4,UO/6-8/BTN.png,VERIFIED_BY_COLOR_GRID
UO,6-8,BTN,J9s,AI,purple,4,UO/6-8/BTN.png,VERIFIED_BY_COLOR_GRID
UO,6-8,BTN,J8s,AI,purple,4,UO/6-8/BTN.png,VERIFIED_BY_COLOR_GRID
UO,6-8,BTN,J7s,AI,purple,4,UO/6-8/BTN.png,VERIFIED_BY_COLOR_GRID
UO,6-8,BTN,J6s,UNSELECTED,gray,4,UO/6-8/BTN.png,VERIFIED_BY_COLOR_GRID
UO,6-8,BTN,J5s,UNSELECTED,gray,4,UO/6-8/BTN.png,VERIFIED_BY_COLOR_GRID
UO,6-8,BTN,J4s,UNSELECTED,gray,4,UO/6-8/BTN.png,VERIFIED_BY_COLOR_GRID
UO,6-8,BTN,J3s,UNSELECTED,gray,4,UO/6-8/BTN.png,VERIFIED_BY_COLOR_GRID
UO,6-8,BTN,J2s,UNSELECTED,gray,4,UO/6-8/BTN.png,VERIFIED_BY_COLOR_GRID
UO,6-8,BTN,ATo,AI,purple,12,UO/6-8/BTN.png,VERIFIED_BY_COLOR_GRID
UO,6-8,BTN,KTo,AI,purple,12,UO/6-8/BTN.png,VERIFIED_BY_COLOR_GRID
UO,6-8,BTN,QTo,AI,purple,12,UO/6-8/BTN.png,VERIFIED_BY_COLOR_GRID
UO,6-8,BTN,JTo,AI,purple,12,UO/6-8/BTN.png,VERIFIED_BY_COLOR_GRID
UO,6-8,BTN,TT,AI,purple,6,UO/6-8/BTN.png,VERIFIED_BY_COLOR_GRID
UO,6-8,BTN,T9s,AI,purple,4,UO/6-8/BTN.png,VERIFIED_BY_COLOR_GRID
UO,6-8,BTN,T8s,AI,purple,4,UO/6-8/BTN.png,VERIFIED_BY_COLOR_GRID
UO,6-8,BTN,T7s,UNSELECTED,gray,4,UO/6-8/BTN.png,VERIFIED_BY_COLOR_GRID
UO,6-8,BTN,T6s,UNSELECTED,gray,4,UO/6-8/BTN.png,VERIFIED_BY_COLOR_GRID
UO,6-8,BTN,T5s,UNSELECTED,gray,4,UO/6-8/BTN.png,VERIFIED_BY_COLOR_GRID
UO,6-8,BTN,T4s,UNSELECTED,gray,4,UO/6-8/BTN.png,VERIFIED_BY_COLOR_GRID
UO,6-8,BTN,T3s,UNSELECTED,gray,4,UO/6-8/BTN.png,VERIFIED_BY_COLOR_GRID
UO,6-8,BTN,T2s,UNSELECTED,gray,4,UO/6-8/BTN.png,VERIFIED_BY_COLOR_GRID
UO,6-8,BTN,A9o,AI,purple,12,UO/6-8/BTN.png,VERIFIED_BY_COLOR_GRID
UO,6-8,BTN,K9o,AI,purple,12,UO/6-8/BTN.png,VERIFIED_BY_COLOR_GRID
UO,6-8,BTN,Q9o,AI,purple,12,UO/6-8/BTN.png,VERIFIED_BY_COLOR_GRID
UO,6-8,BTN,J9o,AI,purple,12,UO/6-8/BTN.png,VERIFIED_BY_COLOR_GRID
UO,6-8,BTN,T9o,AI,purple,12,UO/6-8/BTN.png,VERIFIED_BY_COLOR_GRID
UO,6-8,BTN,99,AI,purple,6,UO/6-8/BTN.png,VERIFIED_BY_COLOR_GRID
UO,6-8,BTN,98s,AI,purple,4,UO/6-8/BTN.png,VERIFIED_BY_COLOR_GRID
UO,6-8,BTN,97s,UNSELECTED,gray,4,UO/6-8/BTN.png,VERIFIED_BY_COLOR_GRID
UO,6-8,BTN,96s,UNSELECTED,gray,4,UO/6-8/BTN.png,VERIFIED_BY_COLOR_GRID
UO,6-8,BTN,95s,UNSELECTED,gray,4,UO/6-8/BTN.png,VERIFIED_BY_COLOR_GRID
UO,6-8,BTN,94s,UNSELECTED,gray,4,UO/6-8/BTN.png,VERIFIED_BY_COLOR_GRID
UO,6-8,BTN,93s,UNSELECTED,gray,4,UO/6-8/BTN.png,VERIFIED_BY_COLOR_GRID
UO,6-8,BTN,92s,UNSELECTED,gray,4,UO/6-8/BTN.png,VERIFIED_BY_COLOR_GRID
UO,6-8,BTN,A8o,AI,purple,12,UO/6-8/BTN.png,VERIFIED_BY_COLOR_GRID
UO,6-8,BTN,K8o,AI,purple,12,UO/6-8/BTN.png,VERIFIED_BY_COLOR_GRID
UO,6-8,BTN,Q8o,AI,purple,12,UO/6-8/BTN.png,VERIFIED_BY_COLOR_GRID
UO,6-8,BTN,J8o,UNSELECTED,gray,12,UO/6-8/BTN.png,VERIFIED_BY_COLOR_GRID
UO,6-8,BTN,T8o,UNSELECTED,gray,12,UO/6-8/BTN.png,VERIFIED_BY_COLOR_GRID
UO,6-8,BTN,98o,UNSELECTED,gray,12,UO/6-8/BTN.png,VERIFIED_BY_COLOR_GRID
UO,6-8,BTN,88,AI,purple,6,UO/6-8/BTN.png,VERIFIED_BY_COLOR_GRID
UO,6-8,BTN,87s,UNSELECTED,gray,4,UO/6-8/BTN.png,VERIFIED_BY_COLOR_GRID
UO,6-8,BTN,86s,UNSELECTED,gray,4,UO/6-8/BTN.png,VERIFIED_BY_COLOR_GRID
UO,6-8,BTN,85s,UNSELECTED,gray,4,UO/6-8/BTN.png,VERIFIED_BY_COLOR_GRID
UO,6-8,BTN,84s,UNSELECTED,gray,4,UO/6-8/BTN.png,VERIFIED_BY_COLOR_GRID
UO,6-8,BTN,83s,UNSELECTED,gray,4,UO/6-8/BTN.png,VERIFIED_BY_COLOR_GRID
UO,6-8,BTN,82s,UNSELECTED,gray,4,UO/6-8/BTN.png,VERIFIED_BY_COLOR_GRID
UO,6-8,BTN,A7o,AI,purple,12,UO/6-8/BTN.png,VERIFIED_BY_COLOR_GRID
UO,6-8,BTN,K7o,AI,purple,12,UO/6-8/BTN.png,VERIFIED_BY_COLOR_GRID
UO,6-8,BTN,Q7o,UNSELECTED,gray,12,UO/6-8/BTN.png,VERIFIED_BY_COLOR_GRID
UO,6-8,BTN,J7o,UNSELECTED,gray,12,UO/6-8/BTN.png,VERIFIED_BY_COLOR_GRID
UO,6-8,BTN,T7o,UNSELECTED,gray,12,UO/6-8/BTN.png,VERIFIED_BY_COLOR_GRID
UO,6-8,BTN,97o,UNSELECTED,gray,12,UO/6-8/BTN.png,VERIFIED_BY_COLOR_GRID
UO,6-8,BTN,87o,UNSELECTED,gray,12,UO/6-8/BTN.png,VERIFIED_BY_COLOR_GRID
UO,6-8,BTN,77,AI,purple,6,UO/6-8/BTN.png,VERIFIED_BY_COLOR_GRID
UO,6-8,BTN,76s,UNSELECTED,gray,4,UO/6-8/BTN.png,VERIFIED_BY_COLOR_GRID
UO,6-8,BTN,75s,UNSELECTED,gray,4,UO/6-8/BTN.png,VERIFIED_BY_COLOR_GRID
UO,6-8,BTN,74s,UNSELECTED,gray,4,UO/6-8/BTN.png,VERIFIED_BY_COLOR_GRID
UO,6-8,BTN,73s,UNSELECTED,gray,4,UO/6-8/BTN.png,VERIFIED_BY_COLOR_GRID
UO,6-8,BTN,72s,UNSELECTED,gray,4,UO/6-8/BTN.png,VERIFIED_BY_COLOR_GRID
UO,6-8,BTN,A6o,AI,purple,12,UO/6-8/BTN.png,VERIFIED_BY_COLOR_GRID
UO,6-8,BTN,K6o,AI,purple,12,UO/6-8/BTN.png,VERIFIED_BY_COLOR_GRID
UO,6-8,BTN,Q6o,UNSELECTED,gray,12,UO/6-8/BTN.png,VERIFIED_BY_COLOR_GRID
UO,6-8,BTN,J6o,UNSELECTED,gray,12,UO/6-8/BTN.png,VERIFIED_BY_COLOR_GRID
UO,6-8,BTN,T6o,UNSELECTED,gray,12,UO/6-8/BTN.png,VERIFIED_BY_COLOR_GRID
UO,6-8,BTN,96o,UNSELECTED,gray,12,UO/6-8/BTN.png,VERIFIED_BY_COLOR_GRID
UO,6-8,BTN,86o,UNSELECTED,gray,12,UO/6-8/BTN.png,VERIFIED_BY_COLOR_GRID
UO,6-8,BTN,76o,UNSELECTED,gray,12,UO/6-8/BTN.png,VERIFIED_BY_COLOR_GRID
UO,6-8,BTN,66,AI,purple,6,UO/6-8/BTN.png,VERIFIED_BY_COLOR_GRID
UO,6-8,BTN,65s,UNSELECTED,gray,4,UO/6-8/BTN.png,VERIFIED_BY_COLOR_GRID
UO,6-8,BTN,64s,UNSELECTED,gray,4,UO/6-8/BTN.png,VERIFIED_BY_COLOR_GRID
UO,6-8,BTN,63s,UNSELECTED,gray,4,UO/6-8/BTN.png,VERIFIED_BY_COLOR_GRID
UO,6-8,BTN,62s,UNSELECTED,gray,4,UO/6-8/BTN.png,VERIFIED_BY_COLOR_GRID
UO,6-8,BTN,A5o,AI,purple,12,UO/6-8/BTN.png,VERIFIED_BY_COLOR_GRID
UO,6-8,BTN,K5o,AI,purple,12,UO/6-8/BTN.png,VERIFIED_BY_COLOR_GRID
UO,6-8,BTN,Q5o,UNSELECTED,gray,12,UO/6-8/BTN.png,VERIFIED_BY_COLOR_GRID
UO,6-8,BTN,J5o,UNSELECTED,gray,12,UO/6-8/BTN.png,VERIFIED_BY_COLOR_GRID
UO,6-8,BTN,T5o,UNSELECTED,gray,12,UO/6-8/BTN.png,VERIFIED_BY_COLOR_GRID
UO,6-8,BTN,95o,UNSELECTED,gray,12,UO/6-8/BTN.png,VERIFIED_BY_COLOR_GRID
UO,6-8,BTN,85o,UNSELECTED,gray,12,UO/6-8/BTN.png,VERIFIED_BY_COLOR_GRID
UO,6-8,BTN,75o,UNSELECTED,gray,12,UO/6-8/BTN.png,VERIFIED_BY_COLOR_GRID
UO,6-8,BTN,65o,UNSELECTED,gray,12,UO/6-8/BTN.png,VERIFIED_BY_COLOR_GRID
UO,6-8,BTN,55,AI,purple,6,UO/6-8/BTN.png,VERIFIED_BY_COLOR_GRID
UO,6-8,BTN,54s,UNSELECTED,gray,4,UO/6-8/BTN.png,VERIFIED_BY_COLOR_GRID
UO,6-8,BTN,53s,UNSELECTED,gray,4,UO/6-8/BTN.png,VERIFIED_BY_COLOR_GRID
UO,6-8,BTN,52s,UNSELECTED,gray,4,UO/6-8/BTN.png,VERIFIED_BY_COLOR_GRID
UO,6-8,BTN,A4o,AI,purple,12,UO/6-8/BTN.png,VERIFIED_BY_COLOR_GRID
UO,6-8,BTN,K4o,AI,purple,12,UO/6-8/BTN.png,VERIFIED_BY_COLOR_GRID
UO,6-8,BTN,Q4o,UNSELECTED,gray,12,UO/6-8/BTN.png,VERIFIED_BY_COLOR_GRID
UO,6-8,BTN,J4o,UNSELECTED,gray,12,UO/6-8/BTN.png,VERIFIED_BY_COLOR_GRID
UO,6-8,BTN,T4o,UNSELECTED,gray,12,UO/6-8/BTN.png,VERIFIED_BY_COLOR_GRID
UO,6-8,BTN,94o,UNSELECTED,gray,12,UO/6-8/BTN.png,VERIFIED_BY_COLOR_GRID
UO,6-8,BTN,84o,UNSELECTED,gray,12,UO/6-8/BTN.png,VERIFIED_BY_COLOR_GRID
UO,6-8,BTN,74o,UNSELECTED,gray,12,UO/6-8/BTN.png,VERIFIED_BY_COLOR_GRID
UO,6-8,BTN,64o,UNSELECTED,gray,12,UO/6-8/BTN.png,VERIFIED_BY_COLOR_GRID
UO,6-8,BTN,54o,UNSELECTED,gray,12,UO/6-8/BTN.png,VERIFIED_BY_COLOR_GRID
UO,6-8,BTN,44,AI,purple,6,UO/6-8/BTN.png,VERIFIED_BY_COLOR_GRID
UO,6-8,BTN,43s,UNSELECTED,gray,4,UO/6-8/BTN.png,VERIFIED_BY_COLOR_GRID
UO,6-8,BTN,42s,UNSELECTED,gray,4,UO/6-8/BTN.png,VERIFIED_BY_COLOR_GRID
UO,6-8,BTN,A3o,AI,purple,12,UO/6-8/BTN.png,VERIFIED_BY_COLOR_GRID
UO,6-8,BTN,K3o,UNSELECTED,gray,12,UO/6-8/BTN.png,VERIFIED_BY_COLOR_GRID
UO,6-8,BTN,Q3o,UNSELECTED,gray,12,UO/6-8/BTN.png,VERIFIED_BY_COLOR_GRID
UO,6-8,BTN,J3o,UNSELECTED,gray,12,UO/6-8/BTN.png,VERIFIED_BY_COLOR_GRID
UO,6-8,BTN,T3o,UNSELECTED,gray,12,UO/6-8/BTN.png,VERIFIED_BY_COLOR_GRID
UO,6-8,BTN,93o,UNSELECTED,gray,12,UO/6-8/BTN.png,VERIFIED_BY_COLOR_GRID
UO,6-8,BTN,83o,UNSELECTED,gray,12,UO/6-8/BTN.png,VERIFIED_BY_COLOR_GRID
UO,6-8,BTN,73o,UNSELECTED,gray,12,UO/6-8/BTN.png,VERIFIED_BY_COLOR_GRID
UO,6-8,BTN,63o,UNSELECTED,gray,12,UO/6-8/BTN.png,VERIFIED_BY_COLOR_GRID
UO,6-8,BTN,53o,UNSELECTED,gray,12,UO/6-8/BTN.png,VERIFIED_BY_COLOR_GRID
UO,6-8,BTN,43o,UNSELECTED,gray,12,UO/6-8/BTN.png,VERIFIED_BY_COLOR_GRID
UO,6-8,BTN,33,AI,purple,6,UO/6-8/BTN.png,VERIFIED_BY_COLOR_GRID
UO,6-8,BTN,32s,UNSELECTED,gray,4,UO/6-8/BTN.png,VERIFIED_BY_COLOR_GRID
UO,6-8,BTN,A2o,AI,purple,12,UO/6-8/BTN.png,VERIFIED_BY_COLOR_GRID
UO,6-8,BTN,K2o,UNSELECTED,gray,12,UO/6-8/BTN.png,VERIFIED_BY_COLOR_GRID
UO,6-8,BTN,Q2o,UNSELECTED,gray,12,UO/6-8/BTN.png,VERIFIED_BY_COLOR_GRID
UO,6-8,BTN,J2o,UNSELECTED,gray,12,UO/6-8/BTN.png,VERIFIED_BY_COLOR_GRID
UO,6-8,BTN,T2o,UNSELECTED,gray,12,UO/6-8/BTN.png,VERIFIED_BY_COLOR_GRID
UO,6-8,BTN,92o,UNSELECTED,gray,12,UO/6-8/BTN.png,VERIFIED_BY_COLOR_GRID
UO,6-8,BTN,82o,UNSELECTED,gray,12,UO/6-8/BTN.png,VERIFIED_BY_COLOR_GRID
UO,6-8,BTN,72o,UNSELECTED,gray,12,UO/6-8/BTN.png,VERIFIED_BY_COLOR_GRID
UO,6-8,BTN,62o,UNSELECTED,gray,12,UO/6-8/BTN.png,VERIFIED_BY_COLOR_GRID
UO,6-8,BTN,52o,UNSELECTED,gray,12,UO/6-8/BTN.png,VERIFIED_BY_COLOR_GRID
UO,6-8,BTN,42o,UNSELECTED,gray,12,UO/6-8/BTN.png,VERIFIED_BY_COLOR_GRID
UO,6-8,BTN,32o,UNSELECTED,gray,12,UO/6-8/BTN.png,VERIFIED_BY_COLOR_GRID
UO,6-8,BTN,22,AI,purple,6,UO/6-8/BTN.png,VERIFIED_BY_COLOR_GRID
UO,8-10,EP,AA,AI,purple,6,UO/8-10/EP.png,VERIFIED_BY_COLOR_GRID
UO,8-10,EP,AKs,AI,purple,4,UO/8-10/EP.png,VERIFIED_BY_COLOR_GRID
UO,8-10,EP,AQs,AI,purple,4,UO/8-10/EP.png,VERIFIED_BY_COLOR_GRID
UO,8-10,EP,AJs,AI,purple,4,UO/8-10/EP.png,VERIFIED_BY_COLOR_GRID
UO,8-10,EP,ATs,AI,purple,4,UO/8-10/EP.png,VERIFIED_BY_COLOR_GRID
UO,8-10,EP,A9s,AI,purple,4,UO/8-10/EP.png,VERIFIED_BY_COLOR_GRID
UO,8-10,EP,A8s,AI,purple,4,UO/8-10/EP.png,VERIFIED_BY_COLOR_GRID
UO,8-10,EP,A7s,AI,purple,4,UO/8-10/EP.png,VERIFIED_BY_COLOR_GRID
UO,8-10,EP,A6s,AI,purple,4,UO/8-10/EP.png,VERIFIED_BY_COLOR_GRID
UO,8-10,EP,A5s,AI,purple,4,UO/8-10/EP.png,VERIFIED_BY_COLOR_GRID
UO,8-10,EP,A4s,UNSELECTED,gray,4,UO/8-10/EP.png,VERIFIED_BY_COLOR_GRID
UO,8-10,EP,A3s,UNSELECTED,gray,4,UO/8-10/EP.png,VERIFIED_BY_COLOR_GRID
UO,8-10,EP,A2s,UNSELECTED,gray,4,UO/8-10/EP.png,VERIFIED_BY_COLOR_GRID
UO,8-10,EP,AKo,AI,purple,12,UO/8-10/EP.png,VERIFIED_BY_COLOR_GRID
UO,8-10,EP,KK,AI,purple,6,UO/8-10/EP.png,VERIFIED_BY_COLOR_GRID
UO,8-10,EP,KQs,AI,purple,4,UO/8-10/EP.png,VERIFIED_BY_COLOR_GRID
UO,8-10,EP,KJs,AI,purple,4,UO/8-10/EP.png,VERIFIED_BY_COLOR_GRID
UO,8-10,EP,KTs,AI,purple,4,UO/8-10/EP.png,VERIFIED_BY_COLOR_GRID
UO,8-10,EP,K9s,UNSELECTED,gray,4,UO/8-10/EP.png,VERIFIED_BY_COLOR_GRID
UO,8-10,EP,K8s,UNSELECTED,gray,4,UO/8-10/EP.png,VERIFIED_BY_COLOR_GRID
UO,8-10,EP,K7s,UNSELECTED,gray,4,UO/8-10/EP.png,VERIFIED_BY_COLOR_GRID
UO,8-10,EP,K6s,UNSELECTED,gray,4,UO/8-10/EP.png,VERIFIED_BY_COLOR_GRID
UO,8-10,EP,K5s,UNSELECTED,gray,4,UO/8-10/EP.png,VERIFIED_BY_COLOR_GRID
UO,8-10,EP,K4s,UNSELECTED,gray,4,UO/8-10/EP.png,VERIFIED_BY_COLOR_GRID
UO,8-10,EP,K3s,UNSELECTED,gray,4,UO/8-10/EP.png,VERIFIED_BY_COLOR_GRID
UO,8-10,EP,K2s,UNSELECTED,gray,4,UO/8-10/EP.png,VERIFIED_BY_COLOR_GRID
UO,8-10,EP,AQo,AI,purple,12,UO/8-10/EP.png,VERIFIED_BY_COLOR_GRID
UO,8-10,EP,KQo,AI,purple,12,UO/8-10/EP.png,VERIFIED_BY_COLOR_GRID
UO,8-10,EP,QQ,AI,purple,6,UO/8-10/EP.png,VERIFIED_BY_COLOR_GRID
UO,8-10,EP,QJs,AI,purple,4,UO/8-10/EP.png,VERIFIED_BY_COLOR_GRID
UO,8-10,EP,QTs,AI,purple,4,UO/8-10/EP.png,VERIFIED_BY_COLOR_GRID
UO,8-10,EP,Q9s,UNSELECTED,gray,4,UO/8-10/EP.png,VERIFIED_BY_COLOR_GRID
UO,8-10,EP,Q8s,UNSELECTED,gray,4,UO/8-10/EP.png,VERIFIED_BY_COLOR_GRID
UO,8-10,EP,Q7s,UNSELECTED,gray,4,UO/8-10/EP.png,VERIFIED_BY_COLOR_GRID
UO,8-10,EP,Q6s,UNSELECTED,gray,4,UO/8-10/EP.png,VERIFIED_BY_COLOR_GRID
UO,8-10,EP,Q5s,UNSELECTED,gray,4,UO/8-10/EP.png,VERIFIED_BY_COLOR_GRID
UO,8-10,EP,Q4s,UNSELECTED,gray,4,UO/8-10/EP.png,VERIFIED_BY_COLOR_GRID
UO,8-10,EP,Q3s,UNSELECTED,gray,4,UO/8-10/EP.png,VERIFIED_BY_COLOR_GRID
UO,8-10,EP,Q2s,UNSELECTED,gray,4,UO/8-10/EP.png,VERIFIED_BY_COLOR_GRID
UO,8-10,EP,AJo,AI,purple,12,UO/8-10/EP.png,VERIFIED_BY_COLOR_GRID
UO,8-10,EP,KJo,AI,purple,12,UO/8-10/EP.png,VERIFIED_BY_COLOR_GRID
UO,8-10,EP,QJo,UNSELECTED,gray,12,UO/8-10/EP.png,VERIFIED_BY_COLOR_GRID
UO,8-10,EP,JJ,AI,purple,6,UO/8-10/EP.png,VERIFIED_BY_COLOR_GRID
UO,8-10,EP,JTs,UNSELECTED,gray,4,UO/8-10/EP.png,VERIFIED_BY_COLOR_GRID
UO,8-10,EP,J9s,UNSELECTED,gray,4,UO/8-10/EP.png,VERIFIED_BY_COLOR_GRID
UO,8-10,EP,J8s,UNSELECTED,gray,4,UO/8-10/EP.png,VERIFIED_BY_COLOR_GRID
UO,8-10,EP,J7s,UNSELECTED,gray,4,UO/8-10/EP.png,VERIFIED_BY_COLOR_GRID
UO,8-10,EP,J6s,UNSELECTED,gray,4,UO/8-10/EP.png,VERIFIED_BY_COLOR_GRID
UO,8-10,EP,J5s,UNSELECTED,gray,4,UO/8-10/EP.png,VERIFIED_BY_COLOR_GRID
UO,8-10,EP,J4s,UNSELECTED,gray,4,UO/8-10/EP.png,VERIFIED_BY_COLOR_GRID
UO,8-10,EP,J3s,UNSELECTED,gray,4,UO/8-10/EP.png,VERIFIED_BY_COLOR_GRID
UO,8-10,EP,J2s,UNSELECTED,gray,4,UO/8-10/EP.png,VERIFIED_BY_COLOR_GRID
UO,8-10,EP,ATo,AI,purple,12,UO/8-10/EP.png,VERIFIED_BY_COLOR_GRID
UO,8-10,EP,KTo,UNSELECTED,gray,12,UO/8-10/EP.png,VERIFIED_BY_COLOR_GRID
UO,8-10,EP,QTo,UNSELECTED,gray,12,UO/8-10/EP.png,VERIFIED_BY_COLOR_GRID
UO,8-10,EP,JTo,UNSELECTED,gray,12,UO/8-10/EP.png,VERIFIED_BY_COLOR_GRID
UO,8-10,EP,TT,AI,purple,6,UO/8-10/EP.png,VERIFIED_BY_COLOR_GRID
UO,8-10,EP,T9s,UNSELECTED,gray,4,UO/8-10/EP.png,VERIFIED_BY_COLOR_GRID
UO,8-10,EP,T8s,UNSELECTED,gray,4,UO/8-10/EP.png,VERIFIED_BY_COLOR_GRID
UO,8-10,EP,T7s,UNSELECTED,gray,4,UO/8-10/EP.png,VERIFIED_BY_COLOR_GRID
UO,8-10,EP,T6s,UNSELECTED,gray,4,UO/8-10/EP.png,VERIFIED_BY_COLOR_GRID
UO,8-10,EP,T5s,UNSELECTED,gray,4,UO/8-10/EP.png,VERIFIED_BY_COLOR_GRID
UO,8-10,EP,T4s,UNSELECTED,gray,4,UO/8-10/EP.png,VERIFIED_BY_COLOR_GRID
UO,8-10,EP,T3s,UNSELECTED,gray,4,UO/8-10/EP.png,VERIFIED_BY_COLOR_GRID
UO,8-10,EP,T2s,UNSELECTED,gray,4,UO/8-10/EP.png,VERIFIED_BY_COLOR_GRID
UO,8-10,EP,A9o,AI,purple,12,UO/8-10/EP.png,VERIFIED_BY_COLOR_GRID
UO,8-10,EP,K9o,UNSELECTED,gray,12,UO/8-10/EP.png,VERIFIED_BY_COLOR_GRID
UO,8-10,EP,Q9o,UNSELECTED,gray,12,UO/8-10/EP.png,VERIFIED_BY_COLOR_GRID
UO,8-10,EP,J9o,UNSELECTED,gray,12,UO/8-10/EP.png,VERIFIED_BY_COLOR_GRID
UO,8-10,EP,T9o,UNSELECTED,gray,12,UO/8-10/EP.png,VERIFIED_BY_COLOR_GRID
UO,8-10,EP,99,AI,purple,6,UO/8-10/EP.png,VERIFIED_BY_COLOR_GRID
UO,8-10,EP,98s,UNSELECTED,gray,4,UO/8-10/EP.png,VERIFIED_BY_COLOR_GRID
UO,8-10,EP,97s,UNSELECTED,gray,4,UO/8-10/EP.png,VERIFIED_BY_COLOR_GRID
UO,8-10,EP,96s,UNSELECTED,gray,4,UO/8-10/EP.png,VERIFIED_BY_COLOR_GRID
UO,8-10,EP,95s,UNSELECTED,gray,4,UO/8-10/EP.png,VERIFIED_BY_COLOR_GRID
UO,8-10,EP,94s,UNSELECTED,gray,4,UO/8-10/EP.png,VERIFIED_BY_COLOR_GRID
UO,8-10,EP,93s,UNSELECTED,gray,4,UO/8-10/EP.png,VERIFIED_BY_COLOR_GRID
UO,8-10,EP,92s,UNSELECTED,gray,4,UO/8-10/EP.png,VERIFIED_BY_COLOR_GRID
UO,8-10,EP,A8o,UNSELECTED,gray,12,UO/8-10/EP.png,VERIFIED_BY_COLOR_GRID
UO,8-10,EP,K8o,UNSELECTED,gray,12,UO/8-10/EP.png,VERIFIED_BY_COLOR_GRID
UO,8-10,EP,Q8o,UNSELECTED,gray,12,UO/8-10/EP.png,VERIFIED_BY_COLOR_GRID
UO,8-10,EP,J8o,UNSELECTED,gray,12,UO/8-10/EP.png,VERIFIED_BY_COLOR_GRID
UO,8-10,EP,T8o,UNSELECTED,gray,12,UO/8-10/EP.png,VERIFIED_BY_COLOR_GRID
UO,8-10,EP,98o,UNSELECTED,gray,12,UO/8-10/EP.png,VERIFIED_BY_COLOR_GRID
UO,8-10,EP,88,AI,purple,6,UO/8-10/EP.png,VERIFIED_BY_COLOR_GRID
UO,8-10,EP,87s,UNSELECTED,gray,4,UO/8-10/EP.png,VERIFIED_BY_COLOR_GRID
UO,8-10,EP,86s,UNSELECTED,gray,4,UO/8-10/EP.png,VERIFIED_BY_COLOR_GRID
UO,8-10,EP,85s,UNSELECTED,gray,4,UO/8-10/EP.png,VERIFIED_BY_COLOR_GRID
UO,8-10,EP,84s,UNSELECTED,gray,4,UO/8-10/EP.png,VERIFIED_BY_COLOR_GRID
UO,8-10,EP,83s,UNSELECTED,gray,4,UO/8-10/EP.png,VERIFIED_BY_COLOR_GRID
UO,8-10,EP,82s,UNSELECTED,gray,4,UO/8-10/EP.png,VERIFIED_BY_COLOR_GRID
UO,8-10,EP,A7o,UNSELECTED,gray,12,UO/8-10/EP.png,VERIFIED_BY_COLOR_GRID
UO,8-10,EP,K7o,UNSELECTED,gray,12,UO/8-10/EP.png,VERIFIED_BY_COLOR_GRID
UO,8-10,EP,Q7o,UNSELECTED,gray,12,UO/8-10/EP.png,VERIFIED_BY_COLOR_GRID
UO,8-10,EP,J7o,UNSELECTED,gray,12,UO/8-10/EP.png,VERIFIED_BY_COLOR_GRID
UO,8-10,EP,T7o,UNSELECTED,gray,12,UO/8-10/EP.png,VERIFIED_BY_COLOR_GRID
UO,8-10,EP,97o,UNSELECTED,gray,12,UO/8-10/EP.png,VERIFIED_BY_COLOR_GRID
UO,8-10,EP,87o,UNSELECTED,gray,12,UO/8-10/EP.png,VERIFIED_BY_COLOR_GRID
UO,8-10,EP,77,AI,purple,6,UO/8-10/EP.png,VERIFIED_BY_COLOR_GRID
UO,8-10,EP,76s,UNSELECTED,gray,4,UO/8-10/EP.png,VERIFIED_BY_COLOR_GRID
UO,8-10,EP,75s,UNSELECTED,gray,4,UO/8-10/EP.png,VERIFIED_BY_COLOR_GRID
UO,8-10,EP,74s,UNSELECTED,gray,4,UO/8-10/EP.png,VERIFIED_BY_COLOR_GRID
UO,8-10,EP,73s,UNSELECTED,gray,4,UO/8-10/EP.png,VERIFIED_BY_COLOR_GRID
UO,8-10,EP,72s,UNSELECTED,gray,4,UO/8-10/EP.png,VERIFIED_BY_COLOR_GRID
UO,8-10,EP,A6o,UNSELECTED,gray,12,UO/8-10/EP.png,VERIFIED_BY_COLOR_GRID
UO,8-10,EP,K6o,UNSELECTED,gray,12,UO/8-10/EP.png,VERIFIED_BY_COLOR_GRID
UO,8-10,EP,Q6o,UNSELECTED,gray,12,UO/8-10/EP.png,VERIFIED_BY_COLOR_GRID
UO,8-10,EP,J6o,UNSELECTED,gray,12,UO/8-10/EP.png,VERIFIED_BY_COLOR_GRID
UO,8-10,EP,T6o,UNSELECTED,gray,12,UO/8-10/EP.png,VERIFIED_BY_COLOR_GRID
UO,8-10,EP,96o,UNSELECTED,gray,12,UO/8-10/EP.png,VERIFIED_BY_COLOR_GRID
UO,8-10,EP,86o,UNSELECTED,gray,12,UO/8-10/EP.png,VERIFIED_BY_COLOR_GRID
UO,8-10,EP,76o,UNSELECTED,gray,12,UO/8-10/EP.png,VERIFIED_BY_COLOR_GRID
UO,8-10,EP,66,AI,purple,6,UO/8-10/EP.png,VERIFIED_BY_COLOR_GRID
UO,8-10,EP,65s,UNSELECTED,gray,4,UO/8-10/EP.png,VERIFIED_BY_COLOR_GRID
UO,8-10,EP,64s,UNSELECTED,gray,4,UO/8-10/EP.png,VERIFIED_BY_COLOR_GRID
UO,8-10,EP,63s,UNSELECTED,gray,4,UO/8-10/EP.png,VERIFIED_BY_COLOR_GRID
UO,8-10,EP,62s,UNSELECTED,gray,4,UO/8-10/EP.png,VERIFIED_BY_COLOR_GRID
UO,8-10,EP,A5o,UNSELECTED,gray,12,UO/8-10/EP.png,VERIFIED_BY_COLOR_GRID
UO,8-10,EP,K5o,UNSELECTED,gray,12,UO/8-10/EP.png,VERIFIED_BY_COLOR_GRID
UO,8-10,EP,Q5o,UNSELECTED,gray,12,UO/8-10/EP.png,VERIFIED_BY_COLOR_GRID
UO,8-10,EP,J5o,UNSELECTED,gray,12,UO/8-10/EP.png,VERIFIED_BY_COLOR_GRID
UO,8-10,EP,T5o,UNSELECTED,gray,12,UO/8-10/EP.png,VERIFIED_BY_COLOR_GRID
UO,8-10,EP,95o,UNSELECTED,gray,12,UO/8-10/EP.png,VERIFIED_BY_COLOR_GRID
UO,8-10,EP,85o,UNSELECTED,gray,12,UO/8-10/EP.png,VERIFIED_BY_COLOR_GRID
UO,8-10,EP,75o,UNSELECTED,gray,12,UO/8-10/EP.png,VERIFIED_BY_COLOR_GRID
UO,8-10,EP,65o,UNSELECTED,gray,12,UO/8-10/EP.png,VERIFIED_BY_COLOR_GRID
UO,8-10,EP,55,AI,purple,6,UO/8-10/EP.png,VERIFIED_BY_COLOR_GRID
UO,8-10,EP,54s,UNSELECTED,gray,4,UO/8-10/EP.png,VERIFIED_BY_COLOR_GRID
UO,8-10,EP,53s,UNSELECTED,gray,4,UO/8-10/EP.png,VERIFIED_BY_COLOR_GRID
UO,8-10,EP,52s,UNSELECTED,gray,4,UO/8-10/EP.png,VERIFIED_BY_COLOR_GRID
UO,8-10,EP,A4o,UNSELECTED,gray,12,UO/8-10/EP.png,VERIFIED_BY_COLOR_GRID
UO,8-10,EP,K4o,UNSELECTED,gray,12,UO/8-10/EP.png,VERIFIED_BY_COLOR_GRID
UO,8-10,EP,Q4o,UNSELECTED,gray,12,UO/8-10/EP.png,VERIFIED_BY_COLOR_GRID
UO,8-10,EP,J4o,UNSELECTED,gray,12,UO/8-10/EP.png,VERIFIED_BY_COLOR_GRID
UO,8-10,EP,T4o,UNSELECTED,gray,12,UO/8-10/EP.png,VERIFIED_BY_COLOR_GRID
UO,8-10,EP,94o,UNSELECTED,gray,12,UO/8-10/EP.png,VERIFIED_BY_COLOR_GRID
UO,8-10,EP,84o,UNSELECTED,gray,12,UO/8-10/EP.png,VERIFIED_BY_COLOR_GRID
UO,8-10,EP,74o,UNSELECTED,gray,12,UO/8-10/EP.png,VERIFIED_BY_COLOR_GRID
UO,8-10,EP,64o,UNSELECTED,gray,12,UO/8-10/EP.png,VERIFIED_BY_COLOR_GRID
UO,8-10,EP,54o,UNSELECTED,gray,12,UO/8-10/EP.png,VERIFIED_BY_COLOR_GRID
UO,8-10,EP,44,AI,purple,6,UO/8-10/EP.png,VERIFIED_BY_COLOR_GRID
UO,8-10,EP,43s,UNSELECTED,gray,4,UO/8-10/EP.png,VERIFIED_BY_COLOR_GRID
UO,8-10,EP,42s,UNSELECTED,gray,4,UO/8-10/EP.png,VERIFIED_BY_COLOR_GRID
UO,8-10,EP,A3o,UNSELECTED,gray,12,UO/8-10/EP.png,VERIFIED_BY_COLOR_GRID
UO,8-10,EP,K3o,UNSELECTED,gray,12,UO/8-10/EP.png,VERIFIED_BY_COLOR_GRID
UO,8-10,EP,Q3o,UNSELECTED,gray,12,UO/8-10/EP.png,VERIFIED_BY_COLOR_GRID
UO,8-10,EP,J3o,UNSELECTED,gray,12,UO/8-10/EP.png,VERIFIED_BY_COLOR_GRID
UO,8-10,EP,T3o,UNSELECTED,gray,12,UO/8-10/EP.png,VERIFIED_BY_COLOR_GRID
UO,8-10,EP,93o,UNSELECTED,gray,12,UO/8-10/EP.png,VERIFIED_BY_COLOR_GRID
UO,8-10,EP,83o,UNSELECTED,gray,12,UO/8-10/EP.png,VERIFIED_BY_COLOR_GRID
UO,8-10,EP,73o,UNSELECTED,gray,12,UO/8-10/EP.png,VERIFIED_BY_COLOR_GRID
UO,8-10,EP,63o,UNSELECTED,gray,12,UO/8-10/EP.png,VERIFIED_BY_COLOR_GRID
UO,8-10,EP,53o,UNSELECTED,gray,12,UO/8-10/EP.png,VERIFIED_BY_COLOR_GRID
UO,8-10,EP,43o,UNSELECTED,gray,12,UO/8-10/EP.png,VERIFIED_BY_COLOR_GRID
UO,8-10,EP,33,AI,purple,6,UO/8-10/EP.png,VERIFIED_BY_COLOR_GRID
UO,8-10,EP,32s,UNSELECTED,gray,4,UO/8-10/EP.png,VERIFIED_BY_COLOR_GRID
UO,8-10,EP,A2o,UNSELECTED,gray,12,UO/8-10/EP.png,VERIFIED_BY_COLOR_GRID
UO,8-10,EP,K2o,UNSELECTED,gray,12,UO/8-10/EP.png,VERIFIED_BY_COLOR_GRID
UO,8-10,EP,Q2o,UNSELECTED,gray,12,UO/8-10/EP.png,VERIFIED_BY_COLOR_GRID
UO,8-10,EP,J2o,UNSELECTED,gray,12,UO/8-10/EP.png,VERIFIED_BY_COLOR_GRID
UO,8-10,EP,T2o,UNSELECTED,gray,12,UO/8-10/EP.png,VERIFIED_BY_COLOR_GRID
UO,8-10,EP,92o,UNSELECTED,gray,12,UO/8-10/EP.png,VERIFIED_BY_COLOR_GRID
UO,8-10,EP,82o,UNSELECTED,gray,12,UO/8-10/EP.png,VERIFIED_BY_COLOR_GRID
UO,8-10,EP,72o,UNSELECTED,gray,12,UO/8-10/EP.png,VERIFIED_BY_COLOR_GRID
UO,8-10,EP,62o,UNSELECTED,gray,12,UO/8-10/EP.png,VERIFIED_BY_COLOR_GRID
UO,8-10,EP,52o,UNSELECTED,gray,12,UO/8-10/EP.png,VERIFIED_BY_COLOR_GRID
UO,8-10,EP,42o,UNSELECTED,gray,12,UO/8-10/EP.png,VERIFIED_BY_COLOR_GRID
UO,8-10,EP,32o,UNSELECTED,gray,12,UO/8-10/EP.png,VERIFIED_BY_COLOR_GRID
UO,8-10,EP,22,UNSELECTED,gray,6,UO/8-10/EP.png,VERIFIED_BY_COLOR_GRID
UO,8-10,MP,AA,AI,purple,6,UO/8-10/MP.png,VERIFIED_BY_COLOR_GRID
UO,8-10,MP,AKs,AI,purple,4,UO/8-10/MP.png,VERIFIED_BY_COLOR_GRID
UO,8-10,MP,AQs,AI,purple,4,UO/8-10/MP.png,VERIFIED_BY_COLOR_GRID
UO,8-10,MP,AJs,AI,purple,4,UO/8-10/MP.png,VERIFIED_BY_COLOR_GRID
UO,8-10,MP,ATs,AI,purple,4,UO/8-10/MP.png,VERIFIED_BY_COLOR_GRID
UO,8-10,MP,A9s,AI,purple,4,UO/8-10/MP.png,VERIFIED_BY_COLOR_GRID
UO,8-10,MP,A8s,AI,purple,4,UO/8-10/MP.png,VERIFIED_BY_COLOR_GRID
UO,8-10,MP,A7s,AI,purple,4,UO/8-10/MP.png,VERIFIED_BY_COLOR_GRID
UO,8-10,MP,A6s,AI,purple,4,UO/8-10/MP.png,VERIFIED_BY_COLOR_GRID
UO,8-10,MP,A5s,AI,purple,4,UO/8-10/MP.png,VERIFIED_BY_COLOR_GRID
UO,8-10,MP,A4s,AI,purple,4,UO/8-10/MP.png,VERIFIED_BY_COLOR_GRID
UO,8-10,MP,A3s,AI,purple,4,UO/8-10/MP.png,VERIFIED_BY_COLOR_GRID
UO,8-10,MP,A2s,AI,purple,4,UO/8-10/MP.png,VERIFIED_BY_COLOR_GRID
UO,8-10,MP,AKo,AI,purple,12,UO/8-10/MP.png,VERIFIED_BY_COLOR_GRID
UO,8-10,MP,KK,AI,purple,6,UO/8-10/MP.png,VERIFIED_BY_COLOR_GRID
UO,8-10,MP,KQs,AI,purple,4,UO/8-10/MP.png,VERIFIED_BY_COLOR_GRID
UO,8-10,MP,KJs,AI,purple,4,UO/8-10/MP.png,VERIFIED_BY_COLOR_GRID
UO,8-10,MP,KTs,AI,purple,4,UO/8-10/MP.png,VERIFIED_BY_COLOR_GRID
UO,8-10,MP,K9s,UNSELECTED,gray,4,UO/8-10/MP.png,VERIFIED_BY_COLOR_GRID
UO,8-10,MP,K8s,UNSELECTED,gray,4,UO/8-10/MP.png,VERIFIED_BY_COLOR_GRID
UO,8-10,MP,K7s,UNSELECTED,gray,4,UO/8-10/MP.png,VERIFIED_BY_COLOR_GRID
UO,8-10,MP,K6s,UNSELECTED,gray,4,UO/8-10/MP.png,VERIFIED_BY_COLOR_GRID
UO,8-10,MP,K5s,UNSELECTED,gray,4,UO/8-10/MP.png,VERIFIED_BY_COLOR_GRID
UO,8-10,MP,K4s,UNSELECTED,gray,4,UO/8-10/MP.png,VERIFIED_BY_COLOR_GRID
UO,8-10,MP,K3s,UNSELECTED,gray,4,UO/8-10/MP.png,VERIFIED_BY_COLOR_GRID
UO,8-10,MP,K2s,UNSELECTED,gray,4,UO/8-10/MP.png,VERIFIED_BY_COLOR_GRID
UO,8-10,MP,AQo,AI,purple,12,UO/8-10/MP.png,VERIFIED_BY_COLOR_GRID
UO,8-10,MP,KQo,AI,purple,12,UO/8-10/MP.png,VERIFIED_BY_COLOR_GRID
UO,8-10,MP,QQ,AI,purple,6,UO/8-10/MP.png,VERIFIED_BY_COLOR_GRID
UO,8-10,MP,QJs,AI,purple,4,UO/8-10/MP.png,VERIFIED_BY_COLOR_GRID
UO,8-10,MP,QTs,AI,purple,4,UO/8-10/MP.png,VERIFIED_BY_COLOR_GRID
UO,8-10,MP,Q9s,UNSELECTED,gray,4,UO/8-10/MP.png,VERIFIED_BY_COLOR_GRID
UO,8-10,MP,Q8s,UNSELECTED,gray,4,UO/8-10/MP.png,VERIFIED_BY_COLOR_GRID
UO,8-10,MP,Q7s,UNSELECTED,gray,4,UO/8-10/MP.png,VERIFIED_BY_COLOR_GRID
UO,8-10,MP,Q6s,UNSELECTED,gray,4,UO/8-10/MP.png,VERIFIED_BY_COLOR_GRID
UO,8-10,MP,Q5s,UNSELECTED,gray,4,UO/8-10/MP.png,VERIFIED_BY_COLOR_GRID
UO,8-10,MP,Q4s,UNSELECTED,gray,4,UO/8-10/MP.png,VERIFIED_BY_COLOR_GRID
UO,8-10,MP,Q3s,UNSELECTED,gray,4,UO/8-10/MP.png,VERIFIED_BY_COLOR_GRID
UO,8-10,MP,Q2s,UNSELECTED,gray,4,UO/8-10/MP.png,VERIFIED_BY_COLOR_GRID
UO,8-10,MP,AJo,AI,purple,12,UO/8-10/MP.png,VERIFIED_BY_COLOR_GRID
UO,8-10,MP,KJo,AI,purple,12,UO/8-10/MP.png,VERIFIED_BY_COLOR_GRID
UO,8-10,MP,QJo,AI,purple,12,UO/8-10/MP.png,VERIFIED_BY_COLOR_GRID
UO,8-10,MP,JJ,AI,purple,6,UO/8-10/MP.png,VERIFIED_BY_COLOR_GRID
UO,8-10,MP,JTs,AI,purple,4,UO/8-10/MP.png,VERIFIED_BY_COLOR_GRID
UO,8-10,MP,J9s,UNSELECTED,gray,4,UO/8-10/MP.png,VERIFIED_BY_COLOR_GRID
UO,8-10,MP,J8s,UNSELECTED,gray,4,UO/8-10/MP.png,VERIFIED_BY_COLOR_GRID
UO,8-10,MP,J7s,UNSELECTED,gray,4,UO/8-10/MP.png,VERIFIED_BY_COLOR_GRID
UO,8-10,MP,J6s,UNSELECTED,gray,4,UO/8-10/MP.png,VERIFIED_BY_COLOR_GRID
UO,8-10,MP,J5s,UNSELECTED,gray,4,UO/8-10/MP.png,VERIFIED_BY_COLOR_GRID
UO,8-10,MP,J4s,UNSELECTED,gray,4,UO/8-10/MP.png,VERIFIED_BY_COLOR_GRID
UO,8-10,MP,J3s,UNSELECTED,gray,4,UO/8-10/MP.png,VERIFIED_BY_COLOR_GRID
UO,8-10,MP,J2s,UNSELECTED,gray,4,UO/8-10/MP.png,VERIFIED_BY_COLOR_GRID
UO,8-10,MP,ATo,AI,purple,12,UO/8-10/MP.png,VERIFIED_BY_COLOR_GRID
UO,8-10,MP,KTo,AI,purple,12,UO/8-10/MP.png,VERIFIED_BY_COLOR_GRID
UO,8-10,MP,QTo,UNSELECTED,gray,12,UO/8-10/MP.png,VERIFIED_BY_COLOR_GRID
UO,8-10,MP,JTo,UNSELECTED,gray,12,UO/8-10/MP.png,VERIFIED_BY_COLOR_GRID
UO,8-10,MP,TT,AI,purple,6,UO/8-10/MP.png,VERIFIED_BY_COLOR_GRID
UO,8-10,MP,T9s,UNSELECTED,gray,4,UO/8-10/MP.png,VERIFIED_BY_COLOR_GRID
UO,8-10,MP,T8s,UNSELECTED,gray,4,UO/8-10/MP.png,VERIFIED_BY_COLOR_GRID
UO,8-10,MP,T7s,UNSELECTED,gray,4,UO/8-10/MP.png,VERIFIED_BY_COLOR_GRID
UO,8-10,MP,T6s,UNSELECTED,gray,4,UO/8-10/MP.png,VERIFIED_BY_COLOR_GRID
UO,8-10,MP,T5s,UNSELECTED,gray,4,UO/8-10/MP.png,VERIFIED_BY_COLOR_GRID
UO,8-10,MP,T4s,UNSELECTED,gray,4,UO/8-10/MP.png,VERIFIED_BY_COLOR_GRID
UO,8-10,MP,T3s,UNSELECTED,gray,4,UO/8-10/MP.png,VERIFIED_BY_COLOR_GRID
UO,8-10,MP,T2s,UNSELECTED,gray,4,UO/8-10/MP.png,VERIFIED_BY_COLOR_GRID
UO,8-10,MP,A9o,AI,purple,12,UO/8-10/MP.png,VERIFIED_BY_COLOR_GRID
UO,8-10,MP,K9o,UNSELECTED,gray,12,UO/8-10/MP.png,VERIFIED_BY_COLOR_GRID
UO,8-10,MP,Q9o,UNSELECTED,gray,12,UO/8-10/MP.png,VERIFIED_BY_COLOR_GRID
UO,8-10,MP,J9o,UNSELECTED,gray,12,UO/8-10/MP.png,VERIFIED_BY_COLOR_GRID
UO,8-10,MP,T9o,UNSELECTED,gray,12,UO/8-10/MP.png,VERIFIED_BY_COLOR_GRID
UO,8-10,MP,99,AI,purple,6,UO/8-10/MP.png,VERIFIED_BY_COLOR_GRID
UO,8-10,MP,98s,UNSELECTED,gray,4,UO/8-10/MP.png,VERIFIED_BY_COLOR_GRID
UO,8-10,MP,97s,UNSELECTED,gray,4,UO/8-10/MP.png,VERIFIED_BY_COLOR_GRID
UO,8-10,MP,96s,UNSELECTED,gray,4,UO/8-10/MP.png,VERIFIED_BY_COLOR_GRID
UO,8-10,MP,95s,UNSELECTED,gray,4,UO/8-10/MP.png,VERIFIED_BY_COLOR_GRID
UO,8-10,MP,94s,UNSELECTED,gray,4,UO/8-10/MP.png,VERIFIED_BY_COLOR_GRID
UO,8-10,MP,93s,UNSELECTED,gray,4,UO/8-10/MP.png,VERIFIED_BY_COLOR_GRID
UO,8-10,MP,92s,UNSELECTED,gray,4,UO/8-10/MP.png,VERIFIED_BY_COLOR_GRID
UO,8-10,MP,A8o,AI,purple,12,UO/8-10/MP.png,VERIFIED_BY_COLOR_GRID
UO,8-10,MP,K8o,UNSELECTED,gray,12,UO/8-10/MP.png,VERIFIED_BY_COLOR_GRID
UO,8-10,MP,Q8o,UNSELECTED,gray,12,UO/8-10/MP.png,VERIFIED_BY_COLOR_GRID
UO,8-10,MP,J8o,UNSELECTED,gray,12,UO/8-10/MP.png,VERIFIED_BY_COLOR_GRID
UO,8-10,MP,T8o,UNSELECTED,gray,12,UO/8-10/MP.png,VERIFIED_BY_COLOR_GRID
UO,8-10,MP,98o,UNSELECTED,gray,12,UO/8-10/MP.png,VERIFIED_BY_COLOR_GRID
UO,8-10,MP,88,AI,purple,6,UO/8-10/MP.png,VERIFIED_BY_COLOR_GRID
UO,8-10,MP,87s,UNSELECTED,gray,4,UO/8-10/MP.png,VERIFIED_BY_COLOR_GRID
UO,8-10,MP,86s,UNSELECTED,gray,4,UO/8-10/MP.png,VERIFIED_BY_COLOR_GRID
UO,8-10,MP,85s,UNSELECTED,gray,4,UO/8-10/MP.png,VERIFIED_BY_COLOR_GRID
UO,8-10,MP,84s,UNSELECTED,gray,4,UO/8-10/MP.png,VERIFIED_BY_COLOR_GRID
UO,8-10,MP,83s,UNSELECTED,gray,4,UO/8-10/MP.png,VERIFIED_BY_COLOR_GRID
UO,8-10,MP,82s,UNSELECTED,gray,4,UO/8-10/MP.png,VERIFIED_BY_COLOR_GRID
UO,8-10,MP,A7o,UNSELECTED,gray,12,UO/8-10/MP.png,VERIFIED_BY_COLOR_GRID
UO,8-10,MP,K7o,UNSELECTED,gray,12,UO/8-10/MP.png,VERIFIED_BY_COLOR_GRID
UO,8-10,MP,Q7o,UNSELECTED,gray,12,UO/8-10/MP.png,VERIFIED_BY_COLOR_GRID
UO,8-10,MP,J7o,UNSELECTED,gray,12,UO/8-10/MP.png,VERIFIED_BY_COLOR_GRID
UO,8-10,MP,T7o,UNSELECTED,gray,12,UO/8-10/MP.png,VERIFIED_BY_COLOR_GRID
UO,8-10,MP,97o,UNSELECTED,gray,12,UO/8-10/MP.png,VERIFIED_BY_COLOR_GRID
UO,8-10,MP,87o,UNSELECTED,gray,12,UO/8-10/MP.png,VERIFIED_BY_COLOR_GRID
UO,8-10,MP,77,AI,purple,6,UO/8-10/MP.png,VERIFIED_BY_COLOR_GRID
UO,8-10,MP,76s,UNSELECTED,gray,4,UO/8-10/MP.png,VERIFIED_BY_COLOR_GRID
UO,8-10,MP,75s,UNSELECTED,gray,4,UO/8-10/MP.png,VERIFIED_BY_COLOR_GRID
UO,8-10,MP,74s,UNSELECTED,gray,4,UO/8-10/MP.png,VERIFIED_BY_COLOR_GRID
UO,8-10,MP,73s,UNSELECTED,gray,4,UO/8-10/MP.png,VERIFIED_BY_COLOR_GRID
UO,8-10,MP,72s,UNSELECTED,gray,4,UO/8-10/MP.png,VERIFIED_BY_COLOR_GRID
UO,8-10,MP,A6o,UNSELECTED,gray,12,UO/8-10/MP.png,VERIFIED_BY_COLOR_GRID
UO,8-10,MP,K6o,UNSELECTED,gray,12,UO/8-10/MP.png,VERIFIED_BY_COLOR_GRID
UO,8-10,MP,Q6o,UNSELECTED,gray,12,UO/8-10/MP.png,VERIFIED_BY_COLOR_GRID
UO,8-10,MP,J6o,UNSELECTED,gray,12,UO/8-10/MP.png,VERIFIED_BY_COLOR_GRID
UO,8-10,MP,T6o,UNSELECTED,gray,12,UO/8-10/MP.png,VERIFIED_BY_COLOR_GRID
UO,8-10,MP,96o,UNSELECTED,gray,12,UO/8-10/MP.png,VERIFIED_BY_COLOR_GRID
UO,8-10,MP,86o,UNSELECTED,gray,12,UO/8-10/MP.png,VERIFIED_BY_COLOR_GRID
UO,8-10,MP,76o,UNSELECTED,gray,12,UO/8-10/MP.png,VERIFIED_BY_COLOR_GRID
UO,8-10,MP,66,AI,purple,6,UO/8-10/MP.png,VERIFIED_BY_COLOR_GRID
UO,8-10,MP,65s,UNSELECTED,gray,4,UO/8-10/MP.png,VERIFIED_BY_COLOR_GRID
UO,8-10,MP,64s,UNSELECTED,gray,4,UO/8-10/MP.png,VERIFIED_BY_COLOR_GRID
UO,8-10,MP,63s,UNSELECTED,gray,4,UO/8-10/MP.png,VERIFIED_BY_COLOR_GRID
UO,8-10,MP,62s,UNSELECTED,gray,4,UO/8-10/MP.png,VERIFIED_BY_COLOR_GRID
UO,8-10,MP,A5o,UNSELECTED,gray,12,UO/8-10/MP.png,VERIFIED_BY_COLOR_GRID
UO,8-10,MP,K5o,UNSELECTED,gray,12,UO/8-10/MP.png,VERIFIED_BY_COLOR_GRID
UO,8-10,MP,Q5o,UNSELECTED,gray,12,UO/8-10/MP.png,VERIFIED_BY_COLOR_GRID
UO,8-10,MP,J5o,UNSELECTED,gray,12,UO/8-10/MP.png,VERIFIED_BY_COLOR_GRID
UO,8-10,MP,T5o,UNSELECTED,gray,12,UO/8-10/MP.png,VERIFIED_BY_COLOR_GRID
UO,8-10,MP,95o,UNSELECTED,gray,12,UO/8-10/MP.png,VERIFIED_BY_COLOR_GRID
UO,8-10,MP,85o,UNSELECTED,gray,12,UO/8-10/MP.png,VERIFIED_BY_COLOR_GRID
UO,8-10,MP,75o,UNSELECTED,gray,12,UO/8-10/MP.png,VERIFIED_BY_COLOR_GRID
UO,8-10,MP,65o,UNSELECTED,gray,12,UO/8-10/MP.png,VERIFIED_BY_COLOR_GRID
UO,8-10,MP,55,AI,purple,6,UO/8-10/MP.png,VERIFIED_BY_COLOR_GRID
UO,8-10,MP,54s,UNSELECTED,gray,4,UO/8-10/MP.png,VERIFIED_BY_COLOR_GRID
UO,8-10,MP,53s,UNSELECTED,gray,4,UO/8-10/MP.png,VERIFIED_BY_COLOR_GRID
UO,8-10,MP,52s,UNSELECTED,gray,4,UO/8-10/MP.png,VERIFIED_BY_COLOR_GRID
UO,8-10,MP,A4o,UNSELECTED,gray,12,UO/8-10/MP.png,VERIFIED_BY_COLOR_GRID
UO,8-10,MP,K4o,UNSELECTED,gray,12,UO/8-10/MP.png,VERIFIED_BY_COLOR_GRID
UO,8-10,MP,Q4o,UNSELECTED,gray,12,UO/8-10/MP.png,VERIFIED_BY_COLOR_GRID
UO,8-10,MP,J4o,UNSELECTED,gray,12,UO/8-10/MP.png,VERIFIED_BY_COLOR_GRID
UO,8-10,MP,T4o,UNSELECTED,gray,12,UO/8-10/MP.png,VERIFIED_BY_COLOR_GRID
UO,8-10,MP,94o,UNSELECTED,gray,12,UO/8-10/MP.png,VERIFIED_BY_COLOR_GRID
UO,8-10,MP,84o,UNSELECTED,gray,12,UO/8-10/MP.png,VERIFIED_BY_COLOR_GRID
UO,8-10,MP,74o,UNSELECTED,gray,12,UO/8-10/MP.png,VERIFIED_BY_COLOR_GRID
UO,8-10,MP,64o,UNSELECTED,gray,12,UO/8-10/MP.png,VERIFIED_BY_COLOR_GRID
UO,8-10,MP,54o,UNSELECTED,gray,12,UO/8-10/MP.png,VERIFIED_BY_COLOR_GRID
UO,8-10,MP,44,AI,purple,6,UO/8-10/MP.png,VERIFIED_BY_COLOR_GRID
UO,8-10,MP,43s,UNSELECTED,gray,4,UO/8-10/MP.png,VERIFIED_BY_COLOR_GRID
UO,8-10,MP,42s,UNSELECTED,gray,4,UO/8-10/MP.png,VERIFIED_BY_COLOR_GRID
UO,8-10,MP,A3o,UNSELECTED,gray,12,UO/8-10/MP.png,VERIFIED_BY_COLOR_GRID
UO,8-10,MP,K3o,UNSELECTED,gray,12,UO/8-10/MP.png,VERIFIED_BY_COLOR_GRID
UO,8-10,MP,Q3o,UNSELECTED,gray,12,UO/8-10/MP.png,VERIFIED_BY_COLOR_GRID
UO,8-10,MP,J3o,UNSELECTED,gray,12,UO/8-10/MP.png,VERIFIED_BY_COLOR_GRID
UO,8-10,MP,T3o,UNSELECTED,gray,12,UO/8-10/MP.png,VERIFIED_BY_COLOR_GRID
UO,8-10,MP,93o,UNSELECTED,gray,12,UO/8-10/MP.png,VERIFIED_BY_COLOR_GRID
UO,8-10,MP,83o,UNSELECTED,gray,12,UO/8-10/MP.png,VERIFIED_BY_COLOR_GRID
UO,8-10,MP,73o,UNSELECTED,gray,12,UO/8-10/MP.png,VERIFIED_BY_COLOR_GRID
UO,8-10,MP,63o,UNSELECTED,gray,12,UO/8-10/MP.png,VERIFIED_BY_COLOR_GRID
UO,8-10,MP,53o,UNSELECTED,gray,12,UO/8-10/MP.png,VERIFIED_BY_COLOR_GRID
UO,8-10,MP,43o,UNSELECTED,gray,12,UO/8-10/MP.png,VERIFIED_BY_COLOR_GRID
UO,8-10,MP,33,AI,purple,6,UO/8-10/MP.png,VERIFIED_BY_COLOR_GRID
UO,8-10,MP,32s,UNSELECTED,gray,4,UO/8-10/MP.png,VERIFIED_BY_COLOR_GRID
UO,8-10,MP,A2o,UNSELECTED,gray,12,UO/8-10/MP.png,VERIFIED_BY_COLOR_GRID
UO,8-10,MP,K2o,UNSELECTED,gray,12,UO/8-10/MP.png,VERIFIED_BY_COLOR_GRID
UO,8-10,MP,Q2o,UNSELECTED,gray,12,UO/8-10/MP.png,VERIFIED_BY_COLOR_GRID
UO,8-10,MP,J2o,UNSELECTED,gray,12,UO/8-10/MP.png,VERIFIED_BY_COLOR_GRID
UO,8-10,MP,T2o,UNSELECTED,gray,12,UO/8-10/MP.png,VERIFIED_BY_COLOR_GRID
UO,8-10,MP,92o,UNSELECTED,gray,12,UO/8-10/MP.png,VERIFIED_BY_COLOR_GRID
UO,8-10,MP,82o,UNSELECTED,gray,12,UO/8-10/MP.png,VERIFIED_BY_COLOR_GRID
UO,8-10,MP,72o,UNSELECTED,gray,12,UO/8-10/MP.png,VERIFIED_BY_COLOR_GRID
UO,8-10,MP,62o,UNSELECTED,gray,12,UO/8-10/MP.png,VERIFIED_BY_COLOR_GRID
UO,8-10,MP,52o,UNSELECTED,gray,12,UO/8-10/MP.png,VERIFIED_BY_COLOR_GRID
UO,8-10,MP,42o,UNSELECTED,gray,12,UO/8-10/MP.png,VERIFIED_BY_COLOR_GRID
UO,8-10,MP,32o,UNSELECTED,gray,12,UO/8-10/MP.png,VERIFIED_BY_COLOR_GRID
UO,8-10,MP,22,AI,purple,6,UO/8-10/MP.png,VERIFIED_BY_COLOR_GRID
UO,8-10,LJ,AA,AI,purple,6,UO/8-10/LJ.png,VERIFIED_BY_COLOR_GRID
UO,8-10,LJ,AKs,AI,purple,4,UO/8-10/LJ.png,VERIFIED_BY_COLOR_GRID
UO,8-10,LJ,AQs,AI,purple,4,UO/8-10/LJ.png,VERIFIED_BY_COLOR_GRID
UO,8-10,LJ,AJs,AI,purple,4,UO/8-10/LJ.png,VERIFIED_BY_COLOR_GRID
UO,8-10,LJ,ATs,AI,purple,4,UO/8-10/LJ.png,VERIFIED_BY_COLOR_GRID
UO,8-10,LJ,A9s,AI,purple,4,UO/8-10/LJ.png,VERIFIED_BY_COLOR_GRID
UO,8-10,LJ,A8s,AI,purple,4,UO/8-10/LJ.png,VERIFIED_BY_COLOR_GRID
UO,8-10,LJ,A7s,AI,purple,4,UO/8-10/LJ.png,VERIFIED_BY_COLOR_GRID
UO,8-10,LJ,A6s,AI,purple,4,UO/8-10/LJ.png,VERIFIED_BY_COLOR_GRID
UO,8-10,LJ,A5s,AI,purple,4,UO/8-10/LJ.png,VERIFIED_BY_COLOR_GRID
UO,8-10,LJ,A4s,AI,purple,4,UO/8-10/LJ.png,VERIFIED_BY_COLOR_GRID
UO,8-10,LJ,A3s,AI,purple,4,UO/8-10/LJ.png,VERIFIED_BY_COLOR_GRID
UO,8-10,LJ,A2s,AI,purple,4,UO/8-10/LJ.png,VERIFIED_BY_COLOR_GRID
UO,8-10,LJ,AKo,AI,purple,12,UO/8-10/LJ.png,VERIFIED_BY_COLOR_GRID
UO,8-10,LJ,KK,AI,purple,6,UO/8-10/LJ.png,VERIFIED_BY_COLOR_GRID
UO,8-10,LJ,KQs,AI,purple,4,UO/8-10/LJ.png,VERIFIED_BY_COLOR_GRID
UO,8-10,LJ,KJs,AI,purple,4,UO/8-10/LJ.png,VERIFIED_BY_COLOR_GRID
UO,8-10,LJ,KTs,AI,purple,4,UO/8-10/LJ.png,VERIFIED_BY_COLOR_GRID
UO,8-10,LJ,K9s,AI,purple,4,UO/8-10/LJ.png,VERIFIED_BY_COLOR_GRID
UO,8-10,LJ,K8s,UNSELECTED,gray,4,UO/8-10/LJ.png,VERIFIED_BY_COLOR_GRID
UO,8-10,LJ,K7s,UNSELECTED,gray,4,UO/8-10/LJ.png,VERIFIED_BY_COLOR_GRID
UO,8-10,LJ,K6s,UNSELECTED,gray,4,UO/8-10/LJ.png,VERIFIED_BY_COLOR_GRID
UO,8-10,LJ,K5s,UNSELECTED,gray,4,UO/8-10/LJ.png,VERIFIED_BY_COLOR_GRID
UO,8-10,LJ,K4s,UNSELECTED,gray,4,UO/8-10/LJ.png,VERIFIED_BY_COLOR_GRID
UO,8-10,LJ,K3s,UNSELECTED,gray,4,UO/8-10/LJ.png,VERIFIED_BY_COLOR_GRID
UO,8-10,LJ,K2s,UNSELECTED,gray,4,UO/8-10/LJ.png,VERIFIED_BY_COLOR_GRID
UO,8-10,LJ,AQo,AI,purple,12,UO/8-10/LJ.png,VERIFIED_BY_COLOR_GRID
UO,8-10,LJ,KQo,AI,purple,12,UO/8-10/LJ.png,VERIFIED_BY_COLOR_GRID
UO,8-10,LJ,QQ,AI,purple,6,UO/8-10/LJ.png,VERIFIED_BY_COLOR_GRID
UO,8-10,LJ,QJs,AI,purple,4,UO/8-10/LJ.png,VERIFIED_BY_COLOR_GRID
UO,8-10,LJ,QTs,AI,purple,4,UO/8-10/LJ.png,VERIFIED_BY_COLOR_GRID
UO,8-10,LJ,Q9s,UNSELECTED,gray,4,UO/8-10/LJ.png,VERIFIED_BY_COLOR_GRID
UO,8-10,LJ,Q8s,UNSELECTED,gray,4,UO/8-10/LJ.png,VERIFIED_BY_COLOR_GRID
UO,8-10,LJ,Q7s,UNSELECTED,gray,4,UO/8-10/LJ.png,VERIFIED_BY_COLOR_GRID
UO,8-10,LJ,Q6s,UNSELECTED,gray,4,UO/8-10/LJ.png,VERIFIED_BY_COLOR_GRID
UO,8-10,LJ,Q5s,UNSELECTED,gray,4,UO/8-10/LJ.png,VERIFIED_BY_COLOR_GRID
UO,8-10,LJ,Q4s,UNSELECTED,gray,4,UO/8-10/LJ.png,VERIFIED_BY_COLOR_GRID
UO,8-10,LJ,Q3s,UNSELECTED,gray,4,UO/8-10/LJ.png,VERIFIED_BY_COLOR_GRID
UO,8-10,LJ,Q2s,UNSELECTED,gray,4,UO/8-10/LJ.png,VERIFIED_BY_COLOR_GRID
UO,8-10,LJ,AJo,AI,purple,12,UO/8-10/LJ.png,VERIFIED_BY_COLOR_GRID
UO,8-10,LJ,KJo,AI,purple,12,UO/8-10/LJ.png,VERIFIED_BY_COLOR_GRID
UO,8-10,LJ,QJo,AI,purple,12,UO/8-10/LJ.png,VERIFIED_BY_COLOR_GRID
UO,8-10,LJ,JJ,AI,purple,6,UO/8-10/LJ.png,VERIFIED_BY_COLOR_GRID
UO,8-10,LJ,JTs,AI,purple,4,UO/8-10/LJ.png,VERIFIED_BY_COLOR_GRID
UO,8-10,LJ,J9s,UNSELECTED,gray,4,UO/8-10/LJ.png,VERIFIED_BY_COLOR_GRID
UO,8-10,LJ,J8s,UNSELECTED,gray,4,UO/8-10/LJ.png,VERIFIED_BY_COLOR_GRID
UO,8-10,LJ,J7s,UNSELECTED,gray,4,UO/8-10/LJ.png,VERIFIED_BY_COLOR_GRID
UO,8-10,LJ,J6s,UNSELECTED,gray,4,UO/8-10/LJ.png,VERIFIED_BY_COLOR_GRID
UO,8-10,LJ,J5s,UNSELECTED,gray,4,UO/8-10/LJ.png,VERIFIED_BY_COLOR_GRID
UO,8-10,LJ,J4s,UNSELECTED,gray,4,UO/8-10/LJ.png,VERIFIED_BY_COLOR_GRID
UO,8-10,LJ,J3s,UNSELECTED,gray,4,UO/8-10/LJ.png,VERIFIED_BY_COLOR_GRID
UO,8-10,LJ,J2s,UNSELECTED,gray,4,UO/8-10/LJ.png,VERIFIED_BY_COLOR_GRID
UO,8-10,LJ,ATo,AI,purple,12,UO/8-10/LJ.png,VERIFIED_BY_COLOR_GRID
UO,8-10,LJ,KTo,AI,purple,12,UO/8-10/LJ.png,VERIFIED_BY_COLOR_GRID
UO,8-10,LJ,QTo,UNSELECTED,gray,12,UO/8-10/LJ.png,VERIFIED_BY_COLOR_GRID
UO,8-10,LJ,JTo,UNSELECTED,gray,12,UO/8-10/LJ.png,VERIFIED_BY_COLOR_GRID
UO,8-10,LJ,TT,AI,purple,6,UO/8-10/LJ.png,VERIFIED_BY_COLOR_GRID
UO,8-10,LJ,T9s,UNSELECTED,gray,4,UO/8-10/LJ.png,VERIFIED_BY_COLOR_GRID
UO,8-10,LJ,T8s,UNSELECTED,gray,4,UO/8-10/LJ.png,VERIFIED_BY_COLOR_GRID
UO,8-10,LJ,T7s,UNSELECTED,gray,4,UO/8-10/LJ.png,VERIFIED_BY_COLOR_GRID
UO,8-10,LJ,T6s,UNSELECTED,gray,4,UO/8-10/LJ.png,VERIFIED_BY_COLOR_GRID
UO,8-10,LJ,T5s,UNSELECTED,gray,4,UO/8-10/LJ.png,VERIFIED_BY_COLOR_GRID
UO,8-10,LJ,T4s,UNSELECTED,gray,4,UO/8-10/LJ.png,VERIFIED_BY_COLOR_GRID
UO,8-10,LJ,T3s,UNSELECTED,gray,4,UO/8-10/LJ.png,VERIFIED_BY_COLOR_GRID
UO,8-10,LJ,T2s,UNSELECTED,gray,4,UO/8-10/LJ.png,VERIFIED_BY_COLOR_GRID
UO,8-10,LJ,A9o,AI,purple,12,UO/8-10/LJ.png,VERIFIED_BY_COLOR_GRID
UO,8-10,LJ,K9o,UNSELECTED,gray,12,UO/8-10/LJ.png,VERIFIED_BY_COLOR_GRID
UO,8-10,LJ,Q9o,UNSELECTED,gray,12,UO/8-10/LJ.png,VERIFIED_BY_COLOR_GRID
UO,8-10,LJ,J9o,UNSELECTED,gray,12,UO/8-10/LJ.png,VERIFIED_BY_COLOR_GRID
UO,8-10,LJ,T9o,UNSELECTED,gray,12,UO/8-10/LJ.png,VERIFIED_BY_COLOR_GRID
UO,8-10,LJ,99,AI,purple,6,UO/8-10/LJ.png,VERIFIED_BY_COLOR_GRID
UO,8-10,LJ,98s,UNSELECTED,gray,4,UO/8-10/LJ.png,VERIFIED_BY_COLOR_GRID
UO,8-10,LJ,97s,UNSELECTED,gray,4,UO/8-10/LJ.png,VERIFIED_BY_COLOR_GRID
UO,8-10,LJ,96s,UNSELECTED,gray,4,UO/8-10/LJ.png,VERIFIED_BY_COLOR_GRID
UO,8-10,LJ,95s,UNSELECTED,gray,4,UO/8-10/LJ.png,VERIFIED_BY_COLOR_GRID
UO,8-10,LJ,94s,UNSELECTED,gray,4,UO/8-10/LJ.png,VERIFIED_BY_COLOR_GRID
UO,8-10,LJ,93s,UNSELECTED,gray,4,UO/8-10/LJ.png,VERIFIED_BY_COLOR_GRID
UO,8-10,LJ,92s,UNSELECTED,gray,4,UO/8-10/LJ.png,VERIFIED_BY_COLOR_GRID
UO,8-10,LJ,A8o,AI,purple,12,UO/8-10/LJ.png,VERIFIED_BY_COLOR_GRID
UO,8-10,LJ,K8o,UNSELECTED,gray,12,UO/8-10/LJ.png,VERIFIED_BY_COLOR_GRID
UO,8-10,LJ,Q8o,UNSELECTED,gray,12,UO/8-10/LJ.png,VERIFIED_BY_COLOR_GRID
UO,8-10,LJ,J8o,UNSELECTED,gray,12,UO/8-10/LJ.png,VERIFIED_BY_COLOR_GRID
UO,8-10,LJ,T8o,UNSELECTED,gray,12,UO/8-10/LJ.png,VERIFIED_BY_COLOR_GRID
UO,8-10,LJ,98o,UNSELECTED,gray,12,UO/8-10/LJ.png,VERIFIED_BY_COLOR_GRID
UO,8-10,LJ,88,AI,purple,6,UO/8-10/LJ.png,VERIFIED_BY_COLOR_GRID
UO,8-10,LJ,87s,UNSELECTED,gray,4,UO/8-10/LJ.png,VERIFIED_BY_COLOR_GRID
UO,8-10,LJ,86s,UNSELECTED,gray,4,UO/8-10/LJ.png,VERIFIED_BY_COLOR_GRID
UO,8-10,LJ,85s,UNSELECTED,gray,4,UO/8-10/LJ.png,VERIFIED_BY_COLOR_GRID
UO,8-10,LJ,84s,UNSELECTED,gray,4,UO/8-10/LJ.png,VERIFIED_BY_COLOR_GRID
UO,8-10,LJ,83s,UNSELECTED,gray,4,UO/8-10/LJ.png,VERIFIED_BY_COLOR_GRID
UO,8-10,LJ,82s,UNSELECTED,gray,4,UO/8-10/LJ.png,VERIFIED_BY_COLOR_GRID
UO,8-10,LJ,A7o,AI,purple,12,UO/8-10/LJ.png,VERIFIED_BY_COLOR_GRID
UO,8-10,LJ,K7o,UNSELECTED,gray,12,UO/8-10/LJ.png,VERIFIED_BY_COLOR_GRID
UO,8-10,LJ,Q7o,UNSELECTED,gray,12,UO/8-10/LJ.png,VERIFIED_BY_COLOR_GRID
UO,8-10,LJ,J7o,UNSELECTED,gray,12,UO/8-10/LJ.png,VERIFIED_BY_COLOR_GRID
UO,8-10,LJ,T7o,UNSELECTED,gray,12,UO/8-10/LJ.png,VERIFIED_BY_COLOR_GRID
UO,8-10,LJ,97o,UNSELECTED,gray,12,UO/8-10/LJ.png,VERIFIED_BY_COLOR_GRID
UO,8-10,LJ,87o,UNSELECTED,gray,12,UO/8-10/LJ.png,VERIFIED_BY_COLOR_GRID
UO,8-10,LJ,77,AI,purple,6,UO/8-10/LJ.png,VERIFIED_BY_COLOR_GRID
UO,8-10,LJ,76s,UNSELECTED,gray,4,UO/8-10/LJ.png,VERIFIED_BY_COLOR_GRID
UO,8-10,LJ,75s,UNSELECTED,gray,4,UO/8-10/LJ.png,VERIFIED_BY_COLOR_GRID
UO,8-10,LJ,74s,UNSELECTED,gray,4,UO/8-10/LJ.png,VERIFIED_BY_COLOR_GRID
UO,8-10,LJ,73s,UNSELECTED,gray,4,UO/8-10/LJ.png,VERIFIED_BY_COLOR_GRID
UO,8-10,LJ,72s,UNSELECTED,gray,4,UO/8-10/LJ.png,VERIFIED_BY_COLOR_GRID
UO,8-10,LJ,A6o,AI,purple,12,UO/8-10/LJ.png,VERIFIED_BY_COLOR_GRID
UO,8-10,LJ,K6o,UNSELECTED,gray,12,UO/8-10/LJ.png,VERIFIED_BY_COLOR_GRID
UO,8-10,LJ,Q6o,UNSELECTED,gray,12,UO/8-10/LJ.png,VERIFIED_BY_COLOR_GRID
UO,8-10,LJ,J6o,UNSELECTED,gray,12,UO/8-10/LJ.png,VERIFIED_BY_COLOR_GRID
UO,8-10,LJ,T6o,UNSELECTED,gray,12,UO/8-10/LJ.png,VERIFIED_BY_COLOR_GRID
UO,8-10,LJ,96o,UNSELECTED,gray,12,UO/8-10/LJ.png,VERIFIED_BY_COLOR_GRID
UO,8-10,LJ,86o,UNSELECTED,gray,12,UO/8-10/LJ.png,VERIFIED_BY_COLOR_GRID
UO,8-10,LJ,76o,UNSELECTED,gray,12,UO/8-10/LJ.png,VERIFIED_BY_COLOR_GRID
UO,8-10,LJ,66,AI,purple,6,UO/8-10/LJ.png,VERIFIED_BY_COLOR_GRID
UO,8-10,LJ,65s,UNSELECTED,gray,4,UO/8-10/LJ.png,VERIFIED_BY_COLOR_GRID
UO,8-10,LJ,64s,UNSELECTED,gray,4,UO/8-10/LJ.png,VERIFIED_BY_COLOR_GRID
UO,8-10,LJ,63s,UNSELECTED,gray,4,UO/8-10/LJ.png,VERIFIED_BY_COLOR_GRID
UO,8-10,LJ,62s,UNSELECTED,gray,4,UO/8-10/LJ.png,VERIFIED_BY_COLOR_GRID
UO,8-10,LJ,A5o,AI,purple,12,UO/8-10/LJ.png,VERIFIED_BY_COLOR_GRID
UO,8-10,LJ,K5o,UNSELECTED,gray,12,UO/8-10/LJ.png,VERIFIED_BY_COLOR_GRID
UO,8-10,LJ,Q5o,UNSELECTED,gray,12,UO/8-10/LJ.png,VERIFIED_BY_COLOR_GRID
UO,8-10,LJ,J5o,UNSELECTED,gray,12,UO/8-10/LJ.png,VERIFIED_BY_COLOR_GRID
UO,8-10,LJ,T5o,UNSELECTED,gray,12,UO/8-10/LJ.png,VERIFIED_BY_COLOR_GRID
UO,8-10,LJ,95o,UNSELECTED,gray,12,UO/8-10/LJ.png,VERIFIED_BY_COLOR_GRID
UO,8-10,LJ,85o,UNSELECTED,gray,12,UO/8-10/LJ.png,VERIFIED_BY_COLOR_GRID
UO,8-10,LJ,75o,UNSELECTED,gray,12,UO/8-10/LJ.png,VERIFIED_BY_COLOR_GRID
UO,8-10,LJ,65o,UNSELECTED,gray,12,UO/8-10/LJ.png,VERIFIED_BY_COLOR_GRID
UO,8-10,LJ,55,AI,purple,6,UO/8-10/LJ.png,VERIFIED_BY_COLOR_GRID
UO,8-10,LJ,54s,UNSELECTED,gray,4,UO/8-10/LJ.png,VERIFIED_BY_COLOR_GRID
UO,8-10,LJ,53s,UNSELECTED,gray,4,UO/8-10/LJ.png,VERIFIED_BY_COLOR_GRID
UO,8-10,LJ,52s,UNSELECTED,gray,4,UO/8-10/LJ.png,VERIFIED_BY_COLOR_GRID
UO,8-10,LJ,A4o,UNSELECTED,gray,12,UO/8-10/LJ.png,VERIFIED_BY_COLOR_GRID
UO,8-10,LJ,K4o,UNSELECTED,gray,12,UO/8-10/LJ.png,VERIFIED_BY_COLOR_GRID
UO,8-10,LJ,Q4o,UNSELECTED,gray,12,UO/8-10/LJ.png,VERIFIED_BY_COLOR_GRID
UO,8-10,LJ,J4o,UNSELECTED,gray,12,UO/8-10/LJ.png,VERIFIED_BY_COLOR_GRID
UO,8-10,LJ,T4o,UNSELECTED,gray,12,UO/8-10/LJ.png,VERIFIED_BY_COLOR_GRID
UO,8-10,LJ,94o,UNSELECTED,gray,12,UO/8-10/LJ.png,VERIFIED_BY_COLOR_GRID
UO,8-10,LJ,84o,UNSELECTED,gray,12,UO/8-10/LJ.png,VERIFIED_BY_COLOR_GRID
UO,8-10,LJ,74o,UNSELECTED,gray,12,UO/8-10/LJ.png,VERIFIED_BY_COLOR_GRID
UO,8-10,LJ,64o,UNSELECTED,gray,12,UO/8-10/LJ.png,VERIFIED_BY_COLOR_GRID
UO,8-10,LJ,54o,UNSELECTED,gray,12,UO/8-10/LJ.png,VERIFIED_BY_COLOR_GRID
UO,8-10,LJ,44,AI,purple,6,UO/8-10/LJ.png,VERIFIED_BY_COLOR_GRID
UO,8-10,LJ,43s,UNSELECTED,gray,4,UO/8-10/LJ.png,VERIFIED_BY_COLOR_GRID
UO,8-10,LJ,42s,UNSELECTED,gray,4,UO/8-10/LJ.png,VERIFIED_BY_COLOR_GRID
UO,8-10,LJ,A3o,UNSELECTED,gray,12,UO/8-10/LJ.png,VERIFIED_BY_COLOR_GRID
UO,8-10,LJ,K3o,UNSELECTED,gray,12,UO/8-10/LJ.png,VERIFIED_BY_COLOR_GRID
UO,8-10,LJ,Q3o,UNSELECTED,gray,12,UO/8-10/LJ.png,VERIFIED_BY_COLOR_GRID
UO,8-10,LJ,J3o,UNSELECTED,gray,12,UO/8-10/LJ.png,VERIFIED_BY_COLOR_GRID
UO,8-10,LJ,T3o,UNSELECTED,gray,12,UO/8-10/LJ.png,VERIFIED_BY_COLOR_GRID
UO,8-10,LJ,93o,UNSELECTED,gray,12,UO/8-10/LJ.png,VERIFIED_BY_COLOR_GRID
UO,8-10,LJ,83o,UNSELECTED,gray,12,UO/8-10/LJ.png,VERIFIED_BY_COLOR_GRID
UO,8-10,LJ,73o,UNSELECTED,gray,12,UO/8-10/LJ.png,VERIFIED_BY_COLOR_GRID
UO,8-10,LJ,63o,UNSELECTED,gray,12,UO/8-10/LJ.png,VERIFIED_BY_COLOR_GRID
UO,8-10,LJ,53o,UNSELECTED,gray,12,UO/8-10/LJ.png,VERIFIED_BY_COLOR_GRID
UO,8-10,LJ,43o,UNSELECTED,gray,12,UO/8-10/LJ.png,VERIFIED_BY_COLOR_GRID
UO,8-10,LJ,33,AI,purple,6,UO/8-10/LJ.png,VERIFIED_BY_COLOR_GRID
UO,8-10,LJ,32s,UNSELECTED,gray,4,UO/8-10/LJ.png,VERIFIED_BY_COLOR_GRID
UO,8-10,LJ,A2o,UNSELECTED,gray,12,UO/8-10/LJ.png,VERIFIED_BY_COLOR_GRID
UO,8-10,LJ,K2o,UNSELECTED,gray,12,UO/8-10/LJ.png,VERIFIED_BY_COLOR_GRID
UO,8-10,LJ,Q2o,UNSELECTED,gray,12,UO/8-10/LJ.png,VERIFIED_BY_COLOR_GRID
UO,8-10,LJ,J2o,UNSELECTED,gray,12,UO/8-10/LJ.png,VERIFIED_BY_COLOR_GRID
UO,8-10,LJ,T2o,UNSELECTED,gray,12,UO/8-10/LJ.png,VERIFIED_BY_COLOR_GRID
UO,8-10,LJ,92o,UNSELECTED,gray,12,UO/8-10/LJ.png,VERIFIED_BY_COLOR_GRID
UO,8-10,LJ,82o,UNSELECTED,gray,12,UO/8-10/LJ.png,VERIFIED_BY_COLOR_GRID
UO,8-10,LJ,72o,UNSELECTED,gray,12,UO/8-10/LJ.png,VERIFIED_BY_COLOR_GRID
UO,8-10,LJ,62o,UNSELECTED,gray,12,UO/8-10/LJ.png,VERIFIED_BY_COLOR_GRID
UO,8-10,LJ,52o,UNSELECTED,gray,12,UO/8-10/LJ.png,VERIFIED_BY_COLOR_GRID
UO,8-10,LJ,42o,UNSELECTED,gray,12,UO/8-10/LJ.png,VERIFIED_BY_COLOR_GRID
UO,8-10,LJ,32o,UNSELECTED,gray,12,UO/8-10/LJ.png,VERIFIED_BY_COLOR_GRID
UO,8-10,LJ,22,AI,purple,6,UO/8-10/LJ.png,VERIFIED_BY_COLOR_GRID
UO,8-10,HJ,AA,AI,purple,6,UO/8-10/HJ.png,VERIFIED_BY_COLOR_GRID
UO,8-10,HJ,AKs,AI,purple,4,UO/8-10/HJ.png,VERIFIED_BY_COLOR_GRID
UO,8-10,HJ,AQs,AI,purple,4,UO/8-10/HJ.png,VERIFIED_BY_COLOR_GRID
UO,8-10,HJ,AJs,AI,purple,4,UO/8-10/HJ.png,VERIFIED_BY_COLOR_GRID
UO,8-10,HJ,ATs,AI,purple,4,UO/8-10/HJ.png,VERIFIED_BY_COLOR_GRID
UO,8-10,HJ,A9s,AI,purple,4,UO/8-10/HJ.png,VERIFIED_BY_COLOR_GRID
UO,8-10,HJ,A8s,AI,purple,4,UO/8-10/HJ.png,VERIFIED_BY_COLOR_GRID
UO,8-10,HJ,A7s,AI,purple,4,UO/8-10/HJ.png,VERIFIED_BY_COLOR_GRID
UO,8-10,HJ,A6s,AI,purple,4,UO/8-10/HJ.png,VERIFIED_BY_COLOR_GRID
UO,8-10,HJ,A5s,AI,purple,4,UO/8-10/HJ.png,VERIFIED_BY_COLOR_GRID
UO,8-10,HJ,A4s,AI,purple,4,UO/8-10/HJ.png,VERIFIED_BY_COLOR_GRID
UO,8-10,HJ,A3s,AI,purple,4,UO/8-10/HJ.png,VERIFIED_BY_COLOR_GRID
UO,8-10,HJ,A2s,AI,purple,4,UO/8-10/HJ.png,VERIFIED_BY_COLOR_GRID
UO,8-10,HJ,AKo,AI,purple,12,UO/8-10/HJ.png,VERIFIED_BY_COLOR_GRID
UO,8-10,HJ,KK,AI,purple,6,UO/8-10/HJ.png,VERIFIED_BY_COLOR_GRID
UO,8-10,HJ,KQs,AI,purple,4,UO/8-10/HJ.png,VERIFIED_BY_COLOR_GRID
UO,8-10,HJ,KJs,AI,purple,4,UO/8-10/HJ.png,VERIFIED_BY_COLOR_GRID
UO,8-10,HJ,KTs,AI,purple,4,UO/8-10/HJ.png,VERIFIED_BY_COLOR_GRID
UO,8-10,HJ,K9s,AI,purple,4,UO/8-10/HJ.png,VERIFIED_BY_COLOR_GRID
UO,8-10,HJ,K8s,AI,purple,4,UO/8-10/HJ.png,VERIFIED_BY_COLOR_GRID
UO,8-10,HJ,K7s,UNSELECTED,gray,4,UO/8-10/HJ.png,VERIFIED_BY_COLOR_GRID
UO,8-10,HJ,K6s,UNSELECTED,gray,4,UO/8-10/HJ.png,VERIFIED_BY_COLOR_GRID
UO,8-10,HJ,K5s,UNSELECTED,gray,4,UO/8-10/HJ.png,VERIFIED_BY_COLOR_GRID
UO,8-10,HJ,K4s,UNSELECTED,gray,4,UO/8-10/HJ.png,VERIFIED_BY_COLOR_GRID
UO,8-10,HJ,K3s,UNSELECTED,gray,4,UO/8-10/HJ.png,VERIFIED_BY_COLOR_GRID
UO,8-10,HJ,K2s,UNSELECTED,gray,4,UO/8-10/HJ.png,VERIFIED_BY_COLOR_GRID
UO,8-10,HJ,AQo,AI,purple,12,UO/8-10/HJ.png,VERIFIED_BY_COLOR_GRID
UO,8-10,HJ,KQo,AI,purple,12,UO/8-10/HJ.png,VERIFIED_BY_COLOR_GRID
UO,8-10,HJ,QQ,AI,purple,6,UO/8-10/HJ.png,VERIFIED_BY_COLOR_GRID
UO,8-10,HJ,QJs,AI,purple,4,UO/8-10/HJ.png,VERIFIED_BY_COLOR_GRID
UO,8-10,HJ,QTs,AI,purple,4,UO/8-10/HJ.png,VERIFIED_BY_COLOR_GRID
UO,8-10,HJ,Q9s,AI,purple,4,UO/8-10/HJ.png,VERIFIED_BY_COLOR_GRID
UO,8-10,HJ,Q8s,UNSELECTED,gray,4,UO/8-10/HJ.png,VERIFIED_BY_COLOR_GRID
UO,8-10,HJ,Q7s,UNSELECTED,gray,4,UO/8-10/HJ.png,VERIFIED_BY_COLOR_GRID
UO,8-10,HJ,Q6s,UNSELECTED,gray,4,UO/8-10/HJ.png,VERIFIED_BY_COLOR_GRID
UO,8-10,HJ,Q5s,UNSELECTED,gray,4,UO/8-10/HJ.png,VERIFIED_BY_COLOR_GRID
UO,8-10,HJ,Q4s,UNSELECTED,gray,4,UO/8-10/HJ.png,VERIFIED_BY_COLOR_GRID
UO,8-10,HJ,Q3s,UNSELECTED,gray,4,UO/8-10/HJ.png,VERIFIED_BY_COLOR_GRID
UO,8-10,HJ,Q2s,UNSELECTED,gray,4,UO/8-10/HJ.png,VERIFIED_BY_COLOR_GRID
UO,8-10,HJ,AJo,AI,purple,12,UO/8-10/HJ.png,VERIFIED_BY_COLOR_GRID
UO,8-10,HJ,KJo,AI,purple,12,UO/8-10/HJ.png,VERIFIED_BY_COLOR_GRID
UO,8-10,HJ,QJo,AI,purple,12,UO/8-10/HJ.png,VERIFIED_BY_COLOR_GRID
UO,8-10,HJ,JJ,AI,purple,6,UO/8-10/HJ.png,VERIFIED_BY_COLOR_GRID
UO,8-10,HJ,JTs,AI,purple,4,UO/8-10/HJ.png,VERIFIED_BY_COLOR_GRID
UO,8-10,HJ,J9s,UNSELECTED,gray,4,UO/8-10/HJ.png,VERIFIED_BY_COLOR_GRID
UO,8-10,HJ,J8s,UNSELECTED,gray,4,UO/8-10/HJ.png,VERIFIED_BY_COLOR_GRID
UO,8-10,HJ,J7s,UNSELECTED,gray,4,UO/8-10/HJ.png,VERIFIED_BY_COLOR_GRID
UO,8-10,HJ,J6s,UNSELECTED,gray,4,UO/8-10/HJ.png,VERIFIED_BY_COLOR_GRID
UO,8-10,HJ,J5s,UNSELECTED,gray,4,UO/8-10/HJ.png,VERIFIED_BY_COLOR_GRID
UO,8-10,HJ,J4s,UNSELECTED,gray,4,UO/8-10/HJ.png,VERIFIED_BY_COLOR_GRID
UO,8-10,HJ,J3s,UNSELECTED,gray,4,UO/8-10/HJ.png,VERIFIED_BY_COLOR_GRID
UO,8-10,HJ,J2s,UNSELECTED,gray,4,UO/8-10/HJ.png,VERIFIED_BY_COLOR_GRID
UO,8-10,HJ,ATo,AI,purple,12,UO/8-10/HJ.png,VERIFIED_BY_COLOR_GRID
UO,8-10,HJ,KTo,AI,purple,12,UO/8-10/HJ.png,VERIFIED_BY_COLOR_GRID
UO,8-10,HJ,QTo,AI,purple,12,UO/8-10/HJ.png,VERIFIED_BY_COLOR_GRID
UO,8-10,HJ,JTo,UNSELECTED,gray,12,UO/8-10/HJ.png,VERIFIED_BY_COLOR_GRID
UO,8-10,HJ,TT,AI,purple,6,UO/8-10/HJ.png,VERIFIED_BY_COLOR_GRID
UO,8-10,HJ,T9s,UNSELECTED,gray,4,UO/8-10/HJ.png,VERIFIED_BY_COLOR_GRID
UO,8-10,HJ,T8s,UNSELECTED,gray,4,UO/8-10/HJ.png,VERIFIED_BY_COLOR_GRID
UO,8-10,HJ,T7s,UNSELECTED,gray,4,UO/8-10/HJ.png,VERIFIED_BY_COLOR_GRID
UO,8-10,HJ,T6s,UNSELECTED,gray,4,UO/8-10/HJ.png,VERIFIED_BY_COLOR_GRID
UO,8-10,HJ,T5s,UNSELECTED,gray,4,UO/8-10/HJ.png,VERIFIED_BY_COLOR_GRID
UO,8-10,HJ,T4s,UNSELECTED,gray,4,UO/8-10/HJ.png,VERIFIED_BY_COLOR_GRID
UO,8-10,HJ,T3s,UNSELECTED,gray,4,UO/8-10/HJ.png,VERIFIED_BY_COLOR_GRID
UO,8-10,HJ,T2s,UNSELECTED,gray,4,UO/8-10/HJ.png,VERIFIED_BY_COLOR_GRID
UO,8-10,HJ,A9o,AI,purple,12,UO/8-10/HJ.png,VERIFIED_BY_COLOR_GRID
UO,8-10,HJ,K9o,UNSELECTED,gray,12,UO/8-10/HJ.png,VERIFIED_BY_COLOR_GRID
UO,8-10,HJ,Q9o,UNSELECTED,gray,12,UO/8-10/HJ.png,VERIFIED_BY_COLOR_GRID
UO,8-10,HJ,J9o,UNSELECTED,gray,12,UO/8-10/HJ.png,VERIFIED_BY_COLOR_GRID
UO,8-10,HJ,T9o,UNSELECTED,gray,12,UO/8-10/HJ.png,VERIFIED_BY_COLOR_GRID
UO,8-10,HJ,99,AI,purple,6,UO/8-10/HJ.png,VERIFIED_BY_COLOR_GRID
UO,8-10,HJ,98s,UNSELECTED,gray,4,UO/8-10/HJ.png,VERIFIED_BY_COLOR_GRID
UO,8-10,HJ,97s,UNSELECTED,gray,4,UO/8-10/HJ.png,VERIFIED_BY_COLOR_GRID
UO,8-10,HJ,96s,UNSELECTED,gray,4,UO/8-10/HJ.png,VERIFIED_BY_COLOR_GRID
UO,8-10,HJ,95s,UNSELECTED,gray,4,UO/8-10/HJ.png,VERIFIED_BY_COLOR_GRID
UO,8-10,HJ,94s,UNSELECTED,gray,4,UO/8-10/HJ.png,VERIFIED_BY_COLOR_GRID
UO,8-10,HJ,93s,UNSELECTED,gray,4,UO/8-10/HJ.png,VERIFIED_BY_COLOR_GRID
UO,8-10,HJ,92s,UNSELECTED,gray,4,UO/8-10/HJ.png,VERIFIED_BY_COLOR_GRID
UO,8-10,HJ,A8o,AI,purple,12,UO/8-10/HJ.png,VERIFIED_BY_COLOR_GRID
UO,8-10,HJ,K8o,UNSELECTED,gray,12,UO/8-10/HJ.png,VERIFIED_BY_COLOR_GRID
UO,8-10,HJ,Q8o,UNSELECTED,gray,12,UO/8-10/HJ.png,VERIFIED_BY_COLOR_GRID
UO,8-10,HJ,J8o,UNSELECTED,gray,12,UO/8-10/HJ.png,VERIFIED_BY_COLOR_GRID
UO,8-10,HJ,T8o,UNSELECTED,gray,12,UO/8-10/HJ.png,VERIFIED_BY_COLOR_GRID
UO,8-10,HJ,98o,UNSELECTED,gray,12,UO/8-10/HJ.png,VERIFIED_BY_COLOR_GRID
UO,8-10,HJ,88,AI,purple,6,UO/8-10/HJ.png,VERIFIED_BY_COLOR_GRID
UO,8-10,HJ,87s,UNSELECTED,gray,4,UO/8-10/HJ.png,VERIFIED_BY_COLOR_GRID
UO,8-10,HJ,86s,UNSELECTED,gray,4,UO/8-10/HJ.png,VERIFIED_BY_COLOR_GRID
UO,8-10,HJ,85s,UNSELECTED,gray,4,UO/8-10/HJ.png,VERIFIED_BY_COLOR_GRID
UO,8-10,HJ,84s,UNSELECTED,gray,4,UO/8-10/HJ.png,VERIFIED_BY_COLOR_GRID
UO,8-10,HJ,83s,UNSELECTED,gray,4,UO/8-10/HJ.png,VERIFIED_BY_COLOR_GRID
UO,8-10,HJ,82s,UNSELECTED,gray,4,UO/8-10/HJ.png,VERIFIED_BY_COLOR_GRID
UO,8-10,HJ,A7o,AI,purple,12,UO/8-10/HJ.png,VERIFIED_BY_COLOR_GRID
UO,8-10,HJ,K7o,UNSELECTED,gray,12,UO/8-10/HJ.png,VERIFIED_BY_COLOR_GRID
UO,8-10,HJ,Q7o,UNSELECTED,gray,12,UO/8-10/HJ.png,VERIFIED_BY_COLOR_GRID
UO,8-10,HJ,J7o,UNSELECTED,gray,12,UO/8-10/HJ.png,VERIFIED_BY_COLOR_GRID
UO,8-10,HJ,T7o,UNSELECTED,gray,12,UO/8-10/HJ.png,VERIFIED_BY_COLOR_GRID
UO,8-10,HJ,97o,UNSELECTED,gray,12,UO/8-10/HJ.png,VERIFIED_BY_COLOR_GRID
UO,8-10,HJ,87o,UNSELECTED,gray,12,UO/8-10/HJ.png,VERIFIED_BY_COLOR_GRID
UO,8-10,HJ,77,AI,purple,6,UO/8-10/HJ.png,VERIFIED_BY_COLOR_GRID
UO,8-10,HJ,76s,UNSELECTED,gray,4,UO/8-10/HJ.png,VERIFIED_BY_COLOR_GRID
UO,8-10,HJ,75s,UNSELECTED,gray,4,UO/8-10/HJ.png,VERIFIED_BY_COLOR_GRID
UO,8-10,HJ,74s,UNSELECTED,gray,4,UO/8-10/HJ.png,VERIFIED_BY_COLOR_GRID
UO,8-10,HJ,73s,UNSELECTED,gray,4,UO/8-10/HJ.png,VERIFIED_BY_COLOR_GRID
UO,8-10,HJ,72s,UNSELECTED,gray,4,UO/8-10/HJ.png,VERIFIED_BY_COLOR_GRID
UO,8-10,HJ,A6o,AI,purple,12,UO/8-10/HJ.png,VERIFIED_BY_COLOR_GRID
UO,8-10,HJ,K6o,UNSELECTED,gray,12,UO/8-10/HJ.png,VERIFIED_BY_COLOR_GRID
UO,8-10,HJ,Q6o,UNSELECTED,gray,12,UO/8-10/HJ.png,VERIFIED_BY_COLOR_GRID
UO,8-10,HJ,J6o,UNSELECTED,gray,12,UO/8-10/HJ.png,VERIFIED_BY_COLOR_GRID
UO,8-10,HJ,T6o,UNSELECTED,gray,12,UO/8-10/HJ.png,VERIFIED_BY_COLOR_GRID
UO,8-10,HJ,96o,UNSELECTED,gray,12,UO/8-10/HJ.png,VERIFIED_BY_COLOR_GRID
UO,8-10,HJ,86o,UNSELECTED,gray,12,UO/8-10/HJ.png,VERIFIED_BY_COLOR_GRID
UO,8-10,HJ,76o,UNSELECTED,gray,12,UO/8-10/HJ.png,VERIFIED_BY_COLOR_GRID
UO,8-10,HJ,66,AI,purple,6,UO/8-10/HJ.png,VERIFIED_BY_COLOR_GRID
UO,8-10,HJ,65s,UNSELECTED,gray,4,UO/8-10/HJ.png,VERIFIED_BY_COLOR_GRID
UO,8-10,HJ,64s,UNSELECTED,gray,4,UO/8-10/HJ.png,VERIFIED_BY_COLOR_GRID
UO,8-10,HJ,63s,UNSELECTED,gray,4,UO/8-10/HJ.png,VERIFIED_BY_COLOR_GRID
UO,8-10,HJ,62s,UNSELECTED,gray,4,UO/8-10/HJ.png,VERIFIED_BY_COLOR_GRID
UO,8-10,HJ,A5o,AI,purple,12,UO/8-10/HJ.png,VERIFIED_BY_COLOR_GRID
UO,8-10,HJ,K5o,UNSELECTED,gray,12,UO/8-10/HJ.png,VERIFIED_BY_COLOR_GRID
UO,8-10,HJ,Q5o,UNSELECTED,gray,12,UO/8-10/HJ.png,VERIFIED_BY_COLOR_GRID
UO,8-10,HJ,J5o,UNSELECTED,gray,12,UO/8-10/HJ.png,VERIFIED_BY_COLOR_GRID
UO,8-10,HJ,T5o,UNSELECTED,gray,12,UO/8-10/HJ.png,VERIFIED_BY_COLOR_GRID
UO,8-10,HJ,95o,UNSELECTED,gray,12,UO/8-10/HJ.png,VERIFIED_BY_COLOR_GRID
UO,8-10,HJ,85o,UNSELECTED,gray,12,UO/8-10/HJ.png,VERIFIED_BY_COLOR_GRID
UO,8-10,HJ,75o,UNSELECTED,gray,12,UO/8-10/HJ.png,VERIFIED_BY_COLOR_GRID
UO,8-10,HJ,65o,UNSELECTED,gray,12,UO/8-10/HJ.png,VERIFIED_BY_COLOR_GRID
UO,8-10,HJ,55,AI,purple,6,UO/8-10/HJ.png,VERIFIED_BY_COLOR_GRID
UO,8-10,HJ,54s,UNSELECTED,gray,4,UO/8-10/HJ.png,VERIFIED_BY_COLOR_GRID
UO,8-10,HJ,53s,UNSELECTED,gray,4,UO/8-10/HJ.png,VERIFIED_BY_COLOR_GRID
UO,8-10,HJ,52s,UNSELECTED,gray,4,UO/8-10/HJ.png,VERIFIED_BY_COLOR_GRID
UO,8-10,HJ,A4o,AI,purple,12,UO/8-10/HJ.png,VERIFIED_BY_COLOR_GRID
UO,8-10,HJ,K4o,UNSELECTED,gray,12,UO/8-10/HJ.png,VERIFIED_BY_COLOR_GRID
UO,8-10,HJ,Q4o,UNSELECTED,gray,12,UO/8-10/HJ.png,VERIFIED_BY_COLOR_GRID
UO,8-10,HJ,J4o,UNSELECTED,gray,12,UO/8-10/HJ.png,VERIFIED_BY_COLOR_GRID
UO,8-10,HJ,T4o,UNSELECTED,gray,12,UO/8-10/HJ.png,VERIFIED_BY_COLOR_GRID
UO,8-10,HJ,94o,UNSELECTED,gray,12,UO/8-10/HJ.png,VERIFIED_BY_COLOR_GRID
UO,8-10,HJ,84o,UNSELECTED,gray,12,UO/8-10/HJ.png,VERIFIED_BY_COLOR_GRID
UO,8-10,HJ,74o,UNSELECTED,gray,12,UO/8-10/HJ.png,VERIFIED_BY_COLOR_GRID
UO,8-10,HJ,64o,UNSELECTED,gray,12,UO/8-10/HJ.png,VERIFIED_BY_COLOR_GRID
UO,8-10,HJ,54o,UNSELECTED,gray,12,UO/8-10/HJ.png,VERIFIED_BY_COLOR_GRID
UO,8-10,HJ,44,AI,purple,6,UO/8-10/HJ.png,VERIFIED_BY_COLOR_GRID
UO,8-10,HJ,43s,UNSELECTED,gray,4,UO/8-10/HJ.png,VERIFIED_BY_COLOR_GRID
UO,8-10,HJ,42s,UNSELECTED,gray,4,UO/8-10/HJ.png,VERIFIED_BY_COLOR_GRID
UO,8-10,HJ,A3o,AI,purple,12,UO/8-10/HJ.png,VERIFIED_BY_COLOR_GRID
UO,8-10,HJ,K3o,UNSELECTED,gray,12,UO/8-10/HJ.png,VERIFIED_BY_COLOR_GRID
UO,8-10,HJ,Q3o,UNSELECTED,gray,12,UO/8-10/HJ.png,VERIFIED_BY_COLOR_GRID
UO,8-10,HJ,J3o,UNSELECTED,gray,12,UO/8-10/HJ.png,VERIFIED_BY_COLOR_GRID
UO,8-10,HJ,T3o,UNSELECTED,gray,12,UO/8-10/HJ.png,VERIFIED_BY_COLOR_GRID
UO,8-10,HJ,93o,UNSELECTED,gray,12,UO/8-10/HJ.png,VERIFIED_BY_COLOR_GRID
UO,8-10,HJ,83o,UNSELECTED,gray,12,UO/8-10/HJ.png,VERIFIED_BY_COLOR_GRID
UO,8-10,HJ,73o,UNSELECTED,gray,12,UO/8-10/HJ.png,VERIFIED_BY_COLOR_GRID
UO,8-10,HJ,63o,UNSELECTED,gray,12,UO/8-10/HJ.png,VERIFIED_BY_COLOR_GRID
UO,8-10,HJ,53o,UNSELECTED,gray,12,UO/8-10/HJ.png,VERIFIED_BY_COLOR_GRID
UO,8-10,HJ,43o,UNSELECTED,gray,12,UO/8-10/HJ.png,VERIFIED_BY_COLOR_GRID
UO,8-10,HJ,33,AI,purple,6,UO/8-10/HJ.png,VERIFIED_BY_COLOR_GRID
UO,8-10,HJ,32s,UNSELECTED,gray,4,UO/8-10/HJ.png,VERIFIED_BY_COLOR_GRID
UO,8-10,HJ,A2o,UNSELECTED,gray,12,UO/8-10/HJ.png,VERIFIED_BY_COLOR_GRID
UO,8-10,HJ,K2o,UNSELECTED,gray,12,UO/8-10/HJ.png,VERIFIED_BY_COLOR_GRID
UO,8-10,HJ,Q2o,UNSELECTED,gray,12,UO/8-10/HJ.png,VERIFIED_BY_COLOR_GRID
UO,8-10,HJ,J2o,UNSELECTED,gray,12,UO/8-10/HJ.png,VERIFIED_BY_COLOR_GRID
UO,8-10,HJ,T2o,UNSELECTED,gray,12,UO/8-10/HJ.png,VERIFIED_BY_COLOR_GRID
UO,8-10,HJ,92o,UNSELECTED,gray,12,UO/8-10/HJ.png,VERIFIED_BY_COLOR_GRID
UO,8-10,HJ,82o,UNSELECTED,gray,12,UO/8-10/HJ.png,VERIFIED_BY_COLOR_GRID
UO,8-10,HJ,72o,UNSELECTED,gray,12,UO/8-10/HJ.png,VERIFIED_BY_COLOR_GRID
UO,8-10,HJ,62o,UNSELECTED,gray,12,UO/8-10/HJ.png,VERIFIED_BY_COLOR_GRID
UO,8-10,HJ,52o,UNSELECTED,gray,12,UO/8-10/HJ.png,VERIFIED_BY_COLOR_GRID
UO,8-10,HJ,42o,UNSELECTED,gray,12,UO/8-10/HJ.png,VERIFIED_BY_COLOR_GRID
UO,8-10,HJ,32o,UNSELECTED,gray,12,UO/8-10/HJ.png,VERIFIED_BY_COLOR_GRID
UO,8-10,HJ,22,AI,purple,6,UO/8-10/HJ.png,VERIFIED_BY_COLOR_GRID
UO,8-10,CO,AA,AI,purple,6,UO/8-10/CO.png,VERIFIED_BY_COLOR_GRID
UO,8-10,CO,AKs,AI,purple,4,UO/8-10/CO.png,VERIFIED_BY_COLOR_GRID
UO,8-10,CO,AQs,AI,purple,4,UO/8-10/CO.png,VERIFIED_BY_COLOR_GRID
UO,8-10,CO,AJs,AI,purple,4,UO/8-10/CO.png,VERIFIED_BY_COLOR_GRID
UO,8-10,CO,ATs,AI,purple,4,UO/8-10/CO.png,VERIFIED_BY_COLOR_GRID
UO,8-10,CO,A9s,AI,purple,4,UO/8-10/CO.png,VERIFIED_BY_COLOR_GRID
UO,8-10,CO,A8s,AI,purple,4,UO/8-10/CO.png,VERIFIED_BY_COLOR_GRID
UO,8-10,CO,A7s,AI,purple,4,UO/8-10/CO.png,VERIFIED_BY_COLOR_GRID
UO,8-10,CO,A6s,AI,purple,4,UO/8-10/CO.png,VERIFIED_BY_COLOR_GRID
UO,8-10,CO,A5s,AI,purple,4,UO/8-10/CO.png,VERIFIED_BY_COLOR_GRID
UO,8-10,CO,A4s,AI,purple,4,UO/8-10/CO.png,VERIFIED_BY_COLOR_GRID
UO,8-10,CO,A3s,AI,purple,4,UO/8-10/CO.png,VERIFIED_BY_COLOR_GRID
UO,8-10,CO,A2s,AI,purple,4,UO/8-10/CO.png,VERIFIED_BY_COLOR_GRID
UO,8-10,CO,AKo,AI,purple,12,UO/8-10/CO.png,VERIFIED_BY_COLOR_GRID
UO,8-10,CO,KK,AI,purple,6,UO/8-10/CO.png,VERIFIED_BY_COLOR_GRID
UO,8-10,CO,KQs,AI,purple,4,UO/8-10/CO.png,VERIFIED_BY_COLOR_GRID
UO,8-10,CO,KJs,AI,purple,4,UO/8-10/CO.png,VERIFIED_BY_COLOR_GRID
UO,8-10,CO,KTs,AI,purple,4,UO/8-10/CO.png,VERIFIED_BY_COLOR_GRID
UO,8-10,CO,K9s,AI,purple,4,UO/8-10/CO.png,VERIFIED_BY_COLOR_GRID
UO,8-10,CO,K8s,AI,purple,4,UO/8-10/CO.png,VERIFIED_BY_COLOR_GRID
UO,8-10,CO,K7s,AI,purple,4,UO/8-10/CO.png,VERIFIED_BY_COLOR_GRID
UO,8-10,CO,K6s,AI,purple,4,UO/8-10/CO.png,VERIFIED_BY_COLOR_GRID
UO,8-10,CO,K5s,UNSELECTED,gray,4,UO/8-10/CO.png,VERIFIED_BY_COLOR_GRID
UO,8-10,CO,K4s,UNSELECTED,gray,4,UO/8-10/CO.png,VERIFIED_BY_COLOR_GRID
UO,8-10,CO,K3s,UNSELECTED,gray,4,UO/8-10/CO.png,VERIFIED_BY_COLOR_GRID
UO,8-10,CO,K2s,UNSELECTED,gray,4,UO/8-10/CO.png,VERIFIED_BY_COLOR_GRID
UO,8-10,CO,AQo,AI,purple,12,UO/8-10/CO.png,VERIFIED_BY_COLOR_GRID
UO,8-10,CO,KQo,AI,purple,12,UO/8-10/CO.png,VERIFIED_BY_COLOR_GRID
UO,8-10,CO,QQ,AI,purple,6,UO/8-10/CO.png,VERIFIED_BY_COLOR_GRID
UO,8-10,CO,QJs,AI,purple,4,UO/8-10/CO.png,VERIFIED_BY_COLOR_GRID
UO,8-10,CO,QTs,AI,purple,4,UO/8-10/CO.png,VERIFIED_BY_COLOR_GRID
UO,8-10,CO,Q9s,AI,purple,4,UO/8-10/CO.png,VERIFIED_BY_COLOR_GRID
UO,8-10,CO,Q8s,AI,purple,4,UO/8-10/CO.png,VERIFIED_BY_COLOR_GRID
UO,8-10,CO,Q7s,UNSELECTED,gray,4,UO/8-10/CO.png,VERIFIED_BY_COLOR_GRID
UO,8-10,CO,Q6s,UNSELECTED,gray,4,UO/8-10/CO.png,VERIFIED_BY_COLOR_GRID
UO,8-10,CO,Q5s,UNSELECTED,gray,4,UO/8-10/CO.png,VERIFIED_BY_COLOR_GRID
UO,8-10,CO,Q4s,UNSELECTED,gray,4,UO/8-10/CO.png,VERIFIED_BY_COLOR_GRID
UO,8-10,CO,Q3s,UNSELECTED,gray,4,UO/8-10/CO.png,VERIFIED_BY_COLOR_GRID
UO,8-10,CO,Q2s,UNSELECTED,gray,4,UO/8-10/CO.png,VERIFIED_BY_COLOR_GRID
UO,8-10,CO,AJo,AI,purple,12,UO/8-10/CO.png,VERIFIED_BY_COLOR_GRID
UO,8-10,CO,KJo,AI,purple,12,UO/8-10/CO.png,VERIFIED_BY_COLOR_GRID
UO,8-10,CO,QJo,AI,purple,12,UO/8-10/CO.png,VERIFIED_BY_COLOR_GRID
UO,8-10,CO,JJ,AI,purple,6,UO/8-10/CO.png,VERIFIED_BY_COLOR_GRID
UO,8-10,CO,JTs,AI,purple,4,UO/8-10/CO.png,VERIFIED_BY_COLOR_GRID
UO,8-10,CO,J9s,AI,purple,4,UO/8-10/CO.png,VERIFIED_BY_COLOR_GRID
UO,8-10,CO,J8s,UNSELECTED,gray,4,UO/8-10/CO.png,VERIFIED_BY_COLOR_GRID
UO,8-10,CO,J7s,UNSELECTED,gray,4,UO/8-10/CO.png,VERIFIED_BY_COLOR_GRID
UO,8-10,CO,J6s,UNSELECTED,gray,4,UO/8-10/CO.png,VERIFIED_BY_COLOR_GRID
UO,8-10,CO,J5s,UNSELECTED,gray,4,UO/8-10/CO.png,VERIFIED_BY_COLOR_GRID
UO,8-10,CO,J4s,UNSELECTED,gray,4,UO/8-10/CO.png,VERIFIED_BY_COLOR_GRID
UO,8-10,CO,J3s,UNSELECTED,gray,4,UO/8-10/CO.png,VERIFIED_BY_COLOR_GRID
UO,8-10,CO,J2s,UNSELECTED,gray,4,UO/8-10/CO.png,VERIFIED_BY_COLOR_GRID
UO,8-10,CO,ATo,AI,purple,12,UO/8-10/CO.png,VERIFIED_BY_COLOR_GRID
UO,8-10,CO,KTo,AI,purple,12,UO/8-10/CO.png,VERIFIED_BY_COLOR_GRID
UO,8-10,CO,QTo,AI,purple,12,UO/8-10/CO.png,VERIFIED_BY_COLOR_GRID
UO,8-10,CO,JTo,AI,purple,12,UO/8-10/CO.png,VERIFIED_BY_COLOR_GRID
UO,8-10,CO,TT,AI,purple,6,UO/8-10/CO.png,VERIFIED_BY_COLOR_GRID
UO,8-10,CO,T9s,AI,purple,4,UO/8-10/CO.png,VERIFIED_BY_COLOR_GRID
UO,8-10,CO,T8s,UNSELECTED,gray,4,UO/8-10/CO.png,VERIFIED_BY_COLOR_GRID
UO,8-10,CO,T7s,UNSELECTED,gray,4,UO/8-10/CO.png,VERIFIED_BY_COLOR_GRID
UO,8-10,CO,T6s,UNSELECTED,gray,4,UO/8-10/CO.png,VERIFIED_BY_COLOR_GRID
UO,8-10,CO,T5s,UNSELECTED,gray,4,UO/8-10/CO.png,VERIFIED_BY_COLOR_GRID
UO,8-10,CO,T4s,UNSELECTED,gray,4,UO/8-10/CO.png,VERIFIED_BY_COLOR_GRID
UO,8-10,CO,T3s,UNSELECTED,gray,4,UO/8-10/CO.png,VERIFIED_BY_COLOR_GRID
UO,8-10,CO,T2s,UNSELECTED,gray,4,UO/8-10/CO.png,VERIFIED_BY_COLOR_GRID
UO,8-10,CO,A9o,AI,purple,12,UO/8-10/CO.png,VERIFIED_BY_COLOR_GRID
UO,8-10,CO,K9o,AI,purple,12,UO/8-10/CO.png,VERIFIED_BY_COLOR_GRID
UO,8-10,CO,Q9o,UNSELECTED,gray,12,UO/8-10/CO.png,VERIFIED_BY_COLOR_GRID
UO,8-10,CO,J9o,UNSELECTED,gray,12,UO/8-10/CO.png,VERIFIED_BY_COLOR_GRID
UO,8-10,CO,T9o,UNSELECTED,gray,12,UO/8-10/CO.png,VERIFIED_BY_COLOR_GRID
UO,8-10,CO,99,AI,purple,6,UO/8-10/CO.png,VERIFIED_BY_COLOR_GRID
UO,8-10,CO,98s,UNSELECTED,gray,4,UO/8-10/CO.png,VERIFIED_BY_COLOR_GRID
UO,8-10,CO,97s,UNSELECTED,gray,4,UO/8-10/CO.png,VERIFIED_BY_COLOR_GRID
UO,8-10,CO,96s,UNSELECTED,gray,4,UO/8-10/CO.png,VERIFIED_BY_COLOR_GRID
UO,8-10,CO,95s,UNSELECTED,gray,4,UO/8-10/CO.png,VERIFIED_BY_COLOR_GRID
UO,8-10,CO,94s,UNSELECTED,gray,4,UO/8-10/CO.png,VERIFIED_BY_COLOR_GRID
UO,8-10,CO,93s,UNSELECTED,gray,4,UO/8-10/CO.png,VERIFIED_BY_COLOR_GRID
UO,8-10,CO,92s,UNSELECTED,gray,4,UO/8-10/CO.png,VERIFIED_BY_COLOR_GRID
UO,8-10,CO,A8o,AI,purple,12,UO/8-10/CO.png,VERIFIED_BY_COLOR_GRID
UO,8-10,CO,K8o,UNSELECTED,gray,12,UO/8-10/CO.png,VERIFIED_BY_COLOR_GRID
UO,8-10,CO,Q8o,UNSELECTED,gray,12,UO/8-10/CO.png,VERIFIED_BY_COLOR_GRID
UO,8-10,CO,J8o,UNSELECTED,gray,12,UO/8-10/CO.png,VERIFIED_BY_COLOR_GRID
UO,8-10,CO,T8o,UNSELECTED,gray,12,UO/8-10/CO.png,VERIFIED_BY_COLOR_GRID
UO,8-10,CO,98o,UNSELECTED,gray,12,UO/8-10/CO.png,VERIFIED_BY_COLOR_GRID
UO,8-10,CO,88,AI,purple,6,UO/8-10/CO.png,VERIFIED_BY_COLOR_GRID
UO,8-10,CO,87s,UNSELECTED,gray,4,UO/8-10/CO.png,VERIFIED_BY_COLOR_GRID
UO,8-10,CO,86s,UNSELECTED,gray,4,UO/8-10/CO.png,VERIFIED_BY_COLOR_GRID
UO,8-10,CO,85s,UNSELECTED,gray,4,UO/8-10/CO.png,VERIFIED_BY_COLOR_GRID
UO,8-10,CO,84s,UNSELECTED,gray,4,UO/8-10/CO.png,VERIFIED_BY_COLOR_GRID
UO,8-10,CO,83s,UNSELECTED,gray,4,UO/8-10/CO.png,VERIFIED_BY_COLOR_GRID
UO,8-10,CO,82s,UNSELECTED,gray,4,UO/8-10/CO.png,VERIFIED_BY_COLOR_GRID
UO,8-10,CO,A7o,AI,purple,12,UO/8-10/CO.png,VERIFIED_BY_COLOR_GRID
UO,8-10,CO,K7o,UNSELECTED,gray,12,UO/8-10/CO.png,VERIFIED_BY_COLOR_GRID
UO,8-10,CO,Q7o,UNSELECTED,gray,12,UO/8-10/CO.png,VERIFIED_BY_COLOR_GRID
UO,8-10,CO,J7o,UNSELECTED,gray,12,UO/8-10/CO.png,VERIFIED_BY_COLOR_GRID
UO,8-10,CO,T7o,UNSELECTED,gray,12,UO/8-10/CO.png,VERIFIED_BY_COLOR_GRID
UO,8-10,CO,97o,UNSELECTED,gray,12,UO/8-10/CO.png,VERIFIED_BY_COLOR_GRID
UO,8-10,CO,87o,UNSELECTED,gray,12,UO/8-10/CO.png,VERIFIED_BY_COLOR_GRID
UO,8-10,CO,77,AI,purple,6,UO/8-10/CO.png,VERIFIED_BY_COLOR_GRID
UO,8-10,CO,76s,UNSELECTED,gray,4,UO/8-10/CO.png,VERIFIED_BY_COLOR_GRID
UO,8-10,CO,75s,UNSELECTED,gray,4,UO/8-10/CO.png,VERIFIED_BY_COLOR_GRID
UO,8-10,CO,74s,UNSELECTED,gray,4,UO/8-10/CO.png,VERIFIED_BY_COLOR_GRID
UO,8-10,CO,73s,UNSELECTED,gray,4,UO/8-10/CO.png,VERIFIED_BY_COLOR_GRID
UO,8-10,CO,72s,UNSELECTED,gray,4,UO/8-10/CO.png,VERIFIED_BY_COLOR_GRID
UO,8-10,CO,A6o,AI,purple,12,UO/8-10/CO.png,VERIFIED_BY_COLOR_GRID
UO,8-10,CO,K6o,UNSELECTED,gray,12,UO/8-10/CO.png,VERIFIED_BY_COLOR_GRID
UO,8-10,CO,Q6o,UNSELECTED,gray,12,UO/8-10/CO.png,VERIFIED_BY_COLOR_GRID
UO,8-10,CO,J6o,UNSELECTED,gray,12,UO/8-10/CO.png,VERIFIED_BY_COLOR_GRID
UO,8-10,CO,T6o,UNSELECTED,gray,12,UO/8-10/CO.png,VERIFIED_BY_COLOR_GRID
UO,8-10,CO,96o,UNSELECTED,gray,12,UO/8-10/CO.png,VERIFIED_BY_COLOR_GRID
UO,8-10,CO,86o,UNSELECTED,gray,12,UO/8-10/CO.png,VERIFIED_BY_COLOR_GRID
UO,8-10,CO,76o,UNSELECTED,gray,12,UO/8-10/CO.png,VERIFIED_BY_COLOR_GRID
UO,8-10,CO,66,AI,purple,6,UO/8-10/CO.png,VERIFIED_BY_COLOR_GRID
UO,8-10,CO,65s,UNSELECTED,gray,4,UO/8-10/CO.png,VERIFIED_BY_COLOR_GRID
UO,8-10,CO,64s,UNSELECTED,gray,4,UO/8-10/CO.png,VERIFIED_BY_COLOR_GRID
UO,8-10,CO,63s,UNSELECTED,gray,4,UO/8-10/CO.png,VERIFIED_BY_COLOR_GRID
UO,8-10,CO,62s,UNSELECTED,gray,4,UO/8-10/CO.png,VERIFIED_BY_COLOR_GRID
UO,8-10,CO,A5o,AI,purple,12,UO/8-10/CO.png,VERIFIED_BY_COLOR_GRID
UO,8-10,CO,K5o,UNSELECTED,gray,12,UO/8-10/CO.png,VERIFIED_BY_COLOR_GRID
UO,8-10,CO,Q5o,UNSELECTED,gray,12,UO/8-10/CO.png,VERIFIED_BY_COLOR_GRID
UO,8-10,CO,J5o,UNSELECTED,gray,12,UO/8-10/CO.png,VERIFIED_BY_COLOR_GRID
UO,8-10,CO,T5o,UNSELECTED,gray,12,UO/8-10/CO.png,VERIFIED_BY_COLOR_GRID
UO,8-10,CO,95o,UNSELECTED,gray,12,UO/8-10/CO.png,VERIFIED_BY_COLOR_GRID
UO,8-10,CO,85o,UNSELECTED,gray,12,UO/8-10/CO.png,VERIFIED_BY_COLOR_GRID
UO,8-10,CO,75o,UNSELECTED,gray,12,UO/8-10/CO.png,VERIFIED_BY_COLOR_GRID
UO,8-10,CO,65o,UNSELECTED,gray,12,UO/8-10/CO.png,VERIFIED_BY_COLOR_GRID
UO,8-10,CO,55,AI,purple,6,UO/8-10/CO.png,VERIFIED_BY_COLOR_GRID
UO,8-10,CO,54s,UNSELECTED,gray,4,UO/8-10/CO.png,VERIFIED_BY_COLOR_GRID
UO,8-10,CO,53s,UNSELECTED,gray,4,UO/8-10/CO.png,VERIFIED_BY_COLOR_GRID
UO,8-10,CO,52s,UNSELECTED,gray,4,UO/8-10/CO.png,VERIFIED_BY_COLOR_GRID
UO,8-10,CO,A4o,AI,purple,12,UO/8-10/CO.png,VERIFIED_BY_COLOR_GRID
UO,8-10,CO,K4o,UNSELECTED,gray,12,UO/8-10/CO.png,VERIFIED_BY_COLOR_GRID
UO,8-10,CO,Q4o,UNSELECTED,gray,12,UO/8-10/CO.png,VERIFIED_BY_COLOR_GRID
UO,8-10,CO,J4o,UNSELECTED,gray,12,UO/8-10/CO.png,VERIFIED_BY_COLOR_GRID
UO,8-10,CO,T4o,UNSELECTED,gray,12,UO/8-10/CO.png,VERIFIED_BY_COLOR_GRID
UO,8-10,CO,94o,UNSELECTED,gray,12,UO/8-10/CO.png,VERIFIED_BY_COLOR_GRID
UO,8-10,CO,84o,UNSELECTED,gray,12,UO/8-10/CO.png,VERIFIED_BY_COLOR_GRID
UO,8-10,CO,74o,UNSELECTED,gray,12,UO/8-10/CO.png,VERIFIED_BY_COLOR_GRID
UO,8-10,CO,64o,UNSELECTED,gray,12,UO/8-10/CO.png,VERIFIED_BY_COLOR_GRID
UO,8-10,CO,54o,UNSELECTED,gray,12,UO/8-10/CO.png,VERIFIED_BY_COLOR_GRID
UO,8-10,CO,44,AI,purple,6,UO/8-10/CO.png,VERIFIED_BY_COLOR_GRID
UO,8-10,CO,43s,UNSELECTED,gray,4,UO/8-10/CO.png,VERIFIED_BY_COLOR_GRID
UO,8-10,CO,42s,UNSELECTED,gray,4,UO/8-10/CO.png,VERIFIED_BY_COLOR_GRID
UO,8-10,CO,A3o,AI,purple,12,UO/8-10/CO.png,VERIFIED_BY_COLOR_GRID
UO,8-10,CO,K3o,UNSELECTED,gray,12,UO/8-10/CO.png,VERIFIED_BY_COLOR_GRID
UO,8-10,CO,Q3o,UNSELECTED,gray,12,UO/8-10/CO.png,VERIFIED_BY_COLOR_GRID
UO,8-10,CO,J3o,UNSELECTED,gray,12,UO/8-10/CO.png,VERIFIED_BY_COLOR_GRID
UO,8-10,CO,T3o,UNSELECTED,gray,12,UO/8-10/CO.png,VERIFIED_BY_COLOR_GRID
UO,8-10,CO,93o,UNSELECTED,gray,12,UO/8-10/CO.png,VERIFIED_BY_COLOR_GRID
UO,8-10,CO,83o,UNSELECTED,gray,12,UO/8-10/CO.png,VERIFIED_BY_COLOR_GRID
UO,8-10,CO,73o,UNSELECTED,gray,12,UO/8-10/CO.png,VERIFIED_BY_COLOR_GRID
UO,8-10,CO,63o,UNSELECTED,gray,12,UO/8-10/CO.png,VERIFIED_BY_COLOR_GRID
UO,8-10,CO,53o,UNSELECTED,gray,12,UO/8-10/CO.png,VERIFIED_BY_COLOR_GRID
UO,8-10,CO,43o,UNSELECTED,gray,12,UO/8-10/CO.png,VERIFIED_BY_COLOR_GRID
UO,8-10,CO,33,AI,purple,6,UO/8-10/CO.png,VERIFIED_BY_COLOR_GRID
UO,8-10,CO,32s,UNSELECTED,gray,4,UO/8-10/CO.png,VERIFIED_BY_COLOR_GRID
UO,8-10,CO,A2o,AI,purple,12,UO/8-10/CO.png,VERIFIED_BY_COLOR_GRID
UO,8-10,CO,K2o,UNSELECTED,gray,12,UO/8-10/CO.png,VERIFIED_BY_COLOR_GRID
UO,8-10,CO,Q2o,UNSELECTED,gray,12,UO/8-10/CO.png,VERIFIED_BY_COLOR_GRID
UO,8-10,CO,J2o,UNSELECTED,gray,12,UO/8-10/CO.png,VERIFIED_BY_COLOR_GRID
UO,8-10,CO,T2o,UNSELECTED,gray,12,UO/8-10/CO.png,VERIFIED_BY_COLOR_GRID
UO,8-10,CO,92o,UNSELECTED,gray,12,UO/8-10/CO.png,VERIFIED_BY_COLOR_GRID
UO,8-10,CO,82o,UNSELECTED,gray,12,UO/8-10/CO.png,VERIFIED_BY_COLOR_GRID
UO,8-10,CO,72o,UNSELECTED,gray,12,UO/8-10/CO.png,VERIFIED_BY_COLOR_GRID
UO,8-10,CO,62o,UNSELECTED,gray,12,UO/8-10/CO.png,VERIFIED_BY_COLOR_GRID
UO,8-10,CO,52o,UNSELECTED,gray,12,UO/8-10/CO.png,VERIFIED_BY_COLOR_GRID
UO,8-10,CO,42o,UNSELECTED,gray,12,UO/8-10/CO.png,VERIFIED_BY_COLOR_GRID
UO,8-10,CO,32o,UNSELECTED,gray,12,UO/8-10/CO.png,VERIFIED_BY_COLOR_GRID
UO,8-10,CO,22,AI,purple,6,UO/8-10/CO.png,VERIFIED_BY_COLOR_GRID
UO,8-10,BTN,AA,AI,purple,6,UO/8-10/BTN.png,VERIFIED_BY_COLOR_GRID
UO,8-10,BTN,AKs,AI,purple,4,UO/8-10/BTN.png,VERIFIED_BY_COLOR_GRID
UO,8-10,BTN,AQs,AI,purple,4,UO/8-10/BTN.png,VERIFIED_BY_COLOR_GRID
UO,8-10,BTN,AJs,AI,purple,4,UO/8-10/BTN.png,VERIFIED_BY_COLOR_GRID
UO,8-10,BTN,ATs,AI,purple,4,UO/8-10/BTN.png,VERIFIED_BY_COLOR_GRID
UO,8-10,BTN,A9s,AI,purple,4,UO/8-10/BTN.png,VERIFIED_BY_COLOR_GRID
UO,8-10,BTN,A8s,AI,purple,4,UO/8-10/BTN.png,VERIFIED_BY_COLOR_GRID
UO,8-10,BTN,A7s,AI,purple,4,UO/8-10/BTN.png,VERIFIED_BY_COLOR_GRID
UO,8-10,BTN,A6s,AI,purple,4,UO/8-10/BTN.png,VERIFIED_BY_COLOR_GRID
UO,8-10,BTN,A5s,AI,purple,4,UO/8-10/BTN.png,VERIFIED_BY_COLOR_GRID
UO,8-10,BTN,A4s,AI,purple,4,UO/8-10/BTN.png,VERIFIED_BY_COLOR_GRID
UO,8-10,BTN,A3s,AI,purple,4,UO/8-10/BTN.png,VERIFIED_BY_COLOR_GRID
UO,8-10,BTN,A2s,AI,purple,4,UO/8-10/BTN.png,VERIFIED_BY_COLOR_GRID
UO,8-10,BTN,AKo,AI,purple,12,UO/8-10/BTN.png,VERIFIED_BY_COLOR_GRID
UO,8-10,BTN,KK,AI,purple,6,UO/8-10/BTN.png,VERIFIED_BY_COLOR_GRID
UO,8-10,BTN,KQs,AI,purple,4,UO/8-10/BTN.png,VERIFIED_BY_COLOR_GRID
UO,8-10,BTN,KJs,AI,purple,4,UO/8-10/BTN.png,VERIFIED_BY_COLOR_GRID
UO,8-10,BTN,KTs,AI,purple,4,UO/8-10/BTN.png,VERIFIED_BY_COLOR_GRID
UO,8-10,BTN,K9s,AI,purple,4,UO/8-10/BTN.png,VERIFIED_BY_COLOR_GRID
UO,8-10,BTN,K8s,AI,purple,4,UO/8-10/BTN.png,VERIFIED_BY_COLOR_GRID
UO,8-10,BTN,K7s,AI,purple,4,UO/8-10/BTN.png,VERIFIED_BY_COLOR_GRID
UO,8-10,BTN,K6s,AI,purple,4,UO/8-10/BTN.png,VERIFIED_BY_COLOR_GRID
UO,8-10,BTN,K5s,AI,purple,4,UO/8-10/BTN.png,VERIFIED_BY_COLOR_GRID
UO,8-10,BTN,K4s,UNSELECTED,gray,4,UO/8-10/BTN.png,VERIFIED_BY_COLOR_GRID
UO,8-10,BTN,K3s,UNSELECTED,gray,4,UO/8-10/BTN.png,VERIFIED_BY_COLOR_GRID
UO,8-10,BTN,K2s,UNSELECTED,gray,4,UO/8-10/BTN.png,VERIFIED_BY_COLOR_GRID
UO,8-10,BTN,AQo,AI,purple,12,UO/8-10/BTN.png,VERIFIED_BY_COLOR_GRID
UO,8-10,BTN,KQo,AI,purple,12,UO/8-10/BTN.png,VERIFIED_BY_COLOR_GRID
UO,8-10,BTN,QQ,AI,purple,6,UO/8-10/BTN.png,VERIFIED_BY_COLOR_GRID
UO,8-10,BTN,QJs,AI,purple,4,UO/8-10/BTN.png,VERIFIED_BY_COLOR_GRID
UO,8-10,BTN,QTs,AI,purple,4,UO/8-10/BTN.png,VERIFIED_BY_COLOR_GRID
UO,8-10,BTN,Q9s,AI,purple,4,UO/8-10/BTN.png,VERIFIED_BY_COLOR_GRID
UO,8-10,BTN,Q8s,AI,purple,4,UO/8-10/BTN.png,VERIFIED_BY_COLOR_GRID
UO,8-10,BTN,Q7s,AI,purple,4,UO/8-10/BTN.png,VERIFIED_BY_COLOR_GRID
UO,8-10,BTN,Q6s,UNSELECTED,gray,4,UO/8-10/BTN.png,VERIFIED_BY_COLOR_GRID
UO,8-10,BTN,Q5s,UNSELECTED,gray,4,UO/8-10/BTN.png,VERIFIED_BY_COLOR_GRID
UO,8-10,BTN,Q4s,UNSELECTED,gray,4,UO/8-10/BTN.png,VERIFIED_BY_COLOR_GRID
UO,8-10,BTN,Q3s,UNSELECTED,gray,4,UO/8-10/BTN.png,VERIFIED_BY_COLOR_GRID
UO,8-10,BTN,Q2s,UNSELECTED,gray,4,UO/8-10/BTN.png,VERIFIED_BY_COLOR_GRID
UO,8-10,BTN,AJo,AI,purple,12,UO/8-10/BTN.png,VERIFIED_BY_COLOR_GRID
UO,8-10,BTN,KJo,AI,purple,12,UO/8-10/BTN.png,VERIFIED_BY_COLOR_GRID
UO,8-10,BTN,QJo,AI,purple,12,UO/8-10/BTN.png,VERIFIED_BY_COLOR_GRID
UO,8-10,BTN,JJ,AI,purple,6,UO/8-10/BTN.png,VERIFIED_BY_COLOR_GRID
UO,8-10,BTN,JTs,AI,purple,4,UO/8-10/BTN.png,VERIFIED_BY_COLOR_GRID
UO,8-10,BTN,J9s,AI,purple,4,UO/8-10/BTN.png,VERIFIED_BY_COLOR_GRID
UO,8-10,BTN,J8s,UNSELECTED,gray,4,UO/8-10/BTN.png,VERIFIED_BY_COLOR_GRID
UO,8-10,BTN,J7s,UNSELECTED,gray,4,UO/8-10/BTN.png,VERIFIED_BY_COLOR_GRID
UO,8-10,BTN,J6s,UNSELECTED,gray,4,UO/8-10/BTN.png,VERIFIED_BY_COLOR_GRID
UO,8-10,BTN,J5s,UNSELECTED,gray,4,UO/8-10/BTN.png,VERIFIED_BY_COLOR_GRID
UO,8-10,BTN,J4s,UNSELECTED,gray,4,UO/8-10/BTN.png,VERIFIED_BY_COLOR_GRID
UO,8-10,BTN,J3s,UNSELECTED,gray,4,UO/8-10/BTN.png,VERIFIED_BY_COLOR_GRID
UO,8-10,BTN,J2s,UNSELECTED,gray,4,UO/8-10/BTN.png,VERIFIED_BY_COLOR_GRID
UO,8-10,BTN,ATo,AI,purple,12,UO/8-10/BTN.png,VERIFIED_BY_COLOR_GRID
UO,8-10,BTN,KTo,AI,purple,12,UO/8-10/BTN.png,VERIFIED_BY_COLOR_GRID
UO,8-10,BTN,QTo,AI,purple,12,UO/8-10/BTN.png,VERIFIED_BY_COLOR_GRID
UO,8-10,BTN,JTo,AI,purple,12,UO/8-10/BTN.png,VERIFIED_BY_COLOR_GRID
UO,8-10,BTN,TT,AI,purple,6,UO/8-10/BTN.png,VERIFIED_BY_COLOR_GRID
UO,8-10,BTN,T9s,AI,purple,4,UO/8-10/BTN.png,VERIFIED_BY_COLOR_GRID
UO,8-10,BTN,T8s,UNSELECTED,gray,4,UO/8-10/BTN.png,VERIFIED_BY_COLOR_GRID
UO,8-10,BTN,T7s,UNSELECTED,gray,4,UO/8-10/BTN.png,VERIFIED_BY_COLOR_GRID
UO,8-10,BTN,T6s,UNSELECTED,gray,4,UO/8-10/BTN.png,VERIFIED_BY_COLOR_GRID
UO,8-10,BTN,T5s,UNSELECTED,gray,4,UO/8-10/BTN.png,VERIFIED_BY_COLOR_GRID
UO,8-10,BTN,T4s,UNSELECTED,gray,4,UO/8-10/BTN.png,VERIFIED_BY_COLOR_GRID
UO,8-10,BTN,T3s,UNSELECTED,gray,4,UO/8-10/BTN.png,VERIFIED_BY_COLOR_GRID
UO,8-10,BTN,T2s,UNSELECTED,gray,4,UO/8-10/BTN.png,VERIFIED_BY_COLOR_GRID
UO,8-10,BTN,A9o,AI,purple,12,UO/8-10/BTN.png,VERIFIED_BY_COLOR_GRID
UO,8-10,BTN,K9o,AI,purple,12,UO/8-10/BTN.png,VERIFIED_BY_COLOR_GRID
UO,8-10,BTN,Q9o,UNSELECTED,gray,12,UO/8-10/BTN.png,VERIFIED_BY_COLOR_GRID
UO,8-10,BTN,J9o,UNSELECTED,gray,12,UO/8-10/BTN.png,VERIFIED_BY_COLOR_GRID
UO,8-10,BTN,T9o,UNSELECTED,gray,12,UO/8-10/BTN.png,VERIFIED_BY_COLOR_GRID
UO,8-10,BTN,99,AI,purple,6,UO/8-10/BTN.png,VERIFIED_BY_COLOR_GRID
UO,8-10,BTN,98s,UNSELECTED,gray,4,UO/8-10/BTN.png,VERIFIED_BY_COLOR_GRID
UO,8-10,BTN,97s,UNSELECTED,gray,4,UO/8-10/BTN.png,VERIFIED_BY_COLOR_GRID
UO,8-10,BTN,96s,UNSELECTED,gray,4,UO/8-10/BTN.png,VERIFIED_BY_COLOR_GRID
UO,8-10,BTN,95s,UNSELECTED,gray,4,UO/8-10/BTN.png,VERIFIED_BY_COLOR_GRID
UO,8-10,BTN,94s,UNSELECTED,gray,4,UO/8-10/BTN.png,VERIFIED_BY_COLOR_GRID
UO,8-10,BTN,93s,UNSELECTED,gray,4,UO/8-10/BTN.png,VERIFIED_BY_COLOR_GRID
UO,8-10,BTN,92s,UNSELECTED,gray,4,UO/8-10/BTN.png,VERIFIED_BY_COLOR_GRID
UO,8-10,BTN,A8o,AI,purple,12,UO/8-10/BTN.png,VERIFIED_BY_COLOR_GRID
UO,8-10,BTN,K8o,AI,purple,12,UO/8-10/BTN.png,VERIFIED_BY_COLOR_GRID
UO,8-10,BTN,Q8o,UNSELECTED,gray,12,UO/8-10/BTN.png,VERIFIED_BY_COLOR_GRID
UO,8-10,BTN,J8o,UNSELECTED,gray,12,UO/8-10/BTN.png,VERIFIED_BY_COLOR_GRID
UO,8-10,BTN,T8o,UNSELECTED,gray,12,UO/8-10/BTN.png,VERIFIED_BY_COLOR_GRID
UO,8-10,BTN,98o,UNSELECTED,gray,12,UO/8-10/BTN.png,VERIFIED_BY_COLOR_GRID
UO,8-10,BTN,88,AI,purple,6,UO/8-10/BTN.png,VERIFIED_BY_COLOR_GRID
UO,8-10,BTN,87s,UNSELECTED,gray,4,UO/8-10/BTN.png,VERIFIED_BY_COLOR_GRID
UO,8-10,BTN,86s,UNSELECTED,gray,4,UO/8-10/BTN.png,VERIFIED_BY_COLOR_GRID
UO,8-10,BTN,85s,UNSELECTED,gray,4,UO/8-10/BTN.png,VERIFIED_BY_COLOR_GRID
UO,8-10,BTN,84s,UNSELECTED,gray,4,UO/8-10/BTN.png,VERIFIED_BY_COLOR_GRID
UO,8-10,BTN,83s,UNSELECTED,gray,4,UO/8-10/BTN.png,VERIFIED_BY_COLOR_GRID
UO,8-10,BTN,82s,UNSELECTED,gray,4,UO/8-10/BTN.png,VERIFIED_BY_COLOR_GRID
UO,8-10,BTN,A7o,AI,purple,12,UO/8-10/BTN.png,VERIFIED_BY_COLOR_GRID
UO,8-10,BTN,K7o,AI,purple,12,UO/8-10/BTN.png,VERIFIED_BY_COLOR_GRID
UO,8-10,BTN,Q7o,UNSELECTED,gray,12,UO/8-10/BTN.png,VERIFIED_BY_COLOR_GRID
UO,8-10,BTN,J7o,UNSELECTED,gray,12,UO/8-10/BTN.png,VERIFIED_BY_COLOR_GRID
UO,8-10,BTN,T7o,UNSELECTED,gray,12,UO/8-10/BTN.png,VERIFIED_BY_COLOR_GRID
UO,8-10,BTN,97o,UNSELECTED,gray,12,UO/8-10/BTN.png,VERIFIED_BY_COLOR_GRID
UO,8-10,BTN,87o,UNSELECTED,gray,12,UO/8-10/BTN.png,VERIFIED_BY_COLOR_GRID
UO,8-10,BTN,77,AI,purple,6,UO/8-10/BTN.png,VERIFIED_BY_COLOR_GRID
UO,8-10,BTN,76s,UNSELECTED,gray,4,UO/8-10/BTN.png,VERIFIED_BY_COLOR_GRID
UO,8-10,BTN,75s,UNSELECTED,gray,4,UO/8-10/BTN.png,VERIFIED_BY_COLOR_GRID
UO,8-10,BTN,74s,UNSELECTED,gray,4,UO/8-10/BTN.png,VERIFIED_BY_COLOR_GRID
UO,8-10,BTN,73s,UNSELECTED,gray,4,UO/8-10/BTN.png,VERIFIED_BY_COLOR_GRID
UO,8-10,BTN,72s,UNSELECTED,gray,4,UO/8-10/BTN.png,VERIFIED_BY_COLOR_GRID
UO,8-10,BTN,A6o,AI,purple,12,UO/8-10/BTN.png,VERIFIED_BY_COLOR_GRID
UO,8-10,BTN,K6o,UNSELECTED,gray,12,UO/8-10/BTN.png,VERIFIED_BY_COLOR_GRID
UO,8-10,BTN,Q6o,UNSELECTED,gray,12,UO/8-10/BTN.png,VERIFIED_BY_COLOR_GRID
UO,8-10,BTN,J6o,UNSELECTED,gray,12,UO/8-10/BTN.png,VERIFIED_BY_COLOR_GRID
UO,8-10,BTN,T6o,UNSELECTED,gray,12,UO/8-10/BTN.png,VERIFIED_BY_COLOR_GRID
UO,8-10,BTN,96o,UNSELECTED,gray,12,UO/8-10/BTN.png,VERIFIED_BY_COLOR_GRID
UO,8-10,BTN,86o,UNSELECTED,gray,12,UO/8-10/BTN.png,VERIFIED_BY_COLOR_GRID
UO,8-10,BTN,76o,UNSELECTED,gray,12,UO/8-10/BTN.png,VERIFIED_BY_COLOR_GRID
UO,8-10,BTN,66,AI,purple,6,UO/8-10/BTN.png,VERIFIED_BY_COLOR_GRID
UO,8-10,BTN,65s,UNSELECTED,gray,4,UO/8-10/BTN.png,VERIFIED_BY_COLOR_GRID
UO,8-10,BTN,64s,UNSELECTED,gray,4,UO/8-10/BTN.png,VERIFIED_BY_COLOR_GRID
UO,8-10,BTN,63s,UNSELECTED,gray,4,UO/8-10/BTN.png,VERIFIED_BY_COLOR_GRID
UO,8-10,BTN,62s,UNSELECTED,gray,4,UO/8-10/BTN.png,VERIFIED_BY_COLOR_GRID
UO,8-10,BTN,A5o,AI,purple,12,UO/8-10/BTN.png,VERIFIED_BY_COLOR_GRID
UO,8-10,BTN,K5o,UNSELECTED,gray,12,UO/8-10/BTN.png,VERIFIED_BY_COLOR_GRID
UO,8-10,BTN,Q5o,UNSELECTED,gray,12,UO/8-10/BTN.png,VERIFIED_BY_COLOR_GRID
UO,8-10,BTN,J5o,UNSELECTED,gray,12,UO/8-10/BTN.png,VERIFIED_BY_COLOR_GRID
UO,8-10,BTN,T5o,UNSELECTED,gray,12,UO/8-10/BTN.png,VERIFIED_BY_COLOR_GRID
UO,8-10,BTN,95o,UNSELECTED,gray,12,UO/8-10/BTN.png,VERIFIED_BY_COLOR_GRID
UO,8-10,BTN,85o,UNSELECTED,gray,12,UO/8-10/BTN.png,VERIFIED_BY_COLOR_GRID
UO,8-10,BTN,75o,UNSELECTED,gray,12,UO/8-10/BTN.png,VERIFIED_BY_COLOR_GRID
UO,8-10,BTN,65o,UNSELECTED,gray,12,UO/8-10/BTN.png,VERIFIED_BY_COLOR_GRID
UO,8-10,BTN,55,AI,purple,6,UO/8-10/BTN.png,VERIFIED_BY_COLOR_GRID
UO,8-10,BTN,54s,UNSELECTED,gray,4,UO/8-10/BTN.png,VERIFIED_BY_COLOR_GRID
UO,8-10,BTN,53s,UNSELECTED,gray,4,UO/8-10/BTN.png,VERIFIED_BY_COLOR_GRID
UO,8-10,BTN,52s,UNSELECTED,gray,4,UO/8-10/BTN.png,VERIFIED_BY_COLOR_GRID
UO,8-10,BTN,A4o,AI,purple,12,UO/8-10/BTN.png,VERIFIED_BY_COLOR_GRID
UO,8-10,BTN,K4o,UNSELECTED,gray,12,UO/8-10/BTN.png,VERIFIED_BY_COLOR_GRID
UO,8-10,BTN,Q4o,UNSELECTED,gray,12,UO/8-10/BTN.png,VERIFIED_BY_COLOR_GRID
UO,8-10,BTN,J4o,UNSELECTED,gray,12,UO/8-10/BTN.png,VERIFIED_BY_COLOR_GRID
UO,8-10,BTN,T4o,UNSELECTED,gray,12,UO/8-10/BTN.png,VERIFIED_BY_COLOR_GRID
UO,8-10,BTN,94o,UNSELECTED,gray,12,UO/8-10/BTN.png,VERIFIED_BY_COLOR_GRID
UO,8-10,BTN,84o,UNSELECTED,gray,12,UO/8-10/BTN.png,VERIFIED_BY_COLOR_GRID
UO,8-10,BTN,74o,UNSELECTED,gray,12,UO/8-10/BTN.png,VERIFIED_BY_COLOR_GRID
UO,8-10,BTN,64o,UNSELECTED,gray,12,UO/8-10/BTN.png,VERIFIED_BY_COLOR_GRID
UO,8-10,BTN,54o,UNSELECTED,gray,12,UO/8-10/BTN.png,VERIFIED_BY_COLOR_GRID
UO,8-10,BTN,44,AI,purple,6,UO/8-10/BTN.png,VERIFIED_BY_COLOR_GRID
UO,8-10,BTN,43s,UNSELECTED,gray,4,UO/8-10/BTN.png,VERIFIED_BY_COLOR_GRID
UO,8-10,BTN,42s,UNSELECTED,gray,4,UO/8-10/BTN.png,VERIFIED_BY_COLOR_GRID
UO,8-10,BTN,A3o,AI,purple,12,UO/8-10/BTN.png,VERIFIED_BY_COLOR_GRID
UO,8-10,BTN,K3o,UNSELECTED,gray,12,UO/8-10/BTN.png,VERIFIED_BY_COLOR_GRID
UO,8-10,BTN,Q3o,UNSELECTED,gray,12,UO/8-10/BTN.png,VERIFIED_BY_COLOR_GRID
UO,8-10,BTN,J3o,UNSELECTED,gray,12,UO/8-10/BTN.png,VERIFIED_BY_COLOR_GRID
UO,8-10,BTN,T3o,UNSELECTED,gray,12,UO/8-10/BTN.png,VERIFIED_BY_COLOR_GRID
UO,8-10,BTN,93o,UNSELECTED,gray,12,UO/8-10/BTN.png,VERIFIED_BY_COLOR_GRID
UO,8-10,BTN,83o,UNSELECTED,gray,12,UO/8-10/BTN.png,VERIFIED_BY_COLOR_GRID
UO,8-10,BTN,73o,UNSELECTED,gray,12,UO/8-10/BTN.png,VERIFIED_BY_COLOR_GRID
UO,8-10,BTN,63o,UNSELECTED,gray,12,UO/8-10/BTN.png,VERIFIED_BY_COLOR_GRID
UO,8-10,BTN,53o,UNSELECTED,gray,12,UO/8-10/BTN.png,VERIFIED_BY_COLOR_GRID
UO,8-10,BTN,43o,UNSELECTED,gray,12,UO/8-10/BTN.png,VERIFIED_BY_COLOR_GRID
UO,8-10,BTN,33,AI,purple,6,UO/8-10/BTN.png,VERIFIED_BY_COLOR_GRID
UO,8-10,BTN,32s,UNSELECTED,gray,4,UO/8-10/BTN.png,VERIFIED_BY_COLOR_GRID
UO,8-10,BTN,A2o,AI,purple,12,UO/8-10/BTN.png,VERIFIED_BY_COLOR_GRID
UO,8-10,BTN,K2o,UNSELECTED,gray,12,UO/8-10/BTN.png,VERIFIED_BY_COLOR_GRID
UO,8-10,BTN,Q2o,UNSELECTED,gray,12,UO/8-10/BTN.png,VERIFIED_BY_COLOR_GRID
UO,8-10,BTN,J2o,UNSELECTED,gray,12,UO/8-10/BTN.png,VERIFIED_BY_COLOR_GRID
UO,8-10,BTN,T2o,UNSELECTED,gray,12,UO/8-10/BTN.png,VERIFIED_BY_COLOR_GRID
UO,8-10,BTN,92o,UNSELECTED,gray,12,UO/8-10/BTN.png,VERIFIED_BY_COLOR_GRID
UO,8-10,BTN,82o,UNSELECTED,gray,12,UO/8-10/BTN.png,VERIFIED_BY_COLOR_GRID
UO,8-10,BTN,72o,UNSELECTED,gray,12,UO/8-10/BTN.png,VERIFIED_BY_COLOR_GRID
UO,8-10,BTN,62o,UNSELECTED,gray,12,UO/8-10/BTN.png,VERIFIED_BY_COLOR_GRID
UO,8-10,BTN,52o,UNSELECTED,gray,12,UO/8-10/BTN.png,VERIFIED_BY_COLOR_GRID
UO,8-10,BTN,42o,UNSELECTED,gray,12,UO/8-10/BTN.png,VERIFIED_BY_COLOR_GRID
UO,8-10,BTN,32o,UNSELECTED,gray,12,UO/8-10/BTN.png,VERIFIED_BY_COLOR_GRID
UO,8-10,BTN,22,AI,purple,6,UO/8-10/BTN.png,VERIFIED_BY_COLOR_GRID
UO,10-12,EP,AA,AI,purple,6,UO/10-12/EP.png,VERIFIED_BY_COLOR_GRID
UO,10-12,EP,AKs,AI,purple,4,UO/10-12/EP.png,VERIFIED_BY_COLOR_GRID
UO,10-12,EP,AQs,AI,purple,4,UO/10-12/EP.png,VERIFIED_BY_COLOR_GRID
UO,10-12,EP,AJs,AI,purple,4,UO/10-12/EP.png,VERIFIED_BY_COLOR_GRID
UO,10-12,EP,ATs,AI,purple,4,UO/10-12/EP.png,VERIFIED_BY_COLOR_GRID
UO,10-12,EP,A9s,AI,purple,4,UO/10-12/EP.png,VERIFIED_BY_COLOR_GRID
UO,10-12,EP,A8s,AI,purple,4,UO/10-12/EP.png,VERIFIED_BY_COLOR_GRID
UO,10-12,EP,A7s,AI,purple,4,UO/10-12/EP.png,VERIFIED_BY_COLOR_GRID
UO,10-12,EP,A6s,UNSELECTED,gray,4,UO/10-12/EP.png,VERIFIED_BY_COLOR_GRID
UO,10-12,EP,A5s,UNSELECTED,gray,4,UO/10-12/EP.png,VERIFIED_BY_COLOR_GRID
UO,10-12,EP,A4s,UNSELECTED,gray,4,UO/10-12/EP.png,VERIFIED_BY_COLOR_GRID
UO,10-12,EP,A3s,UNSELECTED,gray,4,UO/10-12/EP.png,VERIFIED_BY_COLOR_GRID
UO,10-12,EP,A2s,UNSELECTED,gray,4,UO/10-12/EP.png,VERIFIED_BY_COLOR_GRID
UO,10-12,EP,AKo,AI,purple,12,UO/10-12/EP.png,VERIFIED_BY_COLOR_GRID
UO,10-12,EP,KK,AI,purple,6,UO/10-12/EP.png,VERIFIED_BY_COLOR_GRID
UO,10-12,EP,KQs,AI,purple,4,UO/10-12/EP.png,VERIFIED_BY_COLOR_GRID
UO,10-12,EP,KJs,AI,purple,4,UO/10-12/EP.png,VERIFIED_BY_COLOR_GRID
UO,10-12,EP,KTs,AI,purple,4,UO/10-12/EP.png,VERIFIED_BY_COLOR_GRID
UO,10-12,EP,K9s,UNSELECTED,gray,4,UO/10-12/EP.png,VERIFIED_BY_COLOR_GRID
UO,10-12,EP,K8s,UNSELECTED,gray,4,UO/10-12/EP.png,VERIFIED_BY_COLOR_GRID
UO,10-12,EP,K7s,UNSELECTED,gray,4,UO/10-12/EP.png,VERIFIED_BY_COLOR_GRID
UO,10-12,EP,K6s,UNSELECTED,gray,4,UO/10-12/EP.png,VERIFIED_BY_COLOR_GRID
UO,10-12,EP,K5s,UNSELECTED,gray,4,UO/10-12/EP.png,VERIFIED_BY_COLOR_GRID
UO,10-12,EP,K4s,UNSELECTED,gray,4,UO/10-12/EP.png,VERIFIED_BY_COLOR_GRID
UO,10-12,EP,K3s,UNSELECTED,gray,4,UO/10-12/EP.png,VERIFIED_BY_COLOR_GRID
UO,10-12,EP,K2s,UNSELECTED,gray,4,UO/10-12/EP.png,VERIFIED_BY_COLOR_GRID
UO,10-12,EP,AQo,AI,purple,12,UO/10-12/EP.png,VERIFIED_BY_COLOR_GRID
UO,10-12,EP,KQo,AI,purple,12,UO/10-12/EP.png,VERIFIED_BY_COLOR_GRID
UO,10-12,EP,QQ,AI,purple,6,UO/10-12/EP.png,VERIFIED_BY_COLOR_GRID
UO,10-12,EP,QJs,AI,purple,4,UO/10-12/EP.png,VERIFIED_BY_COLOR_GRID
UO,10-12,EP,QTs,AI,purple,4,UO/10-12/EP.png,VERIFIED_BY_COLOR_GRID
UO,10-12,EP,Q9s,UNSELECTED,gray,4,UO/10-12/EP.png,VERIFIED_BY_COLOR_GRID
UO,10-12,EP,Q8s,UNSELECTED,gray,4,UO/10-12/EP.png,VERIFIED_BY_COLOR_GRID
UO,10-12,EP,Q7s,UNSELECTED,gray,4,UO/10-12/EP.png,VERIFIED_BY_COLOR_GRID
UO,10-12,EP,Q6s,UNSELECTED,gray,4,UO/10-12/EP.png,VERIFIED_BY_COLOR_GRID
UO,10-12,EP,Q5s,UNSELECTED,gray,4,UO/10-12/EP.png,VERIFIED_BY_COLOR_GRID
UO,10-12,EP,Q4s,UNSELECTED,gray,4,UO/10-12/EP.png,VERIFIED_BY_COLOR_GRID
UO,10-12,EP,Q3s,UNSELECTED,gray,4,UO/10-12/EP.png,VERIFIED_BY_COLOR_GRID
UO,10-12,EP,Q2s,UNSELECTED,gray,4,UO/10-12/EP.png,VERIFIED_BY_COLOR_GRID
UO,10-12,EP,AJo,AI,purple,12,UO/10-12/EP.png,VERIFIED_BY_COLOR_GRID
UO,10-12,EP,KJo,UNSELECTED,gray,12,UO/10-12/EP.png,VERIFIED_BY_COLOR_GRID
UO,10-12,EP,QJo,UNSELECTED,gray,12,UO/10-12/EP.png,VERIFIED_BY_COLOR_GRID
UO,10-12,EP,JJ,AI,purple,6,UO/10-12/EP.png,VERIFIED_BY_COLOR_GRID
UO,10-12,EP,JTs,AI,purple,4,UO/10-12/EP.png,VERIFIED_BY_COLOR_GRID
UO,10-12,EP,J9s,UNSELECTED,gray,4,UO/10-12/EP.png,VERIFIED_BY_COLOR_GRID
UO,10-12,EP,J8s,UNSELECTED,gray,4,UO/10-12/EP.png,VERIFIED_BY_COLOR_GRID
UO,10-12,EP,J7s,UNSELECTED,gray,4,UO/10-12/EP.png,VERIFIED_BY_COLOR_GRID
UO,10-12,EP,J6s,UNSELECTED,gray,4,UO/10-12/EP.png,VERIFIED_BY_COLOR_GRID
UO,10-12,EP,J5s,UNSELECTED,gray,4,UO/10-12/EP.png,VERIFIED_BY_COLOR_GRID
UO,10-12,EP,J4s,UNSELECTED,gray,4,UO/10-12/EP.png,VERIFIED_BY_COLOR_GRID
UO,10-12,EP,J3s,UNSELECTED,gray,4,UO/10-12/EP.png,VERIFIED_BY_COLOR_GRID
UO,10-12,EP,J2s,UNSELECTED,gray,4,UO/10-12/EP.png,VERIFIED_BY_COLOR_GRID
UO,10-12,EP,ATo,AI,purple,12,UO/10-12/EP.png,VERIFIED_BY_COLOR_GRID
UO,10-12,EP,KTo,UNSELECTED,gray,12,UO/10-12/EP.png,VERIFIED_BY_COLOR_GRID
UO,10-12,EP,QTo,UNSELECTED,gray,12,UO/10-12/EP.png,VERIFIED_BY_COLOR_GRID
UO,10-12,EP,JTo,UNSELECTED,gray,12,UO/10-12/EP.png,VERIFIED_BY_COLOR_GRID
UO,10-12,EP,TT,AI,purple,6,UO/10-12/EP.png,VERIFIED_BY_COLOR_GRID
UO,10-12,EP,T9s,UNSELECTED,gray,4,UO/10-12/EP.png,VERIFIED_BY_COLOR_GRID
UO,10-12,EP,T8s,UNSELECTED,gray,4,UO/10-12/EP.png,VERIFIED_BY_COLOR_GRID
UO,10-12,EP,T7s,UNSELECTED,gray,4,UO/10-12/EP.png,VERIFIED_BY_COLOR_GRID
UO,10-12,EP,T6s,UNSELECTED,gray,4,UO/10-12/EP.png,VERIFIED_BY_COLOR_GRID
UO,10-12,EP,T5s,UNSELECTED,gray,4,UO/10-12/EP.png,VERIFIED_BY_COLOR_GRID
UO,10-12,EP,T4s,UNSELECTED,gray,4,UO/10-12/EP.png,VERIFIED_BY_COLOR_GRID
UO,10-12,EP,T3s,UNSELECTED,gray,4,UO/10-12/EP.png,VERIFIED_BY_COLOR_GRID
UO,10-12,EP,T2s,UNSELECTED,gray,4,UO/10-12/EP.png,VERIFIED_BY_COLOR_GRID
UO,10-12,EP,A9o,UNSELECTED,gray,12,UO/10-12/EP.png,VERIFIED_BY_COLOR_GRID
UO,10-12,EP,K9o,UNSELECTED,gray,12,UO/10-12/EP.png,VERIFIED_BY_COLOR_GRID
UO,10-12,EP,Q9o,UNSELECTED,gray,12,UO/10-12/EP.png,VERIFIED_BY_COLOR_GRID
UO,10-12,EP,J9o,UNSELECTED,gray,12,UO/10-12/EP.png,VERIFIED_BY_COLOR_GRID
UO,10-12,EP,T9o,UNSELECTED,gray,12,UO/10-12/EP.png,VERIFIED_BY_COLOR_GRID
UO,10-12,EP,99,AI,purple,6,UO/10-12/EP.png,VERIFIED_BY_COLOR_GRID
UO,10-12,EP,98s,UNSELECTED,gray,4,UO/10-12/EP.png,VERIFIED_BY_COLOR_GRID
UO,10-12,EP,97s,UNSELECTED,gray,4,UO/10-12/EP.png,VERIFIED_BY_COLOR_GRID
UO,10-12,EP,96s,UNSELECTED,gray,4,UO/10-12/EP.png,VERIFIED_BY_COLOR_GRID
UO,10-12,EP,95s,UNSELECTED,gray,4,UO/10-12/EP.png,VERIFIED_BY_COLOR_GRID
UO,10-12,EP,94s,UNSELECTED,gray,4,UO/10-12/EP.png,VERIFIED_BY_COLOR_GRID
UO,10-12,EP,93s,UNSELECTED,gray,4,UO/10-12/EP.png,VERIFIED_BY_COLOR_GRID
UO,10-12,EP,92s,UNSELECTED,gray,4,UO/10-12/EP.png,VERIFIED_BY_COLOR_GRID
UO,10-12,EP,A8o,UNSELECTED,gray,12,UO/10-12/EP.png,VERIFIED_BY_COLOR_GRID
UO,10-12,EP,K8o,UNSELECTED,gray,12,UO/10-12/EP.png,VERIFIED_BY_COLOR_GRID
UO,10-12,EP,Q8o,UNSELECTED,gray,12,UO/10-12/EP.png,VERIFIED_BY_COLOR_GRID
UO,10-12,EP,J8o,UNSELECTED,gray,12,UO/10-12/EP.png,VERIFIED_BY_COLOR_GRID
UO,10-12,EP,T8o,UNSELECTED,gray,12,UO/10-12/EP.png,VERIFIED_BY_COLOR_GRID
UO,10-12,EP,98o,UNSELECTED,gray,12,UO/10-12/EP.png,VERIFIED_BY_COLOR_GRID
UO,10-12,EP,88,AI,purple,6,UO/10-12/EP.png,VERIFIED_BY_COLOR_GRID
UO,10-12,EP,87s,UNSELECTED,gray,4,UO/10-12/EP.png,VERIFIED_BY_COLOR_GRID
UO,10-12,EP,86s,UNSELECTED,gray,4,UO/10-12/EP.png,VERIFIED_BY_COLOR_GRID
UO,10-12,EP,85s,UNSELECTED,gray,4,UO/10-12/EP.png,VERIFIED_BY_COLOR_GRID
UO,10-12,EP,84s,UNSELECTED,gray,4,UO/10-12/EP.png,VERIFIED_BY_COLOR_GRID
UO,10-12,EP,83s,UNSELECTED,gray,4,UO/10-12/EP.png,VERIFIED_BY_COLOR_GRID
UO,10-12,EP,82s,UNSELECTED,gray,4,UO/10-12/EP.png,VERIFIED_BY_COLOR_GRID
UO,10-12,EP,A7o,UNSELECTED,gray,12,UO/10-12/EP.png,VERIFIED_BY_COLOR_GRID
UO,10-12,EP,K7o,UNSELECTED,gray,12,UO/10-12/EP.png,VERIFIED_BY_COLOR_GRID
UO,10-12,EP,Q7o,UNSELECTED,gray,12,UO/10-12/EP.png,VERIFIED_BY_COLOR_GRID
UO,10-12,EP,J7o,UNSELECTED,gray,12,UO/10-12/EP.png,VERIFIED_BY_COLOR_GRID
UO,10-12,EP,T7o,UNSELECTED,gray,12,UO/10-12/EP.png,VERIFIED_BY_COLOR_GRID
UO,10-12,EP,97o,UNSELECTED,gray,12,UO/10-12/EP.png,VERIFIED_BY_COLOR_GRID
UO,10-12,EP,87o,UNSELECTED,gray,12,UO/10-12/EP.png,VERIFIED_BY_COLOR_GRID
UO,10-12,EP,77,AI,purple,6,UO/10-12/EP.png,VERIFIED_BY_COLOR_GRID
UO,10-12,EP,76s,UNSELECTED,gray,4,UO/10-12/EP.png,VERIFIED_BY_COLOR_GRID
UO,10-12,EP,75s,UNSELECTED,gray,4,UO/10-12/EP.png,VERIFIED_BY_COLOR_GRID
UO,10-12,EP,74s,UNSELECTED,gray,4,UO/10-12/EP.png,VERIFIED_BY_COLOR_GRID
UO,10-12,EP,73s,UNSELECTED,gray,4,UO/10-12/EP.png,VERIFIED_BY_COLOR_GRID
UO,10-12,EP,72s,UNSELECTED,gray,4,UO/10-12/EP.png,VERIFIED_BY_COLOR_GRID
UO,10-12,EP,A6o,UNSELECTED,gray,12,UO/10-12/EP.png,VERIFIED_BY_COLOR_GRID
UO,10-12,EP,K6o,UNSELECTED,gray,12,UO/10-12/EP.png,VERIFIED_BY_COLOR_GRID
UO,10-12,EP,Q6o,UNSELECTED,gray,12,UO/10-12/EP.png,VERIFIED_BY_COLOR_GRID
UO,10-12,EP,J6o,UNSELECTED,gray,12,UO/10-12/EP.png,VERIFIED_BY_COLOR_GRID
UO,10-12,EP,T6o,UNSELECTED,gray,12,UO/10-12/EP.png,VERIFIED_BY_COLOR_GRID
UO,10-12,EP,96o,UNSELECTED,gray,12,UO/10-12/EP.png,VERIFIED_BY_COLOR_GRID
UO,10-12,EP,86o,UNSELECTED,gray,12,UO/10-12/EP.png,VERIFIED_BY_COLOR_GRID
UO,10-12,EP,76o,UNSELECTED,gray,12,UO/10-12/EP.png,VERIFIED_BY_COLOR_GRID
UO,10-12,EP,66,AI,purple,6,UO/10-12/EP.png,VERIFIED_BY_COLOR_GRID
UO,10-12,EP,65s,UNSELECTED,gray,4,UO/10-12/EP.png,VERIFIED_BY_COLOR_GRID
UO,10-12,EP,64s,UNSELECTED,gray,4,UO/10-12/EP.png,VERIFIED_BY_COLOR_GRID
UO,10-12,EP,63s,UNSELECTED,gray,4,UO/10-12/EP.png,VERIFIED_BY_COLOR_GRID
UO,10-12,EP,62s,UNSELECTED,gray,4,UO/10-12/EP.png,VERIFIED_BY_COLOR_GRID
UO,10-12,EP,A5o,UNSELECTED,gray,12,UO/10-12/EP.png,VERIFIED_BY_COLOR_GRID
UO,10-12,EP,K5o,UNSELECTED,gray,12,UO/10-12/EP.png,VERIFIED_BY_COLOR_GRID
UO,10-12,EP,Q5o,UNSELECTED,gray,12,UO/10-12/EP.png,VERIFIED_BY_COLOR_GRID
UO,10-12,EP,J5o,UNSELECTED,gray,12,UO/10-12/EP.png,VERIFIED_BY_COLOR_GRID
UO,10-12,EP,T5o,UNSELECTED,gray,12,UO/10-12/EP.png,VERIFIED_BY_COLOR_GRID
UO,10-12,EP,95o,UNSELECTED,gray,12,UO/10-12/EP.png,VERIFIED_BY_COLOR_GRID
UO,10-12,EP,85o,UNSELECTED,gray,12,UO/10-12/EP.png,VERIFIED_BY_COLOR_GRID
UO,10-12,EP,75o,UNSELECTED,gray,12,UO/10-12/EP.png,VERIFIED_BY_COLOR_GRID
UO,10-12,EP,65o,UNSELECTED,gray,12,UO/10-12/EP.png,VERIFIED_BY_COLOR_GRID
UO,10-12,EP,55,AI,purple,6,UO/10-12/EP.png,VERIFIED_BY_COLOR_GRID
UO,10-12,EP,54s,UNSELECTED,gray,4,UO/10-12/EP.png,VERIFIED_BY_COLOR_GRID
UO,10-12,EP,53s,UNSELECTED,gray,4,UO/10-12/EP.png,VERIFIED_BY_COLOR_GRID
UO,10-12,EP,52s,UNSELECTED,gray,4,UO/10-12/EP.png,VERIFIED_BY_COLOR_GRID
UO,10-12,EP,A4o,UNSELECTED,gray,12,UO/10-12/EP.png,VERIFIED_BY_COLOR_GRID
UO,10-12,EP,K4o,UNSELECTED,gray,12,UO/10-12/EP.png,VERIFIED_BY_COLOR_GRID
UO,10-12,EP,Q4o,UNSELECTED,gray,12,UO/10-12/EP.png,VERIFIED_BY_COLOR_GRID
UO,10-12,EP,J4o,UNSELECTED,gray,12,UO/10-12/EP.png,VERIFIED_BY_COLOR_GRID
UO,10-12,EP,T4o,UNSELECTED,gray,12,UO/10-12/EP.png,VERIFIED_BY_COLOR_GRID
UO,10-12,EP,94o,UNSELECTED,gray,12,UO/10-12/EP.png,VERIFIED_BY_COLOR_GRID
UO,10-12,EP,84o,UNSELECTED,gray,12,UO/10-12/EP.png,VERIFIED_BY_COLOR_GRID
UO,10-12,EP,74o,UNSELECTED,gray,12,UO/10-12/EP.png,VERIFIED_BY_COLOR_GRID
UO,10-12,EP,64o,UNSELECTED,gray,12,UO/10-12/EP.png,VERIFIED_BY_COLOR_GRID
UO,10-12,EP,54o,UNSELECTED,gray,12,UO/10-12/EP.png,VERIFIED_BY_COLOR_GRID
UO,10-12,EP,44,AI,purple,6,UO/10-12/EP.png,VERIFIED_BY_COLOR_GRID
UO,10-12,EP,43s,UNSELECTED,gray,4,UO/10-12/EP.png,VERIFIED_BY_COLOR_GRID
UO,10-12,EP,42s,UNSELECTED,gray,4,UO/10-12/EP.png,VERIFIED_BY_COLOR_GRID
UO,10-12,EP,A3o,UNSELECTED,gray,12,UO/10-12/EP.png,VERIFIED_BY_COLOR_GRID
UO,10-12,EP,K3o,UNSELECTED,gray,12,UO/10-12/EP.png,VERIFIED_BY_COLOR_GRID
UO,10-12,EP,Q3o,UNSELECTED,gray,12,UO/10-12/EP.png,VERIFIED_BY_COLOR_GRID
UO,10-12,EP,J3o,UNSELECTED,gray,12,UO/10-12/EP.png,VERIFIED_BY_COLOR_GRID
UO,10-12,EP,T3o,UNSELECTED,gray,12,UO/10-12/EP.png,VERIFIED_BY_COLOR_GRID
UO,10-12,EP,93o,UNSELECTED,gray,12,UO/10-12/EP.png,VERIFIED_BY_COLOR_GRID
UO,10-12,EP,83o,UNSELECTED,gray,12,UO/10-12/EP.png,VERIFIED_BY_COLOR_GRID
UO,10-12,EP,73o,UNSELECTED,gray,12,UO/10-12/EP.png,VERIFIED_BY_COLOR_GRID
UO,10-12,EP,63o,UNSELECTED,gray,12,UO/10-12/EP.png,VERIFIED_BY_COLOR_GRID
UO,10-12,EP,53o,UNSELECTED,gray,12,UO/10-12/EP.png,VERIFIED_BY_COLOR_GRID
UO,10-12,EP,43o,UNSELECTED,gray,12,UO/10-12/EP.png,VERIFIED_BY_COLOR_GRID
UO,10-12,EP,33,UNSELECTED,gray,6,UO/10-12/EP.png,VERIFIED_BY_COLOR_GRID
UO,10-12,EP,32s,UNSELECTED,gray,4,UO/10-12/EP.png,VERIFIED_BY_COLOR_GRID
UO,10-12,EP,A2o,UNSELECTED,gray,12,UO/10-12/EP.png,VERIFIED_BY_COLOR_GRID
UO,10-12,EP,K2o,UNSELECTED,gray,12,UO/10-12/EP.png,VERIFIED_BY_COLOR_GRID
UO,10-12,EP,Q2o,UNSELECTED,gray,12,UO/10-12/EP.png,VERIFIED_BY_COLOR_GRID
UO,10-12,EP,J2o,UNSELECTED,gray,12,UO/10-12/EP.png,VERIFIED_BY_COLOR_GRID
UO,10-12,EP,T2o,UNSELECTED,gray,12,UO/10-12/EP.png,VERIFIED_BY_COLOR_GRID
UO,10-12,EP,92o,UNSELECTED,gray,12,UO/10-12/EP.png,VERIFIED_BY_COLOR_GRID
UO,10-12,EP,82o,UNSELECTED,gray,12,UO/10-12/EP.png,VERIFIED_BY_COLOR_GRID
UO,10-12,EP,72o,UNSELECTED,gray,12,UO/10-12/EP.png,VERIFIED_BY_COLOR_GRID
UO,10-12,EP,62o,UNSELECTED,gray,12,UO/10-12/EP.png,VERIFIED_BY_COLOR_GRID
UO,10-12,EP,52o,UNSELECTED,gray,12,UO/10-12/EP.png,VERIFIED_BY_COLOR_GRID
UO,10-12,EP,42o,UNSELECTED,gray,12,UO/10-12/EP.png,VERIFIED_BY_COLOR_GRID
UO,10-12,EP,32o,UNSELECTED,gray,12,UO/10-12/EP.png,VERIFIED_BY_COLOR_GRID
UO,10-12,EP,22,UNSELECTED,gray,6,UO/10-12/EP.png,VERIFIED_BY_COLOR_GRID
UO,10-12,MP,AA,AI,purple,6,UO/10-12/MP.png,VERIFIED_BY_COLOR_GRID
UO,10-12,MP,AKs,AI,purple,4,UO/10-12/MP.png,VERIFIED_BY_COLOR_GRID
UO,10-12,MP,AQs,AI,purple,4,UO/10-12/MP.png,VERIFIED_BY_COLOR_GRID
UO,10-12,MP,AJs,AI,purple,4,UO/10-12/MP.png,VERIFIED_BY_COLOR_GRID
UO,10-12,MP,ATs,AI,purple,4,UO/10-12/MP.png,VERIFIED_BY_COLOR_GRID
UO,10-12,MP,A9s,AI,purple,4,UO/10-12/MP.png,VERIFIED_BY_COLOR_GRID
UO,10-12,MP,A8s,AI,purple,4,UO/10-12/MP.png,VERIFIED_BY_COLOR_GRID
UO,10-12,MP,A7s,AI,purple,4,UO/10-12/MP.png,VERIFIED_BY_COLOR_GRID
UO,10-12,MP,A6s,AI,purple,4,UO/10-12/MP.png,VERIFIED_BY_COLOR_GRID
UO,10-12,MP,A5s,AI,purple,4,UO/10-12/MP.png,VERIFIED_BY_COLOR_GRID
UO,10-12,MP,A4s,AI,purple,4,UO/10-12/MP.png,VERIFIED_BY_COLOR_GRID
UO,10-12,MP,A3s,UNSELECTED,gray,4,UO/10-12/MP.png,VERIFIED_BY_COLOR_GRID
UO,10-12,MP,A2s,UNSELECTED,gray,4,UO/10-12/MP.png,VERIFIED_BY_COLOR_GRID
UO,10-12,MP,AKo,AI,purple,12,UO/10-12/MP.png,VERIFIED_BY_COLOR_GRID
UO,10-12,MP,KK,AI,purple,6,UO/10-12/MP.png,VERIFIED_BY_COLOR_GRID
UO,10-12,MP,KQs,AI,purple,4,UO/10-12/MP.png,VERIFIED_BY_COLOR_GRID
UO,10-12,MP,KJs,AI,purple,4,UO/10-12/MP.png,VERIFIED_BY_COLOR_GRID
UO,10-12,MP,KTs,AI,purple,4,UO/10-12/MP.png,VERIFIED_BY_COLOR_GRID
UO,10-12,MP,K9s,UNSELECTED,gray,4,UO/10-12/MP.png,VERIFIED_BY_COLOR_GRID
UO,10-12,MP,K8s,UNSELECTED,gray,4,UO/10-12/MP.png,VERIFIED_BY_COLOR_GRID
UO,10-12,MP,K7s,UNSELECTED,gray,4,UO/10-12/MP.png,VERIFIED_BY_COLOR_GRID
UO,10-12,MP,K6s,UNSELECTED,gray,4,UO/10-12/MP.png,VERIFIED_BY_COLOR_GRID
UO,10-12,MP,K5s,UNSELECTED,gray,4,UO/10-12/MP.png,VERIFIED_BY_COLOR_GRID
UO,10-12,MP,K4s,UNSELECTED,gray,4,UO/10-12/MP.png,VERIFIED_BY_COLOR_GRID
UO,10-12,MP,K3s,UNSELECTED,gray,4,UO/10-12/MP.png,VERIFIED_BY_COLOR_GRID
UO,10-12,MP,K2s,UNSELECTED,gray,4,UO/10-12/MP.png,VERIFIED_BY_COLOR_GRID
UO,10-12,MP,AQo,AI,purple,12,UO/10-12/MP.png,VERIFIED_BY_COLOR_GRID
UO,10-12,MP,KQo,AI,purple,12,UO/10-12/MP.png,VERIFIED_BY_COLOR_GRID
UO,10-12,MP,QQ,AI,purple,6,UO/10-12/MP.png,VERIFIED_BY_COLOR_GRID
UO,10-12,MP,QJs,AI,purple,4,UO/10-12/MP.png,VERIFIED_BY_COLOR_GRID
UO,10-12,MP,QTs,AI,purple,4,UO/10-12/MP.png,VERIFIED_BY_COLOR_GRID
UO,10-12,MP,Q9s,UNSELECTED,gray,4,UO/10-12/MP.png,VERIFIED_BY_COLOR_GRID
UO,10-12,MP,Q8s,UNSELECTED,gray,4,UO/10-12/MP.png,VERIFIED_BY_COLOR_GRID
UO,10-12,MP,Q7s,UNSELECTED,gray,4,UO/10-12/MP.png,VERIFIED_BY_COLOR_GRID
UO,10-12,MP,Q6s,UNSELECTED,gray,4,UO/10-12/MP.png,VERIFIED_BY_COLOR_GRID
UO,10-12,MP,Q5s,UNSELECTED,gray,4,UO/10-12/MP.png,VERIFIED_BY_COLOR_GRID
UO,10-12,MP,Q4s,UNSELECTED,gray,4,UO/10-12/MP.png,VERIFIED_BY_COLOR_GRID
UO,10-12,MP,Q3s,UNSELECTED,gray,4,UO/10-12/MP.png,VERIFIED_BY_COLOR_GRID
UO,10-12,MP,Q2s,UNSELECTED,gray,4,UO/10-12/MP.png,VERIFIED_BY_COLOR_GRID
UO,10-12,MP,AJo,AI,purple,12,UO/10-12/MP.png,VERIFIED_BY_COLOR_GRID
UO,10-12,MP,KJo,AI,purple,12,UO/10-12/MP.png,VERIFIED_BY_COLOR_GRID
UO,10-12,MP,QJo,UNSELECTED,gray,12,UO/10-12/MP.png,VERIFIED_BY_COLOR_GRID
UO,10-12,MP,JJ,AI,purple,6,UO/10-12/MP.png,VERIFIED_BY_COLOR_GRID
UO,10-12,MP,JTs,AI,purple,4,UO/10-12/MP.png,VERIFIED_BY_COLOR_GRID
UO,10-12,MP,J9s,UNSELECTED,gray,4,UO/10-12/MP.png,VERIFIED_BY_COLOR_GRID
UO,10-12,MP,J8s,UNSELECTED,gray,4,UO/10-12/MP.png,VERIFIED_BY_COLOR_GRID
UO,10-12,MP,J7s,UNSELECTED,gray,4,UO/10-12/MP.png,VERIFIED_BY_COLOR_GRID
UO,10-12,MP,J6s,UNSELECTED,gray,4,UO/10-12/MP.png,VERIFIED_BY_COLOR_GRID
UO,10-12,MP,J5s,UNSELECTED,gray,4,UO/10-12/MP.png,VERIFIED_BY_COLOR_GRID
UO,10-12,MP,J4s,UNSELECTED,gray,4,UO/10-12/MP.png,VERIFIED_BY_COLOR_GRID
UO,10-12,MP,J3s,UNSELECTED,gray,4,UO/10-12/MP.png,VERIFIED_BY_COLOR_GRID
UO,10-12,MP,J2s,UNSELECTED,gray,4,UO/10-12/MP.png,VERIFIED_BY_COLOR_GRID
UO,10-12,MP,ATo,AI,purple,12,UO/10-12/MP.png,VERIFIED_BY_COLOR_GRID
UO,10-12,MP,KTo,UNSELECTED,gray,12,UO/10-12/MP.png,VERIFIED_BY_COLOR_GRID
UO,10-12,MP,QTo,UNSELECTED,gray,12,UO/10-12/MP.png,VERIFIED_BY_COLOR_GRID
UO,10-12,MP,JTo,UNSELECTED,gray,12,UO/10-12/MP.png,VERIFIED_BY_COLOR_GRID
UO,10-12,MP,TT,AI,purple,6,UO/10-12/MP.png,VERIFIED_BY_COLOR_GRID
UO,10-12,MP,T9s,AI,purple,4,UO/10-12/MP.png,VERIFIED_BY_COLOR_GRID
UO,10-12,MP,T8s,UNSELECTED,gray,4,UO/10-12/MP.png,VERIFIED_BY_COLOR_GRID
UO,10-12,MP,T7s,UNSELECTED,gray,4,UO/10-12/MP.png,VERIFIED_BY_COLOR_GRID
UO,10-12,MP,T6s,UNSELECTED,gray,4,UO/10-12/MP.png,VERIFIED_BY_COLOR_GRID
UO,10-12,MP,T5s,UNSELECTED,gray,4,UO/10-12/MP.png,VERIFIED_BY_COLOR_GRID
UO,10-12,MP,T4s,UNSELECTED,gray,4,UO/10-12/MP.png,VERIFIED_BY_COLOR_GRID
UO,10-12,MP,T3s,UNSELECTED,gray,4,UO/10-12/MP.png,VERIFIED_BY_COLOR_GRID
UO,10-12,MP,T2s,UNSELECTED,gray,4,UO/10-12/MP.png,VERIFIED_BY_COLOR_GRID
UO,10-12,MP,A9o,AI,purple,12,UO/10-12/MP.png,VERIFIED_BY_COLOR_GRID
UO,10-12,MP,K9o,UNSELECTED,gray,12,UO/10-12/MP.png,VERIFIED_BY_COLOR_GRID
UO,10-12,MP,Q9o,UNSELECTED,gray,12,UO/10-12/MP.png,VERIFIED_BY_COLOR_GRID
UO,10-12,MP,J9o,UNSELECTED,gray,12,UO/10-12/MP.png,VERIFIED_BY_COLOR_GRID
UO,10-12,MP,T9o,UNSELECTED,gray,12,UO/10-12/MP.png,VERIFIED_BY_COLOR_GRID
UO,10-12,MP,99,AI,purple,6,UO/10-12/MP.png,VERIFIED_BY_COLOR_GRID
UO,10-12,MP,98s,UNSELECTED,gray,4,UO/10-12/MP.png,VERIFIED_BY_COLOR_GRID
UO,10-12,MP,97s,UNSELECTED,gray,4,UO/10-12/MP.png,VERIFIED_BY_COLOR_GRID
UO,10-12,MP,96s,UNSELECTED,gray,4,UO/10-12/MP.png,VERIFIED_BY_COLOR_GRID
UO,10-12,MP,95s,UNSELECTED,gray,4,UO/10-12/MP.png,VERIFIED_BY_COLOR_GRID
UO,10-12,MP,94s,UNSELECTED,gray,4,UO/10-12/MP.png,VERIFIED_BY_COLOR_GRID
UO,10-12,MP,93s,UNSELECTED,gray,4,UO/10-12/MP.png,VERIFIED_BY_COLOR_GRID
UO,10-12,MP,92s,UNSELECTED,gray,4,UO/10-12/MP.png,VERIFIED_BY_COLOR_GRID
UO,10-12,MP,A8o,UNSELECTED,gray,12,UO/10-12/MP.png,VERIFIED_BY_COLOR_GRID
UO,10-12,MP,K8o,UNSELECTED,gray,12,UO/10-12/MP.png,VERIFIED_BY_COLOR_GRID
UO,10-12,MP,Q8o,UNSELECTED,gray,12,UO/10-12/MP.png,VERIFIED_BY_COLOR_GRID
UO,10-12,MP,J8o,UNSELECTED,gray,12,UO/10-12/MP.png,VERIFIED_BY_COLOR_GRID
UO,10-12,MP,T8o,UNSELECTED,gray,12,UO/10-12/MP.png,VERIFIED_BY_COLOR_GRID
UO,10-12,MP,98o,UNSELECTED,gray,12,UO/10-12/MP.png,VERIFIED_BY_COLOR_GRID
UO,10-12,MP,88,AI,purple,6,UO/10-12/MP.png,VERIFIED_BY_COLOR_GRID
UO,10-12,MP,87s,UNSELECTED,gray,4,UO/10-12/MP.png,VERIFIED_BY_COLOR_GRID
UO,10-12,MP,86s,UNSELECTED,gray,4,UO/10-12/MP.png,VERIFIED_BY_COLOR_GRID
UO,10-12,MP,85s,UNSELECTED,gray,4,UO/10-12/MP.png,VERIFIED_BY_COLOR_GRID
UO,10-12,MP,84s,UNSELECTED,gray,4,UO/10-12/MP.png,VERIFIED_BY_COLOR_GRID
UO,10-12,MP,83s,UNSELECTED,gray,4,UO/10-12/MP.png,VERIFIED_BY_COLOR_GRID
UO,10-12,MP,82s,UNSELECTED,gray,4,UO/10-12/MP.png,VERIFIED_BY_COLOR_GRID
UO,10-12,MP,A7o,UNSELECTED,gray,12,UO/10-12/MP.png,VERIFIED_BY_COLOR_GRID
UO,10-12,MP,K7o,UNSELECTED,gray,12,UO/10-12/MP.png,VERIFIED_BY_COLOR_GRID
UO,10-12,MP,Q7o,UNSELECTED,gray,12,UO/10-12/MP.png,VERIFIED_BY_COLOR_GRID
UO,10-12,MP,J7o,UNSELECTED,gray,12,UO/10-12/MP.png,VERIFIED_BY_COLOR_GRID
UO,10-12,MP,T7o,UNSELECTED,gray,12,UO/10-12/MP.png,VERIFIED_BY_COLOR_GRID
UO,10-12,MP,97o,UNSELECTED,gray,12,UO/10-12/MP.png,VERIFIED_BY_COLOR_GRID
UO,10-12,MP,87o,UNSELECTED,gray,12,UO/10-12/MP.png,VERIFIED_BY_COLOR_GRID
UO,10-12,MP,77,AI,purple,6,UO/10-12/MP.png,VERIFIED_BY_COLOR_GRID
UO,10-12,MP,76s,UNSELECTED,gray,4,UO/10-12/MP.png,VERIFIED_BY_COLOR_GRID
UO,10-12,MP,75s,UNSELECTED,gray,4,UO/10-12/MP.png,VERIFIED_BY_COLOR_GRID
UO,10-12,MP,74s,UNSELECTED,gray,4,UO/10-12/MP.png,VERIFIED_BY_COLOR_GRID
UO,10-12,MP,73s,UNSELECTED,gray,4,UO/10-12/MP.png,VERIFIED_BY_COLOR_GRID
UO,10-12,MP,72s,UNSELECTED,gray,4,UO/10-12/MP.png,VERIFIED_BY_COLOR_GRID
UO,10-12,MP,A6o,UNSELECTED,gray,12,UO/10-12/MP.png,VERIFIED_BY_COLOR_GRID
UO,10-12,MP,K6o,UNSELECTED,gray,12,UO/10-12/MP.png,VERIFIED_BY_COLOR_GRID
UO,10-12,MP,Q6o,UNSELECTED,gray,12,UO/10-12/MP.png,VERIFIED_BY_COLOR_GRID
UO,10-12,MP,J6o,UNSELECTED,gray,12,UO/10-12/MP.png,VERIFIED_BY_COLOR_GRID
UO,10-12,MP,T6o,UNSELECTED,gray,12,UO/10-12/MP.png,VERIFIED_BY_COLOR_GRID
UO,10-12,MP,96o,UNSELECTED,gray,12,UO/10-12/MP.png,VERIFIED_BY_COLOR_GRID
UO,10-12,MP,86o,UNSELECTED,gray,12,UO/10-12/MP.png,VERIFIED_BY_COLOR_GRID
UO,10-12,MP,76o,UNSELECTED,gray,12,UO/10-12/MP.png,VERIFIED_BY_COLOR_GRID
UO,10-12,MP,66,AI,purple,6,UO/10-12/MP.png,VERIFIED_BY_COLOR_GRID
UO,10-12,MP,65s,UNSELECTED,gray,4,UO/10-12/MP.png,VERIFIED_BY_COLOR_GRID
UO,10-12,MP,64s,UNSELECTED,gray,4,UO/10-12/MP.png,VERIFIED_BY_COLOR_GRID
UO,10-12,MP,63s,UNSELECTED,gray,4,UO/10-12/MP.png,VERIFIED_BY_COLOR_GRID
UO,10-12,MP,62s,UNSELECTED,gray,4,UO/10-12/MP.png,VERIFIED_BY_COLOR_GRID
UO,10-12,MP,A5o,UNSELECTED,gray,12,UO/10-12/MP.png,VERIFIED_BY_COLOR_GRID
UO,10-12,MP,K5o,UNSELECTED,gray,12,UO/10-12/MP.png,VERIFIED_BY_COLOR_GRID
UO,10-12,MP,Q5o,UNSELECTED,gray,12,UO/10-12/MP.png,VERIFIED_BY_COLOR_GRID
UO,10-12,MP,J5o,UNSELECTED,gray,12,UO/10-12/MP.png,VERIFIED_BY_COLOR_GRID
UO,10-12,MP,T5o,UNSELECTED,gray,12,UO/10-12/MP.png,VERIFIED_BY_COLOR_GRID
UO,10-12,MP,95o,UNSELECTED,gray,12,UO/10-12/MP.png,VERIFIED_BY_COLOR_GRID
UO,10-12,MP,85o,UNSELECTED,gray,12,UO/10-12/MP.png,VERIFIED_BY_COLOR_GRID
UO,10-12,MP,75o,UNSELECTED,gray,12,UO/10-12/MP.png,VERIFIED_BY_COLOR_GRID
UO,10-12,MP,65o,UNSELECTED,gray,12,UO/10-12/MP.png,VERIFIED_BY_COLOR_GRID
UO,10-12,MP,55,AI,purple,6,UO/10-12/MP.png,VERIFIED_BY_COLOR_GRID
UO,10-12,MP,54s,UNSELECTED,gray,4,UO/10-12/MP.png,VERIFIED_BY_COLOR_GRID
UO,10-12,MP,53s,UNSELECTED,gray,4,UO/10-12/MP.png,VERIFIED_BY_COLOR_GRID
UO,10-12,MP,52s,UNSELECTED,gray,4,UO/10-12/MP.png,VERIFIED_BY_COLOR_GRID
UO,10-12,MP,A4o,UNSELECTED,gray,12,UO/10-12/MP.png,VERIFIED_BY_COLOR_GRID
UO,10-12,MP,K4o,UNSELECTED,gray,12,UO/10-12/MP.png,VERIFIED_BY_COLOR_GRID
UO,10-12,MP,Q4o,UNSELECTED,gray,12,UO/10-12/MP.png,VERIFIED_BY_COLOR_GRID
UO,10-12,MP,J4o,UNSELECTED,gray,12,UO/10-12/MP.png,VERIFIED_BY_COLOR_GRID
UO,10-12,MP,T4o,UNSELECTED,gray,12,UO/10-12/MP.png,VERIFIED_BY_COLOR_GRID
UO,10-12,MP,94o,UNSELECTED,gray,12,UO/10-12/MP.png,VERIFIED_BY_COLOR_GRID
UO,10-12,MP,84o,UNSELECTED,gray,12,UO/10-12/MP.png,VERIFIED_BY_COLOR_GRID
UO,10-12,MP,74o,UNSELECTED,gray,12,UO/10-12/MP.png,VERIFIED_BY_COLOR_GRID
UO,10-12,MP,64o,UNSELECTED,gray,12,UO/10-12/MP.png,VERIFIED_BY_COLOR_GRID
UO,10-12,MP,54o,UNSELECTED,gray,12,UO/10-12/MP.png,VERIFIED_BY_COLOR_GRID
UO,10-12,MP,44,AI,purple,6,UO/10-12/MP.png,VERIFIED_BY_COLOR_GRID
UO,10-12,MP,43s,UNSELECTED,gray,4,UO/10-12/MP.png,VERIFIED_BY_COLOR_GRID
UO,10-12,MP,42s,UNSELECTED,gray,4,UO/10-12/MP.png,VERIFIED_BY_COLOR_GRID
UO,10-12,MP,A3o,UNSELECTED,gray,12,UO/10-12/MP.png,VERIFIED_BY_COLOR_GRID
UO,10-12,MP,K3o,UNSELECTED,gray,12,UO/10-12/MP.png,VERIFIED_BY_COLOR_GRID
UO,10-12,MP,Q3o,UNSELECTED,gray,12,UO/10-12/MP.png,VERIFIED_BY_COLOR_GRID
UO,10-12,MP,J3o,UNSELECTED,gray,12,UO/10-12/MP.png,VERIFIED_BY_COLOR_GRID
UO,10-12,MP,T3o,UNSELECTED,gray,12,UO/10-12/MP.png,VERIFIED_BY_COLOR_GRID
UO,10-12,MP,93o,UNSELECTED,gray,12,UO/10-12/MP.png,VERIFIED_BY_COLOR_GRID
UO,10-12,MP,83o,UNSELECTED,gray,12,UO/10-12/MP.png,VERIFIED_BY_COLOR_GRID
UO,10-12,MP,73o,UNSELECTED,gray,12,UO/10-12/MP.png,VERIFIED_BY_COLOR_GRID
UO,10-12,MP,63o,UNSELECTED,gray,12,UO/10-12/MP.png,VERIFIED_BY_COLOR_GRID
UO,10-12,MP,53o,UNSELECTED,gray,12,UO/10-12/MP.png,VERIFIED_BY_COLOR_GRID
UO,10-12,MP,43o,UNSELECTED,gray,12,UO/10-12/MP.png,VERIFIED_BY_COLOR_GRID
UO,10-12,MP,33,AI,purple,6,UO/10-12/MP.png,VERIFIED_BY_COLOR_GRID
UO,10-12,MP,32s,UNSELECTED,gray,4,UO/10-12/MP.png,VERIFIED_BY_COLOR_GRID
UO,10-12,MP,A2o,UNSELECTED,gray,12,UO/10-12/MP.png,VERIFIED_BY_COLOR_GRID
UO,10-12,MP,K2o,UNSELECTED,gray,12,UO/10-12/MP.png,VERIFIED_BY_COLOR_GRID
UO,10-12,MP,Q2o,UNSELECTED,gray,12,UO/10-12/MP.png,VERIFIED_BY_COLOR_GRID
UO,10-12,MP,J2o,UNSELECTED,gray,12,UO/10-12/MP.png,VERIFIED_BY_COLOR_GRID
UO,10-12,MP,T2o,UNSELECTED,gray,12,UO/10-12/MP.png,VERIFIED_BY_COLOR_GRID
UO,10-12,MP,92o,UNSELECTED,gray,12,UO/10-12/MP.png,VERIFIED_BY_COLOR_GRID
UO,10-12,MP,82o,UNSELECTED,gray,12,UO/10-12/MP.png,VERIFIED_BY_COLOR_GRID
UO,10-12,MP,72o,UNSELECTED,gray,12,UO/10-12/MP.png,VERIFIED_BY_COLOR_GRID
UO,10-12,MP,62o,UNSELECTED,gray,12,UO/10-12/MP.png,VERIFIED_BY_COLOR_GRID
UO,10-12,MP,52o,UNSELECTED,gray,12,UO/10-12/MP.png,VERIFIED_BY_COLOR_GRID
UO,10-12,MP,42o,UNSELECTED,gray,12,UO/10-12/MP.png,VERIFIED_BY_COLOR_GRID
UO,10-12,MP,32o,UNSELECTED,gray,12,UO/10-12/MP.png,VERIFIED_BY_COLOR_GRID
UO,10-12,MP,22,AI,purple,6,UO/10-12/MP.png,VERIFIED_BY_COLOR_GRID
UO,10-12,LJ,AA,AI,purple,6,UO/10-12/LJ.png,VERIFIED_BY_COLOR_GRID
UO,10-12,LJ,AKs,AI,purple,4,UO/10-12/LJ.png,VERIFIED_BY_COLOR_GRID
UO,10-12,LJ,AQs,AI,purple,4,UO/10-12/LJ.png,VERIFIED_BY_COLOR_GRID
UO,10-12,LJ,AJs,AI,purple,4,UO/10-12/LJ.png,VERIFIED_BY_COLOR_GRID
UO,10-12,LJ,ATs,AI,purple,4,UO/10-12/LJ.png,VERIFIED_BY_COLOR_GRID
UO,10-12,LJ,A9s,AI,purple,4,UO/10-12/LJ.png,VERIFIED_BY_COLOR_GRID
UO,10-12,LJ,A8s,AI,purple,4,UO/10-12/LJ.png,VERIFIED_BY_COLOR_GRID
UO,10-12,LJ,A7s,AI,purple,4,UO/10-12/LJ.png,VERIFIED_BY_COLOR_GRID
UO,10-12,LJ,A6s,AI,purple,4,UO/10-12/LJ.png,VERIFIED_BY_COLOR_GRID
UO,10-12,LJ,A5s,AI,purple,4,UO/10-12/LJ.png,VERIFIED_BY_COLOR_GRID
UO,10-12,LJ,A4s,AI,purple,4,UO/10-12/LJ.png,VERIFIED_BY_COLOR_GRID
UO,10-12,LJ,A3s,UNSELECTED,gray,4,UO/10-12/LJ.png,VERIFIED_BY_COLOR_GRID
UO,10-12,LJ,A2s,UNSELECTED,gray,4,UO/10-12/LJ.png,VERIFIED_BY_COLOR_GRID
UO,10-12,LJ,AKo,AI,purple,12,UO/10-12/LJ.png,VERIFIED_BY_COLOR_GRID
UO,10-12,LJ,KK,AI,purple,6,UO/10-12/LJ.png,VERIFIED_BY_COLOR_GRID
UO,10-12,LJ,KQs,AI,purple,4,UO/10-12/LJ.png,VERIFIED_BY_COLOR_GRID
UO,10-12,LJ,KJs,AI,purple,4,UO/10-12/LJ.png,VERIFIED_BY_COLOR_GRID
UO,10-12,LJ,KTs,AI,purple,4,UO/10-12/LJ.png,VERIFIED_BY_COLOR_GRID
UO,10-12,LJ,K9s,UNSELECTED,gray,4,UO/10-12/LJ.png,VERIFIED_BY_COLOR_GRID
UO,10-12,LJ,K8s,UNSELECTED,gray,4,UO/10-12/LJ.png,VERIFIED_BY_COLOR_GRID
UO,10-12,LJ,K7s,UNSELECTED,gray,4,UO/10-12/LJ.png,VERIFIED_BY_COLOR_GRID
UO,10-12,LJ,K6s,UNSELECTED,gray,4,UO/10-12/LJ.png,VERIFIED_BY_COLOR_GRID
UO,10-12,LJ,K5s,UNSELECTED,gray,4,UO/10-12/LJ.png,VERIFIED_BY_COLOR_GRID
UO,10-12,LJ,K4s,UNSELECTED,gray,4,UO/10-12/LJ.png,VERIFIED_BY_COLOR_GRID
UO,10-12,LJ,K3s,UNSELECTED,gray,4,UO/10-12/LJ.png,VERIFIED_BY_COLOR_GRID
UO,10-12,LJ,K2s,UNSELECTED,gray,4,UO/10-12/LJ.png,VERIFIED_BY_COLOR_GRID
UO,10-12,LJ,AQo,AI,purple,12,UO/10-12/LJ.png,VERIFIED_BY_COLOR_GRID
UO,10-12,LJ,KQo,AI,purple,12,UO/10-12/LJ.png,VERIFIED_BY_COLOR_GRID
UO,10-12,LJ,QQ,AI,purple,6,UO/10-12/LJ.png,VERIFIED_BY_COLOR_GRID
UO,10-12,LJ,QJs,AI,purple,4,UO/10-12/LJ.png,VERIFIED_BY_COLOR_GRID
UO,10-12,LJ,QTs,AI,purple,4,UO/10-12/LJ.png,VERIFIED_BY_COLOR_GRID
UO,10-12,LJ,Q9s,UNSELECTED,gray,4,UO/10-12/LJ.png,VERIFIED_BY_COLOR_GRID
UO,10-12,LJ,Q8s,UNSELECTED,gray,4,UO/10-12/LJ.png,VERIFIED_BY_COLOR_GRID
UO,10-12,LJ,Q7s,UNSELECTED,gray,4,UO/10-12/LJ.png,VERIFIED_BY_COLOR_GRID
UO,10-12,LJ,Q6s,UNSELECTED,gray,4,UO/10-12/LJ.png,VERIFIED_BY_COLOR_GRID
UO,10-12,LJ,Q5s,UNSELECTED,gray,4,UO/10-12/LJ.png,VERIFIED_BY_COLOR_GRID
UO,10-12,LJ,Q4s,UNSELECTED,gray,4,UO/10-12/LJ.png,VERIFIED_BY_COLOR_GRID
UO,10-12,LJ,Q3s,UNSELECTED,gray,4,UO/10-12/LJ.png,VERIFIED_BY_COLOR_GRID
UO,10-12,LJ,Q2s,UNSELECTED,gray,4,UO/10-12/LJ.png,VERIFIED_BY_COLOR_GRID
UO,10-12,LJ,AJo,AI,purple,12,UO/10-12/LJ.png,VERIFIED_BY_COLOR_GRID
UO,10-12,LJ,KJo,AI,purple,12,UO/10-12/LJ.png,VERIFIED_BY_COLOR_GRID
UO,10-12,LJ,QJo,UNSELECTED,gray,12,UO/10-12/LJ.png,VERIFIED_BY_COLOR_GRID
UO,10-12,LJ,JJ,AI,purple,6,UO/10-12/LJ.png,VERIFIED_BY_COLOR_GRID
UO,10-12,LJ,JTs,AI,purple,4,UO/10-12/LJ.png,VERIFIED_BY_COLOR_GRID
UO,10-12,LJ,J9s,UNSELECTED,gray,4,UO/10-12/LJ.png,VERIFIED_BY_COLOR_GRID
UO,10-12,LJ,J8s,UNSELECTED,gray,4,UO/10-12/LJ.png,VERIFIED_BY_COLOR_GRID
UO,10-12,LJ,J7s,UNSELECTED,gray,4,UO/10-12/LJ.png,VERIFIED_BY_COLOR_GRID
UO,10-12,LJ,J6s,UNSELECTED,gray,4,UO/10-12/LJ.png,VERIFIED_BY_COLOR_GRID
UO,10-12,LJ,J5s,UNSELECTED,gray,4,UO/10-12/LJ.png,VERIFIED_BY_COLOR_GRID
UO,10-12,LJ,J4s,UNSELECTED,gray,4,UO/10-12/LJ.png,VERIFIED_BY_COLOR_GRID
UO,10-12,LJ,J3s,UNSELECTED,gray,4,UO/10-12/LJ.png,VERIFIED_BY_COLOR_GRID
UO,10-12,LJ,J2s,UNSELECTED,gray,4,UO/10-12/LJ.png,VERIFIED_BY_COLOR_GRID
UO,10-12,LJ,ATo,AI,purple,12,UO/10-12/LJ.png,VERIFIED_BY_COLOR_GRID
UO,10-12,LJ,KTo,UNSELECTED,gray,12,UO/10-12/LJ.png,VERIFIED_BY_COLOR_GRID
UO,10-12,LJ,QTo,UNSELECTED,gray,12,UO/10-12/LJ.png,VERIFIED_BY_COLOR_GRID
UO,10-12,LJ,JTo,UNSELECTED,gray,12,UO/10-12/LJ.png,VERIFIED_BY_COLOR_GRID
UO,10-12,LJ,TT,AI,purple,6,UO/10-12/LJ.png,VERIFIED_BY_COLOR_GRID
UO,10-12,LJ,T9s,AI,purple,4,UO/10-12/LJ.png,VERIFIED_BY_COLOR_GRID
UO,10-12,LJ,T8s,UNSELECTED,gray,4,UO/10-12/LJ.png,VERIFIED_BY_COLOR_GRID
UO,10-12,LJ,T7s,UNSELECTED,gray,4,UO/10-12/LJ.png,VERIFIED_BY_COLOR_GRID
UO,10-12,LJ,T6s,UNSELECTED,gray,4,UO/10-12/LJ.png,VERIFIED_BY_COLOR_GRID
UO,10-12,LJ,T5s,UNSELECTED,gray,4,UO/10-12/LJ.png,VERIFIED_BY_COLOR_GRID
UO,10-12,LJ,T4s,UNSELECTED,gray,4,UO/10-12/LJ.png,VERIFIED_BY_COLOR_GRID
UO,10-12,LJ,T3s,UNSELECTED,gray,4,UO/10-12/LJ.png,VERIFIED_BY_COLOR_GRID
UO,10-12,LJ,T2s,UNSELECTED,gray,4,UO/10-12/LJ.png,VERIFIED_BY_COLOR_GRID
UO,10-12,LJ,A9o,AI,purple,12,UO/10-12/LJ.png,VERIFIED_BY_COLOR_GRID
UO,10-12,LJ,K9o,UNSELECTED,gray,12,UO/10-12/LJ.png,VERIFIED_BY_COLOR_GRID
UO,10-12,LJ,Q9o,UNSELECTED,gray,12,UO/10-12/LJ.png,VERIFIED_BY_COLOR_GRID
UO,10-12,LJ,J9o,UNSELECTED,gray,12,UO/10-12/LJ.png,VERIFIED_BY_COLOR_GRID
UO,10-12,LJ,T9o,UNSELECTED,gray,12,UO/10-12/LJ.png,VERIFIED_BY_COLOR_GRID
UO,10-12,LJ,99,AI,purple,6,UO/10-12/LJ.png,VERIFIED_BY_COLOR_GRID
UO,10-12,LJ,98s,UNSELECTED,gray,4,UO/10-12/LJ.png,VERIFIED_BY_COLOR_GRID
UO,10-12,LJ,97s,UNSELECTED,gray,4,UO/10-12/LJ.png,VERIFIED_BY_COLOR_GRID
UO,10-12,LJ,96s,UNSELECTED,gray,4,UO/10-12/LJ.png,VERIFIED_BY_COLOR_GRID
UO,10-12,LJ,95s,UNSELECTED,gray,4,UO/10-12/LJ.png,VERIFIED_BY_COLOR_GRID
UO,10-12,LJ,94s,UNSELECTED,gray,4,UO/10-12/LJ.png,VERIFIED_BY_COLOR_GRID
UO,10-12,LJ,93s,UNSELECTED,gray,4,UO/10-12/LJ.png,VERIFIED_BY_COLOR_GRID
UO,10-12,LJ,92s,UNSELECTED,gray,4,UO/10-12/LJ.png,VERIFIED_BY_COLOR_GRID
UO,10-12,LJ,A8o,UNSELECTED,gray,12,UO/10-12/LJ.png,VERIFIED_BY_COLOR_GRID
UO,10-12,LJ,K8o,UNSELECTED,gray,12,UO/10-12/LJ.png,VERIFIED_BY_COLOR_GRID
UO,10-12,LJ,Q8o,UNSELECTED,gray,12,UO/10-12/LJ.png,VERIFIED_BY_COLOR_GRID
UO,10-12,LJ,J8o,UNSELECTED,gray,12,UO/10-12/LJ.png,VERIFIED_BY_COLOR_GRID
UO,10-12,LJ,T8o,UNSELECTED,gray,12,UO/10-12/LJ.png,VERIFIED_BY_COLOR_GRID
UO,10-12,LJ,98o,UNSELECTED,gray,12,UO/10-12/LJ.png,VERIFIED_BY_COLOR_GRID
UO,10-12,LJ,88,AI,purple,6,UO/10-12/LJ.png,VERIFIED_BY_COLOR_GRID
UO,10-12,LJ,87s,UNSELECTED,gray,4,UO/10-12/LJ.png,VERIFIED_BY_COLOR_GRID
UO,10-12,LJ,86s,UNSELECTED,gray,4,UO/10-12/LJ.png,VERIFIED_BY_COLOR_GRID
UO,10-12,LJ,85s,UNSELECTED,gray,4,UO/10-12/LJ.png,VERIFIED_BY_COLOR_GRID
UO,10-12,LJ,84s,UNSELECTED,gray,4,UO/10-12/LJ.png,VERIFIED_BY_COLOR_GRID
UO,10-12,LJ,83s,UNSELECTED,gray,4,UO/10-12/LJ.png,VERIFIED_BY_COLOR_GRID
UO,10-12,LJ,82s,UNSELECTED,gray,4,UO/10-12/LJ.png,VERIFIED_BY_COLOR_GRID
UO,10-12,LJ,A7o,UNSELECTED,gray,12,UO/10-12/LJ.png,VERIFIED_BY_COLOR_GRID
UO,10-12,LJ,K7o,UNSELECTED,gray,12,UO/10-12/LJ.png,VERIFIED_BY_COLOR_GRID
UO,10-12,LJ,Q7o,UNSELECTED,gray,12,UO/10-12/LJ.png,VERIFIED_BY_COLOR_GRID
UO,10-12,LJ,J7o,UNSELECTED,gray,12,UO/10-12/LJ.png,VERIFIED_BY_COLOR_GRID
UO,10-12,LJ,T7o,UNSELECTED,gray,12,UO/10-12/LJ.png,VERIFIED_BY_COLOR_GRID
UO,10-12,LJ,97o,UNSELECTED,gray,12,UO/10-12/LJ.png,VERIFIED_BY_COLOR_GRID
UO,10-12,LJ,87o,UNSELECTED,gray,12,UO/10-12/LJ.png,VERIFIED_BY_COLOR_GRID
UO,10-12,LJ,77,AI,purple,6,UO/10-12/LJ.png,VERIFIED_BY_COLOR_GRID
UO,10-12,LJ,76s,UNSELECTED,gray,4,UO/10-12/LJ.png,VERIFIED_BY_COLOR_GRID
UO,10-12,LJ,75s,UNSELECTED,gray,4,UO/10-12/LJ.png,VERIFIED_BY_COLOR_GRID
UO,10-12,LJ,74s,UNSELECTED,gray,4,UO/10-12/LJ.png,VERIFIED_BY_COLOR_GRID
UO,10-12,LJ,73s,UNSELECTED,gray,4,UO/10-12/LJ.png,VERIFIED_BY_COLOR_GRID
UO,10-12,LJ,72s,UNSELECTED,gray,4,UO/10-12/LJ.png,VERIFIED_BY_COLOR_GRID
UO,10-12,LJ,A6o,UNSELECTED,gray,12,UO/10-12/LJ.png,VERIFIED_BY_COLOR_GRID
UO,10-12,LJ,K6o,UNSELECTED,gray,12,UO/10-12/LJ.png,VERIFIED_BY_COLOR_GRID
UO,10-12,LJ,Q6o,UNSELECTED,gray,12,UO/10-12/LJ.png,VERIFIED_BY_COLOR_GRID
UO,10-12,LJ,J6o,UNSELECTED,gray,12,UO/10-12/LJ.png,VERIFIED_BY_COLOR_GRID
UO,10-12,LJ,T6o,UNSELECTED,gray,12,UO/10-12/LJ.png,VERIFIED_BY_COLOR_GRID
UO,10-12,LJ,96o,UNSELECTED,gray,12,UO/10-12/LJ.png,VERIFIED_BY_COLOR_GRID
UO,10-12,LJ,86o,UNSELECTED,gray,12,UO/10-12/LJ.png,VERIFIED_BY_COLOR_GRID
UO,10-12,LJ,76o,UNSELECTED,gray,12,UO/10-12/LJ.png,VERIFIED_BY_COLOR_GRID
UO,10-12,LJ,66,AI,purple,6,UO/10-12/LJ.png,VERIFIED_BY_COLOR_GRID
UO,10-12,LJ,65s,UNSELECTED,gray,4,UO/10-12/LJ.png,VERIFIED_BY_COLOR_GRID
UO,10-12,LJ,64s,UNSELECTED,gray,4,UO/10-12/LJ.png,VERIFIED_BY_COLOR_GRID
UO,10-12,LJ,63s,UNSELECTED,gray,4,UO/10-12/LJ.png,VERIFIED_BY_COLOR_GRID
UO,10-12,LJ,62s,UNSELECTED,gray,4,UO/10-12/LJ.png,VERIFIED_BY_COLOR_GRID
UO,10-12,LJ,A5o,UNSELECTED,gray,12,UO/10-12/LJ.png,VERIFIED_BY_COLOR_GRID
UO,10-12,LJ,K5o,UNSELECTED,gray,12,UO/10-12/LJ.png,VERIFIED_BY_COLOR_GRID
UO,10-12,LJ,Q5o,UNSELECTED,gray,12,UO/10-12/LJ.png,VERIFIED_BY_COLOR_GRID
UO,10-12,LJ,J5o,UNSELECTED,gray,12,UO/10-12/LJ.png,VERIFIED_BY_COLOR_GRID
UO,10-12,LJ,T5o,UNSELECTED,gray,12,UO/10-12/LJ.png,VERIFIED_BY_COLOR_GRID
UO,10-12,LJ,95o,UNSELECTED,gray,12,UO/10-12/LJ.png,VERIFIED_BY_COLOR_GRID
UO,10-12,LJ,85o,UNSELECTED,gray,12,UO/10-12/LJ.png,VERIFIED_BY_COLOR_GRID
UO,10-12,LJ,75o,UNSELECTED,gray,12,UO/10-12/LJ.png,VERIFIED_BY_COLOR_GRID
UO,10-12,LJ,65o,UNSELECTED,gray,12,UO/10-12/LJ.png,VERIFIED_BY_COLOR_GRID
UO,10-12,LJ,55,AI,purple,6,UO/10-12/LJ.png,VERIFIED_BY_COLOR_GRID
UO,10-12,LJ,54s,UNSELECTED,gray,4,UO/10-12/LJ.png,VERIFIED_BY_COLOR_GRID
UO,10-12,LJ,53s,UNSELECTED,gray,4,UO/10-12/LJ.png,VERIFIED_BY_COLOR_GRID
UO,10-12,LJ,52s,UNSELECTED,gray,4,UO/10-12/LJ.png,VERIFIED_BY_COLOR_GRID
UO,10-12,LJ,A4o,UNSELECTED,gray,12,UO/10-12/LJ.png,VERIFIED_BY_COLOR_GRID
UO,10-12,LJ,K4o,UNSELECTED,gray,12,UO/10-12/LJ.png,VERIFIED_BY_COLOR_GRID
UO,10-12,LJ,Q4o,UNSELECTED,gray,12,UO/10-12/LJ.png,VERIFIED_BY_COLOR_GRID
UO,10-12,LJ,J4o,UNSELECTED,gray,12,UO/10-12/LJ.png,VERIFIED_BY_COLOR_GRID
UO,10-12,LJ,T4o,UNSELECTED,gray,12,UO/10-12/LJ.png,VERIFIED_BY_COLOR_GRID
UO,10-12,LJ,94o,UNSELECTED,gray,12,UO/10-12/LJ.png,VERIFIED_BY_COLOR_GRID
UO,10-12,LJ,84o,UNSELECTED,gray,12,UO/10-12/LJ.png,VERIFIED_BY_COLOR_GRID
UO,10-12,LJ,74o,UNSELECTED,gray,12,UO/10-12/LJ.png,VERIFIED_BY_COLOR_GRID
UO,10-12,LJ,64o,UNSELECTED,gray,12,UO/10-12/LJ.png,VERIFIED_BY_COLOR_GRID
UO,10-12,LJ,54o,UNSELECTED,gray,12,UO/10-12/LJ.png,VERIFIED_BY_COLOR_GRID
UO,10-12,LJ,44,AI,purple,6,UO/10-12/LJ.png,VERIFIED_BY_COLOR_GRID
UO,10-12,LJ,43s,UNSELECTED,gray,4,UO/10-12/LJ.png,VERIFIED_BY_COLOR_GRID
UO,10-12,LJ,42s,UNSELECTED,gray,4,UO/10-12/LJ.png,VERIFIED_BY_COLOR_GRID
UO,10-12,LJ,A3o,UNSELECTED,gray,12,UO/10-12/LJ.png,VERIFIED_BY_COLOR_GRID
UO,10-12,LJ,K3o,UNSELECTED,gray,12,UO/10-12/LJ.png,VERIFIED_BY_COLOR_GRID
UO,10-12,LJ,Q3o,UNSELECTED,gray,12,UO/10-12/LJ.png,VERIFIED_BY_COLOR_GRID
UO,10-12,LJ,J3o,UNSELECTED,gray,12,UO/10-12/LJ.png,VERIFIED_BY_COLOR_GRID
UO,10-12,LJ,T3o,UNSELECTED,gray,12,UO/10-12/LJ.png,VERIFIED_BY_COLOR_GRID
UO,10-12,LJ,93o,UNSELECTED,gray,12,UO/10-12/LJ.png,VERIFIED_BY_COLOR_GRID
UO,10-12,LJ,83o,UNSELECTED,gray,12,UO/10-12/LJ.png,VERIFIED_BY_COLOR_GRID
UO,10-12,LJ,73o,UNSELECTED,gray,12,UO/10-12/LJ.png,VERIFIED_BY_COLOR_GRID
UO,10-12,LJ,63o,UNSELECTED,gray,12,UO/10-12/LJ.png,VERIFIED_BY_COLOR_GRID
UO,10-12,LJ,53o,UNSELECTED,gray,12,UO/10-12/LJ.png,VERIFIED_BY_COLOR_GRID
UO,10-12,LJ,43o,UNSELECTED,gray,12,UO/10-12/LJ.png,VERIFIED_BY_COLOR_GRID
UO,10-12,LJ,33,AI,purple,6,UO/10-12/LJ.png,VERIFIED_BY_COLOR_GRID
UO,10-12,LJ,32s,UNSELECTED,gray,4,UO/10-12/LJ.png,VERIFIED_BY_COLOR_GRID
UO,10-12,LJ,A2o,UNSELECTED,gray,12,UO/10-12/LJ.png,VERIFIED_BY_COLOR_GRID
UO,10-12,LJ,K2o,UNSELECTED,gray,12,UO/10-12/LJ.png,VERIFIED_BY_COLOR_GRID
UO,10-12,LJ,Q2o,UNSELECTED,gray,12,UO/10-12/LJ.png,VERIFIED_BY_COLOR_GRID
UO,10-12,LJ,J2o,UNSELECTED,gray,12,UO/10-12/LJ.png,VERIFIED_BY_COLOR_GRID
UO,10-12,LJ,T2o,UNSELECTED,gray,12,UO/10-12/LJ.png,VERIFIED_BY_COLOR_GRID
UO,10-12,LJ,92o,UNSELECTED,gray,12,UO/10-12/LJ.png,VERIFIED_BY_COLOR_GRID
UO,10-12,LJ,82o,UNSELECTED,gray,12,UO/10-12/LJ.png,VERIFIED_BY_COLOR_GRID
UO,10-12,LJ,72o,UNSELECTED,gray,12,UO/10-12/LJ.png,VERIFIED_BY_COLOR_GRID
UO,10-12,LJ,62o,UNSELECTED,gray,12,UO/10-12/LJ.png,VERIFIED_BY_COLOR_GRID
UO,10-12,LJ,52o,UNSELECTED,gray,12,UO/10-12/LJ.png,VERIFIED_BY_COLOR_GRID
UO,10-12,LJ,42o,UNSELECTED,gray,12,UO/10-12/LJ.png,VERIFIED_BY_COLOR_GRID
UO,10-12,LJ,32o,UNSELECTED,gray,12,UO/10-12/LJ.png,VERIFIED_BY_COLOR_GRID
UO,10-12,LJ,22,AI,purple,6,UO/10-12/LJ.png,VERIFIED_BY_COLOR_GRID
UO,10-12,HJ,AA,AI,purple,6,UO/10-12/HJ.png,VERIFIED_BY_COLOR_GRID
UO,10-12,HJ,AKs,AI,purple,4,UO/10-12/HJ.png,VERIFIED_BY_COLOR_GRID
UO,10-12,HJ,AQs,AI,purple,4,UO/10-12/HJ.png,VERIFIED_BY_COLOR_GRID
UO,10-12,HJ,AJs,AI,purple,4,UO/10-12/HJ.png,VERIFIED_BY_COLOR_GRID
UO,10-12,HJ,ATs,AI,purple,4,UO/10-12/HJ.png,VERIFIED_BY_COLOR_GRID
UO,10-12,HJ,A9s,AI,purple,4,UO/10-12/HJ.png,VERIFIED_BY_COLOR_GRID
UO,10-12,HJ,A8s,AI,purple,4,UO/10-12/HJ.png,VERIFIED_BY_COLOR_GRID
UO,10-12,HJ,A7s,AI,purple,4,UO/10-12/HJ.png,VERIFIED_BY_COLOR_GRID
UO,10-12,HJ,A6s,AI,purple,4,UO/10-12/HJ.png,VERIFIED_BY_COLOR_GRID
UO,10-12,HJ,A5s,AI,purple,4,UO/10-12/HJ.png,VERIFIED_BY_COLOR_GRID
UO,10-12,HJ,A4s,AI,purple,4,UO/10-12/HJ.png,VERIFIED_BY_COLOR_GRID
UO,10-12,HJ,A3s,AI,purple,4,UO/10-12/HJ.png,VERIFIED_BY_COLOR_GRID
UO,10-12,HJ,A2s,AI,purple,4,UO/10-12/HJ.png,VERIFIED_BY_COLOR_GRID
UO,10-12,HJ,AKo,AI,purple,12,UO/10-12/HJ.png,VERIFIED_BY_COLOR_GRID
UO,10-12,HJ,KK,AI,purple,6,UO/10-12/HJ.png,VERIFIED_BY_COLOR_GRID
UO,10-12,HJ,KQs,AI,purple,4,UO/10-12/HJ.png,VERIFIED_BY_COLOR_GRID
UO,10-12,HJ,KJs,AI,purple,4,UO/10-12/HJ.png,VERIFIED_BY_COLOR_GRID
UO,10-12,HJ,KTs,AI,purple,4,UO/10-12/HJ.png,VERIFIED_BY_COLOR_GRID
UO,10-12,HJ,K9s,AI,purple,4,UO/10-12/HJ.png,VERIFIED_BY_COLOR_GRID
UO,10-12,HJ,K8s,UNSELECTED,gray,4,UO/10-12/HJ.png,VERIFIED_BY_COLOR_GRID
UO,10-12,HJ,K7s,UNSELECTED,gray,4,UO/10-12/HJ.png,VERIFIED_BY_COLOR_GRID
UO,10-12,HJ,K6s,UNSELECTED,gray,4,UO/10-12/HJ.png,VERIFIED_BY_COLOR_GRID
UO,10-12,HJ,K5s,UNSELECTED,gray,4,UO/10-12/HJ.png,VERIFIED_BY_COLOR_GRID
UO,10-12,HJ,K4s,UNSELECTED,gray,4,UO/10-12/HJ.png,VERIFIED_BY_COLOR_GRID
UO,10-12,HJ,K3s,UNSELECTED,gray,4,UO/10-12/HJ.png,VERIFIED_BY_COLOR_GRID
UO,10-12,HJ,K2s,UNSELECTED,gray,4,UO/10-12/HJ.png,VERIFIED_BY_COLOR_GRID
UO,10-12,HJ,AQo,AI,purple,12,UO/10-12/HJ.png,VERIFIED_BY_COLOR_GRID
UO,10-12,HJ,KQo,AI,purple,12,UO/10-12/HJ.png,VERIFIED_BY_COLOR_GRID
UO,10-12,HJ,QQ,AI,purple,6,UO/10-12/HJ.png,VERIFIED_BY_COLOR_GRID
UO,10-12,HJ,QJs,AI,purple,4,UO/10-12/HJ.png,VERIFIED_BY_COLOR_GRID
UO,10-12,HJ,QTs,AI,purple,4,UO/10-12/HJ.png,VERIFIED_BY_COLOR_GRID
UO,10-12,HJ,Q9s,AI,purple,4,UO/10-12/HJ.png,VERIFIED_BY_COLOR_GRID
UO,10-12,HJ,Q8s,UNSELECTED,gray,4,UO/10-12/HJ.png,VERIFIED_BY_COLOR_GRID
UO,10-12,HJ,Q7s,UNSELECTED,gray,4,UO/10-12/HJ.png,VERIFIED_BY_COLOR_GRID
UO,10-12,HJ,Q6s,UNSELECTED,gray,4,UO/10-12/HJ.png,VERIFIED_BY_COLOR_GRID
UO,10-12,HJ,Q5s,UNSELECTED,gray,4,UO/10-12/HJ.png,VERIFIED_BY_COLOR_GRID
UO,10-12,HJ,Q4s,UNSELECTED,gray,4,UO/10-12/HJ.png,VERIFIED_BY_COLOR_GRID
UO,10-12,HJ,Q3s,UNSELECTED,gray,4,UO/10-12/HJ.png,VERIFIED_BY_COLOR_GRID
UO,10-12,HJ,Q2s,UNSELECTED,gray,4,UO/10-12/HJ.png,VERIFIED_BY_COLOR_GRID
UO,10-12,HJ,AJo,AI,purple,12,UO/10-12/HJ.png,VERIFIED_BY_COLOR_GRID
UO,10-12,HJ,KJo,AI,purple,12,UO/10-12/HJ.png,VERIFIED_BY_COLOR_GRID
UO,10-12,HJ,QJo,AI,purple,12,UO/10-12/HJ.png,VERIFIED_BY_COLOR_GRID
UO,10-12,HJ,JJ,AI,purple,6,UO/10-12/HJ.png,VERIFIED_BY_COLOR_GRID
UO,10-12,HJ,JTs,AI,purple,4,UO/10-12/HJ.png,VERIFIED_BY_COLOR_GRID
UO,10-12,HJ,J9s,AI,purple,4,UO/10-12/HJ.png,VERIFIED_BY_COLOR_GRID
UO,10-12,HJ,J8s,UNSELECTED,gray,4,UO/10-12/HJ.png,VERIFIED_BY_COLOR_GRID
UO,10-12,HJ,J7s,UNSELECTED,gray,4,UO/10-12/HJ.png,VERIFIED_BY_COLOR_GRID
UO,10-12,HJ,J6s,UNSELECTED,gray,4,UO/10-12/HJ.png,VERIFIED_BY_COLOR_GRID
UO,10-12,HJ,J5s,UNSELECTED,gray,4,UO/10-12/HJ.png,VERIFIED_BY_COLOR_GRID
UO,10-12,HJ,J4s,UNSELECTED,gray,4,UO/10-12/HJ.png,VERIFIED_BY_COLOR_GRID
UO,10-12,HJ,J3s,UNSELECTED,gray,4,UO/10-12/HJ.png,VERIFIED_BY_COLOR_GRID
UO,10-12,HJ,J2s,UNSELECTED,gray,4,UO/10-12/HJ.png,VERIFIED_BY_COLOR_GRID
UO,10-12,HJ,ATo,AI,purple,12,UO/10-12/HJ.png,VERIFIED_BY_COLOR_GRID
UO,10-12,HJ,KTo,AI,purple,12,UO/10-12/HJ.png,VERIFIED_BY_COLOR_GRID
UO,10-12,HJ,QTo,UNSELECTED,gray,12,UO/10-12/HJ.png,VERIFIED_BY_COLOR_GRID
UO,10-12,HJ,JTo,UNSELECTED,gray,12,UO/10-12/HJ.png,VERIFIED_BY_COLOR_GRID
UO,10-12,HJ,TT,AI,purple,6,UO/10-12/HJ.png,VERIFIED_BY_COLOR_GRID
UO,10-12,HJ,T9s,AI,purple,4,UO/10-12/HJ.png,VERIFIED_BY_COLOR_GRID
UO,10-12,HJ,T8s,UNSELECTED,gray,4,UO/10-12/HJ.png,VERIFIED_BY_COLOR_GRID
UO,10-12,HJ,T7s,UNSELECTED,gray,4,UO/10-12/HJ.png,VERIFIED_BY_COLOR_GRID
UO,10-12,HJ,T6s,UNSELECTED,gray,4,UO/10-12/HJ.png,VERIFIED_BY_COLOR_GRID
UO,10-12,HJ,T5s,UNSELECTED,gray,4,UO/10-12/HJ.png,VERIFIED_BY_COLOR_GRID
UO,10-12,HJ,T4s,UNSELECTED,gray,4,UO/10-12/HJ.png,VERIFIED_BY_COLOR_GRID
UO,10-12,HJ,T3s,UNSELECTED,gray,4,UO/10-12/HJ.png,VERIFIED_BY_COLOR_GRID
UO,10-12,HJ,T2s,UNSELECTED,gray,4,UO/10-12/HJ.png,VERIFIED_BY_COLOR_GRID
UO,10-12,HJ,A9o,AI,purple,12,UO/10-12/HJ.png,VERIFIED_BY_COLOR_GRID
UO,10-12,HJ,K9o,UNSELECTED,gray,12,UO/10-12/HJ.png,VERIFIED_BY_COLOR_GRID
UO,10-12,HJ,Q9o,UNSELECTED,gray,12,UO/10-12/HJ.png,VERIFIED_BY_COLOR_GRID
UO,10-12,HJ,J9o,UNSELECTED,gray,12,UO/10-12/HJ.png,VERIFIED_BY_COLOR_GRID
UO,10-12,HJ,T9o,UNSELECTED,gray,12,UO/10-12/HJ.png,VERIFIED_BY_COLOR_GRID
UO,10-12,HJ,99,AI,purple,6,UO/10-12/HJ.png,VERIFIED_BY_COLOR_GRID
UO,10-12,HJ,98s,UNSELECTED,gray,4,UO/10-12/HJ.png,VERIFIED_BY_COLOR_GRID
UO,10-12,HJ,97s,UNSELECTED,gray,4,UO/10-12/HJ.png,VERIFIED_BY_COLOR_GRID
UO,10-12,HJ,96s,UNSELECTED,gray,4,UO/10-12/HJ.png,VERIFIED_BY_COLOR_GRID
UO,10-12,HJ,95s,UNSELECTED,gray,4,UO/10-12/HJ.png,VERIFIED_BY_COLOR_GRID
UO,10-12,HJ,94s,UNSELECTED,gray,4,UO/10-12/HJ.png,VERIFIED_BY_COLOR_GRID
UO,10-12,HJ,93s,UNSELECTED,gray,4,UO/10-12/HJ.png,VERIFIED_BY_COLOR_GRID
UO,10-12,HJ,92s,UNSELECTED,gray,4,UO/10-12/HJ.png,VERIFIED_BY_COLOR_GRID
UO,10-12,HJ,A8o,AI,purple,12,UO/10-12/HJ.png,VERIFIED_BY_COLOR_GRID
UO,10-12,HJ,K8o,UNSELECTED,gray,12,UO/10-12/HJ.png,VERIFIED_BY_COLOR_GRID
UO,10-12,HJ,Q8o,UNSELECTED,gray,12,UO/10-12/HJ.png,VERIFIED_BY_COLOR_GRID
UO,10-12,HJ,J8o,UNSELECTED,gray,12,UO/10-12/HJ.png,VERIFIED_BY_COLOR_GRID
UO,10-12,HJ,T8o,UNSELECTED,gray,12,UO/10-12/HJ.png,VERIFIED_BY_COLOR_GRID
UO,10-12,HJ,98o,UNSELECTED,gray,12,UO/10-12/HJ.png,VERIFIED_BY_COLOR_GRID
UO,10-12,HJ,88,AI,purple,6,UO/10-12/HJ.png,VERIFIED_BY_COLOR_GRID
UO,10-12,HJ,87s,UNSELECTED,gray,4,UO/10-12/HJ.png,VERIFIED_BY_COLOR_GRID
UO,10-12,HJ,86s,UNSELECTED,gray,4,UO/10-12/HJ.png,VERIFIED_BY_COLOR_GRID
UO,10-12,HJ,85s,UNSELECTED,gray,4,UO/10-12/HJ.png,VERIFIED_BY_COLOR_GRID
UO,10-12,HJ,84s,UNSELECTED,gray,4,UO/10-12/HJ.png,VERIFIED_BY_COLOR_GRID
UO,10-12,HJ,83s,UNSELECTED,gray,4,UO/10-12/HJ.png,VERIFIED_BY_COLOR_GRID
UO,10-12,HJ,82s,UNSELECTED,gray,4,UO/10-12/HJ.png,VERIFIED_BY_COLOR_GRID
UO,10-12,HJ,A7o,AI,purple,12,UO/10-12/HJ.png,VERIFIED_BY_COLOR_GRID
UO,10-12,HJ,K7o,UNSELECTED,gray,12,UO/10-12/HJ.png,VERIFIED_BY_COLOR_GRID
UO,10-12,HJ,Q7o,UNSELECTED,gray,12,UO/10-12/HJ.png,VERIFIED_BY_COLOR_GRID
UO,10-12,HJ,J7o,UNSELECTED,gray,12,UO/10-12/HJ.png,VERIFIED_BY_COLOR_GRID
UO,10-12,HJ,T7o,UNSELECTED,gray,12,UO/10-12/HJ.png,VERIFIED_BY_COLOR_GRID
UO,10-12,HJ,97o,UNSELECTED,gray,12,UO/10-12/HJ.png,VERIFIED_BY_COLOR_GRID
UO,10-12,HJ,87o,UNSELECTED,gray,12,UO/10-12/HJ.png,VERIFIED_BY_COLOR_GRID
UO,10-12,HJ,77,AI,purple,6,UO/10-12/HJ.png,VERIFIED_BY_COLOR_GRID
UO,10-12,HJ,76s,UNSELECTED,gray,4,UO/10-12/HJ.png,VERIFIED_BY_COLOR_GRID
UO,10-12,HJ,75s,UNSELECTED,gray,4,UO/10-12/HJ.png,VERIFIED_BY_COLOR_GRID
UO,10-12,HJ,74s,UNSELECTED,gray,4,UO/10-12/HJ.png,VERIFIED_BY_COLOR_GRID
UO,10-12,HJ,73s,UNSELECTED,gray,4,UO/10-12/HJ.png,VERIFIED_BY_COLOR_GRID
UO,10-12,HJ,72s,UNSELECTED,gray,4,UO/10-12/HJ.png,VERIFIED_BY_COLOR_GRID
UO,10-12,HJ,A6o,UNSELECTED,gray,12,UO/10-12/HJ.png,VERIFIED_BY_COLOR_GRID
UO,10-12,HJ,K6o,UNSELECTED,gray,12,UO/10-12/HJ.png,VERIFIED_BY_COLOR_GRID
UO,10-12,HJ,Q6o,UNSELECTED,gray,12,UO/10-12/HJ.png,VERIFIED_BY_COLOR_GRID
UO,10-12,HJ,J6o,UNSELECTED,gray,12,UO/10-12/HJ.png,VERIFIED_BY_COLOR_GRID
UO,10-12,HJ,T6o,UNSELECTED,gray,12,UO/10-12/HJ.png,VERIFIED_BY_COLOR_GRID
UO,10-12,HJ,96o,UNSELECTED,gray,12,UO/10-12/HJ.png,VERIFIED_BY_COLOR_GRID
UO,10-12,HJ,86o,UNSELECTED,gray,12,UO/10-12/HJ.png,VERIFIED_BY_COLOR_GRID
UO,10-12,HJ,76o,UNSELECTED,gray,12,UO/10-12/HJ.png,VERIFIED_BY_COLOR_GRID
UO,10-12,HJ,66,AI,purple,6,UO/10-12/HJ.png,VERIFIED_BY_COLOR_GRID
UO,10-12,HJ,65s,UNSELECTED,gray,4,UO/10-12/HJ.png,VERIFIED_BY_COLOR_GRID
UO,10-12,HJ,64s,UNSELECTED,gray,4,UO/10-12/HJ.png,VERIFIED_BY_COLOR_GRID
UO,10-12,HJ,63s,UNSELECTED,gray,4,UO/10-12/HJ.png,VERIFIED_BY_COLOR_GRID
UO,10-12,HJ,62s,UNSELECTED,gray,4,UO/10-12/HJ.png,VERIFIED_BY_COLOR_GRID
UO,10-12,HJ,A5o,UNSELECTED,gray,12,UO/10-12/HJ.png,VERIFIED_BY_COLOR_GRID
UO,10-12,HJ,K5o,UNSELECTED,gray,12,UO/10-12/HJ.png,VERIFIED_BY_COLOR_GRID
UO,10-12,HJ,Q5o,UNSELECTED,gray,12,UO/10-12/HJ.png,VERIFIED_BY_COLOR_GRID
UO,10-12,HJ,J5o,UNSELECTED,gray,12,UO/10-12/HJ.png,VERIFIED_BY_COLOR_GRID
UO,10-12,HJ,T5o,UNSELECTED,gray,12,UO/10-12/HJ.png,VERIFIED_BY_COLOR_GRID
UO,10-12,HJ,95o,UNSELECTED,gray,12,UO/10-12/HJ.png,VERIFIED_BY_COLOR_GRID
UO,10-12,HJ,85o,UNSELECTED,gray,12,UO/10-12/HJ.png,VERIFIED_BY_COLOR_GRID
UO,10-12,HJ,75o,UNSELECTED,gray,12,UO/10-12/HJ.png,VERIFIED_BY_COLOR_GRID
UO,10-12,HJ,65o,UNSELECTED,gray,12,UO/10-12/HJ.png,VERIFIED_BY_COLOR_GRID
UO,10-12,HJ,55,AI,purple,6,UO/10-12/HJ.png,VERIFIED_BY_COLOR_GRID
UO,10-12,HJ,54s,UNSELECTED,gray,4,UO/10-12/HJ.png,VERIFIED_BY_COLOR_GRID
UO,10-12,HJ,53s,UNSELECTED,gray,4,UO/10-12/HJ.png,VERIFIED_BY_COLOR_GRID
UO,10-12,HJ,52s,UNSELECTED,gray,4,UO/10-12/HJ.png,VERIFIED_BY_COLOR_GRID
UO,10-12,HJ,A4o,UNSELECTED,gray,12,UO/10-12/HJ.png,VERIFIED_BY_COLOR_GRID
UO,10-12,HJ,K4o,UNSELECTED,gray,12,UO/10-12/HJ.png,VERIFIED_BY_COLOR_GRID
UO,10-12,HJ,Q4o,UNSELECTED,gray,12,UO/10-12/HJ.png,VERIFIED_BY_COLOR_GRID
UO,10-12,HJ,J4o,UNSELECTED,gray,12,UO/10-12/HJ.png,VERIFIED_BY_COLOR_GRID
UO,10-12,HJ,T4o,UNSELECTED,gray,12,UO/10-12/HJ.png,VERIFIED_BY_COLOR_GRID
UO,10-12,HJ,94o,UNSELECTED,gray,12,UO/10-12/HJ.png,VERIFIED_BY_COLOR_GRID
UO,10-12,HJ,84o,UNSELECTED,gray,12,UO/10-12/HJ.png,VERIFIED_BY_COLOR_GRID
UO,10-12,HJ,74o,UNSELECTED,gray,12,UO/10-12/HJ.png,VERIFIED_BY_COLOR_GRID
UO,10-12,HJ,64o,UNSELECTED,gray,12,UO/10-12/HJ.png,VERIFIED_BY_COLOR_GRID
UO,10-12,HJ,54o,UNSELECTED,gray,12,UO/10-12/HJ.png,VERIFIED_BY_COLOR_GRID
UO,10-12,HJ,44,AI,purple,6,UO/10-12/HJ.png,VERIFIED_BY_COLOR_GRID
UO,10-12,HJ,43s,UNSELECTED,gray,4,UO/10-12/HJ.png,VERIFIED_BY_COLOR_GRID
UO,10-12,HJ,42s,UNSELECTED,gray,4,UO/10-12/HJ.png,VERIFIED_BY_COLOR_GRID
UO,10-12,HJ,A3o,UNSELECTED,gray,12,UO/10-12/HJ.png,VERIFIED_BY_COLOR_GRID
UO,10-12,HJ,K3o,UNSELECTED,gray,12,UO/10-12/HJ.png,VERIFIED_BY_COLOR_GRID
UO,10-12,HJ,Q3o,UNSELECTED,gray,12,UO/10-12/HJ.png,VERIFIED_BY_COLOR_GRID
UO,10-12,HJ,J3o,UNSELECTED,gray,12,UO/10-12/HJ.png,VERIFIED_BY_COLOR_GRID
UO,10-12,HJ,T3o,UNSELECTED,gray,12,UO/10-12/HJ.png,VERIFIED_BY_COLOR_GRID
UO,10-12,HJ,93o,UNSELECTED,gray,12,UO/10-12/HJ.png,VERIFIED_BY_COLOR_GRID
UO,10-12,HJ,83o,UNSELECTED,gray,12,UO/10-12/HJ.png,VERIFIED_BY_COLOR_GRID
UO,10-12,HJ,73o,UNSELECTED,gray,12,UO/10-12/HJ.png,VERIFIED_BY_COLOR_GRID
UO,10-12,HJ,63o,UNSELECTED,gray,12,UO/10-12/HJ.png,VERIFIED_BY_COLOR_GRID
UO,10-12,HJ,53o,UNSELECTED,gray,12,UO/10-12/HJ.png,VERIFIED_BY_COLOR_GRID
UO,10-12,HJ,43o,UNSELECTED,gray,12,UO/10-12/HJ.png,VERIFIED_BY_COLOR_GRID
UO,10-12,HJ,33,AI,purple,6,UO/10-12/HJ.png,VERIFIED_BY_COLOR_GRID
UO,10-12,HJ,32s,UNSELECTED,gray,4,UO/10-12/HJ.png,VERIFIED_BY_COLOR_GRID
UO,10-12,HJ,A2o,UNSELECTED,gray,12,UO/10-12/HJ.png,VERIFIED_BY_COLOR_GRID
UO,10-12,HJ,K2o,UNSELECTED,gray,12,UO/10-12/HJ.png,VERIFIED_BY_COLOR_GRID
UO,10-12,HJ,Q2o,UNSELECTED,gray,12,UO/10-12/HJ.png,VERIFIED_BY_COLOR_GRID
UO,10-12,HJ,J2o,UNSELECTED,gray,12,UO/10-12/HJ.png,VERIFIED_BY_COLOR_GRID
UO,10-12,HJ,T2o,UNSELECTED,gray,12,UO/10-12/HJ.png,VERIFIED_BY_COLOR_GRID
UO,10-12,HJ,92o,UNSELECTED,gray,12,UO/10-12/HJ.png,VERIFIED_BY_COLOR_GRID
UO,10-12,HJ,82o,UNSELECTED,gray,12,UO/10-12/HJ.png,VERIFIED_BY_COLOR_GRID
UO,10-12,HJ,72o,UNSELECTED,gray,12,UO/10-12/HJ.png,VERIFIED_BY_COLOR_GRID
UO,10-12,HJ,62o,UNSELECTED,gray,12,UO/10-12/HJ.png,VERIFIED_BY_COLOR_GRID
UO,10-12,HJ,52o,UNSELECTED,gray,12,UO/10-12/HJ.png,VERIFIED_BY_COLOR_GRID
UO,10-12,HJ,42o,UNSELECTED,gray,12,UO/10-12/HJ.png,VERIFIED_BY_COLOR_GRID
UO,10-12,HJ,32o,UNSELECTED,gray,12,UO/10-12/HJ.png,VERIFIED_BY_COLOR_GRID
UO,10-12,HJ,22,AI,purple,6,UO/10-12/HJ.png,VERIFIED_BY_COLOR_GRID
UO,10-12,CO,AA,AI,purple,6,UO/10-12/CO.png,VERIFIED_BY_COLOR_GRID
UO,10-12,CO,AKs,AI,purple,4,UO/10-12/CO.png,VERIFIED_BY_COLOR_GRID
UO,10-12,CO,AQs,AI,purple,4,UO/10-12/CO.png,VERIFIED_BY_COLOR_GRID
UO,10-12,CO,AJs,AI,purple,4,UO/10-12/CO.png,VERIFIED_BY_COLOR_GRID
UO,10-12,CO,ATs,AI,purple,4,UO/10-12/CO.png,VERIFIED_BY_COLOR_GRID
UO,10-12,CO,A9s,AI,purple,4,UO/10-12/CO.png,VERIFIED_BY_COLOR_GRID
UO,10-12,CO,A8s,AI,purple,4,UO/10-12/CO.png,VERIFIED_BY_COLOR_GRID
UO,10-12,CO,A7s,AI,purple,4,UO/10-12/CO.png,VERIFIED_BY_COLOR_GRID
UO,10-12,CO,A6s,AI,purple,4,UO/10-12/CO.png,VERIFIED_BY_COLOR_GRID
UO,10-12,CO,A5s,AI,purple,4,UO/10-12/CO.png,VERIFIED_BY_COLOR_GRID
UO,10-12,CO,A4s,AI,purple,4,UO/10-12/CO.png,VERIFIED_BY_COLOR_GRID
UO,10-12,CO,A3s,AI,purple,4,UO/10-12/CO.png,VERIFIED_BY_COLOR_GRID
UO,10-12,CO,A2s,AI,purple,4,UO/10-12/CO.png,VERIFIED_BY_COLOR_GRID
UO,10-12,CO,AKo,AI,purple,12,UO/10-12/CO.png,VERIFIED_BY_COLOR_GRID
UO,10-12,CO,KK,AI,purple,6,UO/10-12/CO.png,VERIFIED_BY_COLOR_GRID
UO,10-12,CO,KQs,AI,purple,4,UO/10-12/CO.png,VERIFIED_BY_COLOR_GRID
UO,10-12,CO,KJs,AI,purple,4,UO/10-12/CO.png,VERIFIED_BY_COLOR_GRID
UO,10-12,CO,KTs,AI,purple,4,UO/10-12/CO.png,VERIFIED_BY_COLOR_GRID
UO,10-12,CO,K9s,AI,purple,4,UO/10-12/CO.png,VERIFIED_BY_COLOR_GRID
UO,10-12,CO,K8s,UNSELECTED,gray,4,UO/10-12/CO.png,VERIFIED_BY_COLOR_GRID
UO,10-12,CO,K7s,UNSELECTED,gray,4,UO/10-12/CO.png,VERIFIED_BY_COLOR_GRID
UO,10-12,CO,K6s,UNSELECTED,gray,4,UO/10-12/CO.png,VERIFIED_BY_COLOR_GRID
UO,10-12,CO,K5s,UNSELECTED,gray,4,UO/10-12/CO.png,VERIFIED_BY_COLOR_GRID
UO,10-12,CO,K4s,UNSELECTED,gray,4,UO/10-12/CO.png,VERIFIED_BY_COLOR_GRID
UO,10-12,CO,K3s,UNSELECTED,gray,4,UO/10-12/CO.png,VERIFIED_BY_COLOR_GRID
UO,10-12,CO,K2s,UNSELECTED,gray,4,UO/10-12/CO.png,VERIFIED_BY_COLOR_GRID
UO,10-12,CO,AQo,AI,purple,12,UO/10-12/CO.png,VERIFIED_BY_COLOR_GRID
UO,10-12,CO,KQo,AI,purple,12,UO/10-12/CO.png,VERIFIED_BY_COLOR_GRID
UO,10-12,CO,QQ,AI,purple,6,UO/10-12/CO.png,VERIFIED_BY_COLOR_GRID
UO,10-12,CO,QJs,AI,purple,4,UO/10-12/CO.png,VERIFIED_BY_COLOR_GRID
UO,10-12,CO,QTs,AI,purple,4,UO/10-12/CO.png,VERIFIED_BY_COLOR_GRID
UO,10-12,CO,Q9s,AI,purple,4,UO/10-12/CO.png,VERIFIED_BY_COLOR_GRID
UO,10-12,CO,Q8s,UNSELECTED,gray,4,UO/10-12/CO.png,VERIFIED_BY_COLOR_GRID
UO,10-12,CO,Q7s,UNSELECTED,gray,4,UO/10-12/CO.png,VERIFIED_BY_COLOR_GRID
UO,10-12,CO,Q6s,UNSELECTED,gray,4,UO/10-12/CO.png,VERIFIED_BY_COLOR_GRID
UO,10-12,CO,Q5s,UNSELECTED,gray,4,UO/10-12/CO.png,VERIFIED_BY_COLOR_GRID
UO,10-12,CO,Q4s,UNSELECTED,gray,4,UO/10-12/CO.png,VERIFIED_BY_COLOR_GRID
UO,10-12,CO,Q3s,UNSELECTED,gray,4,UO/10-12/CO.png,VERIFIED_BY_COLOR_GRID
UO,10-12,CO,Q2s,UNSELECTED,gray,4,UO/10-12/CO.png,VERIFIED_BY_COLOR_GRID
UO,10-12,CO,AJo,AI,purple,12,UO/10-12/CO.png,VERIFIED_BY_COLOR_GRID
UO,10-12,CO,KJo,AI,purple,12,UO/10-12/CO.png,VERIFIED_BY_COLOR_GRID
UO,10-12,CO,QJo,AI,purple,12,UO/10-12/CO.png,VERIFIED_BY_COLOR_GRID
UO,10-12,CO,JJ,AI,purple,6,UO/10-12/CO.png,VERIFIED_BY_COLOR_GRID
UO,10-12,CO,JTs,AI,purple,4,UO/10-12/CO.png,VERIFIED_BY_COLOR_GRID
UO,10-12,CO,J9s,AI,purple,4,UO/10-12/CO.png,VERIFIED_BY_COLOR_GRID
UO,10-12,CO,J8s,UNSELECTED,gray,4,UO/10-12/CO.png,VERIFIED_BY_COLOR_GRID
UO,10-12,CO,J7s,UNSELECTED,gray,4,UO/10-12/CO.png,VERIFIED_BY_COLOR_GRID
UO,10-12,CO,J6s,UNSELECTED,gray,4,UO/10-12/CO.png,VERIFIED_BY_COLOR_GRID
UO,10-12,CO,J5s,UNSELECTED,gray,4,UO/10-12/CO.png,VERIFIED_BY_COLOR_GRID
UO,10-12,CO,J4s,UNSELECTED,gray,4,UO/10-12/CO.png,VERIFIED_BY_COLOR_GRID
UO,10-12,CO,J3s,UNSELECTED,gray,4,UO/10-12/CO.png,VERIFIED_BY_COLOR_GRID
UO,10-12,CO,J2s,UNSELECTED,gray,4,UO/10-12/CO.png,VERIFIED_BY_COLOR_GRID
UO,10-12,CO,ATo,AI,purple,12,UO/10-12/CO.png,VERIFIED_BY_COLOR_GRID
UO,10-12,CO,KTo,AI,purple,12,UO/10-12/CO.png,VERIFIED_BY_COLOR_GRID
UO,10-12,CO,QTo,LOW_PLAYABILITY,cyan,12,UO/10-12/CO.png,VERIFIED_BY_COLOR_GRID
UO,10-12,CO,JTo,LOW_PLAYABILITY,cyan,12,UO/10-12/CO.png,VERIFIED_BY_COLOR_GRID
UO,10-12,CO,TT,AI,purple,6,UO/10-12/CO.png,VERIFIED_BY_COLOR_GRID
UO,10-12,CO,T9s,AI,purple,4,UO/10-12/CO.png,VERIFIED_BY_COLOR_GRID
UO,10-12,CO,T8s,UNSELECTED,gray,4,UO/10-12/CO.png,VERIFIED_BY_COLOR_GRID
UO,10-12,CO,T7s,UNSELECTED,gray,4,UO/10-12/CO.png,VERIFIED_BY_COLOR_GRID
UO,10-12,CO,T6s,UNSELECTED,gray,4,UO/10-12/CO.png,VERIFIED_BY_COLOR_GRID
UO,10-12,CO,T5s,UNSELECTED,gray,4,UO/10-12/CO.png,VERIFIED_BY_COLOR_GRID
UO,10-12,CO,T4s,UNSELECTED,gray,4,UO/10-12/CO.png,VERIFIED_BY_COLOR_GRID
UO,10-12,CO,T3s,UNSELECTED,gray,4,UO/10-12/CO.png,VERIFIED_BY_COLOR_GRID
UO,10-12,CO,T2s,UNSELECTED,gray,4,UO/10-12/CO.png,VERIFIED_BY_COLOR_GRID
UO,10-12,CO,A9o,AI,purple,12,UO/10-12/CO.png,VERIFIED_BY_COLOR_GRID
UO,10-12,CO,K9o,UNSELECTED,gray,12,UO/10-12/CO.png,VERIFIED_BY_COLOR_GRID
UO,10-12,CO,Q9o,UNSELECTED,gray,12,UO/10-12/CO.png,VERIFIED_BY_COLOR_GRID
UO,10-12,CO,J9o,UNSELECTED,gray,12,UO/10-12/CO.png,VERIFIED_BY_COLOR_GRID
UO,10-12,CO,T9o,UNSELECTED,gray,12,UO/10-12/CO.png,VERIFIED_BY_COLOR_GRID
UO,10-12,CO,99,AI,purple,6,UO/10-12/CO.png,VERIFIED_BY_COLOR_GRID
UO,10-12,CO,98s,UNSELECTED,gray,4,UO/10-12/CO.png,VERIFIED_BY_COLOR_GRID
UO,10-12,CO,97s,UNSELECTED,gray,4,UO/10-12/CO.png,VERIFIED_BY_COLOR_GRID
UO,10-12,CO,96s,UNSELECTED,gray,4,UO/10-12/CO.png,VERIFIED_BY_COLOR_GRID
UO,10-12,CO,95s,UNSELECTED,gray,4,UO/10-12/CO.png,VERIFIED_BY_COLOR_GRID
UO,10-12,CO,94s,UNSELECTED,gray,4,UO/10-12/CO.png,VERIFIED_BY_COLOR_GRID
UO,10-12,CO,93s,UNSELECTED,gray,4,UO/10-12/CO.png,VERIFIED_BY_COLOR_GRID
UO,10-12,CO,92s,UNSELECTED,gray,4,UO/10-12/CO.png,VERIFIED_BY_COLOR_GRID
UO,10-12,CO,A8o,AI,purple,12,UO/10-12/CO.png,VERIFIED_BY_COLOR_GRID
UO,10-12,CO,K8o,UNSELECTED,gray,12,UO/10-12/CO.png,VERIFIED_BY_COLOR_GRID
UO,10-12,CO,Q8o,UNSELECTED,gray,12,UO/10-12/CO.png,VERIFIED_BY_COLOR_GRID
UO,10-12,CO,J8o,UNSELECTED,gray,12,UO/10-12/CO.png,VERIFIED_BY_COLOR_GRID
UO,10-12,CO,T8o,UNSELECTED,gray,12,UO/10-12/CO.png,VERIFIED_BY_COLOR_GRID
UO,10-12,CO,98o,UNSELECTED,gray,12,UO/10-12/CO.png,VERIFIED_BY_COLOR_GRID
UO,10-12,CO,88,AI,purple,6,UO/10-12/CO.png,VERIFIED_BY_COLOR_GRID
UO,10-12,CO,87s,UNSELECTED,gray,4,UO/10-12/CO.png,VERIFIED_BY_COLOR_GRID
UO,10-12,CO,86s,UNSELECTED,gray,4,UO/10-12/CO.png,VERIFIED_BY_COLOR_GRID
UO,10-12,CO,85s,UNSELECTED,gray,4,UO/10-12/CO.png,VERIFIED_BY_COLOR_GRID
UO,10-12,CO,84s,UNSELECTED,gray,4,UO/10-12/CO.png,VERIFIED_BY_COLOR_GRID
UO,10-12,CO,83s,UNSELECTED,gray,4,UO/10-12/CO.png,VERIFIED_BY_COLOR_GRID
UO,10-12,CO,82s,UNSELECTED,gray,4,UO/10-12/CO.png,VERIFIED_BY_COLOR_GRID
UO,10-12,CO,A7o,AI,purple,12,UO/10-12/CO.png,VERIFIED_BY_COLOR_GRID
UO,10-12,CO,K7o,UNSELECTED,gray,12,UO/10-12/CO.png,VERIFIED_BY_COLOR_GRID
UO,10-12,CO,Q7o,UNSELECTED,gray,12,UO/10-12/CO.png,VERIFIED_BY_COLOR_GRID
UO,10-12,CO,J7o,UNSELECTED,gray,12,UO/10-12/CO.png,VERIFIED_BY_COLOR_GRID
UO,10-12,CO,T7o,UNSELECTED,gray,12,UO/10-12/CO.png,VERIFIED_BY_COLOR_GRID
UO,10-12,CO,97o,UNSELECTED,gray,12,UO/10-12/CO.png,VERIFIED_BY_COLOR_GRID
UO,10-12,CO,87o,UNSELECTED,gray,12,UO/10-12/CO.png,VERIFIED_BY_COLOR_GRID
UO,10-12,CO,77,AI,purple,6,UO/10-12/CO.png,VERIFIED_BY_COLOR_GRID
UO,10-12,CO,76s,UNSELECTED,gray,4,UO/10-12/CO.png,VERIFIED_BY_COLOR_GRID
UO,10-12,CO,75s,UNSELECTED,gray,4,UO/10-12/CO.png,VERIFIED_BY_COLOR_GRID
UO,10-12,CO,74s,UNSELECTED,gray,4,UO/10-12/CO.png,VERIFIED_BY_COLOR_GRID
UO,10-12,CO,73s,UNSELECTED,gray,4,UO/10-12/CO.png,VERIFIED_BY_COLOR_GRID
UO,10-12,CO,72s,UNSELECTED,gray,4,UO/10-12/CO.png,VERIFIED_BY_COLOR_GRID
UO,10-12,CO,A6o,AI,purple,12,UO/10-12/CO.png,VERIFIED_BY_COLOR_GRID
UO,10-12,CO,K6o,UNSELECTED,gray,12,UO/10-12/CO.png,VERIFIED_BY_COLOR_GRID
UO,10-12,CO,Q6o,UNSELECTED,gray,12,UO/10-12/CO.png,VERIFIED_BY_COLOR_GRID
UO,10-12,CO,J6o,UNSELECTED,gray,12,UO/10-12/CO.png,VERIFIED_BY_COLOR_GRID
UO,10-12,CO,T6o,UNSELECTED,gray,12,UO/10-12/CO.png,VERIFIED_BY_COLOR_GRID
UO,10-12,CO,96o,UNSELECTED,gray,12,UO/10-12/CO.png,VERIFIED_BY_COLOR_GRID
UO,10-12,CO,86o,UNSELECTED,gray,12,UO/10-12/CO.png,VERIFIED_BY_COLOR_GRID
UO,10-12,CO,76o,UNSELECTED,gray,12,UO/10-12/CO.png,VERIFIED_BY_COLOR_GRID
UO,10-12,CO,66,AI,purple,6,UO/10-12/CO.png,VERIFIED_BY_COLOR_GRID
UO,10-12,CO,65s,UNSELECTED,gray,4,UO/10-12/CO.png,VERIFIED_BY_COLOR_GRID
UO,10-12,CO,64s,UNSELECTED,gray,4,UO/10-12/CO.png,VERIFIED_BY_COLOR_GRID
UO,10-12,CO,63s,UNSELECTED,gray,4,UO/10-12/CO.png,VERIFIED_BY_COLOR_GRID
UO,10-12,CO,62s,UNSELECTED,gray,4,UO/10-12/CO.png,VERIFIED_BY_COLOR_GRID
UO,10-12,CO,A5o,AI,purple,12,UO/10-12/CO.png,VERIFIED_BY_COLOR_GRID
UO,10-12,CO,K5o,UNSELECTED,gray,12,UO/10-12/CO.png,VERIFIED_BY_COLOR_GRID
UO,10-12,CO,Q5o,UNSELECTED,gray,12,UO/10-12/CO.png,VERIFIED_BY_COLOR_GRID
UO,10-12,CO,J5o,UNSELECTED,gray,12,UO/10-12/CO.png,VERIFIED_BY_COLOR_GRID
UO,10-12,CO,T5o,UNSELECTED,gray,12,UO/10-12/CO.png,VERIFIED_BY_COLOR_GRID
UO,10-12,CO,95o,UNSELECTED,gray,12,UO/10-12/CO.png,VERIFIED_BY_COLOR_GRID
UO,10-12,CO,85o,UNSELECTED,gray,12,UO/10-12/CO.png,VERIFIED_BY_COLOR_GRID
UO,10-12,CO,75o,UNSELECTED,gray,12,UO/10-12/CO.png,VERIFIED_BY_COLOR_GRID
UO,10-12,CO,65o,UNSELECTED,gray,12,UO/10-12/CO.png,VERIFIED_BY_COLOR_GRID
UO,10-12,CO,55,AI,purple,6,UO/10-12/CO.png,VERIFIED_BY_COLOR_GRID
UO,10-12,CO,54s,UNSELECTED,gray,4,UO/10-12/CO.png,VERIFIED_BY_COLOR_GRID
UO,10-12,CO,53s,UNSELECTED,gray,4,UO/10-12/CO.png,VERIFIED_BY_COLOR_GRID
UO,10-12,CO,52s,UNSELECTED,gray,4,UO/10-12/CO.png,VERIFIED_BY_COLOR_GRID
UO,10-12,CO,A4o,AI,purple,12,UO/10-12/CO.png,VERIFIED_BY_COLOR_GRID
UO,10-12,CO,K4o,UNSELECTED,gray,12,UO/10-12/CO.png,VERIFIED_BY_COLOR_GRID
UO,10-12,CO,Q4o,UNSELECTED,gray,12,UO/10-12/CO.png,VERIFIED_BY_COLOR_GRID
UO,10-12,CO,J4o,UNSELECTED,gray,12,UO/10-12/CO.png,VERIFIED_BY_COLOR_GRID
UO,10-12,CO,T4o,UNSELECTED,gray,12,UO/10-12/CO.png,VERIFIED_BY_COLOR_GRID
UO,10-12,CO,94o,UNSELECTED,gray,12,UO/10-12/CO.png,VERIFIED_BY_COLOR_GRID
UO,10-12,CO,84o,UNSELECTED,gray,12,UO/10-12/CO.png,VERIFIED_BY_COLOR_GRID
UO,10-12,CO,74o,UNSELECTED,gray,12,UO/10-12/CO.png,VERIFIED_BY_COLOR_GRID
UO,10-12,CO,64o,UNSELECTED,gray,12,UO/10-12/CO.png,VERIFIED_BY_COLOR_GRID
UO,10-12,CO,54o,UNSELECTED,gray,12,UO/10-12/CO.png,VERIFIED_BY_COLOR_GRID
UO,10-12,CO,44,AI,purple,6,UO/10-12/CO.png,VERIFIED_BY_COLOR_GRID
UO,10-12,CO,43s,UNSELECTED,gray,4,UO/10-12/CO.png,VERIFIED_BY_COLOR_GRID
UO,10-12,CO,42s,UNSELECTED,gray,4,UO/10-12/CO.png,VERIFIED_BY_COLOR_GRID
UO,10-12,CO,A3o,LOW_PLAYABILITY,cyan,12,UO/10-12/CO.png,VERIFIED_BY_COLOR_GRID
UO,10-12,CO,K3o,UNSELECTED,gray,12,UO/10-12/CO.png,VERIFIED_BY_COLOR_GRID
UO,10-12,CO,Q3o,UNSELECTED,gray,12,UO/10-12/CO.png,VERIFIED_BY_COLOR_GRID
UO,10-12,CO,J3o,UNSELECTED,gray,12,UO/10-12/CO.png,VERIFIED_BY_COLOR_GRID
UO,10-12,CO,T3o,UNSELECTED,gray,12,UO/10-12/CO.png,VERIFIED_BY_COLOR_GRID
UO,10-12,CO,93o,UNSELECTED,gray,12,UO/10-12/CO.png,VERIFIED_BY_COLOR_GRID
UO,10-12,CO,83o,UNSELECTED,gray,12,UO/10-12/CO.png,VERIFIED_BY_COLOR_GRID
UO,10-12,CO,73o,UNSELECTED,gray,12,UO/10-12/CO.png,VERIFIED_BY_COLOR_GRID
UO,10-12,CO,63o,UNSELECTED,gray,12,UO/10-12/CO.png,VERIFIED_BY_COLOR_GRID
UO,10-12,CO,53o,UNSELECTED,gray,12,UO/10-12/CO.png,VERIFIED_BY_COLOR_GRID
UO,10-12,CO,43o,UNSELECTED,gray,12,UO/10-12/CO.png,VERIFIED_BY_COLOR_GRID
UO,10-12,CO,33,AI,purple,6,UO/10-12/CO.png,VERIFIED_BY_COLOR_GRID
UO,10-12,CO,32s,UNSELECTED,gray,4,UO/10-12/CO.png,VERIFIED_BY_COLOR_GRID
UO,10-12,CO,A2o,LOW_PLAYABILITY,cyan,12,UO/10-12/CO.png,VERIFIED_BY_COLOR_GRID
UO,10-12,CO,K2o,UNSELECTED,gray,12,UO/10-12/CO.png,VERIFIED_BY_COLOR_GRID
UO,10-12,CO,Q2o,UNSELECTED,gray,12,UO/10-12/CO.png,VERIFIED_BY_COLOR_GRID
UO,10-12,CO,J2o,UNSELECTED,gray,12,UO/10-12/CO.png,VERIFIED_BY_COLOR_GRID
UO,10-12,CO,T2o,UNSELECTED,gray,12,UO/10-12/CO.png,VERIFIED_BY_COLOR_GRID
UO,10-12,CO,92o,UNSELECTED,gray,12,UO/10-12/CO.png,VERIFIED_BY_COLOR_GRID
UO,10-12,CO,82o,UNSELECTED,gray,12,UO/10-12/CO.png,VERIFIED_BY_COLOR_GRID
UO,10-12,CO,72o,UNSELECTED,gray,12,UO/10-12/CO.png,VERIFIED_BY_COLOR_GRID
UO,10-12,CO,62o,UNSELECTED,gray,12,UO/10-12/CO.png,VERIFIED_BY_COLOR_GRID
UO,10-12,CO,52o,UNSELECTED,gray,12,UO/10-12/CO.png,VERIFIED_BY_COLOR_GRID
UO,10-12,CO,42o,UNSELECTED,gray,12,UO/10-12/CO.png,VERIFIED_BY_COLOR_GRID
UO,10-12,CO,32o,UNSELECTED,gray,12,UO/10-12/CO.png,VERIFIED_BY_COLOR_GRID
UO,10-12,CO,22,AI,purple,6,UO/10-12/CO.png,VERIFIED_BY_COLOR_GRID
UO,10-12,BTN,AA,AI,purple,6,UO/10-12/BTN.png,VERIFIED_BY_COLOR_GRID
UO,10-12,BTN,AKs,AI,purple,4,UO/10-12/BTN.png,VERIFIED_BY_COLOR_GRID
UO,10-12,BTN,AQs,AI,purple,4,UO/10-12/BTN.png,VERIFIED_BY_COLOR_GRID
UO,10-12,BTN,AJs,AI,purple,4,UO/10-12/BTN.png,VERIFIED_BY_COLOR_GRID
UO,10-12,BTN,ATs,AI,purple,4,UO/10-12/BTN.png,VERIFIED_BY_COLOR_GRID
UO,10-12,BTN,A9s,AI,purple,4,UO/10-12/BTN.png,VERIFIED_BY_COLOR_GRID
UO,10-12,BTN,A8s,AI,purple,4,UO/10-12/BTN.png,VERIFIED_BY_COLOR_GRID
UO,10-12,BTN,A7s,AI,purple,4,UO/10-12/BTN.png,VERIFIED_BY_COLOR_GRID
UO,10-12,BTN,A6s,AI,purple,4,UO/10-12/BTN.png,VERIFIED_BY_COLOR_GRID
UO,10-12,BTN,A5s,AI,purple,4,UO/10-12/BTN.png,VERIFIED_BY_COLOR_GRID
UO,10-12,BTN,A4s,AI,purple,4,UO/10-12/BTN.png,VERIFIED_BY_COLOR_GRID
UO,10-12,BTN,A3s,AI,purple,4,UO/10-12/BTN.png,VERIFIED_BY_COLOR_GRID
UO,10-12,BTN,A2s,AI,purple,4,UO/10-12/BTN.png,VERIFIED_BY_COLOR_GRID
UO,10-12,BTN,AKo,AI,purple,12,UO/10-12/BTN.png,VERIFIED_BY_COLOR_GRID
UO,10-12,BTN,KK,AI,purple,6,UO/10-12/BTN.png,VERIFIED_BY_COLOR_GRID
UO,10-12,BTN,KQs,AI,purple,4,UO/10-12/BTN.png,VERIFIED_BY_COLOR_GRID
UO,10-12,BTN,KJs,AI,purple,4,UO/10-12/BTN.png,VERIFIED_BY_COLOR_GRID
UO,10-12,BTN,KTs,AI,purple,4,UO/10-12/BTN.png,VERIFIED_BY_COLOR_GRID
UO,10-12,BTN,K9s,AI,purple,4,UO/10-12/BTN.png,VERIFIED_BY_COLOR_GRID
UO,10-12,BTN,K8s,AI,purple,4,UO/10-12/BTN.png,VERIFIED_BY_COLOR_GRID
UO,10-12,BTN,K7s,AI,purple,4,UO/10-12/BTN.png,VERIFIED_BY_COLOR_GRID
UO,10-12,BTN,K6s,UNSELECTED,gray,4,UO/10-12/BTN.png,VERIFIED_BY_COLOR_GRID
UO,10-12,BTN,K5s,UNSELECTED,gray,4,UO/10-12/BTN.png,VERIFIED_BY_COLOR_GRID
UO,10-12,BTN,K4s,UNSELECTED,gray,4,UO/10-12/BTN.png,VERIFIED_BY_COLOR_GRID
UO,10-12,BTN,K3s,UNSELECTED,gray,4,UO/10-12/BTN.png,VERIFIED_BY_COLOR_GRID
UO,10-12,BTN,K2s,UNSELECTED,gray,4,UO/10-12/BTN.png,VERIFIED_BY_COLOR_GRID
UO,10-12,BTN,AQo,AI,purple,12,UO/10-12/BTN.png,VERIFIED_BY_COLOR_GRID
UO,10-12,BTN,KQo,AI,purple,12,UO/10-12/BTN.png,VERIFIED_BY_COLOR_GRID
UO,10-12,BTN,QQ,AI,purple,6,UO/10-12/BTN.png,VERIFIED_BY_COLOR_GRID
UO,10-12,BTN,QJs,AI,purple,4,UO/10-12/BTN.png,VERIFIED_BY_COLOR_GRID
UO,10-12,BTN,QTs,AI,purple,4,UO/10-12/BTN.png,VERIFIED_BY_COLOR_GRID
UO,10-12,BTN,Q9s,AI,purple,4,UO/10-12/BTN.png,VERIFIED_BY_COLOR_GRID
UO,10-12,BTN,Q8s,AI,purple,4,UO/10-12/BTN.png,VERIFIED_BY_COLOR_GRID
UO,10-12,BTN,Q7s,UNSELECTED,gray,4,UO/10-12/BTN.png,VERIFIED_BY_COLOR_GRID
UO,10-12,BTN,Q6s,UNSELECTED,gray,4,UO/10-12/BTN.png,VERIFIED_BY_COLOR_GRID
UO,10-12,BTN,Q5s,UNSELECTED,gray,4,UO/10-12/BTN.png,VERIFIED_BY_COLOR_GRID
UO,10-12,BTN,Q4s,UNSELECTED,gray,4,UO/10-12/BTN.png,VERIFIED_BY_COLOR_GRID
UO,10-12,BTN,Q3s,UNSELECTED,gray,4,UO/10-12/BTN.png,VERIFIED_BY_COLOR_GRID
UO,10-12,BTN,Q2s,UNSELECTED,gray,4,UO/10-12/BTN.png,VERIFIED_BY_COLOR_GRID
UO,10-12,BTN,AJo,AI,purple,12,UO/10-12/BTN.png,VERIFIED_BY_COLOR_GRID
UO,10-12,BTN,KJo,AI,purple,12,UO/10-12/BTN.png,VERIFIED_BY_COLOR_GRID
UO,10-12,BTN,QJo,AI,purple,12,UO/10-12/BTN.png,VERIFIED_BY_COLOR_GRID
UO,10-12,BTN,JJ,AI,purple,6,UO/10-12/BTN.png,VERIFIED_BY_COLOR_GRID
UO,10-12,BTN,JTs,AI,purple,4,UO/10-12/BTN.png,VERIFIED_BY_COLOR_GRID
UO,10-12,BTN,J9s,AI,purple,4,UO/10-12/BTN.png,VERIFIED_BY_COLOR_GRID
UO,10-12,BTN,J8s,AI,purple,4,UO/10-12/BTN.png,VERIFIED_BY_COLOR_GRID
UO,10-12,BTN,J7s,UNSELECTED,gray,4,UO/10-12/BTN.png,VERIFIED_BY_COLOR_GRID
UO,10-12,BTN,J6s,UNSELECTED,gray,4,UO/10-12/BTN.png,VERIFIED_BY_COLOR_GRID
UO,10-12,BTN,J5s,UNSELECTED,gray,4,UO/10-12/BTN.png,VERIFIED_BY_COLOR_GRID
UO,10-12,BTN,J4s,UNSELECTED,gray,4,UO/10-12/BTN.png,VERIFIED_BY_COLOR_GRID
UO,10-12,BTN,J3s,UNSELECTED,gray,4,UO/10-12/BTN.png,VERIFIED_BY_COLOR_GRID
UO,10-12,BTN,J2s,UNSELECTED,gray,4,UO/10-12/BTN.png,VERIFIED_BY_COLOR_GRID
UO,10-12,BTN,ATo,AI,purple,12,UO/10-12/BTN.png,VERIFIED_BY_COLOR_GRID
UO,10-12,BTN,KTo,AI,purple,12,UO/10-12/BTN.png,VERIFIED_BY_COLOR_GRID
UO,10-12,BTN,QTo,AI,purple,12,UO/10-12/BTN.png,VERIFIED_BY_COLOR_GRID
UO,10-12,BTN,JTo,AI,purple,12,UO/10-12/BTN.png,VERIFIED_BY_COLOR_GRID
UO,10-12,BTN,TT,AI,purple,6,UO/10-12/BTN.png,VERIFIED_BY_COLOR_GRID
UO,10-12,BTN,T9s,AI,purple,4,UO/10-12/BTN.png,VERIFIED_BY_COLOR_GRID
UO,10-12,BTN,T8s,AI,purple,4,UO/10-12/BTN.png,VERIFIED_BY_COLOR_GRID
UO,10-12,BTN,T7s,UNSELECTED,gray,4,UO/10-12/BTN.png,VERIFIED_BY_COLOR_GRID
UO,10-12,BTN,T6s,UNSELECTED,gray,4,UO/10-12/BTN.png,VERIFIED_BY_COLOR_GRID
UO,10-12,BTN,T5s,UNSELECTED,gray,4,UO/10-12/BTN.png,VERIFIED_BY_COLOR_GRID
UO,10-12,BTN,T4s,UNSELECTED,gray,4,UO/10-12/BTN.png,VERIFIED_BY_COLOR_GRID
UO,10-12,BTN,T3s,UNSELECTED,gray,4,UO/10-12/BTN.png,VERIFIED_BY_COLOR_GRID
UO,10-12,BTN,T2s,UNSELECTED,gray,4,UO/10-12/BTN.png,VERIFIED_BY_COLOR_GRID
UO,10-12,BTN,A9o,AI,purple,12,UO/10-12/BTN.png,VERIFIED_BY_COLOR_GRID
UO,10-12,BTN,K9o,AI,purple,12,UO/10-12/BTN.png,VERIFIED_BY_COLOR_GRID
UO,10-12,BTN,Q9o,UNSELECTED,gray,12,UO/10-12/BTN.png,VERIFIED_BY_COLOR_GRID
UO,10-12,BTN,J9o,UNSELECTED,gray,12,UO/10-12/BTN.png,VERIFIED_BY_COLOR_GRID
UO,10-12,BTN,T9o,UNSELECTED,gray,12,UO/10-12/BTN.png,VERIFIED_BY_COLOR_GRID
UO,10-12,BTN,99,AI,purple,6,UO/10-12/BTN.png,VERIFIED_BY_COLOR_GRID
UO,10-12,BTN,98s,AI,purple,4,UO/10-12/BTN.png,VERIFIED_BY_COLOR_GRID
UO,10-12,BTN,97s,UNSELECTED,gray,4,UO/10-12/BTN.png,VERIFIED_BY_COLOR_GRID
UO,10-12,BTN,96s,UNSELECTED,gray,4,UO/10-12/BTN.png,VERIFIED_BY_COLOR_GRID
UO,10-12,BTN,95s,UNSELECTED,gray,4,UO/10-12/BTN.png,VERIFIED_BY_COLOR_GRID
UO,10-12,BTN,94s,UNSELECTED,gray,4,UO/10-12/BTN.png,VERIFIED_BY_COLOR_GRID
UO,10-12,BTN,93s,UNSELECTED,gray,4,UO/10-12/BTN.png,VERIFIED_BY_COLOR_GRID
UO,10-12,BTN,92s,UNSELECTED,gray,4,UO/10-12/BTN.png,VERIFIED_BY_COLOR_GRID
UO,10-12,BTN,A8o,AI,purple,12,UO/10-12/BTN.png,VERIFIED_BY_COLOR_GRID
UO,10-12,BTN,K8o,UNSELECTED,gray,12,UO/10-12/BTN.png,VERIFIED_BY_COLOR_GRID
UO,10-12,BTN,Q8o,UNSELECTED,gray,12,UO/10-12/BTN.png,VERIFIED_BY_COLOR_GRID
UO,10-12,BTN,J8o,UNSELECTED,gray,12,UO/10-12/BTN.png,VERIFIED_BY_COLOR_GRID
UO,10-12,BTN,T8o,UNSELECTED,gray,12,UO/10-12/BTN.png,VERIFIED_BY_COLOR_GRID
UO,10-12,BTN,98o,UNSELECTED,gray,12,UO/10-12/BTN.png,VERIFIED_BY_COLOR_GRID
UO,10-12,BTN,88,AI,purple,6,UO/10-12/BTN.png,VERIFIED_BY_COLOR_GRID
UO,10-12,BTN,87s,UNSELECTED,gray,4,UO/10-12/BTN.png,VERIFIED_BY_COLOR_GRID
UO,10-12,BTN,86s,UNSELECTED,gray,4,UO/10-12/BTN.png,VERIFIED_BY_COLOR_GRID
UO,10-12,BTN,85s,UNSELECTED,gray,4,UO/10-12/BTN.png,VERIFIED_BY_COLOR_GRID
UO,10-12,BTN,84s,UNSELECTED,gray,4,UO/10-12/BTN.png,VERIFIED_BY_COLOR_GRID
UO,10-12,BTN,83s,UNSELECTED,gray,4,UO/10-12/BTN.png,VERIFIED_BY_COLOR_GRID
UO,10-12,BTN,82s,UNSELECTED,gray,4,UO/10-12/BTN.png,VERIFIED_BY_COLOR_GRID
UO,10-12,BTN,A7o,AI,purple,12,UO/10-12/BTN.png,VERIFIED_BY_COLOR_GRID
UO,10-12,BTN,K7o,UNSELECTED,gray,12,UO/10-12/BTN.png,VERIFIED_BY_COLOR_GRID
UO,10-12,BTN,Q7o,UNSELECTED,gray,12,UO/10-12/BTN.png,VERIFIED_BY_COLOR_GRID
UO,10-12,BTN,J7o,UNSELECTED,gray,12,UO/10-12/BTN.png,VERIFIED_BY_COLOR_GRID
UO,10-12,BTN,T7o,UNSELECTED,gray,12,UO/10-12/BTN.png,VERIFIED_BY_COLOR_GRID
UO,10-12,BTN,97o,UNSELECTED,gray,12,UO/10-12/BTN.png,VERIFIED_BY_COLOR_GRID
UO,10-12,BTN,87o,UNSELECTED,gray,12,UO/10-12/BTN.png,VERIFIED_BY_COLOR_GRID
UO,10-12,BTN,77,AI,purple,6,UO/10-12/BTN.png,VERIFIED_BY_COLOR_GRID
UO,10-12,BTN,76s,UNSELECTED,gray,4,UO/10-12/BTN.png,VERIFIED_BY_COLOR_GRID
UO,10-12,BTN,75s,UNSELECTED,gray,4,UO/10-12/BTN.png,VERIFIED_BY_COLOR_GRID
UO,10-12,BTN,74s,UNSELECTED,gray,4,UO/10-12/BTN.png,VERIFIED_BY_COLOR_GRID
UO,10-12,BTN,73s,UNSELECTED,gray,4,UO/10-12/BTN.png,VERIFIED_BY_COLOR_GRID
UO,10-12,BTN,72s,UNSELECTED,gray,4,UO/10-12/BTN.png,VERIFIED_BY_COLOR_GRID
UO,10-12,BTN,A6o,AI,purple,12,UO/10-12/BTN.png,VERIFIED_BY_COLOR_GRID
UO,10-12,BTN,K6o,UNSELECTED,gray,12,UO/10-12/BTN.png,VERIFIED_BY_COLOR_GRID
UO,10-12,BTN,Q6o,UNSELECTED,gray,12,UO/10-12/BTN.png,VERIFIED_BY_COLOR_GRID
UO,10-12,BTN,J6o,UNSELECTED,gray,12,UO/10-12/BTN.png,VERIFIED_BY_COLOR_GRID
UO,10-12,BTN,T6o,UNSELECTED,gray,12,UO/10-12/BTN.png,VERIFIED_BY_COLOR_GRID
UO,10-12,BTN,96o,UNSELECTED,gray,12,UO/10-12/BTN.png,VERIFIED_BY_COLOR_GRID
UO,10-12,BTN,86o,UNSELECTED,gray,12,UO/10-12/BTN.png,VERIFIED_BY_COLOR_GRID
UO,10-12,BTN,76o,UNSELECTED,gray,12,UO/10-12/BTN.png,VERIFIED_BY_COLOR_GRID
UO,10-12,BTN,66,AI,purple,6,UO/10-12/BTN.png,VERIFIED_BY_COLOR_GRID
UO,10-12,BTN,65s,UNSELECTED,gray,4,UO/10-12/BTN.png,VERIFIED_BY_COLOR_GRID
UO,10-12,BTN,64s,UNSELECTED,gray,4,UO/10-12/BTN.png,VERIFIED_BY_COLOR_GRID
UO,10-12,BTN,63s,UNSELECTED,gray,4,UO/10-12/BTN.png,VERIFIED_BY_COLOR_GRID
UO,10-12,BTN,62s,UNSELECTED,gray,4,UO/10-12/BTN.png,VERIFIED_BY_COLOR_GRID
UO,10-12,BTN,A5o,AI,purple,12,UO/10-12/BTN.png,VERIFIED_BY_COLOR_GRID
UO,10-12,BTN,K5o,UNSELECTED,gray,12,UO/10-12/BTN.png,VERIFIED_BY_COLOR_GRID
UO,10-12,BTN,Q5o,UNSELECTED,gray,12,UO/10-12/BTN.png,VERIFIED_BY_COLOR_GRID
UO,10-12,BTN,J5o,UNSELECTED,gray,12,UO/10-12/BTN.png,VERIFIED_BY_COLOR_GRID
UO,10-12,BTN,T5o,UNSELECTED,gray,12,UO/10-12/BTN.png,VERIFIED_BY_COLOR_GRID
UO,10-12,BTN,95o,UNSELECTED,gray,12,UO/10-12/BTN.png,VERIFIED_BY_COLOR_GRID
UO,10-12,BTN,85o,UNSELECTED,gray,12,UO/10-12/BTN.png,VERIFIED_BY_COLOR_GRID
UO,10-12,BTN,75o,UNSELECTED,gray,12,UO/10-12/BTN.png,VERIFIED_BY_COLOR_GRID
UO,10-12,BTN,65o,UNSELECTED,gray,12,UO/10-12/BTN.png,VERIFIED_BY_COLOR_GRID
UO,10-12,BTN,55,AI,purple,6,UO/10-12/BTN.png,VERIFIED_BY_COLOR_GRID
UO,10-12,BTN,54s,UNSELECTED,gray,4,UO/10-12/BTN.png,VERIFIED_BY_COLOR_GRID
UO,10-12,BTN,53s,UNSELECTED,gray,4,UO/10-12/BTN.png,VERIFIED_BY_COLOR_GRID
UO,10-12,BTN,52s,UNSELECTED,gray,4,UO/10-12/BTN.png,VERIFIED_BY_COLOR_GRID
UO,10-12,BTN,A4o,AI,purple,12,UO/10-12/BTN.png,VERIFIED_BY_COLOR_GRID
UO,10-12,BTN,K4o,UNSELECTED,gray,12,UO/10-12/BTN.png,VERIFIED_BY_COLOR_GRID
UO,10-12,BTN,Q4o,UNSELECTED,gray,12,UO/10-12/BTN.png,VERIFIED_BY_COLOR_GRID
UO,10-12,BTN,J4o,UNSELECTED,gray,12,UO/10-12/BTN.png,VERIFIED_BY_COLOR_GRID
UO,10-12,BTN,T4o,UNSELECTED,gray,12,UO/10-12/BTN.png,VERIFIED_BY_COLOR_GRID
UO,10-12,BTN,94o,UNSELECTED,gray,12,UO/10-12/BTN.png,VERIFIED_BY_COLOR_GRID
UO,10-12,BTN,84o,UNSELECTED,gray,12,UO/10-12/BTN.png,VERIFIED_BY_COLOR_GRID
UO,10-12,BTN,74o,UNSELECTED,gray,12,UO/10-12/BTN.png,VERIFIED_BY_COLOR_GRID
UO,10-12,BTN,64o,UNSELECTED,gray,12,UO/10-12/BTN.png,VERIFIED_BY_COLOR_GRID
UO,10-12,BTN,54o,UNSELECTED,gray,12,UO/10-12/BTN.png,VERIFIED_BY_COLOR_GRID
UO,10-12,BTN,44,AI,purple,6,UO/10-12/BTN.png,VERIFIED_BY_COLOR_GRID
UO,10-12,BTN,43s,UNSELECTED,gray,4,UO/10-12/BTN.png,VERIFIED_BY_COLOR_GRID
UO,10-12,BTN,42s,UNSELECTED,gray,4,UO/10-12/BTN.png,VERIFIED_BY_COLOR_GRID
UO,10-12,BTN,A3o,AI,purple,12,UO/10-12/BTN.png,VERIFIED_BY_COLOR_GRID
UO,10-12,BTN,K3o,UNSELECTED,gray,12,UO/10-12/BTN.png,VERIFIED_BY_COLOR_GRID
UO,10-12,BTN,Q3o,UNSELECTED,gray,12,UO/10-12/BTN.png,VERIFIED_BY_COLOR_GRID
UO,10-12,BTN,J3o,UNSELECTED,gray,12,UO/10-12/BTN.png,VERIFIED_BY_COLOR_GRID
UO,10-12,BTN,T3o,UNSELECTED,gray,12,UO/10-12/BTN.png,VERIFIED_BY_COLOR_GRID
UO,10-12,BTN,93o,UNSELECTED,gray,12,UO/10-12/BTN.png,VERIFIED_BY_COLOR_GRID
UO,10-12,BTN,83o,UNSELECTED,gray,12,UO/10-12/BTN.png,VERIFIED_BY_COLOR_GRID
UO,10-12,BTN,73o,UNSELECTED,gray,12,UO/10-12/BTN.png,VERIFIED_BY_COLOR_GRID
UO,10-12,BTN,63o,UNSELECTED,gray,12,UO/10-12/BTN.png,VERIFIED_BY_COLOR_GRID
UO,10-12,BTN,53o,UNSELECTED,gray,12,UO/10-12/BTN.png,VERIFIED_BY_COLOR_GRID
UO,10-12,BTN,43o,UNSELECTED,gray,12,UO/10-12/BTN.png,VERIFIED_BY_COLOR_GRID
UO,10-12,BTN,33,AI,purple,6,UO/10-12/BTN.png,VERIFIED_BY_COLOR_GRID
UO,10-12,BTN,32s,UNSELECTED,gray,4,UO/10-12/BTN.png,VERIFIED_BY_COLOR_GRID
UO,10-12,BTN,A2o,AI,purple,12,UO/10-12/BTN.png,VERIFIED_BY_COLOR_GRID
UO,10-12,BTN,K2o,UNSELECTED,gray,12,UO/10-12/BTN.png,VERIFIED_BY_COLOR_GRID
UO,10-12,BTN,Q2o,UNSELECTED,gray,12,UO/10-12/BTN.png,VERIFIED_BY_COLOR_GRID
UO,10-12,BTN,J2o,UNSELECTED,gray,12,UO/10-12/BTN.png,VERIFIED_BY_COLOR_GRID
UO,10-12,BTN,T2o,UNSELECTED,gray,12,UO/10-12/BTN.png,VERIFIED_BY_COLOR_GRID
UO,10-12,BTN,92o,UNSELECTED,gray,12,UO/10-12/BTN.png,VERIFIED_BY_COLOR_GRID
UO,10-12,BTN,82o,UNSELECTED,gray,12,UO/10-12/BTN.png,VERIFIED_BY_COLOR_GRID
UO,10-12,BTN,72o,UNSELECTED,gray,12,UO/10-12/BTN.png,VERIFIED_BY_COLOR_GRID
UO,10-12,BTN,62o,UNSELECTED,gray,12,UO/10-12/BTN.png,VERIFIED_BY_COLOR_GRID
UO,10-12,BTN,52o,UNSELECTED,gray,12,UO/10-12/BTN.png,VERIFIED_BY_COLOR_GRID
UO,10-12,BTN,42o,UNSELECTED,gray,12,UO/10-12/BTN.png,VERIFIED_BY_COLOR_GRID
UO,10-12,BTN,32o,UNSELECTED,gray,12,UO/10-12/BTN.png,VERIFIED_BY_COLOR_GRID
UO,10-12,BTN,22,AI,purple,6,UO/10-12/BTN.png,VERIFIED_BY_COLOR_GRID
UO,12-15,EP,AA,nAI,green,6,UO/12-15/EP.png,VERIFIED_BY_COLOR_GRID
UO,12-15,EP,AKs,AI,purple,4,UO/12-15/EP.png,VERIFIED_BY_COLOR_GRID
UO,12-15,EP,AQs,AI,purple,4,UO/12-15/EP.png,VERIFIED_BY_COLOR_GRID
UO,12-15,EP,AJs,AI,purple,4,UO/12-15/EP.png,VERIFIED_BY_COLOR_GRID
UO,12-15,EP,ATs,AI,purple,4,UO/12-15/EP.png,VERIFIED_BY_COLOR_GRID
UO,12-15,EP,A9s,nAI,green,4,UO/12-15/EP.png,VERIFIED_BY_COLOR_GRID
UO,12-15,EP,A8s,nAI,green,4,UO/12-15/EP.png,VERIFIED_BY_COLOR_GRID
UO,12-15,EP,A7s,nAI,green,4,UO/12-15/EP.png,VERIFIED_BY_COLOR_GRID
UO,12-15,EP,A6s,UNSELECTED,gray,4,UO/12-15/EP.png,VERIFIED_BY_COLOR_GRID
UO,12-15,EP,A5s,nAI,green,4,UO/12-15/EP.png,VERIFIED_BY_COLOR_GRID
UO,12-15,EP,A4s,nAI,green,4,UO/12-15/EP.png,VERIFIED_BY_COLOR_GRID
UO,12-15,EP,A3s,UNSELECTED,gray,4,UO/12-15/EP.png,VERIFIED_BY_COLOR_GRID
UO,12-15,EP,A2s,UNSELECTED,gray,4,UO/12-15/EP.png,VERIFIED_BY_COLOR_GRID
UO,12-15,EP,AKo,AI,purple,12,UO/12-15/EP.png,VERIFIED_BY_COLOR_GRID
UO,12-15,EP,KK,nAI,green,6,UO/12-15/EP.png,VERIFIED_BY_COLOR_GRID
UO,12-15,EP,KQs,AI,purple,4,UO/12-15/EP.png,VERIFIED_BY_COLOR_GRID
UO,12-15,EP,KJs,AI,purple,4,UO/12-15/EP.png,VERIFIED_BY_COLOR_GRID
UO,12-15,EP,KTs,nAI,green,4,UO/12-15/EP.png,VERIFIED_BY_COLOR_GRID
UO,12-15,EP,K9s,UNSELECTED,gray,4,UO/12-15/EP.png,VERIFIED_BY_COLOR_GRID
UO,12-15,EP,K8s,UNSELECTED,gray,4,UO/12-15/EP.png,VERIFIED_BY_COLOR_GRID
UO,12-15,EP,K7s,UNSELECTED,gray,4,UO/12-15/EP.png,VERIFIED_BY_COLOR_GRID
UO,12-15,EP,K6s,UNSELECTED,gray,4,UO/12-15/EP.png,VERIFIED_BY_COLOR_GRID
UO,12-15,EP,K5s,UNSELECTED,gray,4,UO/12-15/EP.png,VERIFIED_BY_COLOR_GRID
UO,12-15,EP,K4s,UNSELECTED,gray,4,UO/12-15/EP.png,VERIFIED_BY_COLOR_GRID
UO,12-15,EP,K3s,UNSELECTED,gray,4,UO/12-15/EP.png,VERIFIED_BY_COLOR_GRID
UO,12-15,EP,K2s,UNSELECTED,gray,4,UO/12-15/EP.png,VERIFIED_BY_COLOR_GRID
UO,12-15,EP,AQo,AI,purple,12,UO/12-15/EP.png,VERIFIED_BY_COLOR_GRID
UO,12-15,EP,KQo,AI,purple,12,UO/12-15/EP.png,VERIFIED_BY_COLOR_GRID
UO,12-15,EP,QQ,nAI,green,6,UO/12-15/EP.png,VERIFIED_BY_COLOR_GRID
UO,12-15,EP,QJs,nAI,green,4,UO/12-15/EP.png,VERIFIED_BY_COLOR_GRID
UO,12-15,EP,QTs,nAI,green,4,UO/12-15/EP.png,VERIFIED_BY_COLOR_GRID
UO,12-15,EP,Q9s,UNSELECTED,gray,4,UO/12-15/EP.png,VERIFIED_BY_COLOR_GRID
UO,12-15,EP,Q8s,UNSELECTED,gray,4,UO/12-15/EP.png,VERIFIED_BY_COLOR_GRID
UO,12-15,EP,Q7s,UNSELECTED,gray,4,UO/12-15/EP.png,VERIFIED_BY_COLOR_GRID
UO,12-15,EP,Q6s,UNSELECTED,gray,4,UO/12-15/EP.png,VERIFIED_BY_COLOR_GRID
UO,12-15,EP,Q5s,UNSELECTED,gray,4,UO/12-15/EP.png,VERIFIED_BY_COLOR_GRID
UO,12-15,EP,Q4s,UNSELECTED,gray,4,UO/12-15/EP.png,VERIFIED_BY_COLOR_GRID
UO,12-15,EP,Q3s,UNSELECTED,gray,4,UO/12-15/EP.png,VERIFIED_BY_COLOR_GRID
UO,12-15,EP,Q2s,UNSELECTED,gray,4,UO/12-15/EP.png,VERIFIED_BY_COLOR_GRID
UO,12-15,EP,AJo,AI,purple,12,UO/12-15/EP.png,VERIFIED_BY_COLOR_GRID
UO,12-15,EP,KJo,UNSELECTED,gray,12,UO/12-15/EP.png,VERIFIED_BY_COLOR_GRID
UO,12-15,EP,QJo,UNSELECTED,gray,12,UO/12-15/EP.png,VERIFIED_BY_COLOR_GRID
UO,12-15,EP,JJ,nAI,green,6,UO/12-15/EP.png,VERIFIED_BY_COLOR_GRID
UO,12-15,EP,JTs,nAI,green,4,UO/12-15/EP.png,VERIFIED_BY_COLOR_GRID
UO,12-15,EP,J9s,UNSELECTED,gray,4,UO/12-15/EP.png,VERIFIED_BY_COLOR_GRID
UO,12-15,EP,J8s,UNSELECTED,gray,4,UO/12-15/EP.png,VERIFIED_BY_COLOR_GRID
UO,12-15,EP,J7s,UNSELECTED,gray,4,UO/12-15/EP.png,VERIFIED_BY_COLOR_GRID
UO,12-15,EP,J6s,UNSELECTED,gray,4,UO/12-15/EP.png,VERIFIED_BY_COLOR_GRID
UO,12-15,EP,J5s,UNSELECTED,gray,4,UO/12-15/EP.png,VERIFIED_BY_COLOR_GRID
UO,12-15,EP,J4s,UNSELECTED,gray,4,UO/12-15/EP.png,VERIFIED_BY_COLOR_GRID
UO,12-15,EP,J3s,UNSELECTED,gray,4,UO/12-15/EP.png,VERIFIED_BY_COLOR_GRID
UO,12-15,EP,J2s,UNSELECTED,gray,4,UO/12-15/EP.png,VERIFIED_BY_COLOR_GRID
UO,12-15,EP,ATo,LOW_PLAYABILITY,cyan,12,UO/12-15/EP.png,VERIFIED_BY_COLOR_GRID
UO,12-15,EP,KTo,UNSELECTED,gray,12,UO/12-15/EP.png,VERIFIED_BY_COLOR_GRID
UO,12-15,EP,QTo,UNSELECTED,gray,12,UO/12-15/EP.png,VERIFIED_BY_COLOR_GRID
UO,12-15,EP,JTo,UNSELECTED,gray,12,UO/12-15/EP.png,VERIFIED_BY_COLOR_GRID
UO,12-15,EP,TT,AI,purple,6,UO/12-15/EP.png,VERIFIED_BY_COLOR_GRID
UO,12-15,EP,T9s,UNSELECTED,gray,4,UO/12-15/EP.png,VERIFIED_BY_COLOR_GRID
UO,12-15,EP,T8s,UNSELECTED,gray,4,UO/12-15/EP.png,VERIFIED_BY_COLOR_GRID
UO,12-15,EP,T7s,UNSELECTED,gray,4,UO/12-15/EP.png,VERIFIED_BY_COLOR_GRID
UO,12-15,EP,T6s,UNSELECTED,gray,4,UO/12-15/EP.png,VERIFIED_BY_COLOR_GRID
UO,12-15,EP,T5s,UNSELECTED,gray,4,UO/12-15/EP.png,VERIFIED_BY_COLOR_GRID
UO,12-15,EP,T4s,UNSELECTED,gray,4,UO/12-15/EP.png,VERIFIED_BY_COLOR_GRID
UO,12-15,EP,T3s,UNSELECTED,gray,4,UO/12-15/EP.png,VERIFIED_BY_COLOR_GRID
UO,12-15,EP,T2s,UNSELECTED,gray,4,UO/12-15/EP.png,VERIFIED_BY_COLOR_GRID
UO,12-15,EP,A9o,UNSELECTED,gray,12,UO/12-15/EP.png,VERIFIED_BY_COLOR_GRID
UO,12-15,EP,K9o,UNSELECTED,gray,12,UO/12-15/EP.png,VERIFIED_BY_COLOR_GRID
UO,12-15,EP,Q9o,UNSELECTED,gray,12,UO/12-15/EP.png,VERIFIED_BY_COLOR_GRID
UO,12-15,EP,J9o,UNSELECTED,gray,12,UO/12-15/EP.png,VERIFIED_BY_COLOR_GRID
UO,12-15,EP,T9o,UNSELECTED,gray,12,UO/12-15/EP.png,VERIFIED_BY_COLOR_GRID
UO,12-15,EP,99,AI,purple,6,UO/12-15/EP.png,VERIFIED_BY_COLOR_GRID
UO,12-15,EP,98s,UNSELECTED,gray,4,UO/12-15/EP.png,VERIFIED_BY_COLOR_GRID
UO,12-15,EP,97s,UNSELECTED,gray,4,UO/12-15/EP.png,VERIFIED_BY_COLOR_GRID
UO,12-15,EP,96s,UNSELECTED,gray,4,UO/12-15/EP.png,VERIFIED_BY_COLOR_GRID
UO,12-15,EP,95s,UNSELECTED,gray,4,UO/12-15/EP.png,VERIFIED_BY_COLOR_GRID
UO,12-15,EP,94s,UNSELECTED,gray,4,UO/12-15/EP.png,VERIFIED_BY_COLOR_GRID
UO,12-15,EP,93s,UNSELECTED,gray,4,UO/12-15/EP.png,VERIFIED_BY_COLOR_GRID
UO,12-15,EP,92s,UNSELECTED,gray,4,UO/12-15/EP.png,VERIFIED_BY_COLOR_GRID
UO,12-15,EP,A8o,UNSELECTED,gray,12,UO/12-15/EP.png,VERIFIED_BY_COLOR_GRID
UO,12-15,EP,K8o,UNSELECTED,gray,12,UO/12-15/EP.png,VERIFIED_BY_COLOR_GRID
UO,12-15,EP,Q8o,UNSELECTED,gray,12,UO/12-15/EP.png,VERIFIED_BY_COLOR_GRID
UO,12-15,EP,J8o,UNSELECTED,gray,12,UO/12-15/EP.png,VERIFIED_BY_COLOR_GRID
UO,12-15,EP,T8o,UNSELECTED,gray,12,UO/12-15/EP.png,VERIFIED_BY_COLOR_GRID
UO,12-15,EP,98o,UNSELECTED,gray,12,UO/12-15/EP.png,VERIFIED_BY_COLOR_GRID
UO,12-15,EP,88,AI,purple,6,UO/12-15/EP.png,VERIFIED_BY_COLOR_GRID
UO,12-15,EP,87s,UNSELECTED,gray,4,UO/12-15/EP.png,VERIFIED_BY_COLOR_GRID
UO,12-15,EP,86s,UNSELECTED,gray,4,UO/12-15/EP.png,VERIFIED_BY_COLOR_GRID
UO,12-15,EP,85s,UNSELECTED,gray,4,UO/12-15/EP.png,VERIFIED_BY_COLOR_GRID
UO,12-15,EP,84s,UNSELECTED,gray,4,UO/12-15/EP.png,VERIFIED_BY_COLOR_GRID
UO,12-15,EP,83s,UNSELECTED,gray,4,UO/12-15/EP.png,VERIFIED_BY_COLOR_GRID
UO,12-15,EP,82s,UNSELECTED,gray,4,UO/12-15/EP.png,VERIFIED_BY_COLOR_GRID
UO,12-15,EP,A7o,UNSELECTED,gray,12,UO/12-15/EP.png,VERIFIED_BY_COLOR_GRID
UO,12-15,EP,K7o,UNSELECTED,gray,12,UO/12-15/EP.png,VERIFIED_BY_COLOR_GRID
UO,12-15,EP,Q7o,UNSELECTED,gray,12,UO/12-15/EP.png,VERIFIED_BY_COLOR_GRID
UO,12-15,EP,J7o,UNSELECTED,gray,12,UO/12-15/EP.png,VERIFIED_BY_COLOR_GRID
UO,12-15,EP,T7o,UNSELECTED,gray,12,UO/12-15/EP.png,VERIFIED_BY_COLOR_GRID
UO,12-15,EP,97o,UNSELECTED,gray,12,UO/12-15/EP.png,VERIFIED_BY_COLOR_GRID
UO,12-15,EP,87o,UNSELECTED,gray,12,UO/12-15/EP.png,VERIFIED_BY_COLOR_GRID
UO,12-15,EP,77,AI,purple,6,UO/12-15/EP.png,VERIFIED_BY_COLOR_GRID
UO,12-15,EP,76s,UNSELECTED,gray,4,UO/12-15/EP.png,VERIFIED_BY_COLOR_GRID
UO,12-15,EP,75s,UNSELECTED,gray,4,UO/12-15/EP.png,VERIFIED_BY_COLOR_GRID
UO,12-15,EP,74s,UNSELECTED,gray,4,UO/12-15/EP.png,VERIFIED_BY_COLOR_GRID
UO,12-15,EP,73s,UNSELECTED,gray,4,UO/12-15/EP.png,VERIFIED_BY_COLOR_GRID
UO,12-15,EP,72s,UNSELECTED,gray,4,UO/12-15/EP.png,VERIFIED_BY_COLOR_GRID
UO,12-15,EP,A6o,UNSELECTED,gray,12,UO/12-15/EP.png,VERIFIED_BY_COLOR_GRID
UO,12-15,EP,K6o,UNSELECTED,gray,12,UO/12-15/EP.png,VERIFIED_BY_COLOR_GRID
UO,12-15,EP,Q6o,UNSELECTED,gray,12,UO/12-15/EP.png,VERIFIED_BY_COLOR_GRID
UO,12-15,EP,J6o,UNSELECTED,gray,12,UO/12-15/EP.png,VERIFIED_BY_COLOR_GRID
UO,12-15,EP,T6o,UNSELECTED,gray,12,UO/12-15/EP.png,VERIFIED_BY_COLOR_GRID
UO,12-15,EP,96o,UNSELECTED,gray,12,UO/12-15/EP.png,VERIFIED_BY_COLOR_GRID
UO,12-15,EP,86o,UNSELECTED,gray,12,UO/12-15/EP.png,VERIFIED_BY_COLOR_GRID
UO,12-15,EP,76o,UNSELECTED,gray,12,UO/12-15/EP.png,VERIFIED_BY_COLOR_GRID
UO,12-15,EP,66,AI,purple,6,UO/12-15/EP.png,VERIFIED_BY_COLOR_GRID
UO,12-15,EP,65s,UNSELECTED,gray,4,UO/12-15/EP.png,VERIFIED_BY_COLOR_GRID
UO,12-15,EP,64s,UNSELECTED,gray,4,UO/12-15/EP.png,VERIFIED_BY_COLOR_GRID
UO,12-15,EP,63s,UNSELECTED,gray,4,UO/12-15/EP.png,VERIFIED_BY_COLOR_GRID
UO,12-15,EP,62s,UNSELECTED,gray,4,UO/12-15/EP.png,VERIFIED_BY_COLOR_GRID
UO,12-15,EP,A5o,UNSELECTED,gray,12,UO/12-15/EP.png,VERIFIED_BY_COLOR_GRID
UO,12-15,EP,K5o,UNSELECTED,gray,12,UO/12-15/EP.png,VERIFIED_BY_COLOR_GRID
UO,12-15,EP,Q5o,UNSELECTED,gray,12,UO/12-15/EP.png,VERIFIED_BY_COLOR_GRID
UO,12-15,EP,J5o,UNSELECTED,gray,12,UO/12-15/EP.png,VERIFIED_BY_COLOR_GRID
UO,12-15,EP,T5o,UNSELECTED,gray,12,UO/12-15/EP.png,VERIFIED_BY_COLOR_GRID
UO,12-15,EP,95o,UNSELECTED,gray,12,UO/12-15/EP.png,VERIFIED_BY_COLOR_GRID
UO,12-15,EP,85o,UNSELECTED,gray,12,UO/12-15/EP.png,VERIFIED_BY_COLOR_GRID
UO,12-15,EP,75o,UNSELECTED,gray,12,UO/12-15/EP.png,VERIFIED_BY_COLOR_GRID
UO,12-15,EP,65o,UNSELECTED,gray,12,UO/12-15/EP.png,VERIFIED_BY_COLOR_GRID
UO,12-15,EP,55,AI,purple,6,UO/12-15/EP.png,VERIFIED_BY_COLOR_GRID
UO,12-15,EP,54s,UNSELECTED,gray,4,UO/12-15/EP.png,VERIFIED_BY_COLOR_GRID
UO,12-15,EP,53s,UNSELECTED,gray,4,UO/12-15/EP.png,VERIFIED_BY_COLOR_GRID
UO,12-15,EP,52s,UNSELECTED,gray,4,UO/12-15/EP.png,VERIFIED_BY_COLOR_GRID
UO,12-15,EP,A4o,UNSELECTED,gray,12,UO/12-15/EP.png,VERIFIED_BY_COLOR_GRID
UO,12-15,EP,K4o,UNSELECTED,gray,12,UO/12-15/EP.png,VERIFIED_BY_COLOR_GRID
UO,12-15,EP,Q4o,UNSELECTED,gray,12,UO/12-15/EP.png,VERIFIED_BY_COLOR_GRID
UO,12-15,EP,J4o,UNSELECTED,gray,12,UO/12-15/EP.png,VERIFIED_BY_COLOR_GRID
UO,12-15,EP,T4o,UNSELECTED,gray,12,UO/12-15/EP.png,VERIFIED_BY_COLOR_GRID
UO,12-15,EP,94o,UNSELECTED,gray,12,UO/12-15/EP.png,VERIFIED_BY_COLOR_GRID
UO,12-15,EP,84o,UNSELECTED,gray,12,UO/12-15/EP.png,VERIFIED_BY_COLOR_GRID
UO,12-15,EP,74o,UNSELECTED,gray,12,UO/12-15/EP.png,VERIFIED_BY_COLOR_GRID
UO,12-15,EP,64o,UNSELECTED,gray,12,UO/12-15/EP.png,VERIFIED_BY_COLOR_GRID
UO,12-15,EP,54o,UNSELECTED,gray,12,UO/12-15/EP.png,VERIFIED_BY_COLOR_GRID
UO,12-15,EP,44,LOW_PLAYABILITY,cyan,6,UO/12-15/EP.png,VERIFIED_BY_COLOR_GRID
UO,12-15,EP,43s,UNSELECTED,gray,4,UO/12-15/EP.png,VERIFIED_BY_COLOR_GRID
UO,12-15,EP,42s,UNSELECTED,gray,4,UO/12-15/EP.png,VERIFIED_BY_COLOR_GRID
UO,12-15,EP,A3o,UNSELECTED,gray,12,UO/12-15/EP.png,VERIFIED_BY_COLOR_GRID
UO,12-15,EP,K3o,UNSELECTED,gray,12,UO/12-15/EP.png,VERIFIED_BY_COLOR_GRID
UO,12-15,EP,Q3o,UNSELECTED,gray,12,UO/12-15/EP.png,VERIFIED_BY_COLOR_GRID
UO,12-15,EP,J3o,UNSELECTED,gray,12,UO/12-15/EP.png,VERIFIED_BY_COLOR_GRID
UO,12-15,EP,T3o,UNSELECTED,gray,12,UO/12-15/EP.png,VERIFIED_BY_COLOR_GRID
UO,12-15,EP,93o,UNSELECTED,gray,12,UO/12-15/EP.png,VERIFIED_BY_COLOR_GRID
UO,12-15,EP,83o,UNSELECTED,gray,12,UO/12-15/EP.png,VERIFIED_BY_COLOR_GRID
UO,12-15,EP,73o,UNSELECTED,gray,12,UO/12-15/EP.png,VERIFIED_BY_COLOR_GRID
UO,12-15,EP,63o,UNSELECTED,gray,12,UO/12-15/EP.png,VERIFIED_BY_COLOR_GRID
UO,12-15,EP,53o,UNSELECTED,gray,12,UO/12-15/EP.png,VERIFIED_BY_COLOR_GRID
UO,12-15,EP,43o,UNSELECTED,gray,12,UO/12-15/EP.png,VERIFIED_BY_COLOR_GRID
UO,12-15,EP,33,UNSELECTED,gray,6,UO/12-15/EP.png,VERIFIED_BY_COLOR_GRID
UO,12-15,EP,32s,UNSELECTED,gray,4,UO/12-15/EP.png,VERIFIED_BY_COLOR_GRID
UO,12-15,EP,A2o,UNSELECTED,gray,12,UO/12-15/EP.png,VERIFIED_BY_COLOR_GRID
UO,12-15,EP,K2o,UNSELECTED,gray,12,UO/12-15/EP.png,VERIFIED_BY_COLOR_GRID
UO,12-15,EP,Q2o,UNSELECTED,gray,12,UO/12-15/EP.png,VERIFIED_BY_COLOR_GRID
UO,12-15,EP,J2o,UNSELECTED,gray,12,UO/12-15/EP.png,VERIFIED_BY_COLOR_GRID
UO,12-15,EP,T2o,UNSELECTED,gray,12,UO/12-15/EP.png,VERIFIED_BY_COLOR_GRID
UO,12-15,EP,92o,UNSELECTED,gray,12,UO/12-15/EP.png,VERIFIED_BY_COLOR_GRID
UO,12-15,EP,82o,UNSELECTED,gray,12,UO/12-15/EP.png,VERIFIED_BY_COLOR_GRID
UO,12-15,EP,72o,UNSELECTED,gray,12,UO/12-15/EP.png,VERIFIED_BY_COLOR_GRID
UO,12-15,EP,62o,UNSELECTED,gray,12,UO/12-15/EP.png,VERIFIED_BY_COLOR_GRID
UO,12-15,EP,52o,UNSELECTED,gray,12,UO/12-15/EP.png,VERIFIED_BY_COLOR_GRID
UO,12-15,EP,42o,UNSELECTED,gray,12,UO/12-15/EP.png,VERIFIED_BY_COLOR_GRID
UO,12-15,EP,32o,UNSELECTED,gray,12,UO/12-15/EP.png,VERIFIED_BY_COLOR_GRID
UO,12-15,EP,22,UNSELECTED,gray,6,UO/12-15/EP.png,VERIFIED_BY_COLOR_GRID
UO,12-15,MP,AA,nAI,green,6,UO/12-15/MP.png,VERIFIED_BY_COLOR_GRID
UO,12-15,MP,AKs,AI,purple,4,UO/12-15/MP.png,VERIFIED_BY_COLOR_GRID
UO,12-15,MP,AQs,AI,purple,4,UO/12-15/MP.png,VERIFIED_BY_COLOR_GRID
UO,12-15,MP,AJs,AI,purple,4,UO/12-15/MP.png,VERIFIED_BY_COLOR_GRID
UO,12-15,MP,ATs,AI,purple,4,UO/12-15/MP.png,VERIFIED_BY_COLOR_GRID
UO,12-15,MP,A9s,AI,purple,4,UO/12-15/MP.png,VERIFIED_BY_COLOR_GRID
UO,12-15,MP,A8s,AI,purple,4,UO/12-15/MP.png,VERIFIED_BY_COLOR_GRID
UO,12-15,MP,A7s,nAI,green,4,UO/12-15/MP.png,VERIFIED_BY_COLOR_GRID
UO,12-15,MP,A6s,nAI,green,4,UO/12-15/MP.png,VERIFIED_BY_COLOR_GRID
UO,12-15,MP,A5s,nAI,green,4,UO/12-15/MP.png,VERIFIED_BY_COLOR_GRID
UO,12-15,MP,A4s,nAI,green,4,UO/12-15/MP.png,VERIFIED_BY_COLOR_GRID
UO,12-15,MP,A3s,UNSELECTED,gray,4,UO/12-15/MP.png,VERIFIED_BY_COLOR_GRID
UO,12-15,MP,A2s,UNSELECTED,gray,4,UO/12-15/MP.png,VERIFIED_BY_COLOR_GRID
UO,12-15,MP,AKo,AI,purple,12,UO/12-15/MP.png,VERIFIED_BY_COLOR_GRID
UO,12-15,MP,KK,nAI,green,6,UO/12-15/MP.png,VERIFIED_BY_COLOR_GRID
UO,12-15,MP,KQs,AI,purple,4,UO/12-15/MP.png,VERIFIED_BY_COLOR_GRID
UO,12-15,MP,KJs,AI,purple,4,UO/12-15/MP.png,VERIFIED_BY_COLOR_GRID
UO,12-15,MP,KTs,nAI,green,4,UO/12-15/MP.png,VERIFIED_BY_COLOR_GRID
UO,12-15,MP,K9s,UNSELECTED,gray,4,UO/12-15/MP.png,VERIFIED_BY_COLOR_GRID
UO,12-15,MP,K8s,UNSELECTED,gray,4,UO/12-15/MP.png,VERIFIED_BY_COLOR_GRID
UO,12-15,MP,K7s,UNSELECTED,gray,4,UO/12-15/MP.png,VERIFIED_BY_COLOR_GRID
UO,12-15,MP,K6s,UNSELECTED,gray,4,UO/12-15/MP.png,VERIFIED_BY_COLOR_GRID
UO,12-15,MP,K5s,UNSELECTED,gray,4,UO/12-15/MP.png,VERIFIED_BY_COLOR_GRID
UO,12-15,MP,K4s,UNSELECTED,gray,4,UO/12-15/MP.png,VERIFIED_BY_COLOR_GRID
UO,12-15,MP,K3s,UNSELECTED,gray,4,UO/12-15/MP.png,VERIFIED_BY_COLOR_GRID
UO,12-15,MP,K2s,UNSELECTED,gray,4,UO/12-15/MP.png,VERIFIED_BY_COLOR_GRID
UO,12-15,MP,AQo,AI,purple,12,UO/12-15/MP.png,VERIFIED_BY_COLOR_GRID
UO,12-15,MP,KQo,AI,purple,12,UO/12-15/MP.png,VERIFIED_BY_COLOR_GRID
UO,12-15,MP,QQ,nAI,green,6,UO/12-15/MP.png,VERIFIED_BY_COLOR_GRID
UO,12-15,MP,QJs,nAI,green,4,UO/12-15/MP.png,VERIFIED_BY_COLOR_GRID
UO,12-15,MP,QTs,nAI,green,4,UO/12-15/MP.png,VERIFIED_BY_COLOR_GRID
UO,12-15,MP,Q9s,UNSELECTED,gray,4,UO/12-15/MP.png,VERIFIED_BY_COLOR_GRID
UO,12-15,MP,Q8s,UNSELECTED,gray,4,UO/12-15/MP.png,VERIFIED_BY_COLOR_GRID
UO,12-15,MP,Q7s,UNSELECTED,gray,4,UO/12-15/MP.png,VERIFIED_BY_COLOR_GRID
UO,12-15,MP,Q6s,UNSELECTED,gray,4,UO/12-15/MP.png,VERIFIED_BY_COLOR_GRID
UO,12-15,MP,Q5s,UNSELECTED,gray,4,UO/12-15/MP.png,VERIFIED_BY_COLOR_GRID
UO,12-15,MP,Q4s,UNSELECTED,gray,4,UO/12-15/MP.png,VERIFIED_BY_COLOR_GRID
UO,12-15,MP,Q3s,UNSELECTED,gray,4,UO/12-15/MP.png,VERIFIED_BY_COLOR_GRID
UO,12-15,MP,Q2s,UNSELECTED,gray,4,UO/12-15/MP.png,VERIFIED_BY_COLOR_GRID
UO,12-15,MP,AJo,AI,purple,12,UO/12-15/MP.png,VERIFIED_BY_COLOR_GRID
UO,12-15,MP,KJo,LOW_PLAYABILITY,cyan,12,UO/12-15/MP.png,VERIFIED_BY_COLOR_GRID
UO,12-15,MP,QJo,UNSELECTED,gray,12,UO/12-15/MP.png,VERIFIED_BY_COLOR_GRID
UO,12-15,MP,JJ,nAI,green,6,UO/12-15/MP.png,VERIFIED_BY_COLOR_GRID
UO,12-15,MP,JTs,nAI,green,4,UO/12-15/MP.png,VERIFIED_BY_COLOR_GRID
UO,12-15,MP,J9s,UNSELECTED,gray,4,UO/12-15/MP.png,VERIFIED_BY_COLOR_GRID
UO,12-15,MP,J8s,UNSELECTED,gray,4,UO/12-15/MP.png,VERIFIED_BY_COLOR_GRID
UO,12-15,MP,J7s,UNSELECTED,gray,4,UO/12-15/MP.png,VERIFIED_BY_COLOR_GRID
UO,12-15,MP,J6s,UNSELECTED,gray,4,UO/12-15/MP.png,VERIFIED_BY_COLOR_GRID
UO,12-15,MP,J5s,UNSELECTED,gray,4,UO/12-15/MP.png,VERIFIED_BY_COLOR_GRID
UO,12-15,MP,J4s,UNSELECTED,gray,4,UO/12-15/MP.png,VERIFIED_BY_COLOR_GRID
UO,12-15,MP,J3s,UNSELECTED,gray,4,UO/12-15/MP.png,VERIFIED_BY_COLOR_GRID
UO,12-15,MP,J2s,UNSELECTED,gray,4,UO/12-15/MP.png,VERIFIED_BY_COLOR_GRID
UO,12-15,MP,ATo,nAI,green,12,UO/12-15/MP.png,VERIFIED_BY_COLOR_GRID
UO,12-15,MP,KTo,UNSELECTED,gray,12,UO/12-15/MP.png,VERIFIED_BY_COLOR_GRID
UO,12-15,MP,QTo,UNSELECTED,gray,12,UO/12-15/MP.png,VERIFIED_BY_COLOR_GRID
UO,12-15,MP,JTo,UNSELECTED,gray,12,UO/12-15/MP.png,VERIFIED_BY_COLOR_GRID
UO,12-15,MP,TT,AI,purple,6,UO/12-15/MP.png,VERIFIED_BY_COLOR_GRID
UO,12-15,MP,T9s,UNSELECTED,gray,4,UO/12-15/MP.png,VERIFIED_BY_COLOR_GRID
UO,12-15,MP,T8s,UNSELECTED,gray,4,UO/12-15/MP.png,VERIFIED_BY_COLOR_GRID
UO,12-15,MP,T7s,UNSELECTED,gray,4,UO/12-15/MP.png,VERIFIED_BY_COLOR_GRID
UO,12-15,MP,T6s,UNSELECTED,gray,4,UO/12-15/MP.png,VERIFIED_BY_COLOR_GRID
UO,12-15,MP,T5s,UNSELECTED,gray,4,UO/12-15/MP.png,VERIFIED_BY_COLOR_GRID
UO,12-15,MP,T4s,UNSELECTED,gray,4,UO/12-15/MP.png,VERIFIED_BY_COLOR_GRID
UO,12-15,MP,T3s,UNSELECTED,gray,4,UO/12-15/MP.png,VERIFIED_BY_COLOR_GRID
UO,12-15,MP,T2s,UNSELECTED,gray,4,UO/12-15/MP.png,VERIFIED_BY_COLOR_GRID
UO,12-15,MP,A9o,nAI,green,12,UO/12-15/MP.png,VERIFIED_BY_COLOR_GRID
UO,12-15,MP,K9o,UNSELECTED,gray,12,UO/12-15/MP.png,VERIFIED_BY_COLOR_GRID
UO,12-15,MP,Q9o,UNSELECTED,gray,12,UO/12-15/MP.png,VERIFIED_BY_COLOR_GRID
UO,12-15,MP,J9o,UNSELECTED,gray,12,UO/12-15/MP.png,VERIFIED_BY_COLOR_GRID
UO,12-15,MP,T9o,UNSELECTED,gray,12,UO/12-15/MP.png,VERIFIED_BY_COLOR_GRID
UO,12-15,MP,99,AI,purple,6,UO/12-15/MP.png,VERIFIED_BY_COLOR_GRID
UO,12-15,MP,98s,UNSELECTED,gray,4,UO/12-15/MP.png,VERIFIED_BY_COLOR_GRID
UO,12-15,MP,97s,UNSELECTED,gray,4,UO/12-15/MP.png,VERIFIED_BY_COLOR_GRID
UO,12-15,MP,96s,UNSELECTED,gray,4,UO/12-15/MP.png,VERIFIED_BY_COLOR_GRID
UO,12-15,MP,95s,UNSELECTED,gray,4,UO/12-15/MP.png,VERIFIED_BY_COLOR_GRID
UO,12-15,MP,94s,UNSELECTED,gray,4,UO/12-15/MP.png,VERIFIED_BY_COLOR_GRID
UO,12-15,MP,93s,UNSELECTED,gray,4,UO/12-15/MP.png,VERIFIED_BY_COLOR_GRID
UO,12-15,MP,92s,UNSELECTED,gray,4,UO/12-15/MP.png,VERIFIED_BY_COLOR_GRID
UO,12-15,MP,A8o,UNSELECTED,gray,12,UO/12-15/MP.png,VERIFIED_BY_COLOR_GRID
UO,12-15,MP,K8o,UNSELECTED,gray,12,UO/12-15/MP.png,VERIFIED_BY_COLOR_GRID
UO,12-15,MP,Q8o,UNSELECTED,gray,12,UO/12-15/MP.png,VERIFIED_BY_COLOR_GRID
UO,12-15,MP,J8o,UNSELECTED,gray,12,UO/12-15/MP.png,VERIFIED_BY_COLOR_GRID
UO,12-15,MP,T8o,UNSELECTED,gray,12,UO/12-15/MP.png,VERIFIED_BY_COLOR_GRID
UO,12-15,MP,98o,UNSELECTED,gray,12,UO/12-15/MP.png,VERIFIED_BY_COLOR_GRID
UO,12-15,MP,88,AI,purple,6,UO/12-15/MP.png,VERIFIED_BY_COLOR_GRID
UO,12-15,MP,87s,UNSELECTED,gray,4,UO/12-15/MP.png,VERIFIED_BY_COLOR_GRID
UO,12-15,MP,86s,UNSELECTED,gray,4,UO/12-15/MP.png,VERIFIED_BY_COLOR_GRID
UO,12-15,MP,85s,UNSELECTED,gray,4,UO/12-15/MP.png,VERIFIED_BY_COLOR_GRID
UO,12-15,MP,84s,UNSELECTED,gray,4,UO/12-15/MP.png,VERIFIED_BY_COLOR_GRID
UO,12-15,MP,83s,UNSELECTED,gray,4,UO/12-15/MP.png,VERIFIED_BY_COLOR_GRID
UO,12-15,MP,82s,UNSELECTED,gray,4,UO/12-15/MP.png,VERIFIED_BY_COLOR_GRID
UO,12-15,MP,A7o,UNSELECTED,gray,12,UO/12-15/MP.png,VERIFIED_BY_COLOR_GRID
UO,12-15,MP,K7o,UNSELECTED,gray,12,UO/12-15/MP.png,VERIFIED_BY_COLOR_GRID
UO,12-15,MP,Q7o,UNSELECTED,gray,12,UO/12-15/MP.png,VERIFIED_BY_COLOR_GRID
UO,12-15,MP,J7o,UNSELECTED,gray,12,UO/12-15/MP.png,VERIFIED_BY_COLOR_GRID
UO,12-15,MP,T7o,UNSELECTED,gray,12,UO/12-15/MP.png,VERIFIED_BY_COLOR_GRID
UO,12-15,MP,97o,UNSELECTED,gray,12,UO/12-15/MP.png,VERIFIED_BY_COLOR_GRID
UO,12-15,MP,87o,UNSELECTED,gray,12,UO/12-15/MP.png,VERIFIED_BY_COLOR_GRID
UO,12-15,MP,77,AI,purple,6,UO/12-15/MP.png,VERIFIED_BY_COLOR_GRID
UO,12-15,MP,76s,UNSELECTED,gray,4,UO/12-15/MP.png,VERIFIED_BY_COLOR_GRID
UO,12-15,MP,75s,UNSELECTED,gray,4,UO/12-15/MP.png,VERIFIED_BY_COLOR_GRID
UO,12-15,MP,74s,UNSELECTED,gray,4,UO/12-15/MP.png,VERIFIED_BY_COLOR_GRID
UO,12-15,MP,73s,UNSELECTED,gray,4,UO/12-15/MP.png,VERIFIED_BY_COLOR_GRID
UO,12-15,MP,72s,UNSELECTED,gray,4,UO/12-15/MP.png,VERIFIED_BY_COLOR_GRID
UO,12-15,MP,A6o,UNSELECTED,gray,12,UO/12-15/MP.png,VERIFIED_BY_COLOR_GRID
UO,12-15,MP,K6o,UNSELECTED,gray,12,UO/12-15/MP.png,VERIFIED_BY_COLOR_GRID
UO,12-15,MP,Q6o,UNSELECTED,gray,12,UO/12-15/MP.png,VERIFIED_BY_COLOR_GRID
UO,12-15,MP,J6o,UNSELECTED,gray,12,UO/12-15/MP.png,VERIFIED_BY_COLOR_GRID
UO,12-15,MP,T6o,UNSELECTED,gray,12,UO/12-15/MP.png,VERIFIED_BY_COLOR_GRID
UO,12-15,MP,96o,UNSELECTED,gray,12,UO/12-15/MP.png,VERIFIED_BY_COLOR_GRID
UO,12-15,MP,86o,UNSELECTED,gray,12,UO/12-15/MP.png,VERIFIED_BY_COLOR_GRID
UO,12-15,MP,76o,UNSELECTED,gray,12,UO/12-15/MP.png,VERIFIED_BY_COLOR_GRID
UO,12-15,MP,66,AI,purple,6,UO/12-15/MP.png,VERIFIED_BY_COLOR_GRID
UO,12-15,MP,65s,UNSELECTED,gray,4,UO/12-15/MP.png,VERIFIED_BY_COLOR_GRID
UO,12-15,MP,64s,UNSELECTED,gray,4,UO/12-15/MP.png,VERIFIED_BY_COLOR_GRID
UO,12-15,MP,63s,UNSELECTED,gray,4,UO/12-15/MP.png,VERIFIED_BY_COLOR_GRID
UO,12-15,MP,62s,UNSELECTED,gray,4,UO/12-15/MP.png,VERIFIED_BY_COLOR_GRID
UO,12-15,MP,A5o,UNSELECTED,gray,12,UO/12-15/MP.png,VERIFIED_BY_COLOR_GRID
UO,12-15,MP,K5o,UNSELECTED,gray,12,UO/12-15/MP.png,VERIFIED_BY_COLOR_GRID
UO,12-15,MP,Q5o,UNSELECTED,gray,12,UO/12-15/MP.png,VERIFIED_BY_COLOR_GRID
UO,12-15,MP,J5o,UNSELECTED,gray,12,UO/12-15/MP.png,VERIFIED_BY_COLOR_GRID
UO,12-15,MP,T5o,UNSELECTED,gray,12,UO/12-15/MP.png,VERIFIED_BY_COLOR_GRID
UO,12-15,MP,95o,UNSELECTED,gray,12,UO/12-15/MP.png,VERIFIED_BY_COLOR_GRID
UO,12-15,MP,85o,UNSELECTED,gray,12,UO/12-15/MP.png,VERIFIED_BY_COLOR_GRID
UO,12-15,MP,75o,UNSELECTED,gray,12,UO/12-15/MP.png,VERIFIED_BY_COLOR_GRID
UO,12-15,MP,65o,UNSELECTED,gray,12,UO/12-15/MP.png,VERIFIED_BY_COLOR_GRID
UO,12-15,MP,55,AI,purple,6,UO/12-15/MP.png,VERIFIED_BY_COLOR_GRID
UO,12-15,MP,54s,UNSELECTED,gray,4,UO/12-15/MP.png,VERIFIED_BY_COLOR_GRID
UO,12-15,MP,53s,UNSELECTED,gray,4,UO/12-15/MP.png,VERIFIED_BY_COLOR_GRID
UO,12-15,MP,52s,UNSELECTED,gray,4,UO/12-15/MP.png,VERIFIED_BY_COLOR_GRID
UO,12-15,MP,A4o,UNSELECTED,gray,12,UO/12-15/MP.png,VERIFIED_BY_COLOR_GRID
UO,12-15,MP,K4o,UNSELECTED,gray,12,UO/12-15/MP.png,VERIFIED_BY_COLOR_GRID
UO,12-15,MP,Q4o,UNSELECTED,gray,12,UO/12-15/MP.png,VERIFIED_BY_COLOR_GRID
UO,12-15,MP,J4o,UNSELECTED,gray,12,UO/12-15/MP.png,VERIFIED_BY_COLOR_GRID
UO,12-15,MP,T4o,UNSELECTED,gray,12,UO/12-15/MP.png,VERIFIED_BY_COLOR_GRID
UO,12-15,MP,94o,UNSELECTED,gray,12,UO/12-15/MP.png,VERIFIED_BY_COLOR_GRID
UO,12-15,MP,84o,UNSELECTED,gray,12,UO/12-15/MP.png,VERIFIED_BY_COLOR_GRID
UO,12-15,MP,74o,UNSELECTED,gray,12,UO/12-15/MP.png,VERIFIED_BY_COLOR_GRID
UO,12-15,MP,64o,UNSELECTED,gray,12,UO/12-15/MP.png,VERIFIED_BY_COLOR_GRID
UO,12-15,MP,54o,UNSELECTED,gray,12,UO/12-15/MP.png,VERIFIED_BY_COLOR_GRID
UO,12-15,MP,44,LOW_PLAYABILITY,cyan,6,UO/12-15/MP.png,VERIFIED_BY_COLOR_GRID
UO,12-15,MP,43s,UNSELECTED,gray,4,UO/12-15/MP.png,VERIFIED_BY_COLOR_GRID
UO,12-15,MP,42s,UNSELECTED,gray,4,UO/12-15/MP.png,VERIFIED_BY_COLOR_GRID
UO,12-15,MP,A3o,UNSELECTED,gray,12,UO/12-15/MP.png,VERIFIED_BY_COLOR_GRID
UO,12-15,MP,K3o,UNSELECTED,gray,12,UO/12-15/MP.png,VERIFIED_BY_COLOR_GRID
UO,12-15,MP,Q3o,UNSELECTED,gray,12,UO/12-15/MP.png,VERIFIED_BY_COLOR_GRID
UO,12-15,MP,J3o,UNSELECTED,gray,12,UO/12-15/MP.png,VERIFIED_BY_COLOR_GRID
UO,12-15,MP,T3o,UNSELECTED,gray,12,UO/12-15/MP.png,VERIFIED_BY_COLOR_GRID
UO,12-15,MP,93o,UNSELECTED,gray,12,UO/12-15/MP.png,VERIFIED_BY_COLOR_GRID
UO,12-15,MP,83o,UNSELECTED,gray,12,UO/12-15/MP.png,VERIFIED_BY_COLOR_GRID
UO,12-15,MP,73o,UNSELECTED,gray,12,UO/12-15/MP.png,VERIFIED_BY_COLOR_GRID
UO,12-15,MP,63o,UNSELECTED,gray,12,UO/12-15/MP.png,VERIFIED_BY_COLOR_GRID
UO,12-15,MP,53o,UNSELECTED,gray,12,UO/12-15/MP.png,VERIFIED_BY_COLOR_GRID
UO,12-15,MP,43o,UNSELECTED,gray,12,UO/12-15/MP.png,VERIFIED_BY_COLOR_GRID
UO,12-15,MP,33,LOW_PLAYABILITY,cyan,6,UO/12-15/MP.png,VERIFIED_BY_COLOR_GRID
UO,12-15,MP,32s,UNSELECTED,gray,4,UO/12-15/MP.png,VERIFIED_BY_COLOR_GRID
UO,12-15,MP,A2o,UNSELECTED,gray,12,UO/12-15/MP.png,VERIFIED_BY_COLOR_GRID
UO,12-15,MP,K2o,UNSELECTED,gray,12,UO/12-15/MP.png,VERIFIED_BY_COLOR_GRID
UO,12-15,MP,Q2o,UNSELECTED,gray,12,UO/12-15/MP.png,VERIFIED_BY_COLOR_GRID
UO,12-15,MP,J2o,UNSELECTED,gray,12,UO/12-15/MP.png,VERIFIED_BY_COLOR_GRID
UO,12-15,MP,T2o,UNSELECTED,gray,12,UO/12-15/MP.png,VERIFIED_BY_COLOR_GRID
UO,12-15,MP,92o,UNSELECTED,gray,12,UO/12-15/MP.png,VERIFIED_BY_COLOR_GRID
UO,12-15,MP,82o,UNSELECTED,gray,12,UO/12-15/MP.png,VERIFIED_BY_COLOR_GRID
UO,12-15,MP,72o,UNSELECTED,gray,12,UO/12-15/MP.png,VERIFIED_BY_COLOR_GRID
UO,12-15,MP,62o,UNSELECTED,gray,12,UO/12-15/MP.png,VERIFIED_BY_COLOR_GRID
UO,12-15,MP,52o,UNSELECTED,gray,12,UO/12-15/MP.png,VERIFIED_BY_COLOR_GRID
UO,12-15,MP,42o,UNSELECTED,gray,12,UO/12-15/MP.png,VERIFIED_BY_COLOR_GRID
UO,12-15,MP,32o,UNSELECTED,gray,12,UO/12-15/MP.png,VERIFIED_BY_COLOR_GRID
UO,12-15,MP,22,LOW_PLAYABILITY,cyan,6,UO/12-15/MP.png,VERIFIED_BY_COLOR_GRID
UO,12-15,LJ,AA,nAI,green,6,UO/12-15/LJ.png,VERIFIED_BY_COLOR_GRID
UO,12-15,LJ,AKs,AI,purple,4,UO/12-15/LJ.png,VERIFIED_BY_COLOR_GRID
UO,12-15,LJ,AQs,AI,purple,4,UO/12-15/LJ.png,VERIFIED_BY_COLOR_GRID
UO,12-15,LJ,AJs,AI,purple,4,UO/12-15/LJ.png,VERIFIED_BY_COLOR_GRID
UO,12-15,LJ,ATs,AI,purple,4,UO/12-15/LJ.png,VERIFIED_BY_COLOR_GRID
UO,12-15,LJ,A9s,AI,purple,4,UO/12-15/LJ.png,VERIFIED_BY_COLOR_GRID
UO,12-15,LJ,A8s,AI,purple,4,UO/12-15/LJ.png,VERIFIED_BY_COLOR_GRID
UO,12-15,LJ,A7s,AI,purple,4,UO/12-15/LJ.png,VERIFIED_BY_COLOR_GRID
UO,12-15,LJ,A6s,AI,purple,4,UO/12-15/LJ.png,VERIFIED_BY_COLOR_GRID
UO,12-15,LJ,A5s,nAI,green,4,UO/12-15/LJ.png,VERIFIED_BY_COLOR_GRID
UO,12-15,LJ,A4s,nAI,green,4,UO/12-15/LJ.png,VERIFIED_BY_COLOR_GRID
UO,12-15,LJ,A3s,nAI,green,4,UO/12-15/LJ.png,VERIFIED_BY_COLOR_GRID
UO,12-15,LJ,A2s,nAI,green,4,UO/12-15/LJ.png,VERIFIED_BY_COLOR_GRID
UO,12-15,LJ,AKo,AI,purple,12,UO/12-15/LJ.png,VERIFIED_BY_COLOR_GRID
UO,12-15,LJ,KK,nAI,green,6,UO/12-15/LJ.png,VERIFIED_BY_COLOR_GRID
UO,12-15,LJ,KQs,AI,purple,4,UO/12-15/LJ.png,VERIFIED_BY_COLOR_GRID
UO,12-15,LJ,KJs,AI,purple,4,UO/12-15/LJ.png,VERIFIED_BY_COLOR_GRID
UO,12-15,LJ,KTs,AI,purple,4,UO/12-15/LJ.png,VERIFIED_BY_COLOR_GRID
UO,12-15,LJ,K9s,LOW_PLAYABILITY,cyan,4,UO/12-15/LJ.png,VERIFIED_BY_COLOR_GRID
UO,12-15,LJ,K8s,UNSELECTED,gray,4,UO/12-15/LJ.png,VERIFIED_BY_COLOR_GRID
UO,12-15,LJ,K7s,UNSELECTED,gray,4,UO/12-15/LJ.png,VERIFIED_BY_COLOR_GRID
UO,12-15,LJ,K6s,UNSELECTED,gray,4,UO/12-15/LJ.png,VERIFIED_BY_COLOR_GRID
UO,12-15,LJ,K5s,UNSELECTED,gray,4,UO/12-15/LJ.png,VERIFIED_BY_COLOR_GRID
UO,12-15,LJ,K4s,UNSELECTED,gray,4,UO/12-15/LJ.png,VERIFIED_BY_COLOR_GRID
UO,12-15,LJ,K3s,UNSELECTED,gray,4,UO/12-15/LJ.png,VERIFIED_BY_COLOR_GRID
UO,12-15,LJ,K2s,UNSELECTED,gray,4,UO/12-15/LJ.png,VERIFIED_BY_COLOR_GRID
UO,12-15,LJ,AQo,AI,purple,12,UO/12-15/LJ.png,VERIFIED_BY_COLOR_GRID
UO,12-15,LJ,KQo,AI,purple,12,UO/12-15/LJ.png,VERIFIED_BY_COLOR_GRID
UO,12-15,LJ,QQ,nAI,green,6,UO/12-15/LJ.png,VERIFIED_BY_COLOR_GRID
UO,12-15,LJ,QJs,nAI,green,4,UO/12-15/LJ.png,VERIFIED_BY_COLOR_GRID
UO,12-15,LJ,QTs,nAI,green,4,UO/12-15/LJ.png,VERIFIED_BY_COLOR_GRID
UO,12-15,LJ,Q9s,LOW_PLAYABILITY,cyan,4,UO/12-15/LJ.png,VERIFIED_BY_COLOR_GRID
UO,12-15,LJ,Q8s,UNSELECTED,gray,4,UO/12-15/LJ.png,VERIFIED_BY_COLOR_GRID
UO,12-15,LJ,Q7s,UNSELECTED,gray,4,UO/12-15/LJ.png,VERIFIED_BY_COLOR_GRID
UO,12-15,LJ,Q6s,UNSELECTED,gray,4,UO/12-15/LJ.png,VERIFIED_BY_COLOR_GRID
UO,12-15,LJ,Q5s,UNSELECTED,gray,4,UO/12-15/LJ.png,VERIFIED_BY_COLOR_GRID
UO,12-15,LJ,Q4s,UNSELECTED,gray,4,UO/12-15/LJ.png,VERIFIED_BY_COLOR_GRID
UO,12-15,LJ,Q3s,UNSELECTED,gray,4,UO/12-15/LJ.png,VERIFIED_BY_COLOR_GRID
UO,12-15,LJ,Q2s,UNSELECTED,gray,4,UO/12-15/LJ.png,VERIFIED_BY_COLOR_GRID
UO,12-15,LJ,AJo,AI,purple,12,UO/12-15/LJ.png,VERIFIED_BY_COLOR_GRID
UO,12-15,LJ,KJo,AI,purple,12,UO/12-15/LJ.png,VERIFIED_BY_COLOR_GRID
UO,12-15,LJ,QJo,UNSELECTED,gray,12,UO/12-15/LJ.png,VERIFIED_BY_COLOR_GRID
UO,12-15,LJ,JJ,nAI,green,6,UO/12-15/LJ.png,VERIFIED_BY_COLOR_GRID
UO,12-15,LJ,JTs,LOW_PLAYABILITY,cyan,4,UO/12-15/LJ.png,VERIFIED_BY_COLOR_GRID
UO,12-15,LJ,J9s,LOW_PLAYABILITY,cyan,4,UO/12-15/LJ.png,VERIFIED_BY_COLOR_GRID
UO,12-15,LJ,J8s,UNSELECTED,gray,4,UO/12-15/LJ.png,VERIFIED_BY_COLOR_GRID
UO,12-15,LJ,J7s,UNSELECTED,gray,4,UO/12-15/LJ.png,VERIFIED_BY_COLOR_GRID
UO,12-15,LJ,J6s,UNSELECTED,gray,4,UO/12-15/LJ.png,VERIFIED_BY_COLOR_GRID
UO,12-15,LJ,J5s,UNSELECTED,gray,4,UO/12-15/LJ.png,VERIFIED_BY_COLOR_GRID
UO,12-15,LJ,J4s,UNSELECTED,gray,4,UO/12-15/LJ.png,VERIFIED_BY_COLOR_GRID
UO,12-15,LJ,J3s,UNSELECTED,gray,4,UO/12-15/LJ.png,VERIFIED_BY_COLOR_GRID
UO,12-15,LJ,J2s,UNSELECTED,gray,4,UO/12-15/LJ.png,VERIFIED_BY_COLOR_GRID
UO,12-15,LJ,ATo,AI,purple,12,UO/12-15/LJ.png,VERIFIED_BY_COLOR_GRID
UO,12-15,LJ,KTo,UNSELECTED,gray,12,UO/12-15/LJ.png,VERIFIED_BY_COLOR_GRID
UO,12-15,LJ,QTo,UNSELECTED,gray,12,UO/12-15/LJ.png,VERIFIED_BY_COLOR_GRID
UO,12-15,LJ,JTo,UNSELECTED,gray,12,UO/12-15/LJ.png,VERIFIED_BY_COLOR_GRID
UO,12-15,LJ,TT,AI,purple,6,UO/12-15/LJ.png,VERIFIED_BY_COLOR_GRID
UO,12-15,LJ,T9s,LOW_PLAYABILITY,cyan,4,UO/12-15/LJ.png,VERIFIED_BY_COLOR_GRID
UO,12-15,LJ,T8s,UNSELECTED,gray,4,UO/12-15/LJ.png,VERIFIED_BY_COLOR_GRID
UO,12-15,LJ,T7s,UNSELECTED,gray,4,UO/12-15/LJ.png,VERIFIED_BY_COLOR_GRID
UO,12-15,LJ,T6s,UNSELECTED,gray,4,UO/12-15/LJ.png,VERIFIED_BY_COLOR_GRID
UO,12-15,LJ,T5s,UNSELECTED,gray,4,UO/12-15/LJ.png,VERIFIED_BY_COLOR_GRID
UO,12-15,LJ,T4s,UNSELECTED,gray,4,UO/12-15/LJ.png,VERIFIED_BY_COLOR_GRID
UO,12-15,LJ,T3s,UNSELECTED,gray,4,UO/12-15/LJ.png,VERIFIED_BY_COLOR_GRID
UO,12-15,LJ,T2s,UNSELECTED,gray,4,UO/12-15/LJ.png,VERIFIED_BY_COLOR_GRID
UO,12-15,LJ,A9o,nAI,green,12,UO/12-15/LJ.png,VERIFIED_BY_COLOR_GRID
UO,12-15,LJ,K9o,UNSELECTED,gray,12,UO/12-15/LJ.png,VERIFIED_BY_COLOR_GRID
UO,12-15,LJ,Q9o,UNSELECTED,gray,12,UO/12-15/LJ.png,VERIFIED_BY_COLOR_GRID
UO,12-15,LJ,J9o,UNSELECTED,gray,12,UO/12-15/LJ.png,VERIFIED_BY_COLOR_GRID
UO,12-15,LJ,T9o,UNSELECTED,gray,12,UO/12-15/LJ.png,VERIFIED_BY_COLOR_GRID
UO,12-15,LJ,99,AI,purple,6,UO/12-15/LJ.png,VERIFIED_BY_COLOR_GRID
UO,12-15,LJ,98s,UNSELECTED,gray,4,UO/12-15/LJ.png,VERIFIED_BY_COLOR_GRID
UO,12-15,LJ,97s,UNSELECTED,gray,4,UO/12-15/LJ.png,VERIFIED_BY_COLOR_GRID
UO,12-15,LJ,96s,UNSELECTED,gray,4,UO/12-15/LJ.png,VERIFIED_BY_COLOR_GRID
UO,12-15,LJ,95s,UNSELECTED,gray,4,UO/12-15/LJ.png,VERIFIED_BY_COLOR_GRID
UO,12-15,LJ,94s,UNSELECTED,gray,4,UO/12-15/LJ.png,VERIFIED_BY_COLOR_GRID
UO,12-15,LJ,93s,UNSELECTED,gray,4,UO/12-15/LJ.png,VERIFIED_BY_COLOR_GRID
UO,12-15,LJ,92s,UNSELECTED,gray,4,UO/12-15/LJ.png,VERIFIED_BY_COLOR_GRID
UO,12-15,LJ,A8o,nAI,green,12,UO/12-15/LJ.png,VERIFIED_BY_COLOR_GRID
UO,12-15,LJ,K8o,UNSELECTED,gray,12,UO/12-15/LJ.png,VERIFIED_BY_COLOR_GRID
UO,12-15,LJ,Q8o,UNSELECTED,gray,12,UO/12-15/LJ.png,VERIFIED_BY_COLOR_GRID
UO,12-15,LJ,J8o,UNSELECTED,gray,12,UO/12-15/LJ.png,VERIFIED_BY_COLOR_GRID
UO,12-15,LJ,T8o,UNSELECTED,gray,12,UO/12-15/LJ.png,VERIFIED_BY_COLOR_GRID
UO,12-15,LJ,98o,UNSELECTED,gray,12,UO/12-15/LJ.png,VERIFIED_BY_COLOR_GRID
UO,12-15,LJ,88,AI,purple,6,UO/12-15/LJ.png,VERIFIED_BY_COLOR_GRID
UO,12-15,LJ,87s,UNSELECTED,gray,4,UO/12-15/LJ.png,VERIFIED_BY_COLOR_GRID
UO,12-15,LJ,86s,UNSELECTED,gray,4,UO/12-15/LJ.png,VERIFIED_BY_COLOR_GRID
UO,12-15,LJ,85s,UNSELECTED,gray,4,UO/12-15/LJ.png,VERIFIED_BY_COLOR_GRID
UO,12-15,LJ,84s,UNSELECTED,gray,4,UO/12-15/LJ.png,VERIFIED_BY_COLOR_GRID
UO,12-15,LJ,83s,UNSELECTED,gray,4,UO/12-15/LJ.png,VERIFIED_BY_COLOR_GRID
UO,12-15,LJ,82s,UNSELECTED,gray,4,UO/12-15/LJ.png,VERIFIED_BY_COLOR_GRID
UO,12-15,LJ,A7o,nAI,green,12,UO/12-15/LJ.png,VERIFIED_BY_COLOR_GRID
UO,12-15,LJ,K7o,UNSELECTED,gray,12,UO/12-15/LJ.png,VERIFIED_BY_COLOR_GRID
UO,12-15,LJ,Q7o,UNSELECTED,gray,12,UO/12-15/LJ.png,VERIFIED_BY_COLOR_GRID
UO,12-15,LJ,J7o,UNSELECTED,gray,12,UO/12-15/LJ.png,VERIFIED_BY_COLOR_GRID
UO,12-15,LJ,T7o,UNSELECTED,gray,12,UO/12-15/LJ.png,VERIFIED_BY_COLOR_GRID
UO,12-15,LJ,97o,UNSELECTED,gray,12,UO/12-15/LJ.png,VERIFIED_BY_COLOR_GRID
UO,12-15,LJ,87o,UNSELECTED,gray,12,UO/12-15/LJ.png,VERIFIED_BY_COLOR_GRID
UO,12-15,LJ,77,AI,purple,6,UO/12-15/LJ.png,VERIFIED_BY_COLOR_GRID
UO,12-15,LJ,76s,UNSELECTED,gray,4,UO/12-15/LJ.png,VERIFIED_BY_COLOR_GRID
UO,12-15,LJ,75s,UNSELECTED,gray,4,UO/12-15/LJ.png,VERIFIED_BY_COLOR_GRID
UO,12-15,LJ,74s,UNSELECTED,gray,4,UO/12-15/LJ.png,VERIFIED_BY_COLOR_GRID
UO,12-15,LJ,73s,UNSELECTED,gray,4,UO/12-15/LJ.png,VERIFIED_BY_COLOR_GRID
UO,12-15,LJ,72s,UNSELECTED,gray,4,UO/12-15/LJ.png,VERIFIED_BY_COLOR_GRID
UO,12-15,LJ,A6o,nAI,green,12,UO/12-15/LJ.png,VERIFIED_BY_COLOR_GRID
UO,12-15,LJ,K6o,UNSELECTED,gray,12,UO/12-15/LJ.png,VERIFIED_BY_COLOR_GRID
UO,12-15,LJ,Q6o,UNSELECTED,gray,12,UO/12-15/LJ.png,VERIFIED_BY_COLOR_GRID
UO,12-15,LJ,J6o,UNSELECTED,gray,12,UO/12-15/LJ.png,VERIFIED_BY_COLOR_GRID
UO,12-15,LJ,T6o,UNSELECTED,gray,12,UO/12-15/LJ.png,VERIFIED_BY_COLOR_GRID
UO,12-15,LJ,96o,UNSELECTED,gray,12,UO/12-15/LJ.png,VERIFIED_BY_COLOR_GRID
UO,12-15,LJ,86o,UNSELECTED,gray,12,UO/12-15/LJ.png,VERIFIED_BY_COLOR_GRID
UO,12-15,LJ,76o,UNSELECTED,gray,12,UO/12-15/LJ.png,VERIFIED_BY_COLOR_GRID
UO,12-15,LJ,66,AI,purple,6,UO/12-15/LJ.png,VERIFIED_BY_COLOR_GRID
UO,12-15,LJ,65s,UNSELECTED,gray,4,UO/12-15/LJ.png,VERIFIED_BY_COLOR_GRID
UO,12-15,LJ,64s,UNSELECTED,gray,4,UO/12-15/LJ.png,VERIFIED_BY_COLOR_GRID
UO,12-15,LJ,63s,UNSELECTED,gray,4,UO/12-15/LJ.png,VERIFIED_BY_COLOR_GRID
UO,12-15,LJ,62s,UNSELECTED,gray,4,UO/12-15/LJ.png,VERIFIED_BY_COLOR_GRID
UO,12-15,LJ,A5o,UNSELECTED,gray,12,UO/12-15/LJ.png,VERIFIED_BY_COLOR_GRID
UO,12-15,LJ,K5o,UNSELECTED,gray,12,UO/12-15/LJ.png,VERIFIED_BY_COLOR_GRID
UO,12-15,LJ,Q5o,UNSELECTED,gray,12,UO/12-15/LJ.png,VERIFIED_BY_COLOR_GRID
UO,12-15,LJ,J5o,UNSELECTED,gray,12,UO/12-15/LJ.png,VERIFIED_BY_COLOR_GRID
UO,12-15,LJ,T5o,UNSELECTED,gray,12,UO/12-15/LJ.png,VERIFIED_BY_COLOR_GRID
UO,12-15,LJ,95o,UNSELECTED,gray,12,UO/12-15/LJ.png,VERIFIED_BY_COLOR_GRID
UO,12-15,LJ,85o,UNSELECTED,gray,12,UO/12-15/LJ.png,VERIFIED_BY_COLOR_GRID
UO,12-15,LJ,75o,UNSELECTED,gray,12,UO/12-15/LJ.png,VERIFIED_BY_COLOR_GRID
UO,12-15,LJ,65o,UNSELECTED,gray,12,UO/12-15/LJ.png,VERIFIED_BY_COLOR_GRID
UO,12-15,LJ,55,AI,purple,6,UO/12-15/LJ.png,VERIFIED_BY_COLOR_GRID
UO,12-15,LJ,54s,UNSELECTED,gray,4,UO/12-15/LJ.png,VERIFIED_BY_COLOR_GRID
UO,12-15,LJ,53s,UNSELECTED,gray,4,UO/12-15/LJ.png,VERIFIED_BY_COLOR_GRID
UO,12-15,LJ,52s,UNSELECTED,gray,4,UO/12-15/LJ.png,VERIFIED_BY_COLOR_GRID
UO,12-15,LJ,A4o,UNSELECTED,gray,12,UO/12-15/LJ.png,VERIFIED_BY_COLOR_GRID
UO,12-15,LJ,K4o,UNSELECTED,gray,12,UO/12-15/LJ.png,VERIFIED_BY_COLOR_GRID
UO,12-15,LJ,Q4o,UNSELECTED,gray,12,UO/12-15/LJ.png,VERIFIED_BY_COLOR_GRID
UO,12-15,LJ,J4o,UNSELECTED,gray,12,UO/12-15/LJ.png,VERIFIED_BY_COLOR_GRID
UO,12-15,LJ,T4o,UNSELECTED,gray,12,UO/12-15/LJ.png,VERIFIED_BY_COLOR_GRID
UO,12-15,LJ,94o,UNSELECTED,gray,12,UO/12-15/LJ.png,VERIFIED_BY_COLOR_GRID
UO,12-15,LJ,84o,UNSELECTED,gray,12,UO/12-15/LJ.png,VERIFIED_BY_COLOR_GRID
UO,12-15,LJ,74o,UNSELECTED,gray,12,UO/12-15/LJ.png,VERIFIED_BY_COLOR_GRID
UO,12-15,LJ,64o,UNSELECTED,gray,12,UO/12-15/LJ.png,VERIFIED_BY_COLOR_GRID
UO,12-15,LJ,54o,UNSELECTED,gray,12,UO/12-15/LJ.png,VERIFIED_BY_COLOR_GRID
UO,12-15,LJ,44,AI,purple,6,UO/12-15/LJ.png,VERIFIED_BY_COLOR_GRID
UO,12-15,LJ,43s,UNSELECTED,gray,4,UO/12-15/LJ.png,VERIFIED_BY_COLOR_GRID
UO,12-15,LJ,42s,UNSELECTED,gray,4,UO/12-15/LJ.png,VERIFIED_BY_COLOR_GRID
UO,12-15,LJ,A3o,UNSELECTED,gray,12,UO/12-15/LJ.png,VERIFIED_BY_COLOR_GRID
UO,12-15,LJ,K3o,UNSELECTED,gray,12,UO/12-15/LJ.png,VERIFIED_BY_COLOR_GRID
UO,12-15,LJ,Q3o,UNSELECTED,gray,12,UO/12-15/LJ.png,VERIFIED_BY_COLOR_GRID
UO,12-15,LJ,J3o,UNSELECTED,gray,12,UO/12-15/LJ.png,VERIFIED_BY_COLOR_GRID
UO,12-15,LJ,T3o,UNSELECTED,gray,12,UO/12-15/LJ.png,VERIFIED_BY_COLOR_GRID
UO,12-15,LJ,93o,UNSELECTED,gray,12,UO/12-15/LJ.png,VERIFIED_BY_COLOR_GRID
UO,12-15,LJ,83o,UNSELECTED,gray,12,UO/12-15/LJ.png,VERIFIED_BY_COLOR_GRID
UO,12-15,LJ,73o,UNSELECTED,gray,12,UO/12-15/LJ.png,VERIFIED_BY_COLOR_GRID
UO,12-15,LJ,63o,UNSELECTED,gray,12,UO/12-15/LJ.png,VERIFIED_BY_COLOR_GRID
UO,12-15,LJ,53o,UNSELECTED,gray,12,UO/12-15/LJ.png,VERIFIED_BY_COLOR_GRID
UO,12-15,LJ,43o,UNSELECTED,gray,12,UO/12-15/LJ.png,VERIFIED_BY_COLOR_GRID
UO,12-15,LJ,33,LOW_PLAYABILITY,cyan,6,UO/12-15/LJ.png,VERIFIED_BY_COLOR_GRID
UO,12-15,LJ,32s,UNSELECTED,gray,4,UO/12-15/LJ.png,VERIFIED_BY_COLOR_GRID
UO,12-15,LJ,A2o,UNSELECTED,gray,12,UO/12-15/LJ.png,VERIFIED_BY_COLOR_GRID
UO,12-15,LJ,K2o,UNSELECTED,gray,12,UO/12-15/LJ.png,VERIFIED_BY_COLOR_GRID
UO,12-15,LJ,Q2o,UNSELECTED,gray,12,UO/12-15/LJ.png,VERIFIED_BY_COLOR_GRID
UO,12-15,LJ,J2o,UNSELECTED,gray,12,UO/12-15/LJ.png,VERIFIED_BY_COLOR_GRID
UO,12-15,LJ,T2o,UNSELECTED,gray,12,UO/12-15/LJ.png,VERIFIED_BY_COLOR_GRID
UO,12-15,LJ,92o,UNSELECTED,gray,12,UO/12-15/LJ.png,VERIFIED_BY_COLOR_GRID
UO,12-15,LJ,82o,UNSELECTED,gray,12,UO/12-15/LJ.png,VERIFIED_BY_COLOR_GRID
UO,12-15,LJ,72o,UNSELECTED,gray,12,UO/12-15/LJ.png,VERIFIED_BY_COLOR_GRID
UO,12-15,LJ,62o,UNSELECTED,gray,12,UO/12-15/LJ.png,VERIFIED_BY_COLOR_GRID
UO,12-15,LJ,52o,UNSELECTED,gray,12,UO/12-15/LJ.png,VERIFIED_BY_COLOR_GRID
UO,12-15,LJ,42o,UNSELECTED,gray,12,UO/12-15/LJ.png,VERIFIED_BY_COLOR_GRID
UO,12-15,LJ,32o,UNSELECTED,gray,12,UO/12-15/LJ.png,VERIFIED_BY_COLOR_GRID
UO,12-15,LJ,22,LOW_PLAYABILITY,cyan,6,UO/12-15/LJ.png,VERIFIED_BY_COLOR_GRID
UO,12-15,HJ,AA,nAI,green,6,UO/12-15/HJ.png,VERIFIED_BY_COLOR_GRID
UO,12-15,HJ,AKs,AI,purple,4,UO/12-15/HJ.png,VERIFIED_BY_COLOR_GRID
UO,12-15,HJ,AQs,AI,purple,4,UO/12-15/HJ.png,VERIFIED_BY_COLOR_GRID
UO,12-15,HJ,AJs,AI,purple,4,UO/12-15/HJ.png,VERIFIED_BY_COLOR_GRID
UO,12-15,HJ,ATs,AI,purple,4,UO/12-15/HJ.png,VERIFIED_BY_COLOR_GRID
UO,12-15,HJ,A9s,AI,purple,4,UO/12-15/HJ.png,VERIFIED_BY_COLOR_GRID
UO,12-15,HJ,A8s,AI,purple,4,UO/12-15/HJ.png,VERIFIED_BY_COLOR_GRID
UO,12-15,HJ,A7s,AI,purple,4,UO/12-15/HJ.png,VERIFIED_BY_COLOR_GRID
UO,12-15,HJ,A6s,AI,purple,4,UO/12-15/HJ.png,VERIFIED_BY_COLOR_GRID
UO,12-15,HJ,A5s,AI,purple,4,UO/12-15/HJ.png,VERIFIED_BY_COLOR_GRID
UO,12-15,HJ,A4s,AI,purple,4,UO/12-15/HJ.png,VERIFIED_BY_COLOR_GRID
UO,12-15,HJ,A3s,AI,purple,4,UO/12-15/HJ.png,VERIFIED_BY_COLOR_GRID
UO,12-15,HJ,A2s,AI,purple,4,UO/12-15/HJ.png,VERIFIED_BY_COLOR_GRID
UO,12-15,HJ,AKo,AI,purple,12,UO/12-15/HJ.png,VERIFIED_BY_COLOR_GRID
UO,12-15,HJ,KK,nAI,green,6,UO/12-15/HJ.png,VERIFIED_BY_COLOR_GRID
UO,12-15,HJ,KQs,AI,purple,4,UO/12-15/HJ.png,VERIFIED_BY_COLOR_GRID
UO,12-15,HJ,KJs,AI,purple,4,UO/12-15/HJ.png,VERIFIED_BY_COLOR_GRID
UO,12-15,HJ,KTs,AI,purple,4,UO/12-15/HJ.png,VERIFIED_BY_COLOR_GRID
UO,12-15,HJ,K9s,AI,purple,4,UO/12-15/HJ.png,VERIFIED_BY_COLOR_GRID
UO,12-15,HJ,K8s,UNSELECTED,gray,4,UO/12-15/HJ.png,VERIFIED_BY_COLOR_GRID
UO,12-15,HJ,K7s,UNSELECTED,gray,4,UO/12-15/HJ.png,VERIFIED_BY_COLOR_GRID
UO,12-15,HJ,K6s,UNSELECTED,gray,4,UO/12-15/HJ.png,VERIFIED_BY_COLOR_GRID
UO,12-15,HJ,K5s,UNSELECTED,gray,4,UO/12-15/HJ.png,VERIFIED_BY_COLOR_GRID
UO,12-15,HJ,K4s,UNSELECTED,gray,4,UO/12-15/HJ.png,VERIFIED_BY_COLOR_GRID
UO,12-15,HJ,K3s,UNSELECTED,gray,4,UO/12-15/HJ.png,VERIFIED_BY_COLOR_GRID
UO,12-15,HJ,K2s,UNSELECTED,gray,4,UO/12-15/HJ.png,VERIFIED_BY_COLOR_GRID
UO,12-15,HJ,AQo,AI,purple,12,UO/12-15/HJ.png,VERIFIED_BY_COLOR_GRID
UO,12-15,HJ,KQo,AI,purple,12,UO/12-15/HJ.png,VERIFIED_BY_COLOR_GRID
UO,12-15,HJ,QQ,nAI,green,6,UO/12-15/HJ.png,VERIFIED_BY_COLOR_GRID
UO,12-15,HJ,QJs,AI,purple,4,UO/12-15/HJ.png,VERIFIED_BY_COLOR_GRID
UO,12-15,HJ,QTs,LOW_PLAYABILITY,cyan,4,UO/12-15/HJ.png,VERIFIED_BY_COLOR_GRID
UO,12-15,HJ,Q9s,LOW_PLAYABILITY,cyan,4,UO/12-15/HJ.png,VERIFIED_BY_COLOR_GRID
UO,12-15,HJ,Q8s,UNSELECTED,gray,4,UO/12-15/HJ.png,VERIFIED_BY_COLOR_GRID
UO,12-15,HJ,Q7s,UNSELECTED,gray,4,UO/12-15/HJ.png,VERIFIED_BY_COLOR_GRID
UO,12-15,HJ,Q6s,UNSELECTED,gray,4,UO/12-15/HJ.png,VERIFIED_BY_COLOR_GRID
UO,12-15,HJ,Q5s,UNSELECTED,gray,4,UO/12-15/HJ.png,VERIFIED_BY_COLOR_GRID
UO,12-15,HJ,Q4s,UNSELECTED,gray,4,UO/12-15/HJ.png,VERIFIED_BY_COLOR_GRID
UO,12-15,HJ,Q3s,UNSELECTED,gray,4,UO/12-15/HJ.png,VERIFIED_BY_COLOR_GRID
UO,12-15,HJ,Q2s,UNSELECTED,gray,4,UO/12-15/HJ.png,VERIFIED_BY_COLOR_GRID
UO,12-15,HJ,AJo,AI,purple,12,UO/12-15/HJ.png,VERIFIED_BY_COLOR_GRID
UO,12-15,HJ,KJo,AI,purple,12,UO/12-15/HJ.png,VERIFIED_BY_COLOR_GRID
UO,12-15,HJ,QJo,UNSELECTED,gray,12,UO/12-15/HJ.png,VERIFIED_BY_COLOR_GRID
UO,12-15,HJ,JJ,nAI,green,6,UO/12-15/HJ.png,VERIFIED_BY_COLOR_GRID
UO,12-15,HJ,JTs,LOW_PLAYABILITY,cyan,4,UO/12-15/HJ.png,VERIFIED_BY_COLOR_GRID
UO,12-15,HJ,J9s,LOW_PLAYABILITY,cyan,4,UO/12-15/HJ.png,VERIFIED_BY_COLOR_GRID
UO,12-15,HJ,J8s,UNSELECTED,gray,4,UO/12-15/HJ.png,VERIFIED_BY_COLOR_GRID
UO,12-15,HJ,J7s,UNSELECTED,gray,4,UO/12-15/HJ.png,VERIFIED_BY_COLOR_GRID
UO,12-15,HJ,J6s,UNSELECTED,gray,4,UO/12-15/HJ.png,VERIFIED_BY_COLOR_GRID
UO,12-15,HJ,J5s,UNSELECTED,gray,4,UO/12-15/HJ.png,VERIFIED_BY_COLOR_GRID
UO,12-15,HJ,J4s,UNSELECTED,gray,4,UO/12-15/HJ.png,VERIFIED_BY_COLOR_GRID
UO,12-15,HJ,J3s,UNSELECTED,gray,4,UO/12-15/HJ.png,VERIFIED_BY_COLOR_GRID
UO,12-15,HJ,J2s,UNSELECTED,gray,4,UO/12-15/HJ.png,VERIFIED_BY_COLOR_GRID
UO,12-15,HJ,ATo,AI,purple,12,UO/12-15/HJ.png,VERIFIED_BY_COLOR_GRID
UO,12-15,HJ,KTo,UNSELECTED,gray,12,UO/12-15/HJ.png,VERIFIED_BY_COLOR_GRID
UO,12-15,HJ,QTo,UNSELECTED,gray,12,UO/12-15/HJ.png,VERIFIED_BY_COLOR_GRID
UO,12-15,HJ,JTo,UNSELECTED,gray,12,UO/12-15/HJ.png,VERIFIED_BY_COLOR_GRID
UO,12-15,HJ,TT,AI,purple,6,UO/12-15/HJ.png,VERIFIED_BY_COLOR_GRID
UO,12-15,HJ,T9s,LOW_PLAYABILITY,cyan,4,UO/12-15/HJ.png,VERIFIED_BY_COLOR_GRID
UO,12-15,HJ,T8s,UNSELECTED,gray,4,UO/12-15/HJ.png,VERIFIED_BY_COLOR_GRID
UO,12-15,HJ,T7s,UNSELECTED,gray,4,UO/12-15/HJ.png,VERIFIED_BY_COLOR_GRID
UO,12-15,HJ,T6s,UNSELECTED,gray,4,UO/12-15/HJ.png,VERIFIED_BY_COLOR_GRID
UO,12-15,HJ,T5s,UNSELECTED,gray,4,UO/12-15/HJ.png,VERIFIED_BY_COLOR_GRID
UO,12-15,HJ,T4s,UNSELECTED,gray,4,UO/12-15/HJ.png,VERIFIED_BY_COLOR_GRID
UO,12-15,HJ,T3s,UNSELECTED,gray,4,UO/12-15/HJ.png,VERIFIED_BY_COLOR_GRID
UO,12-15,HJ,T2s,UNSELECTED,gray,4,UO/12-15/HJ.png,VERIFIED_BY_COLOR_GRID
UO,12-15,HJ,A9o,AI,purple,12,UO/12-15/HJ.png,VERIFIED_BY_COLOR_GRID
UO,12-15,HJ,K9o,UNSELECTED,gray,12,UO/12-15/HJ.png,VERIFIED_BY_COLOR_GRID
UO,12-15,HJ,Q9o,UNSELECTED,gray,12,UO/12-15/HJ.png,VERIFIED_BY_COLOR_GRID
UO,12-15,HJ,J9o,UNSELECTED,gray,12,UO/12-15/HJ.png,VERIFIED_BY_COLOR_GRID
UO,12-15,HJ,T9o,UNSELECTED,gray,12,UO/12-15/HJ.png,VERIFIED_BY_COLOR_GRID
UO,12-15,HJ,99,AI,purple,6,UO/12-15/HJ.png,VERIFIED_BY_COLOR_GRID
UO,12-15,HJ,98s,UNSELECTED,gray,4,UO/12-15/HJ.png,VERIFIED_BY_COLOR_GRID
UO,12-15,HJ,97s,UNSELECTED,gray,4,UO/12-15/HJ.png,VERIFIED_BY_COLOR_GRID
UO,12-15,HJ,96s,UNSELECTED,gray,4,UO/12-15/HJ.png,VERIFIED_BY_COLOR_GRID
UO,12-15,HJ,95s,UNSELECTED,gray,4,UO/12-15/HJ.png,VERIFIED_BY_COLOR_GRID
UO,12-15,HJ,94s,UNSELECTED,gray,4,UO/12-15/HJ.png,VERIFIED_BY_COLOR_GRID
UO,12-15,HJ,93s,UNSELECTED,gray,4,UO/12-15/HJ.png,VERIFIED_BY_COLOR_GRID
UO,12-15,HJ,92s,UNSELECTED,gray,4,UO/12-15/HJ.png,VERIFIED_BY_COLOR_GRID
UO,12-15,HJ,A8o,LOW_PLAYABILITY,cyan,12,UO/12-15/HJ.png,VERIFIED_BY_COLOR_GRID
UO,12-15,HJ,K8o,UNSELECTED,gray,12,UO/12-15/HJ.png,VERIFIED_BY_COLOR_GRID
UO,12-15,HJ,Q8o,UNSELECTED,gray,12,UO/12-15/HJ.png,VERIFIED_BY_COLOR_GRID
UO,12-15,HJ,J8o,UNSELECTED,gray,12,UO/12-15/HJ.png,VERIFIED_BY_COLOR_GRID
UO,12-15,HJ,T8o,UNSELECTED,gray,12,UO/12-15/HJ.png,VERIFIED_BY_COLOR_GRID
UO,12-15,HJ,98o,UNSELECTED,gray,12,UO/12-15/HJ.png,VERIFIED_BY_COLOR_GRID
UO,12-15,HJ,88,AI,purple,6,UO/12-15/HJ.png,VERIFIED_BY_COLOR_GRID
UO,12-15,HJ,87s,UNSELECTED,gray,4,UO/12-15/HJ.png,VERIFIED_BY_COLOR_GRID
UO,12-15,HJ,86s,UNSELECTED,gray,4,UO/12-15/HJ.png,VERIFIED_BY_COLOR_GRID
UO,12-15,HJ,85s,UNSELECTED,gray,4,UO/12-15/HJ.png,VERIFIED_BY_COLOR_GRID
UO,12-15,HJ,84s,UNSELECTED,gray,4,UO/12-15/HJ.png,VERIFIED_BY_COLOR_GRID
UO,12-15,HJ,83s,UNSELECTED,gray,4,UO/12-15/HJ.png,VERIFIED_BY_COLOR_GRID
UO,12-15,HJ,82s,UNSELECTED,gray,4,UO/12-15/HJ.png,VERIFIED_BY_COLOR_GRID
UO,12-15,HJ,A7o,LOW_PLAYABILITY,cyan,12,UO/12-15/HJ.png,VERIFIED_BY_COLOR_GRID
UO,12-15,HJ,K7o,UNSELECTED,gray,12,UO/12-15/HJ.png,VERIFIED_BY_COLOR_GRID
UO,12-15,HJ,Q7o,UNSELECTED,gray,12,UO/12-15/HJ.png,VERIFIED_BY_COLOR_GRID
UO,12-15,HJ,J7o,UNSELECTED,gray,12,UO/12-15/HJ.png,VERIFIED_BY_COLOR_GRID
UO,12-15,HJ,T7o,UNSELECTED,gray,12,UO/12-15/HJ.png,VERIFIED_BY_COLOR_GRID
UO,12-15,HJ,97o,UNSELECTED,gray,12,UO/12-15/HJ.png,VERIFIED_BY_COLOR_GRID
UO,12-15,HJ,87o,UNSELECTED,gray,12,UO/12-15/HJ.png,VERIFIED_BY_COLOR_GRID
UO,12-15,HJ,77,AI,purple,6,UO/12-15/HJ.png,VERIFIED_BY_COLOR_GRID
UO,12-15,HJ,76s,UNSELECTED,gray,4,UO/12-15/HJ.png,VERIFIED_BY_COLOR_GRID
UO,12-15,HJ,75s,UNSELECTED,gray,4,UO/12-15/HJ.png,VERIFIED_BY_COLOR_GRID
UO,12-15,HJ,74s,UNSELECTED,gray,4,UO/12-15/HJ.png,VERIFIED_BY_COLOR_GRID
UO,12-15,HJ,73s,UNSELECTED,gray,4,UO/12-15/HJ.png,VERIFIED_BY_COLOR_GRID
UO,12-15,HJ,72s,UNSELECTED,gray,4,UO/12-15/HJ.png,VERIFIED_BY_COLOR_GRID
UO,12-15,HJ,A6o,nAI,green,12,UO/12-15/HJ.png,VERIFIED_BY_COLOR_GRID
UO,12-15,HJ,K6o,UNSELECTED,gray,12,UO/12-15/HJ.png,VERIFIED_BY_COLOR_GRID
UO,12-15,HJ,Q6o,UNSELECTED,gray,12,UO/12-15/HJ.png,VERIFIED_BY_COLOR_GRID
UO,12-15,HJ,J6o,UNSELECTED,gray,12,UO/12-15/HJ.png,VERIFIED_BY_COLOR_GRID
UO,12-15,HJ,T6o,UNSELECTED,gray,12,UO/12-15/HJ.png,VERIFIED_BY_COLOR_GRID
UO,12-15,HJ,96o,UNSELECTED,gray,12,UO/12-15/HJ.png,VERIFIED_BY_COLOR_GRID
UO,12-15,HJ,86o,UNSELECTED,gray,12,UO/12-15/HJ.png,VERIFIED_BY_COLOR_GRID
UO,12-15,HJ,76o,UNSELECTED,gray,12,UO/12-15/HJ.png,VERIFIED_BY_COLOR_GRID
UO,12-15,HJ,66,AI,purple,6,UO/12-15/HJ.png,VERIFIED_BY_COLOR_GRID
UO,12-15,HJ,65s,UNSELECTED,gray,4,UO/12-15/HJ.png,VERIFIED_BY_COLOR_GRID
UO,12-15,HJ,64s,UNSELECTED,gray,4,UO/12-15/HJ.png,VERIFIED_BY_COLOR_GRID
UO,12-15,HJ,63s,UNSELECTED,gray,4,UO/12-15/HJ.png,VERIFIED_BY_COLOR_GRID
UO,12-15,HJ,62s,UNSELECTED,gray,4,UO/12-15/HJ.png,VERIFIED_BY_COLOR_GRID
UO,12-15,HJ,A5o,nAI,green,12,UO/12-15/HJ.png,VERIFIED_BY_COLOR_GRID
UO,12-15,HJ,K5o,UNSELECTED,gray,12,UO/12-15/HJ.png,VERIFIED_BY_COLOR_GRID
UO,12-15,HJ,Q5o,UNSELECTED,gray,12,UO/12-15/HJ.png,VERIFIED_BY_COLOR_GRID
UO,12-15,HJ,J5o,UNSELECTED,gray,12,UO/12-15/HJ.png,VERIFIED_BY_COLOR_GRID
UO,12-15,HJ,T5o,UNSELECTED,gray,12,UO/12-15/HJ.png,VERIFIED_BY_COLOR_GRID
UO,12-15,HJ,95o,UNSELECTED,gray,12,UO/12-15/HJ.png,VERIFIED_BY_COLOR_GRID
UO,12-15,HJ,85o,UNSELECTED,gray,12,UO/12-15/HJ.png,VERIFIED_BY_COLOR_GRID
UO,12-15,HJ,75o,UNSELECTED,gray,12,UO/12-15/HJ.png,VERIFIED_BY_COLOR_GRID
UO,12-15,HJ,65o,UNSELECTED,gray,12,UO/12-15/HJ.png,VERIFIED_BY_COLOR_GRID
UO,12-15,HJ,55,AI,purple,6,UO/12-15/HJ.png,VERIFIED_BY_COLOR_GRID
UO,12-15,HJ,54s,UNSELECTED,gray,4,UO/12-15/HJ.png,VERIFIED_BY_COLOR_GRID
UO,12-15,HJ,53s,UNSELECTED,gray,4,UO/12-15/HJ.png,VERIFIED_BY_COLOR_GRID
UO,12-15,HJ,52s,UNSELECTED,gray,4,UO/12-15/HJ.png,VERIFIED_BY_COLOR_GRID
UO,12-15,HJ,A4o,UNSELECTED,gray,12,UO/12-15/HJ.png,VERIFIED_BY_COLOR_GRID
UO,12-15,HJ,K4o,UNSELECTED,gray,12,UO/12-15/HJ.png,VERIFIED_BY_COLOR_GRID
UO,12-15,HJ,Q4o,UNSELECTED,gray,12,UO/12-15/HJ.png,VERIFIED_BY_COLOR_GRID
UO,12-15,HJ,J4o,UNSELECTED,gray,12,UO/12-15/HJ.png,VERIFIED_BY_COLOR_GRID
UO,12-15,HJ,T4o,UNSELECTED,gray,12,UO/12-15/HJ.png,VERIFIED_BY_COLOR_GRID
UO,12-15,HJ,94o,UNSELECTED,gray,12,UO/12-15/HJ.png,VERIFIED_BY_COLOR_GRID
UO,12-15,HJ,84o,UNSELECTED,gray,12,UO/12-15/HJ.png,VERIFIED_BY_COLOR_GRID
UO,12-15,HJ,74o,UNSELECTED,gray,12,UO/12-15/HJ.png,VERIFIED_BY_COLOR_GRID
UO,12-15,HJ,64o,UNSELECTED,gray,12,UO/12-15/HJ.png,VERIFIED_BY_COLOR_GRID
UO,12-15,HJ,54o,UNSELECTED,gray,12,UO/12-15/HJ.png,VERIFIED_BY_COLOR_GRID
UO,12-15,HJ,44,AI,purple,6,UO/12-15/HJ.png,VERIFIED_BY_COLOR_GRID
UO,12-15,HJ,43s,UNSELECTED,gray,4,UO/12-15/HJ.png,VERIFIED_BY_COLOR_GRID
UO,12-15,HJ,42s,UNSELECTED,gray,4,UO/12-15/HJ.png,VERIFIED_BY_COLOR_GRID
UO,12-15,HJ,A3o,UNSELECTED,gray,12,UO/12-15/HJ.png,VERIFIED_BY_COLOR_GRID
UO,12-15,HJ,K3o,UNSELECTED,gray,12,UO/12-15/HJ.png,VERIFIED_BY_COLOR_GRID
UO,12-15,HJ,Q3o,UNSELECTED,gray,12,UO/12-15/HJ.png,VERIFIED_BY_COLOR_GRID
UO,12-15,HJ,J3o,UNSELECTED,gray,12,UO/12-15/HJ.png,VERIFIED_BY_COLOR_GRID
UO,12-15,HJ,T3o,UNSELECTED,gray,12,UO/12-15/HJ.png,VERIFIED_BY_COLOR_GRID
UO,12-15,HJ,93o,UNSELECTED,gray,12,UO/12-15/HJ.png,VERIFIED_BY_COLOR_GRID
UO,12-15,HJ,83o,UNSELECTED,gray,12,UO/12-15/HJ.png,VERIFIED_BY_COLOR_GRID
UO,12-15,HJ,73o,UNSELECTED,gray,12,UO/12-15/HJ.png,VERIFIED_BY_COLOR_GRID
UO,12-15,HJ,63o,UNSELECTED,gray,12,UO/12-15/HJ.png,VERIFIED_BY_COLOR_GRID
UO,12-15,HJ,53o,UNSELECTED,gray,12,UO/12-15/HJ.png,VERIFIED_BY_COLOR_GRID
UO,12-15,HJ,43o,UNSELECTED,gray,12,UO/12-15/HJ.png,VERIFIED_BY_COLOR_GRID
UO,12-15,HJ,33,LOW_PLAYABILITY,cyan,6,UO/12-15/HJ.png,VERIFIED_BY_COLOR_GRID
UO,12-15,HJ,32s,UNSELECTED,gray,4,UO/12-15/HJ.png,VERIFIED_BY_COLOR_GRID
UO,12-15,HJ,A2o,UNSELECTED,gray,12,UO/12-15/HJ.png,VERIFIED_BY_COLOR_GRID
UO,12-15,HJ,K2o,UNSELECTED,gray,12,UO/12-15/HJ.png,VERIFIED_BY_COLOR_GRID
UO,12-15,HJ,Q2o,UNSELECTED,gray,12,UO/12-15/HJ.png,VERIFIED_BY_COLOR_GRID
UO,12-15,HJ,J2o,UNSELECTED,gray,12,UO/12-15/HJ.png,VERIFIED_BY_COLOR_GRID
UO,12-15,HJ,T2o,UNSELECTED,gray,12,UO/12-15/HJ.png,VERIFIED_BY_COLOR_GRID
UO,12-15,HJ,92o,UNSELECTED,gray,12,UO/12-15/HJ.png,VERIFIED_BY_COLOR_GRID
UO,12-15,HJ,82o,UNSELECTED,gray,12,UO/12-15/HJ.png,VERIFIED_BY_COLOR_GRID
UO,12-15,HJ,72o,UNSELECTED,gray,12,UO/12-15/HJ.png,VERIFIED_BY_COLOR_GRID
UO,12-15,HJ,62o,UNSELECTED,gray,12,UO/12-15/HJ.png,VERIFIED_BY_COLOR_GRID
UO,12-15,HJ,52o,UNSELECTED,gray,12,UO/12-15/HJ.png,VERIFIED_BY_COLOR_GRID
UO,12-15,HJ,42o,UNSELECTED,gray,12,UO/12-15/HJ.png,VERIFIED_BY_COLOR_GRID
UO,12-15,HJ,32o,UNSELECTED,gray,12,UO/12-15/HJ.png,VERIFIED_BY_COLOR_GRID
UO,12-15,HJ,22,LOW_PLAYABILITY,cyan,6,UO/12-15/HJ.png,VERIFIED_BY_COLOR_GRID
UO,12-15,CO,AA,nAI,green,6,UO/12-15/CO.png,VERIFIED_BY_COLOR_GRID
UO,12-15,CO,AKs,AI,purple,4,UO/12-15/CO.png,VERIFIED_BY_COLOR_GRID
UO,12-15,CO,AQs,AI,purple,4,UO/12-15/CO.png,VERIFIED_BY_COLOR_GRID
UO,12-15,CO,AJs,AI,purple,4,UO/12-15/CO.png,VERIFIED_BY_COLOR_GRID
UO,12-15,CO,ATs,AI,purple,4,UO/12-15/CO.png,VERIFIED_BY_COLOR_GRID
UO,12-15,CO,A9s,AI,purple,4,UO/12-15/CO.png,VERIFIED_BY_COLOR_GRID
UO,12-15,CO,A8s,AI,purple,4,UO/12-15/CO.png,VERIFIED_BY_COLOR_GRID
UO,12-15,CO,A7s,AI,purple,4,UO/12-15/CO.png,VERIFIED_BY_COLOR_GRID
UO,12-15,CO,A6s,AI,purple,4,UO/12-15/CO.png,VERIFIED_BY_COLOR_GRID
UO,12-15,CO,A5s,AI,purple,4,UO/12-15/CO.png,VERIFIED_BY_COLOR_GRID
UO,12-15,CO,A4s,AI,purple,4,UO/12-15/CO.png,VERIFIED_BY_COLOR_GRID
UO,12-15,CO,A3s,AI,purple,4,UO/12-15/CO.png,VERIFIED_BY_COLOR_GRID
UO,12-15,CO,A2s,AI,purple,4,UO/12-15/CO.png,VERIFIED_BY_COLOR_GRID
UO,12-15,CO,AKo,AI,purple,12,UO/12-15/CO.png,VERIFIED_BY_COLOR_GRID
UO,12-15,CO,KK,nAI,green,6,UO/12-15/CO.png,VERIFIED_BY_COLOR_GRID
UO,12-15,CO,KQs,AI,purple,4,UO/12-15/CO.png,VERIFIED_BY_COLOR_GRID
UO,12-15,CO,KJs,AI,purple,4,UO/12-15/CO.png,VERIFIED_BY_COLOR_GRID
UO,12-15,CO,KTs,AI,purple,4,UO/12-15/CO.png,VERIFIED_BY_COLOR_GRID
UO,12-15,CO,K9s,AI,purple,4,UO/12-15/CO.png,VERIFIED_BY_COLOR_GRID
UO,12-15,CO,K8s,UNSELECTED,gray,4,UO/12-15/CO.png,VERIFIED_BY_COLOR_GRID
UO,12-15,CO,K7s,UNSELECTED,gray,4,UO/12-15/CO.png,VERIFIED_BY_COLOR_GRID
UO,12-15,CO,K6s,UNSELECTED,gray,4,UO/12-15/CO.png,VERIFIED_BY_COLOR_GRID
UO,12-15,CO,K5s,UNSELECTED,gray,4,UO/12-15/CO.png,VERIFIED_BY_COLOR_GRID
UO,12-15,CO,K4s,UNSELECTED,gray,4,UO/12-15/CO.png,VERIFIED_BY_COLOR_GRID
UO,12-15,CO,K3s,UNSELECTED,gray,4,UO/12-15/CO.png,VERIFIED_BY_COLOR_GRID
UO,12-15,CO,K2s,UNSELECTED,gray,4,UO/12-15/CO.png,VERIFIED_BY_COLOR_GRID
UO,12-15,CO,AQo,AI,purple,12,UO/12-15/CO.png,VERIFIED_BY_COLOR_GRID
UO,12-15,CO,KQo,AI,purple,12,UO/12-15/CO.png,VERIFIED_BY_COLOR_GRID
UO,12-15,CO,QQ,nAI,green,6,UO/12-15/CO.png,VERIFIED_BY_COLOR_GRID
UO,12-15,CO,QJs,AI,purple,4,UO/12-15/CO.png,VERIFIED_BY_COLOR_GRID
UO,12-15,CO,QTs,AI,purple,4,UO/12-15/CO.png,VERIFIED_BY_COLOR_GRID
UO,12-15,CO,Q9s,AI,purple,4,UO/12-15/CO.png,VERIFIED_BY_COLOR_GRID
UO,12-15,CO,Q8s,UNSELECTED,gray,4,UO/12-15/CO.png,VERIFIED_BY_COLOR_GRID
UO,12-15,CO,Q7s,UNSELECTED,gray,4,UO/12-15/CO.png,VERIFIED_BY_COLOR_GRID
UO,12-15,CO,Q6s,UNSELECTED,gray,4,UO/12-15/CO.png,VERIFIED_BY_COLOR_GRID
UO,12-15,CO,Q5s,UNSELECTED,gray,4,UO/12-15/CO.png,VERIFIED_BY_COLOR_GRID
UO,12-15,CO,Q4s,UNSELECTED,gray,4,UO/12-15/CO.png,VERIFIED_BY_COLOR_GRID
UO,12-15,CO,Q3s,UNSELECTED,gray,4,UO/12-15/CO.png,VERIFIED_BY_COLOR_GRID
UO,12-15,CO,Q2s,UNSELECTED,gray,4,UO/12-15/CO.png,VERIFIED_BY_COLOR_GRID
UO,12-15,CO,AJo,AI,purple,12,UO/12-15/CO.png,VERIFIED_BY_COLOR_GRID
UO,12-15,CO,KJo,AI,purple,12,UO/12-15/CO.png,VERIFIED_BY_COLOR_GRID
UO,12-15,CO,QJo,AI,purple,12,UO/12-15/CO.png,VERIFIED_BY_COLOR_GRID
UO,12-15,CO,JJ,nAI,green,6,UO/12-15/CO.png,VERIFIED_BY_COLOR_GRID
UO,12-15,CO,JTs,AI,purple,4,UO/12-15/CO.png,VERIFIED_BY_COLOR_GRID
UO,12-15,CO,J9s,AI,purple,4,UO/12-15/CO.png,VERIFIED_BY_COLOR_GRID
UO,12-15,CO,J8s,UNSELECTED,gray,4,UO/12-15/CO.png,VERIFIED_BY_COLOR_GRID
UO,12-15,CO,J7s,UNSELECTED,gray,4,UO/12-15/CO.png,VERIFIED_BY_COLOR_GRID
UO,12-15,CO,J6s,UNSELECTED,gray,4,UO/12-15/CO.png,VERIFIED_BY_COLOR_GRID
UO,12-15,CO,J5s,UNSELECTED,gray,4,UO/12-15/CO.png,VERIFIED_BY_COLOR_GRID
UO,12-15,CO,J4s,UNSELECTED,gray,4,UO/12-15/CO.png,VERIFIED_BY_COLOR_GRID
UO,12-15,CO,J3s,UNSELECTED,gray,4,UO/12-15/CO.png,VERIFIED_BY_COLOR_GRID
UO,12-15,CO,J2s,UNSELECTED,gray,4,UO/12-15/CO.png,VERIFIED_BY_COLOR_GRID
UO,12-15,CO,ATo,AI,purple,12,UO/12-15/CO.png,VERIFIED_BY_COLOR_GRID
UO,12-15,CO,KTo,AI,purple,12,UO/12-15/CO.png,VERIFIED_BY_COLOR_GRID
UO,12-15,CO,QTo,LOW_PLAYABILITY,cyan,12,UO/12-15/CO.png,VERIFIED_BY_COLOR_GRID
UO,12-15,CO,JTo,LOW_PLAYABILITY,cyan,12,UO/12-15/CO.png,VERIFIED_BY_COLOR_GRID
UO,12-15,CO,TT,AI,purple,6,UO/12-15/CO.png,VERIFIED_BY_COLOR_GRID
UO,12-15,CO,T9s,AI,purple,4,UO/12-15/CO.png,VERIFIED_BY_COLOR_GRID
UO,12-15,CO,T8s,UNSELECTED,gray,4,UO/12-15/CO.png,VERIFIED_BY_COLOR_GRID
UO,12-15,CO,T7s,UNSELECTED,gray,4,UO/12-15/CO.png,VERIFIED_BY_COLOR_GRID
UO,12-15,CO,T6s,UNSELECTED,gray,4,UO/12-15/CO.png,VERIFIED_BY_COLOR_GRID
UO,12-15,CO,T5s,UNSELECTED,gray,4,UO/12-15/CO.png,VERIFIED_BY_COLOR_GRID
UO,12-15,CO,T4s,UNSELECTED,gray,4,UO/12-15/CO.png,VERIFIED_BY_COLOR_GRID
UO,12-15,CO,T3s,UNSELECTED,gray,4,UO/12-15/CO.png,VERIFIED_BY_COLOR_GRID
UO,12-15,CO,T2s,UNSELECTED,gray,4,UO/12-15/CO.png,VERIFIED_BY_COLOR_GRID
UO,12-15,CO,A9o,AI,purple,12,UO/12-15/CO.png,VERIFIED_BY_COLOR_GRID
UO,12-15,CO,K9o,UNSELECTED,gray,12,UO/12-15/CO.png,VERIFIED_BY_COLOR_GRID
UO,12-15,CO,Q9o,UNSELECTED,gray,12,UO/12-15/CO.png,VERIFIED_BY_COLOR_GRID
UO,12-15,CO,J9o,UNSELECTED,gray,12,UO/12-15/CO.png,VERIFIED_BY_COLOR_GRID
UO,12-15,CO,T9o,UNSELECTED,gray,12,UO/12-15/CO.png,VERIFIED_BY_COLOR_GRID
UO,12-15,CO,99,AI,purple,6,UO/12-15/CO.png,VERIFIED_BY_COLOR_GRID
UO,12-15,CO,98s,LOW_PLAYABILITY,cyan,4,UO/12-15/CO.png,VERIFIED_BY_COLOR_GRID
UO,12-15,CO,97s,UNSELECTED,gray,4,UO/12-15/CO.png,VERIFIED_BY_COLOR_GRID
UO,12-15,CO,96s,UNSELECTED,gray,4,UO/12-15/CO.png,VERIFIED_BY_COLOR_GRID
UO,12-15,CO,95s,UNSELECTED,gray,4,UO/12-15/CO.png,VERIFIED_BY_COLOR_GRID
UO,12-15,CO,94s,UNSELECTED,gray,4,UO/12-15/CO.png,VERIFIED_BY_COLOR_GRID
UO,12-15,CO,93s,UNSELECTED,gray,4,UO/12-15/CO.png,VERIFIED_BY_COLOR_GRID
UO,12-15,CO,92s,UNSELECTED,gray,4,UO/12-15/CO.png,VERIFIED_BY_COLOR_GRID
UO,12-15,CO,A8o,AI,purple,12,UO/12-15/CO.png,VERIFIED_BY_COLOR_GRID
UO,12-15,CO,K8o,UNSELECTED,gray,12,UO/12-15/CO.png,VERIFIED_BY_COLOR_GRID
UO,12-15,CO,Q8o,UNSELECTED,gray,12,UO/12-15/CO.png,VERIFIED_BY_COLOR_GRID
UO,12-15,CO,J8o,UNSELECTED,gray,12,UO/12-15/CO.png,VERIFIED_BY_COLOR_GRID
UO,12-15,CO,T8o,UNSELECTED,gray,12,UO/12-15/CO.png,VERIFIED_BY_COLOR_GRID
UO,12-15,CO,98o,UNSELECTED,gray,12,UO/12-15/CO.png,VERIFIED_BY_COLOR_GRID
UO,12-15,CO,88,AI,purple,6,UO/12-15/CO.png,VERIFIED_BY_COLOR_GRID
UO,12-15,CO,87s,UNSELECTED,gray,4,UO/12-15/CO.png,VERIFIED_BY_COLOR_GRID
UO,12-15,CO,86s,UNSELECTED,gray,4,UO/12-15/CO.png,VERIFIED_BY_COLOR_GRID
UO,12-15,CO,85s,UNSELECTED,gray,4,UO/12-15/CO.png,VERIFIED_BY_COLOR_GRID
UO,12-15,CO,84s,UNSELECTED,gray,4,UO/12-15/CO.png,VERIFIED_BY_COLOR_GRID
UO,12-15,CO,83s,UNSELECTED,gray,4,UO/12-15/CO.png,VERIFIED_BY_COLOR_GRID
UO,12-15,CO,82s,UNSELECTED,gray,4,UO/12-15/CO.png,VERIFIED_BY_COLOR_GRID
UO,12-15,CO,A7o,AI,purple,12,UO/12-15/CO.png,VERIFIED_BY_COLOR_GRID
UO,12-15,CO,K7o,UNSELECTED,gray,12,UO/12-15/CO.png,VERIFIED_BY_COLOR_GRID
UO,12-15,CO,Q7o,UNSELECTED,gray,12,UO/12-15/CO.png,VERIFIED_BY_COLOR_GRID
UO,12-15,CO,J7o,UNSELECTED,gray,12,UO/12-15/CO.png,VERIFIED_BY_COLOR_GRID
UO,12-15,CO,T7o,UNSELECTED,gray,12,UO/12-15/CO.png,VERIFIED_BY_COLOR_GRID
UO,12-15,CO,97o,UNSELECTED,gray,12,UO/12-15/CO.png,VERIFIED_BY_COLOR_GRID
UO,12-15,CO,87o,UNSELECTED,gray,12,UO/12-15/CO.png,VERIFIED_BY_COLOR_GRID
UO,12-15,CO,77,AI,purple,6,UO/12-15/CO.png,VERIFIED_BY_COLOR_GRID
UO,12-15,CO,76s,UNSELECTED,gray,4,UO/12-15/CO.png,VERIFIED_BY_COLOR_GRID
UO,12-15,CO,75s,UNSELECTED,gray,4,UO/12-15/CO.png,VERIFIED_BY_COLOR_GRID
UO,12-15,CO,74s,UNSELECTED,gray,4,UO/12-15/CO.png,VERIFIED_BY_COLOR_GRID
UO,12-15,CO,73s,UNSELECTED,gray,4,UO/12-15/CO.png,VERIFIED_BY_COLOR_GRID
UO,12-15,CO,72s,UNSELECTED,gray,4,UO/12-15/CO.png,VERIFIED_BY_COLOR_GRID
UO,12-15,CO,A6o,AI,purple,12,UO/12-15/CO.png,VERIFIED_BY_COLOR_GRID
UO,12-15,CO,K6o,UNSELECTED,gray,12,UO/12-15/CO.png,VERIFIED_BY_COLOR_GRID
UO,12-15,CO,Q6o,UNSELECTED,gray,12,UO/12-15/CO.png,VERIFIED_BY_COLOR_GRID
UO,12-15,CO,J6o,UNSELECTED,gray,12,UO/12-15/CO.png,VERIFIED_BY_COLOR_GRID
UO,12-15,CO,T6o,UNSELECTED,gray,12,UO/12-15/CO.png,VERIFIED_BY_COLOR_GRID
UO,12-15,CO,96o,UNSELECTED,gray,12,UO/12-15/CO.png,VERIFIED_BY_COLOR_GRID
UO,12-15,CO,86o,UNSELECTED,gray,12,UO/12-15/CO.png,VERIFIED_BY_COLOR_GRID
UO,12-15,CO,76o,UNSELECTED,gray,12,UO/12-15/CO.png,VERIFIED_BY_COLOR_GRID
UO,12-15,CO,66,AI,purple,6,UO/12-15/CO.png,VERIFIED_BY_COLOR_GRID
UO,12-15,CO,65s,UNSELECTED,gray,4,UO/12-15/CO.png,VERIFIED_BY_COLOR_GRID
UO,12-15,CO,64s,UNSELECTED,gray,4,UO/12-15/CO.png,VERIFIED_BY_COLOR_GRID
UO,12-15,CO,63s,UNSELECTED,gray,4,UO/12-15/CO.png,VERIFIED_BY_COLOR_GRID
UO,12-15,CO,62s,UNSELECTED,gray,4,UO/12-15/CO.png,VERIFIED_BY_COLOR_GRID
UO,12-15,CO,A5o,AI,purple,12,UO/12-15/CO.png,VERIFIED_BY_COLOR_GRID
UO,12-15,CO,K5o,UNSELECTED,gray,12,UO/12-15/CO.png,VERIFIED_BY_COLOR_GRID
UO,12-15,CO,Q5o,UNSELECTED,gray,12,UO/12-15/CO.png,VERIFIED_BY_COLOR_GRID
UO,12-15,CO,J5o,UNSELECTED,gray,12,UO/12-15/CO.png,VERIFIED_BY_COLOR_GRID
UO,12-15,CO,T5o,UNSELECTED,gray,12,UO/12-15/CO.png,VERIFIED_BY_COLOR_GRID
UO,12-15,CO,95o,UNSELECTED,gray,12,UO/12-15/CO.png,VERIFIED_BY_COLOR_GRID
UO,12-15,CO,85o,UNSELECTED,gray,12,UO/12-15/CO.png,VERIFIED_BY_COLOR_GRID
UO,12-15,CO,75o,UNSELECTED,gray,12,UO/12-15/CO.png,VERIFIED_BY_COLOR_GRID
UO,12-15,CO,65o,UNSELECTED,gray,12,UO/12-15/CO.png,VERIFIED_BY_COLOR_GRID
UO,12-15,CO,55,AI,purple,6,UO/12-15/CO.png,VERIFIED_BY_COLOR_GRID
UO,12-15,CO,54s,UNSELECTED,gray,4,UO/12-15/CO.png,VERIFIED_BY_COLOR_GRID
UO,12-15,CO,53s,UNSELECTED,gray,4,UO/12-15/CO.png,VERIFIED_BY_COLOR_GRID
UO,12-15,CO,52s,UNSELECTED,gray,4,UO/12-15/CO.png,VERIFIED_BY_COLOR_GRID
UO,12-15,CO,A4o,nAI,green,12,UO/12-15/CO.png,VERIFIED_BY_COLOR_GRID
UO,12-15,CO,K4o,UNSELECTED,gray,12,UO/12-15/CO.png,VERIFIED_BY_COLOR_GRID
UO,12-15,CO,Q4o,UNSELECTED,gray,12,UO/12-15/CO.png,VERIFIED_BY_COLOR_GRID
UO,12-15,CO,J4o,UNSELECTED,gray,12,UO/12-15/CO.png,VERIFIED_BY_COLOR_GRID
UO,12-15,CO,T4o,UNSELECTED,gray,12,UO/12-15/CO.png,VERIFIED_BY_COLOR_GRID
UO,12-15,CO,94o,UNSELECTED,gray,12,UO/12-15/CO.png,VERIFIED_BY_COLOR_GRID
UO,12-15,CO,84o,UNSELECTED,gray,12,UO/12-15/CO.png,VERIFIED_BY_COLOR_GRID
UO,12-15,CO,74o,UNSELECTED,gray,12,UO/12-15/CO.png,VERIFIED_BY_COLOR_GRID
UO,12-15,CO,64o,UNSELECTED,gray,12,UO/12-15/CO.png,VERIFIED_BY_COLOR_GRID
UO,12-15,CO,54o,UNSELECTED,gray,12,UO/12-15/CO.png,VERIFIED_BY_COLOR_GRID
UO,12-15,CO,44,AI,purple,6,UO/12-15/CO.png,VERIFIED_BY_COLOR_GRID
UO,12-15,CO,43s,UNSELECTED,gray,4,UO/12-15/CO.png,VERIFIED_BY_COLOR_GRID
UO,12-15,CO,42s,UNSELECTED,gray,4,UO/12-15/CO.png,VERIFIED_BY_COLOR_GRID
UO,12-15,CO,A3o,nAI,green,12,UO/12-15/CO.png,VERIFIED_BY_COLOR_GRID
UO,12-15,CO,K3o,UNSELECTED,gray,12,UO/12-15/CO.png,VERIFIED_BY_COLOR_GRID
UO,12-15,CO,Q3o,UNSELECTED,gray,12,UO/12-15/CO.png,VERIFIED_BY_COLOR_GRID
UO,12-15,CO,J3o,UNSELECTED,gray,12,UO/12-15/CO.png,VERIFIED_BY_COLOR_GRID
UO,12-15,CO,T3o,UNSELECTED,gray,12,UO/12-15/CO.png,VERIFIED_BY_COLOR_GRID
UO,12-15,CO,93o,UNSELECTED,gray,12,UO/12-15/CO.png,VERIFIED_BY_COLOR_GRID
UO,12-15,CO,83o,UNSELECTED,gray,12,UO/12-15/CO.png,VERIFIED_BY_COLOR_GRID
UO,12-15,CO,73o,UNSELECTED,gray,12,UO/12-15/CO.png,VERIFIED_BY_COLOR_GRID
UO,12-15,CO,63o,UNSELECTED,gray,12,UO/12-15/CO.png,VERIFIED_BY_COLOR_GRID
UO,12-15,CO,53o,UNSELECTED,gray,12,UO/12-15/CO.png,VERIFIED_BY_COLOR_GRID
UO,12-15,CO,43o,UNSELECTED,gray,12,UO/12-15/CO.png,VERIFIED_BY_COLOR_GRID
UO,12-15,CO,33,AI,purple,6,UO/12-15/CO.png,VERIFIED_BY_COLOR_GRID
UO,12-15,CO,32s,UNSELECTED,gray,4,UO/12-15/CO.png,VERIFIED_BY_COLOR_GRID
UO,12-15,CO,A2o,nAI,green,12,UO/12-15/CO.png,VERIFIED_BY_COLOR_GRID
UO,12-15,CO,K2o,UNSELECTED,gray,12,UO/12-15/CO.png,VERIFIED_BY_COLOR_GRID
UO,12-15,CO,Q2o,UNSELECTED,gray,12,UO/12-15/CO.png,VERIFIED_BY_COLOR_GRID
UO,12-15,CO,J2o,UNSELECTED,gray,12,UO/12-15/CO.png,VERIFIED_BY_COLOR_GRID
UO,12-15,CO,T2o,UNSELECTED,gray,12,UO/12-15/CO.png,VERIFIED_BY_COLOR_GRID
UO,12-15,CO,92o,UNSELECTED,gray,12,UO/12-15/CO.png,VERIFIED_BY_COLOR_GRID
UO,12-15,CO,82o,UNSELECTED,gray,12,UO/12-15/CO.png,VERIFIED_BY_COLOR_GRID
UO,12-15,CO,72o,UNSELECTED,gray,12,UO/12-15/CO.png,VERIFIED_BY_COLOR_GRID
UO,12-15,CO,62o,UNSELECTED,gray,12,UO/12-15/CO.png,VERIFIED_BY_COLOR_GRID
UO,12-15,CO,52o,UNSELECTED,gray,12,UO/12-15/CO.png,VERIFIED_BY_COLOR_GRID
UO,12-15,CO,42o,UNSELECTED,gray,12,UO/12-15/CO.png,VERIFIED_BY_COLOR_GRID
UO,12-15,CO,32o,UNSELECTED,gray,12,UO/12-15/CO.png,VERIFIED_BY_COLOR_GRID
UO,12-15,CO,22,AI,purple,6,UO/12-15/CO.png,VERIFIED_BY_COLOR_GRID
UO,12-15,BTN,AA,nAI,green,6,UO/12-15/BTN.png,VERIFIED_BY_COLOR_GRID
UO,12-15,BTN,AKs,AI,purple,4,UO/12-15/BTN.png,VERIFIED_BY_COLOR_GRID
UO,12-15,BTN,AQs,AI,purple,4,UO/12-15/BTN.png,VERIFIED_BY_COLOR_GRID
UO,12-15,BTN,AJs,AI,purple,4,UO/12-15/BTN.png,VERIFIED_BY_COLOR_GRID
UO,12-15,BTN,ATs,AI,purple,4,UO/12-15/BTN.png,VERIFIED_BY_COLOR_GRID
UO,12-15,BTN,A9s,AI,purple,4,UO/12-15/BTN.png,VERIFIED_BY_COLOR_GRID
UO,12-15,BTN,A8s,AI,purple,4,UO/12-15/BTN.png,VERIFIED_BY_COLOR_GRID
UO,12-15,BTN,A7s,AI,purple,4,UO/12-15/BTN.png,VERIFIED_BY_COLOR_GRID
UO,12-15,BTN,A6s,AI,purple,4,UO/12-15/BTN.png,VERIFIED_BY_COLOR_GRID
UO,12-15,BTN,A5s,AI,purple,4,UO/12-15/BTN.png,VERIFIED_BY_COLOR_GRID
UO,12-15,BTN,A4s,AI,purple,4,UO/12-15/BTN.png,VERIFIED_BY_COLOR_GRID
UO,12-15,BTN,A3s,AI,purple,4,UO/12-15/BTN.png,VERIFIED_BY_COLOR_GRID
UO,12-15,BTN,A2s,AI,purple,4,UO/12-15/BTN.png,VERIFIED_BY_COLOR_GRID
UO,12-15,BTN,AKo,AI,purple,12,UO/12-15/BTN.png,VERIFIED_BY_COLOR_GRID
UO,12-15,BTN,KK,nAI,green,6,UO/12-15/BTN.png,VERIFIED_BY_COLOR_GRID
UO,12-15,BTN,KQs,AI,purple,4,UO/12-15/BTN.png,VERIFIED_BY_COLOR_GRID
UO,12-15,BTN,KJs,AI,purple,4,UO/12-15/BTN.png,VERIFIED_BY_COLOR_GRID
UO,12-15,BTN,KTs,AI,purple,4,UO/12-15/BTN.png,VERIFIED_BY_COLOR_GRID
UO,12-15,BTN,K9s,AI,purple,4,UO/12-15/BTN.png,VERIFIED_BY_COLOR_GRID
UO,12-15,BTN,K8s,LOW_PLAYABILITY,cyan,4,UO/12-15/BTN.png,VERIFIED_BY_COLOR_GRID
UO,12-15,BTN,K7s,UNSELECTED,gray,4,UO/12-15/BTN.png,VERIFIED_BY_COLOR_GRID
UO,12-15,BTN,K6s,UNSELECTED,gray,4,UO/12-15/BTN.png,VERIFIED_BY_COLOR_GRID
UO,12-15,BTN,K5s,UNSELECTED,gray,4,UO/12-15/BTN.png,VERIFIED_BY_COLOR_GRID
UO,12-15,BTN,K4s,UNSELECTED,gray,4,UO/12-15/BTN.png,VERIFIED_BY_COLOR_GRID
UO,12-15,BTN,K3s,UNSELECTED,gray,4,UO/12-15/BTN.png,VERIFIED_BY_COLOR_GRID
UO,12-15,BTN,K2s,UNSELECTED,gray,4,UO/12-15/BTN.png,VERIFIED_BY_COLOR_GRID
UO,12-15,BTN,AQo,AI,purple,12,UO/12-15/BTN.png,VERIFIED_BY_COLOR_GRID
UO,12-15,BTN,KQo,AI,purple,12,UO/12-15/BTN.png,VERIFIED_BY_COLOR_GRID
UO,12-15,BTN,QQ,nAI,green,6,UO/12-15/BTN.png,VERIFIED_BY_COLOR_GRID
UO,12-15,BTN,QJs,AI,purple,4,UO/12-15/BTN.png,VERIFIED_BY_COLOR_GRID
UO,12-15,BTN,QTs,AI,purple,4,UO/12-15/BTN.png,VERIFIED_BY_COLOR_GRID
UO,12-15,BTN,Q9s,AI,purple,4,UO/12-15/BTN.png,VERIFIED_BY_COLOR_GRID
UO,12-15,BTN,Q8s,LOW_PLAYABILITY,cyan,4,UO/12-15/BTN.png,VERIFIED_BY_COLOR_GRID
UO,12-15,BTN,Q7s,UNSELECTED,gray,4,UO/12-15/BTN.png,VERIFIED_BY_COLOR_GRID
UO,12-15,BTN,Q6s,UNSELECTED,gray,4,UO/12-15/BTN.png,VERIFIED_BY_COLOR_GRID
UO,12-15,BTN,Q5s,UNSELECTED,gray,4,UO/12-15/BTN.png,VERIFIED_BY_COLOR_GRID
UO,12-15,BTN,Q4s,UNSELECTED,gray,4,UO/12-15/BTN.png,VERIFIED_BY_COLOR_GRID
UO,12-15,BTN,Q3s,UNSELECTED,gray,4,UO/12-15/BTN.png,VERIFIED_BY_COLOR_GRID
UO,12-15,BTN,Q2s,UNSELECTED,gray,4,UO/12-15/BTN.png,VERIFIED_BY_COLOR_GRID
UO,12-15,BTN,AJo,AI,purple,12,UO/12-15/BTN.png,VERIFIED_BY_COLOR_GRID
UO,12-15,BTN,KJo,AI,purple,12,UO/12-15/BTN.png,VERIFIED_BY_COLOR_GRID
UO,12-15,BTN,QJo,AI,purple,12,UO/12-15/BTN.png,VERIFIED_BY_COLOR_GRID
UO,12-15,BTN,JJ,nAI,green,6,UO/12-15/BTN.png,VERIFIED_BY_COLOR_GRID
UO,12-15,BTN,JTs,AI,purple,4,UO/12-15/BTN.png,VERIFIED_BY_COLOR_GRID
UO,12-15,BTN,J9s,AI,purple,4,UO/12-15/BTN.png,VERIFIED_BY_COLOR_GRID
UO,12-15,BTN,J8s,LOW_PLAYABILITY,cyan,4,UO/12-15/BTN.png,VERIFIED_BY_COLOR_GRID
UO,12-15,BTN,J7s,UNSELECTED,gray,4,UO/12-15/BTN.png,VERIFIED_BY_COLOR_GRID
UO,12-15,BTN,J6s,UNSELECTED,gray,4,UO/12-15/BTN.png,VERIFIED_BY_COLOR_GRID
UO,12-15,BTN,J5s,UNSELECTED,gray,4,UO/12-15/BTN.png,VERIFIED_BY_COLOR_GRID
UO,12-15,BTN,J4s,UNSELECTED,gray,4,UO/12-15/BTN.png,VERIFIED_BY_COLOR_GRID
UO,12-15,BTN,J3s,UNSELECTED,gray,4,UO/12-15/BTN.png,VERIFIED_BY_COLOR_GRID
UO,12-15,BTN,J2s,UNSELECTED,gray,4,UO/12-15/BTN.png,VERIFIED_BY_COLOR_GRID
UO,12-15,BTN,ATo,AI,purple,12,UO/12-15/BTN.png,VERIFIED_BY_COLOR_GRID
UO,12-15,BTN,KTo,AI,purple,12,UO/12-15/BTN.png,VERIFIED_BY_COLOR_GRID
UO,12-15,BTN,QTo,AI,purple,12,UO/12-15/BTN.png,VERIFIED_BY_COLOR_GRID
UO,12-15,BTN,JTo,AI,purple,12,UO/12-15/BTN.png,VERIFIED_BY_COLOR_GRID
UO,12-15,BTN,TT,nAI,green,6,UO/12-15/BTN.png,VERIFIED_BY_COLOR_GRID
UO,12-15,BTN,T9s,AI,purple,4,UO/12-15/BTN.png,VERIFIED_BY_COLOR_GRID
UO,12-15,BTN,T8s,LOW_PLAYABILITY,cyan,4,UO/12-15/BTN.png,VERIFIED_BY_COLOR_GRID
UO,12-15,BTN,T7s,UNSELECTED,gray,4,UO/12-15/BTN.png,VERIFIED_BY_COLOR_GRID
UO,12-15,BTN,T6s,UNSELECTED,gray,4,UO/12-15/BTN.png,VERIFIED_BY_COLOR_GRID
UO,12-15,BTN,T5s,UNSELECTED,gray,4,UO/12-15/BTN.png,VERIFIED_BY_COLOR_GRID
UO,12-15,BTN,T4s,UNSELECTED,gray,4,UO/12-15/BTN.png,VERIFIED_BY_COLOR_GRID
UO,12-15,BTN,T3s,UNSELECTED,gray,4,UO/12-15/BTN.png,VERIFIED_BY_COLOR_GRID
UO,12-15,BTN,T2s,UNSELECTED,gray,4,UO/12-15/BTN.png,VERIFIED_BY_COLOR_GRID
UO,12-15,BTN,A9o,AI,purple,12,UO/12-15/BTN.png,VERIFIED_BY_COLOR_GRID
UO,12-15,BTN,K9o,nAI,green,12,UO/12-15/BTN.png,VERIFIED_BY_COLOR_GRID
UO,12-15,BTN,Q9o,nAI,green,12,UO/12-15/BTN.png,VERIFIED_BY_COLOR_GRID
UO,12-15,BTN,J9o,nAI,green,12,UO/12-15/BTN.png,VERIFIED_BY_COLOR_GRID
UO,12-15,BTN,T9o,nAI,green,12,UO/12-15/BTN.png,VERIFIED_BY_COLOR_GRID
UO,12-15,BTN,99,AI,purple,6,UO/12-15/BTN.png,VERIFIED_BY_COLOR_GRID
UO,12-15,BTN,98s,AI,purple,4,UO/12-15/BTN.png,VERIFIED_BY_COLOR_GRID
UO,12-15,BTN,97s,UNSELECTED,gray,4,UO/12-15/BTN.png,VERIFIED_BY_COLOR_GRID
UO,12-15,BTN,96s,UNSELECTED,gray,4,UO/12-15/BTN.png,VERIFIED_BY_COLOR_GRID
UO,12-15,BTN,95s,UNSELECTED,gray,4,UO/12-15/BTN.png,VERIFIED_BY_COLOR_GRID
UO,12-15,BTN,94s,UNSELECTED,gray,4,UO/12-15/BTN.png,VERIFIED_BY_COLOR_GRID
UO,12-15,BTN,93s,UNSELECTED,gray,4,UO/12-15/BTN.png,VERIFIED_BY_COLOR_GRID
UO,12-15,BTN,92s,UNSELECTED,gray,4,UO/12-15/BTN.png,VERIFIED_BY_COLOR_GRID
UO,12-15,BTN,A8o,AI,purple,12,UO/12-15/BTN.png,VERIFIED_BY_COLOR_GRID
UO,12-15,BTN,K8o,nAI,green,12,UO/12-15/BTN.png,VERIFIED_BY_COLOR_GRID
UO,12-15,BTN,Q8o,UNSELECTED,gray,12,UO/12-15/BTN.png,VERIFIED_BY_COLOR_GRID
UO,12-15,BTN,J8o,UNSELECTED,gray,12,UO/12-15/BTN.png,VERIFIED_BY_COLOR_GRID
UO,12-15,BTN,T8o,UNSELECTED,gray,12,UO/12-15/BTN.png,VERIFIED_BY_COLOR_GRID
UO,12-15,BTN,98o,UNSELECTED,gray,12,UO/12-15/BTN.png,VERIFIED_BY_COLOR_GRID
UO,12-15,BTN,88,AI,purple,6,UO/12-15/BTN.png,VERIFIED_BY_COLOR_GRID
UO,12-15,BTN,87s,AI,purple,4,UO/12-15/BTN.png,VERIFIED_BY_COLOR_GRID
UO,12-15,BTN,86s,UNSELECTED,gray,4,UO/12-15/BTN.png,VERIFIED_BY_COLOR_GRID
UO,12-15,BTN,85s,UNSELECTED,gray,4,UO/12-15/BTN.png,VERIFIED_BY_COLOR_GRID
UO,12-15,BTN,84s,UNSELECTED,gray,4,UO/12-15/BTN.png,VERIFIED_BY_COLOR_GRID
UO,12-15,BTN,83s,UNSELECTED,gray,4,UO/12-15/BTN.png,VERIFIED_BY_COLOR_GRID
UO,12-15,BTN,82s,UNSELECTED,gray,4,UO/12-15/BTN.png,VERIFIED_BY_COLOR_GRID
UO,12-15,BTN,A7o,AI,purple,12,UO/12-15/BTN.png,VERIFIED_BY_COLOR_GRID
UO,12-15,BTN,K7o,UNSELECTED,gray,12,UO/12-15/BTN.png,VERIFIED_BY_COLOR_GRID
UO,12-15,BTN,Q7o,UNSELECTED,gray,12,UO/12-15/BTN.png,VERIFIED_BY_COLOR_GRID
UO,12-15,BTN,J7o,UNSELECTED,gray,12,UO/12-15/BTN.png,VERIFIED_BY_COLOR_GRID
UO,12-15,BTN,T7o,UNSELECTED,gray,12,UO/12-15/BTN.png,VERIFIED_BY_COLOR_GRID
UO,12-15,BTN,97o,UNSELECTED,gray,12,UO/12-15/BTN.png,VERIFIED_BY_COLOR_GRID
UO,12-15,BTN,87o,UNSELECTED,gray,12,UO/12-15/BTN.png,VERIFIED_BY_COLOR_GRID
UO,12-15,BTN,77,AI,purple,6,UO/12-15/BTN.png,VERIFIED_BY_COLOR_GRID
UO,12-15,BTN,76s,LOW_PLAYABILITY,cyan,4,UO/12-15/BTN.png,VERIFIED_BY_COLOR_GRID
UO,12-15,BTN,75s,UNSELECTED,gray,4,UO/12-15/BTN.png,VERIFIED_BY_COLOR_GRID
UO,12-15,BTN,74s,UNSELECTED,gray,4,UO/12-15/BTN.png,VERIFIED_BY_COLOR_GRID
UO,12-15,BTN,73s,UNSELECTED,gray,4,UO/12-15/BTN.png,VERIFIED_BY_COLOR_GRID
UO,12-15,BTN,72s,UNSELECTED,gray,4,UO/12-15/BTN.png,VERIFIED_BY_COLOR_GRID
UO,12-15,BTN,A6o,AI,purple,12,UO/12-15/BTN.png,VERIFIED_BY_COLOR_GRID
UO,12-15,BTN,K6o,UNSELECTED,gray,12,UO/12-15/BTN.png,VERIFIED_BY_COLOR_GRID
UO,12-15,BTN,Q6o,UNSELECTED,gray,12,UO/12-15/BTN.png,VERIFIED_BY_COLOR_GRID
UO,12-15,BTN,J6o,UNSELECTED,gray,12,UO/12-15/BTN.png,VERIFIED_BY_COLOR_GRID
UO,12-15,BTN,T6o,UNSELECTED,gray,12,UO/12-15/BTN.png,VERIFIED_BY_COLOR_GRID
UO,12-15,BTN,96o,UNSELECTED,gray,12,UO/12-15/BTN.png,VERIFIED_BY_COLOR_GRID
UO,12-15,BTN,86o,UNSELECTED,gray,12,UO/12-15/BTN.png,VERIFIED_BY_COLOR_GRID
UO,12-15,BTN,76o,UNSELECTED,gray,12,UO/12-15/BTN.png,VERIFIED_BY_COLOR_GRID
UO,12-15,BTN,66,AI,purple,6,UO/12-15/BTN.png,VERIFIED_BY_COLOR_GRID
UO,12-15,BTN,65s,LOW_PLAYABILITY,cyan,4,UO/12-15/BTN.png,VERIFIED_BY_COLOR_GRID
UO,12-15,BTN,64s,UNSELECTED,gray,4,UO/12-15/BTN.png,VERIFIED_BY_COLOR_GRID
UO,12-15,BTN,63s,UNSELECTED,gray,4,UO/12-15/BTN.png,VERIFIED_BY_COLOR_GRID
UO,12-15,BTN,62s,UNSELECTED,gray,4,UO/12-15/BTN.png,VERIFIED_BY_COLOR_GRID
UO,12-15,BTN,A5o,AI,purple,12,UO/12-15/BTN.png,VERIFIED_BY_COLOR_GRID
UO,12-15,BTN,K5o,UNSELECTED,gray,12,UO/12-15/BTN.png,VERIFIED_BY_COLOR_GRID
UO,12-15,BTN,Q5o,UNSELECTED,gray,12,UO/12-15/BTN.png,VERIFIED_BY_COLOR_GRID
UO,12-15,BTN,J5o,UNSELECTED,gray,12,UO/12-15/BTN.png,VERIFIED_BY_COLOR_GRID
UO,12-15,BTN,T5o,UNSELECTED,gray,12,UO/12-15/BTN.png,VERIFIED_BY_COLOR_GRID
UO,12-15,BTN,95o,UNSELECTED,gray,12,UO/12-15/BTN.png,VERIFIED_BY_COLOR_GRID
UO,12-15,BTN,85o,UNSELECTED,gray,12,UO/12-15/BTN.png,VERIFIED_BY_COLOR_GRID
UO,12-15,BTN,75o,UNSELECTED,gray,12,UO/12-15/BTN.png,VERIFIED_BY_COLOR_GRID
UO,12-15,BTN,65o,UNSELECTED,gray,12,UO/12-15/BTN.png,VERIFIED_BY_COLOR_GRID
UO,12-15,BTN,55,AI,purple,6,UO/12-15/BTN.png,VERIFIED_BY_COLOR_GRID
UO,12-15,BTN,54s,UNSELECTED,gray,4,UO/12-15/BTN.png,VERIFIED_BY_COLOR_GRID
UO,12-15,BTN,53s,UNSELECTED,gray,4,UO/12-15/BTN.png,VERIFIED_BY_COLOR_GRID
UO,12-15,BTN,52s,UNSELECTED,gray,4,UO/12-15/BTN.png,VERIFIED_BY_COLOR_GRID
UO,12-15,BTN,A4o,AI,purple,12,UO/12-15/BTN.png,VERIFIED_BY_COLOR_GRID
UO,12-15,BTN,K4o,UNSELECTED,gray,12,UO/12-15/BTN.png,VERIFIED_BY_COLOR_GRID
UO,12-15,BTN,Q4o,UNSELECTED,gray,12,UO/12-15/BTN.png,VERIFIED_BY_COLOR_GRID
UO,12-15,BTN,J4o,UNSELECTED,gray,12,UO/12-15/BTN.png,VERIFIED_BY_COLOR_GRID
UO,12-15,BTN,T4o,UNSELECTED,gray,12,UO/12-15/BTN.png,VERIFIED_BY_COLOR_GRID
UO,12-15,BTN,94o,UNSELECTED,gray,12,UO/12-15/BTN.png,VERIFIED_BY_COLOR_GRID
UO,12-15,BTN,84o,UNSELECTED,gray,12,UO/12-15/BTN.png,VERIFIED_BY_COLOR_GRID
UO,12-15,BTN,74o,UNSELECTED,gray,12,UO/12-15/BTN.png,VERIFIED_BY_COLOR_GRID
UO,12-15,BTN,64o,UNSELECTED,gray,12,UO/12-15/BTN.png,VERIFIED_BY_COLOR_GRID
UO,12-15,BTN,54o,UNSELECTED,gray,12,UO/12-15/BTN.png,VERIFIED_BY_COLOR_GRID
UO,12-15,BTN,44,AI,purple,6,UO/12-15/BTN.png,VERIFIED_BY_COLOR_GRID
UO,12-15,BTN,43s,UNSELECTED,gray,4,UO/12-15/BTN.png,VERIFIED_BY_COLOR_GRID
UO,12-15,BTN,42s,UNSELECTED,gray,4,UO/12-15/BTN.png,VERIFIED_BY_COLOR_GRID
UO,12-15,BTN,A3o,AI,purple,12,UO/12-15/BTN.png,VERIFIED_BY_COLOR_GRID
UO,12-15,BTN,K3o,UNSELECTED,gray,12,UO/12-15/BTN.png,VERIFIED_BY_COLOR_GRID
UO,12-15,BTN,Q3o,UNSELECTED,gray,12,UO/12-15/BTN.png,VERIFIED_BY_COLOR_GRID
UO,12-15,BTN,J3o,UNSELECTED,gray,12,UO/12-15/BTN.png,VERIFIED_BY_COLOR_GRID
UO,12-15,BTN,T3o,UNSELECTED,gray,12,UO/12-15/BTN.png,VERIFIED_BY_COLOR_GRID
UO,12-15,BTN,93o,UNSELECTED,gray,12,UO/12-15/BTN.png,VERIFIED_BY_COLOR_GRID
UO,12-15,BTN,83o,UNSELECTED,gray,12,UO/12-15/BTN.png,VERIFIED_BY_COLOR_GRID
UO,12-15,BTN,73o,UNSELECTED,gray,12,UO/12-15/BTN.png,VERIFIED_BY_COLOR_GRID
UO,12-15,BTN,63o,UNSELECTED,gray,12,UO/12-15/BTN.png,VERIFIED_BY_COLOR_GRID
UO,12-15,BTN,53o,UNSELECTED,gray,12,UO/12-15/BTN.png,VERIFIED_BY_COLOR_GRID
UO,12-15,BTN,43o,UNSELECTED,gray,12,UO/12-15/BTN.png,VERIFIED_BY_COLOR_GRID
UO,12-15,BTN,33,AI,purple,6,UO/12-15/BTN.png,VERIFIED_BY_COLOR_GRID
UO,12-15,BTN,32s,UNSELECTED,gray,4,UO/12-15/BTN.png,VERIFIED_BY_COLOR_GRID
UO,12-15,BTN,A2o,AI,purple,12,UO/12-15/BTN.png,VERIFIED_BY_COLOR_GRID
UO,12-15,BTN,K2o,UNSELECTED,gray,12,UO/12-15/BTN.png,VERIFIED_BY_COLOR_GRID
UO,12-15,BTN,Q2o,UNSELECTED,gray,12,UO/12-15/BTN.png,VERIFIED_BY_COLOR_GRID
UO,12-15,BTN,J2o,UNSELECTED,gray,12,UO/12-15/BTN.png,VERIFIED_BY_COLOR_GRID
UO,12-15,BTN,T2o,UNSELECTED,gray,12,UO/12-15/BTN.png,VERIFIED_BY_COLOR_GRID
UO,12-15,BTN,92o,UNSELECTED,gray,12,UO/12-15/BTN.png,VERIFIED_BY_COLOR_GRID
UO,12-15,BTN,82o,UNSELECTED,gray,12,UO/12-15/BTN.png,VERIFIED_BY_COLOR_GRID
UO,12-15,BTN,72o,UNSELECTED,gray,12,UO/12-15/BTN.png,VERIFIED_BY_COLOR_GRID
UO,12-15,BTN,62o,UNSELECTED,gray,12,UO/12-15/BTN.png,VERIFIED_BY_COLOR_GRID
UO,12-15,BTN,52o,UNSELECTED,gray,12,UO/12-15/BTN.png,VERIFIED_BY_COLOR_GRID
UO,12-15,BTN,42o,UNSELECTED,gray,12,UO/12-15/BTN.png,VERIFIED_BY_COLOR_GRID
UO,12-15,BTN,32o,UNSELECTED,gray,12,UO/12-15/BTN.png,VERIFIED_BY_COLOR_GRID
UO,12-15,BTN,22,AI,purple,6,UO/12-15/BTN.png,VERIFIED_BY_COLOR_GRID
UO,15-18,EP,AA,nAI,green,6,UO/15-18/EP.png,VERIFIED_BY_COLOR_GRID
UO,15-18,EP,AKs,AI,purple,4,UO/15-18/EP.png,VERIFIED_BY_COLOR_GRID
UO,15-18,EP,AQs,AI,purple,4,UO/15-18/EP.png,VERIFIED_BY_COLOR_GRID
UO,15-18,EP,AJs,AI,purple,4,UO/15-18/EP.png,VERIFIED_BY_COLOR_GRID
UO,15-18,EP,ATs,AI,purple,4,UO/15-18/EP.png,VERIFIED_BY_COLOR_GRID
UO,15-18,EP,A9s,nAI,green,4,UO/15-18/EP.png,VERIFIED_BY_COLOR_GRID
UO,15-18,EP,A8s,nAI,green,4,UO/15-18/EP.png,VERIFIED_BY_COLOR_GRID
UO,15-18,EP,A7s,nAI,green,4,UO/15-18/EP.png,VERIFIED_BY_COLOR_GRID
UO,15-18,EP,A6s,nAI,green,4,UO/15-18/EP.png,VERIFIED_BY_COLOR_GRID
UO,15-18,EP,A5s,UNSELECTED,gray,4,UO/15-18/EP.png,VERIFIED_BY_COLOR_GRID
UO,15-18,EP,A4s,UNSELECTED,gray,4,UO/15-18/EP.png,VERIFIED_BY_COLOR_GRID
UO,15-18,EP,A3s,UNSELECTED,gray,4,UO/15-18/EP.png,VERIFIED_BY_COLOR_GRID
UO,15-18,EP,A2s,UNSELECTED,gray,4,UO/15-18/EP.png,VERIFIED_BY_COLOR_GRID
UO,15-18,EP,AKo,AI,purple,12,UO/15-18/EP.png,VERIFIED_BY_COLOR_GRID
UO,15-18,EP,KK,nAI,green,6,UO/15-18/EP.png,VERIFIED_BY_COLOR_GRID
UO,15-18,EP,KQs,AI,purple,4,UO/15-18/EP.png,VERIFIED_BY_COLOR_GRID
UO,15-18,EP,KJs,AI,purple,4,UO/15-18/EP.png,VERIFIED_BY_COLOR_GRID
UO,15-18,EP,KTs,nAI,green,4,UO/15-18/EP.png,VERIFIED_BY_COLOR_GRID
UO,15-18,EP,K9s,UNSELECTED,gray,4,UO/15-18/EP.png,VERIFIED_BY_COLOR_GRID
UO,15-18,EP,K8s,UNSELECTED,gray,4,UO/15-18/EP.png,VERIFIED_BY_COLOR_GRID
UO,15-18,EP,K7s,UNSELECTED,gray,4,UO/15-18/EP.png,VERIFIED_BY_COLOR_GRID
UO,15-18,EP,K6s,UNSELECTED,gray,4,UO/15-18/EP.png,VERIFIED_BY_COLOR_GRID
UO,15-18,EP,K5s,UNSELECTED,gray,4,UO/15-18/EP.png,VERIFIED_BY_COLOR_GRID
UO,15-18,EP,K4s,UNSELECTED,gray,4,UO/15-18/EP.png,VERIFIED_BY_COLOR_GRID
UO,15-18,EP,K3s,UNSELECTED,gray,4,UO/15-18/EP.png,VERIFIED_BY_COLOR_GRID
UO,15-18,EP,K2s,UNSELECTED,gray,4,UO/15-18/EP.png,VERIFIED_BY_COLOR_GRID
UO,15-18,EP,AQo,AI,purple,12,UO/15-18/EP.png,VERIFIED_BY_COLOR_GRID
UO,15-18,EP,KQo,LOW_PLAYABILITY,cyan,12,UO/15-18/EP.png,VERIFIED_BY_COLOR_GRID
UO,15-18,EP,QQ,nAI,green,6,UO/15-18/EP.png,VERIFIED_BY_COLOR_GRID
UO,15-18,EP,QJs,nAI,green,4,UO/15-18/EP.png,VERIFIED_BY_COLOR_GRID
UO,15-18,EP,QTs,nAI,green,4,UO/15-18/EP.png,VERIFIED_BY_COLOR_GRID
UO,15-18,EP,Q9s,UNSELECTED,gray,4,UO/15-18/EP.png,VERIFIED_BY_COLOR_GRID
UO,15-18,EP,Q8s,UNSELECTED,gray,4,UO/15-18/EP.png,VERIFIED_BY_COLOR_GRID
UO,15-18,EP,Q7s,UNSELECTED,gray,4,UO/15-18/EP.png,VERIFIED_BY_COLOR_GRID
UO,15-18,EP,Q6s,UNSELECTED,gray,4,UO/15-18/EP.png,VERIFIED_BY_COLOR_GRID
UO,15-18,EP,Q5s,UNSELECTED,gray,4,UO/15-18/EP.png,VERIFIED_BY_COLOR_GRID
UO,15-18,EP,Q4s,UNSELECTED,gray,4,UO/15-18/EP.png,VERIFIED_BY_COLOR_GRID
UO,15-18,EP,Q3s,UNSELECTED,gray,4,UO/15-18/EP.png,VERIFIED_BY_COLOR_GRID
UO,15-18,EP,Q2s,UNSELECTED,gray,4,UO/15-18/EP.png,VERIFIED_BY_COLOR_GRID
UO,15-18,EP,AJo,AI,purple,12,UO/15-18/EP.png,VERIFIED_BY_COLOR_GRID
UO,15-18,EP,KJo,UNSELECTED,gray,12,UO/15-18/EP.png,VERIFIED_BY_COLOR_GRID
UO,15-18,EP,QJo,UNSELECTED,gray,12,UO/15-18/EP.png,VERIFIED_BY_COLOR_GRID
UO,15-18,EP,JJ,nAI,green,6,UO/15-18/EP.png,VERIFIED_BY_COLOR_GRID
UO,15-18,EP,JTs,nAI,green,4,UO/15-18/EP.png,VERIFIED_BY_COLOR_GRID
UO,15-18,EP,J9s,UNSELECTED,gray,4,UO/15-18/EP.png,VERIFIED_BY_COLOR_GRID
UO,15-18,EP,J8s,UNSELECTED,gray,4,UO/15-18/EP.png,VERIFIED_BY_COLOR_GRID
UO,15-18,EP,J7s,UNSELECTED,gray,4,UO/15-18/EP.png,VERIFIED_BY_COLOR_GRID
UO,15-18,EP,J6s,UNSELECTED,gray,4,UO/15-18/EP.png,VERIFIED_BY_COLOR_GRID
UO,15-18,EP,J5s,UNSELECTED,gray,4,UO/15-18/EP.png,VERIFIED_BY_COLOR_GRID
UO,15-18,EP,J4s,UNSELECTED,gray,4,UO/15-18/EP.png,VERIFIED_BY_COLOR_GRID
UO,15-18,EP,J3s,UNSELECTED,gray,4,UO/15-18/EP.png,VERIFIED_BY_COLOR_GRID
UO,15-18,EP,J2s,UNSELECTED,gray,4,UO/15-18/EP.png,VERIFIED_BY_COLOR_GRID
UO,15-18,EP,ATo,nAI,green,12,UO/15-18/EP.png,VERIFIED_BY_COLOR_GRID
UO,15-18,EP,KTo,UNSELECTED,gray,12,UO/15-18/EP.png,VERIFIED_BY_COLOR_GRID
UO,15-18,EP,QTo,UNSELECTED,gray,12,UO/15-18/EP.png,VERIFIED_BY_COLOR_GRID
UO,15-18,EP,JTo,UNSELECTED,gray,12,UO/15-18/EP.png,VERIFIED_BY_COLOR_GRID
UO,15-18,EP,TT,AI,purple,6,UO/15-18/EP.png,VERIFIED_BY_COLOR_GRID
UO,15-18,EP,T9s,UNSELECTED,gray,4,UO/15-18/EP.png,VERIFIED_BY_COLOR_GRID
UO,15-18,EP,T8s,UNSELECTED,gray,4,UO/15-18/EP.png,VERIFIED_BY_COLOR_GRID
UO,15-18,EP,T7s,UNSELECTED,gray,4,UO/15-18/EP.png,VERIFIED_BY_COLOR_GRID
UO,15-18,EP,T6s,UNSELECTED,gray,4,UO/15-18/EP.png,VERIFIED_BY_COLOR_GRID
UO,15-18,EP,T5s,UNSELECTED,gray,4,UO/15-18/EP.png,VERIFIED_BY_COLOR_GRID
UO,15-18,EP,T4s,UNSELECTED,gray,4,UO/15-18/EP.png,VERIFIED_BY_COLOR_GRID
UO,15-18,EP,T3s,UNSELECTED,gray,4,UO/15-18/EP.png,VERIFIED_BY_COLOR_GRID
UO,15-18,EP,T2s,UNSELECTED,gray,4,UO/15-18/EP.png,VERIFIED_BY_COLOR_GRID
UO,15-18,EP,A9o,UNSELECTED,gray,12,UO/15-18/EP.png,VERIFIED_BY_COLOR_GRID
UO,15-18,EP,K9o,UNSELECTED,gray,12,UO/15-18/EP.png,VERIFIED_BY_COLOR_GRID
UO,15-18,EP,Q9o,UNSELECTED,gray,12,UO/15-18/EP.png,VERIFIED_BY_COLOR_GRID
UO,15-18,EP,J9o,UNSELECTED,gray,12,UO/15-18/EP.png,VERIFIED_BY_COLOR_GRID
UO,15-18,EP,T9o,UNSELECTED,gray,12,UO/15-18/EP.png,VERIFIED_BY_COLOR_GRID
UO,15-18,EP,99,AI,purple,6,UO/15-18/EP.png,VERIFIED_BY_COLOR_GRID
UO,15-18,EP,98s,UNSELECTED,gray,4,UO/15-18/EP.png,VERIFIED_BY_COLOR_GRID
UO,15-18,EP,97s,UNSELECTED,gray,4,UO/15-18/EP.png,VERIFIED_BY_COLOR_GRID
UO,15-18,EP,96s,UNSELECTED,gray,4,UO/15-18/EP.png,VERIFIED_BY_COLOR_GRID
UO,15-18,EP,95s,UNSELECTED,gray,4,UO/15-18/EP.png,VERIFIED_BY_COLOR_GRID
UO,15-18,EP,94s,UNSELECTED,gray,4,UO/15-18/EP.png,VERIFIED_BY_COLOR_GRID
UO,15-18,EP,93s,UNSELECTED,gray,4,UO/15-18/EP.png,VERIFIED_BY_COLOR_GRID
UO,15-18,EP,92s,UNSELECTED,gray,4,UO/15-18/EP.png,VERIFIED_BY_COLOR_GRID
UO,15-18,EP,A8o,UNSELECTED,gray,12,UO/15-18/EP.png,VERIFIED_BY_COLOR_GRID
UO,15-18,EP,K8o,UNSELECTED,gray,12,UO/15-18/EP.png,VERIFIED_BY_COLOR_GRID
UO,15-18,EP,Q8o,UNSELECTED,gray,12,UO/15-18/EP.png,VERIFIED_BY_COLOR_GRID
UO,15-18,EP,J8o,UNSELECTED,gray,12,UO/15-18/EP.png,VERIFIED_BY_COLOR_GRID
UO,15-18,EP,T8o,UNSELECTED,gray,12,UO/15-18/EP.png,VERIFIED_BY_COLOR_GRID
UO,15-18,EP,98o,UNSELECTED,gray,12,UO/15-18/EP.png,VERIFIED_BY_COLOR_GRID
UO,15-18,EP,88,AI,purple,6,UO/15-18/EP.png,VERIFIED_BY_COLOR_GRID
UO,15-18,EP,87s,UNSELECTED,gray,4,UO/15-18/EP.png,VERIFIED_BY_COLOR_GRID
UO,15-18,EP,86s,UNSELECTED,gray,4,UO/15-18/EP.png,VERIFIED_BY_COLOR_GRID
UO,15-18,EP,85s,UNSELECTED,gray,4,UO/15-18/EP.png,VERIFIED_BY_COLOR_GRID
UO,15-18,EP,84s,UNSELECTED,gray,4,UO/15-18/EP.png,VERIFIED_BY_COLOR_GRID
UO,15-18,EP,83s,UNSELECTED,gray,4,UO/15-18/EP.png,VERIFIED_BY_COLOR_GRID
UO,15-18,EP,82s,UNSELECTED,gray,4,UO/15-18/EP.png,VERIFIED_BY_COLOR_GRID
UO,15-18,EP,A7o,UNSELECTED,gray,12,UO/15-18/EP.png,VERIFIED_BY_COLOR_GRID
UO,15-18,EP,K7o,UNSELECTED,gray,12,UO/15-18/EP.png,VERIFIED_BY_COLOR_GRID
UO,15-18,EP,Q7o,UNSELECTED,gray,12,UO/15-18/EP.png,VERIFIED_BY_COLOR_GRID
UO,15-18,EP,J7o,UNSELECTED,gray,12,UO/15-18/EP.png,VERIFIED_BY_COLOR_GRID
UO,15-18,EP,T7o,UNSELECTED,gray,12,UO/15-18/EP.png,VERIFIED_BY_COLOR_GRID
UO,15-18,EP,97o,UNSELECTED,gray,12,UO/15-18/EP.png,VERIFIED_BY_COLOR_GRID
UO,15-18,EP,87o,UNSELECTED,gray,12,UO/15-18/EP.png,VERIFIED_BY_COLOR_GRID
UO,15-18,EP,77,AI,purple,6,UO/15-18/EP.png,VERIFIED_BY_COLOR_GRID
UO,15-18,EP,76s,UNSELECTED,gray,4,UO/15-18/EP.png,VERIFIED_BY_COLOR_GRID
UO,15-18,EP,75s,UNSELECTED,gray,4,UO/15-18/EP.png,VERIFIED_BY_COLOR_GRID
UO,15-18,EP,74s,UNSELECTED,gray,4,UO/15-18/EP.png,VERIFIED_BY_COLOR_GRID
UO,15-18,EP,73s,UNSELECTED,gray,4,UO/15-18/EP.png,VERIFIED_BY_COLOR_GRID
UO,15-18,EP,72s,UNSELECTED,gray,4,UO/15-18/EP.png,VERIFIED_BY_COLOR_GRID
UO,15-18,EP,A6o,UNSELECTED,gray,12,UO/15-18/EP.png,VERIFIED_BY_COLOR_GRID
UO,15-18,EP,K6o,UNSELECTED,gray,12,UO/15-18/EP.png,VERIFIED_BY_COLOR_GRID
UO,15-18,EP,Q6o,UNSELECTED,gray,12,UO/15-18/EP.png,VERIFIED_BY_COLOR_GRID
UO,15-18,EP,J6o,UNSELECTED,gray,12,UO/15-18/EP.png,VERIFIED_BY_COLOR_GRID
UO,15-18,EP,T6o,UNSELECTED,gray,12,UO/15-18/EP.png,VERIFIED_BY_COLOR_GRID
UO,15-18,EP,96o,UNSELECTED,gray,12,UO/15-18/EP.png,VERIFIED_BY_COLOR_GRID
UO,15-18,EP,86o,UNSELECTED,gray,12,UO/15-18/EP.png,VERIFIED_BY_COLOR_GRID
UO,15-18,EP,76o,UNSELECTED,gray,12,UO/15-18/EP.png,VERIFIED_BY_COLOR_GRID
UO,15-18,EP,66,AI,purple,6,UO/15-18/EP.png,VERIFIED_BY_COLOR_GRID
UO,15-18,EP,65s,UNSELECTED,gray,4,UO/15-18/EP.png,VERIFIED_BY_COLOR_GRID
UO,15-18,EP,64s,UNSELECTED,gray,4,UO/15-18/EP.png,VERIFIED_BY_COLOR_GRID
UO,15-18,EP,63s,UNSELECTED,gray,4,UO/15-18/EP.png,VERIFIED_BY_COLOR_GRID
UO,15-18,EP,62s,UNSELECTED,gray,4,UO/15-18/EP.png,VERIFIED_BY_COLOR_GRID
UO,15-18,EP,A5o,UNSELECTED,gray,12,UO/15-18/EP.png,VERIFIED_BY_COLOR_GRID
UO,15-18,EP,K5o,UNSELECTED,gray,12,UO/15-18/EP.png,VERIFIED_BY_COLOR_GRID
UO,15-18,EP,Q5o,UNSELECTED,gray,12,UO/15-18/EP.png,VERIFIED_BY_COLOR_GRID
UO,15-18,EP,J5o,UNSELECTED,gray,12,UO/15-18/EP.png,VERIFIED_BY_COLOR_GRID
UO,15-18,EP,T5o,UNSELECTED,gray,12,UO/15-18/EP.png,VERIFIED_BY_COLOR_GRID
UO,15-18,EP,95o,UNSELECTED,gray,12,UO/15-18/EP.png,VERIFIED_BY_COLOR_GRID
UO,15-18,EP,85o,UNSELECTED,gray,12,UO/15-18/EP.png,VERIFIED_BY_COLOR_GRID
UO,15-18,EP,75o,UNSELECTED,gray,12,UO/15-18/EP.png,VERIFIED_BY_COLOR_GRID
UO,15-18,EP,65o,UNSELECTED,gray,12,UO/15-18/EP.png,VERIFIED_BY_COLOR_GRID
UO,15-18,EP,55,LOW_PLAYABILITY,cyan,6,UO/15-18/EP.png,VERIFIED_BY_COLOR_GRID
UO,15-18,EP,54s,UNSELECTED,gray,4,UO/15-18/EP.png,VERIFIED_BY_COLOR_GRID
UO,15-18,EP,53s,UNSELECTED,gray,4,UO/15-18/EP.png,VERIFIED_BY_COLOR_GRID
UO,15-18,EP,52s,UNSELECTED,gray,4,UO/15-18/EP.png,VERIFIED_BY_COLOR_GRID
UO,15-18,EP,A4o,UNSELECTED,gray,12,UO/15-18/EP.png,VERIFIED_BY_COLOR_GRID
UO,15-18,EP,K4o,UNSELECTED,gray,12,UO/15-18/EP.png,VERIFIED_BY_COLOR_GRID
UO,15-18,EP,Q4o,UNSELECTED,gray,12,UO/15-18/EP.png,VERIFIED_BY_COLOR_GRID
UO,15-18,EP,J4o,UNSELECTED,gray,12,UO/15-18/EP.png,VERIFIED_BY_COLOR_GRID
UO,15-18,EP,T4o,UNSELECTED,gray,12,UO/15-18/EP.png,VERIFIED_BY_COLOR_GRID
UO,15-18,EP,94o,UNSELECTED,gray,12,UO/15-18/EP.png,VERIFIED_BY_COLOR_GRID
UO,15-18,EP,84o,UNSELECTED,gray,12,UO/15-18/EP.png,VERIFIED_BY_COLOR_GRID
UO,15-18,EP,74o,UNSELECTED,gray,12,UO/15-18/EP.png,VERIFIED_BY_COLOR_GRID
UO,15-18,EP,64o,UNSELECTED,gray,12,UO/15-18/EP.png,VERIFIED_BY_COLOR_GRID
UO,15-18,EP,54o,UNSELECTED,gray,12,UO/15-18/EP.png,VERIFIED_BY_COLOR_GRID
UO,15-18,EP,44,LOW_PLAYABILITY,cyan,6,UO/15-18/EP.png,VERIFIED_BY_COLOR_GRID
UO,15-18,EP,43s,UNSELECTED,gray,4,UO/15-18/EP.png,VERIFIED_BY_COLOR_GRID
UO,15-18,EP,42s,UNSELECTED,gray,4,UO/15-18/EP.png,VERIFIED_BY_COLOR_GRID
UO,15-18,EP,A3o,UNSELECTED,gray,12,UO/15-18/EP.png,VERIFIED_BY_COLOR_GRID
UO,15-18,EP,K3o,UNSELECTED,gray,12,UO/15-18/EP.png,VERIFIED_BY_COLOR_GRID
UO,15-18,EP,Q3o,UNSELECTED,gray,12,UO/15-18/EP.png,VERIFIED_BY_COLOR_GRID
UO,15-18,EP,J3o,UNSELECTED,gray,12,UO/15-18/EP.png,VERIFIED_BY_COLOR_GRID
UO,15-18,EP,T3o,UNSELECTED,gray,12,UO/15-18/EP.png,VERIFIED_BY_COLOR_GRID
UO,15-18,EP,93o,UNSELECTED,gray,12,UO/15-18/EP.png,VERIFIED_BY_COLOR_GRID
UO,15-18,EP,83o,UNSELECTED,gray,12,UO/15-18/EP.png,VERIFIED_BY_COLOR_GRID
UO,15-18,EP,73o,UNSELECTED,gray,12,UO/15-18/EP.png,VERIFIED_BY_COLOR_GRID
UO,15-18,EP,63o,UNSELECTED,gray,12,UO/15-18/EP.png,VERIFIED_BY_COLOR_GRID
UO,15-18,EP,53o,UNSELECTED,gray,12,UO/15-18/EP.png,VERIFIED_BY_COLOR_GRID
UO,15-18,EP,43o,UNSELECTED,gray,12,UO/15-18/EP.png,VERIFIED_BY_COLOR_GRID
UO,15-18,EP,33,UNSELECTED,gray,6,UO/15-18/EP.png,VERIFIED_BY_COLOR_GRID
UO,15-18,EP,32s,UNSELECTED,gray,4,UO/15-18/EP.png,VERIFIED_BY_COLOR_GRID
UO,15-18,EP,A2o,UNSELECTED,gray,12,UO/15-18/EP.png,VERIFIED_BY_COLOR_GRID
UO,15-18,EP,K2o,UNSELECTED,gray,12,UO/15-18/EP.png,VERIFIED_BY_COLOR_GRID
UO,15-18,EP,Q2o,UNSELECTED,gray,12,UO/15-18/EP.png,VERIFIED_BY_COLOR_GRID
UO,15-18,EP,J2o,UNSELECTED,gray,12,UO/15-18/EP.png,VERIFIED_BY_COLOR_GRID
UO,15-18,EP,T2o,UNSELECTED,gray,12,UO/15-18/EP.png,VERIFIED_BY_COLOR_GRID
UO,15-18,EP,92o,UNSELECTED,gray,12,UO/15-18/EP.png,VERIFIED_BY_COLOR_GRID
UO,15-18,EP,82o,UNSELECTED,gray,12,UO/15-18/EP.png,VERIFIED_BY_COLOR_GRID
UO,15-18,EP,72o,UNSELECTED,gray,12,UO/15-18/EP.png,VERIFIED_BY_COLOR_GRID
UO,15-18,EP,62o,UNSELECTED,gray,12,UO/15-18/EP.png,VERIFIED_BY_COLOR_GRID
UO,15-18,EP,52o,UNSELECTED,gray,12,UO/15-18/EP.png,VERIFIED_BY_COLOR_GRID
UO,15-18,EP,42o,UNSELECTED,gray,12,UO/15-18/EP.png,VERIFIED_BY_COLOR_GRID
UO,15-18,EP,32o,UNSELECTED,gray,12,UO/15-18/EP.png,VERIFIED_BY_COLOR_GRID
UO,15-18,EP,22,UNSELECTED,gray,6,UO/15-18/EP.png,VERIFIED_BY_COLOR_GRID
UO,15-18,MP,AA,nAI,green,6,UO/15-18/MP.png,VERIFIED_BY_COLOR_GRID
UO,15-18,MP,AKs,AI,purple,4,UO/15-18/MP.png,VERIFIED_BY_COLOR_GRID
UO,15-18,MP,AQs,AI,purple,4,UO/15-18/MP.png,VERIFIED_BY_COLOR_GRID
UO,15-18,MP,AJs,AI,purple,4,UO/15-18/MP.png,VERIFIED_BY_COLOR_GRID
UO,15-18,MP,ATs,AI,purple,4,UO/15-18/MP.png,VERIFIED_BY_COLOR_GRID
UO,15-18,MP,A9s,AI,purple,4,UO/15-18/MP.png,VERIFIED_BY_COLOR_GRID
UO,15-18,MP,A8s,AI,purple,4,UO/15-18/MP.png,VERIFIED_BY_COLOR_GRID
UO,15-18,MP,A7s,LOW_PLAYABILITY,cyan,4,UO/15-18/MP.png,VERIFIED_BY_COLOR_GRID
UO,15-18,MP,A6s,LOW_PLAYABILITY,cyan,4,UO/15-18/MP.png,VERIFIED_BY_COLOR_GRID
UO,15-18,MP,A5s,LOW_PLAYABILITY,cyan,4,UO/15-18/MP.png,VERIFIED_BY_COLOR_GRID
UO,15-18,MP,A4s,UNSELECTED,gray,4,UO/15-18/MP.png,VERIFIED_BY_COLOR_GRID
UO,15-18,MP,A3s,UNSELECTED,gray,4,UO/15-18/MP.png,VERIFIED_BY_COLOR_GRID
UO,15-18,MP,A2s,UNSELECTED,gray,4,UO/15-18/MP.png,VERIFIED_BY_COLOR_GRID
UO,15-18,MP,AKo,AI,purple,12,UO/15-18/MP.png,VERIFIED_BY_COLOR_GRID
UO,15-18,MP,KK,nAI,green,6,UO/15-18/MP.png,VERIFIED_BY_COLOR_GRID
UO,15-18,MP,KQs,AI,purple,4,UO/15-18/MP.png,VERIFIED_BY_COLOR_GRID
UO,15-18,MP,KJs,AI,purple,4,UO/15-18/MP.png,VERIFIED_BY_COLOR_GRID
UO,15-18,MP,KTs,AI,purple,4,UO/15-18/MP.png,VERIFIED_BY_COLOR_GRID
UO,15-18,MP,K9s,UNSELECTED,gray,4,UO/15-18/MP.png,VERIFIED_BY_COLOR_GRID
UO,15-18,MP,K8s,UNSELECTED,gray,4,UO/15-18/MP.png,VERIFIED_BY_COLOR_GRID
UO,15-18,MP,K7s,UNSELECTED,gray,4,UO/15-18/MP.png,VERIFIED_BY_COLOR_GRID
UO,15-18,MP,K6s,UNSELECTED,gray,4,UO/15-18/MP.png,VERIFIED_BY_COLOR_GRID
UO,15-18,MP,K5s,UNSELECTED,gray,4,UO/15-18/MP.png,VERIFIED_BY_COLOR_GRID
UO,15-18,MP,K4s,UNSELECTED,gray,4,UO/15-18/MP.png,VERIFIED_BY_COLOR_GRID
UO,15-18,MP,K3s,UNSELECTED,gray,4,UO/15-18/MP.png,VERIFIED_BY_COLOR_GRID
UO,15-18,MP,K2s,UNSELECTED,gray,4,UO/15-18/MP.png,VERIFIED_BY_COLOR_GRID
UO,15-18,MP,AQo,AI,purple,12,UO/15-18/MP.png,VERIFIED_BY_COLOR_GRID
UO,15-18,MP,KQo,AI,purple,12,UO/15-18/MP.png,VERIFIED_BY_COLOR_GRID
UO,15-18,MP,QQ,nAI,green,6,UO/15-18/MP.png,VERIFIED_BY_COLOR_GRID
UO,15-18,MP,QJs,nAI,green,4,UO/15-18/MP.png,VERIFIED_BY_COLOR_GRID
UO,15-18,MP,QTs,nAI,green,4,UO/15-18/MP.png,VERIFIED_BY_COLOR_GRID
UO,15-18,MP,Q9s,UNSELECTED,gray,4,UO/15-18/MP.png,VERIFIED_BY_COLOR_GRID
UO,15-18,MP,Q8s,UNSELECTED,gray,4,UO/15-18/MP.png,VERIFIED_BY_COLOR_GRID
UO,15-18,MP,Q7s,UNSELECTED,gray,4,UO/15-18/MP.png,VERIFIED_BY_COLOR_GRID
UO,15-18,MP,Q6s,UNSELECTED,gray,4,UO/15-18/MP.png,VERIFIED_BY_COLOR_GRID
UO,15-18,MP,Q5s,UNSELECTED,gray,4,UO/15-18/MP.png,VERIFIED_BY_COLOR_GRID
UO,15-18,MP,Q4s,UNSELECTED,gray,4,UO/15-18/MP.png,VERIFIED_BY_COLOR_GRID
UO,15-18,MP,Q3s,UNSELECTED,gray,4,UO/15-18/MP.png,VERIFIED_BY_COLOR_GRID
UO,15-18,MP,Q2s,UNSELECTED,gray,4,UO/15-18/MP.png,VERIFIED_BY_COLOR_GRID
UO,15-18,MP,AJo,AI,purple,12,UO/15-18/MP.png,VERIFIED_BY_COLOR_GRID
UO,15-18,MP,KJo,nAI,green,12,UO/15-18/MP.png,VERIFIED_BY_COLOR_GRID
UO,15-18,MP,QJo,UNSELECTED,gray,12,UO/15-18/MP.png,VERIFIED_BY_COLOR_GRID
UO,15-18,MP,JJ,nAI,green,6,UO/15-18/MP.png,VERIFIED_BY_COLOR_GRID
UO,15-18,MP,JTs,nAI,green,4,UO/15-18/MP.png,VERIFIED_BY_COLOR_GRID
UO,15-18,MP,J9s,UNSELECTED,gray,4,UO/15-18/MP.png,VERIFIED_BY_COLOR_GRID
UO,15-18,MP,J8s,UNSELECTED,gray,4,UO/15-18/MP.png,VERIFIED_BY_COLOR_GRID
UO,15-18,MP,J7s,UNSELECTED,gray,4,UO/15-18/MP.png,VERIFIED_BY_COLOR_GRID
UO,15-18,MP,J6s,UNSELECTED,gray,4,UO/15-18/MP.png,VERIFIED_BY_COLOR_GRID
UO,15-18,MP,J5s,UNSELECTED,gray,4,UO/15-18/MP.png,VERIFIED_BY_COLOR_GRID
UO,15-18,MP,J4s,UNSELECTED,gray,4,UO/15-18/MP.png,VERIFIED_BY_COLOR_GRID
UO,15-18,MP,J3s,UNSELECTED,gray,4,UO/15-18/MP.png,VERIFIED_BY_COLOR_GRID
UO,15-18,MP,J2s,UNSELECTED,gray,4,UO/15-18/MP.png,VERIFIED_BY_COLOR_GRID
UO,15-18,MP,ATo,nAI,green,12,UO/15-18/MP.png,VERIFIED_BY_COLOR_GRID
UO,15-18,MP,KTo,UNSELECTED,gray,12,UO/15-18/MP.png,VERIFIED_BY_COLOR_GRID
UO,15-18,MP,QTo,UNSELECTED,gray,12,UO/15-18/MP.png,VERIFIED_BY_COLOR_GRID
UO,15-18,MP,JTo,UNSELECTED,gray,12,UO/15-18/MP.png,VERIFIED_BY_COLOR_GRID
UO,15-18,MP,TT,AI,purple,6,UO/15-18/MP.png,VERIFIED_BY_COLOR_GRID
UO,15-18,MP,T9s,UNSELECTED,gray,4,UO/15-18/MP.png,VERIFIED_BY_COLOR_GRID
UO,15-18,MP,T8s,UNSELECTED,gray,4,UO/15-18/MP.png,VERIFIED_BY_COLOR_GRID
UO,15-18,MP,T7s,UNSELECTED,gray,4,UO/15-18/MP.png,VERIFIED_BY_COLOR_GRID
UO,15-18,MP,T6s,UNSELECTED,gray,4,UO/15-18/MP.png,VERIFIED_BY_COLOR_GRID
UO,15-18,MP,T5s,UNSELECTED,gray,4,UO/15-18/MP.png,VERIFIED_BY_COLOR_GRID
UO,15-18,MP,T4s,UNSELECTED,gray,4,UO/15-18/MP.png,VERIFIED_BY_COLOR_GRID
UO,15-18,MP,T3s,UNSELECTED,gray,4,UO/15-18/MP.png,VERIFIED_BY_COLOR_GRID
UO,15-18,MP,T2s,UNSELECTED,gray,4,UO/15-18/MP.png,VERIFIED_BY_COLOR_GRID
UO,15-18,MP,A9o,UNSELECTED,gray,12,UO/15-18/MP.png,VERIFIED_BY_COLOR_GRID
UO,15-18,MP,K9o,UNSELECTED,gray,12,UO/15-18/MP.png,VERIFIED_BY_COLOR_GRID
UO,15-18,MP,Q9o,UNSELECTED,gray,12,UO/15-18/MP.png,VERIFIED_BY_COLOR_GRID
UO,15-18,MP,J9o,UNSELECTED,gray,12,UO/15-18/MP.png,VERIFIED_BY_COLOR_GRID
UO,15-18,MP,T9o,UNSELECTED,gray,12,UO/15-18/MP.png,VERIFIED_BY_COLOR_GRID
UO,15-18,MP,99,AI,purple,6,UO/15-18/MP.png,VERIFIED_BY_COLOR_GRID
UO,15-18,MP,98s,UNSELECTED,gray,4,UO/15-18/MP.png,VERIFIED_BY_COLOR_GRID
UO,15-18,MP,97s,UNSELECTED,gray,4,UO/15-18/MP.png,VERIFIED_BY_COLOR_GRID
UO,15-18,MP,96s,UNSELECTED,gray,4,UO/15-18/MP.png,VERIFIED_BY_COLOR_GRID
UO,15-18,MP,95s,UNSELECTED,gray,4,UO/15-18/MP.png,VERIFIED_BY_COLOR_GRID
UO,15-18,MP,94s,UNSELECTED,gray,4,UO/15-18/MP.png,VERIFIED_BY_COLOR_GRID
UO,15-18,MP,93s,UNSELECTED,gray,4,UO/15-18/MP.png,VERIFIED_BY_COLOR_GRID
UO,15-18,MP,92s,UNSELECTED,gray,4,UO/15-18/MP.png,VERIFIED_BY_COLOR_GRID
UO,15-18,MP,A8o,UNSELECTED,gray,12,UO/15-18/MP.png,VERIFIED_BY_COLOR_GRID
UO,15-18,MP,K8o,UNSELECTED,gray,12,UO/15-18/MP.png,VERIFIED_BY_COLOR_GRID
UO,15-18,MP,Q8o,UNSELECTED,gray,12,UO/15-18/MP.png,VERIFIED_BY_COLOR_GRID
UO,15-18,MP,J8o,UNSELECTED,gray,12,UO/15-18/MP.png,VERIFIED_BY_COLOR_GRID
UO,15-18,MP,T8o,UNSELECTED,gray,12,UO/15-18/MP.png,VERIFIED_BY_COLOR_GRID
UO,15-18,MP,98o,UNSELECTED,gray,12,UO/15-18/MP.png,VERIFIED_BY_COLOR_GRID
UO,15-18,MP,88,AI,purple,6,UO/15-18/MP.png,VERIFIED_BY_COLOR_GRID
UO,15-18,MP,87s,UNSELECTED,gray,4,UO/15-18/MP.png,VERIFIED_BY_COLOR_GRID
UO,15-18,MP,86s,UNSELECTED,gray,4,UO/15-18/MP.png,VERIFIED_BY_COLOR_GRID
UO,15-18,MP,85s,UNSELECTED,gray,4,UO/15-18/MP.png,VERIFIED_BY_COLOR_GRID
UO,15-18,MP,84s,UNSELECTED,gray,4,UO/15-18/MP.png,VERIFIED_BY_COLOR_GRID
UO,15-18,MP,83s,UNSELECTED,gray,4,UO/15-18/MP.png,VERIFIED_BY_COLOR_GRID
UO,15-18,MP,82s,UNSELECTED,gray,4,UO/15-18/MP.png,VERIFIED_BY_COLOR_GRID
UO,15-18,MP,A7o,UNSELECTED,gray,12,UO/15-18/MP.png,VERIFIED_BY_COLOR_GRID
UO,15-18,MP,K7o,UNSELECTED,gray,12,UO/15-18/MP.png,VERIFIED_BY_COLOR_GRID
UO,15-18,MP,Q7o,UNSELECTED,gray,12,UO/15-18/MP.png,VERIFIED_BY_COLOR_GRID
UO,15-18,MP,J7o,UNSELECTED,gray,12,UO/15-18/MP.png,VERIFIED_BY_COLOR_GRID
UO,15-18,MP,T7o,UNSELECTED,gray,12,UO/15-18/MP.png,VERIFIED_BY_COLOR_GRID
UO,15-18,MP,97o,UNSELECTED,gray,12,UO/15-18/MP.png,VERIFIED_BY_COLOR_GRID
UO,15-18,MP,87o,UNSELECTED,gray,12,UO/15-18/MP.png,VERIFIED_BY_COLOR_GRID
UO,15-18,MP,77,AI,purple,6,UO/15-18/MP.png,VERIFIED_BY_COLOR_GRID
UO,15-18,MP,76s,UNSELECTED,gray,4,UO/15-18/MP.png,VERIFIED_BY_COLOR_GRID
UO,15-18,MP,75s,UNSELECTED,gray,4,UO/15-18/MP.png,VERIFIED_BY_COLOR_GRID
UO,15-18,MP,74s,UNSELECTED,gray,4,UO/15-18/MP.png,VERIFIED_BY_COLOR_GRID
UO,15-18,MP,73s,UNSELECTED,gray,4,UO/15-18/MP.png,VERIFIED_BY_COLOR_GRID
UO,15-18,MP,72s,UNSELECTED,gray,4,UO/15-18/MP.png,VERIFIED_BY_COLOR_GRID
UO,15-18,MP,A6o,UNSELECTED,gray,12,UO/15-18/MP.png,VERIFIED_BY_COLOR_GRID
UO,15-18,MP,K6o,UNSELECTED,gray,12,UO/15-18/MP.png,VERIFIED_BY_COLOR_GRID
UO,15-18,MP,Q6o,UNSELECTED,gray,12,UO/15-18/MP.png,VERIFIED_BY_COLOR_GRID
UO,15-18,MP,J6o,UNSELECTED,gray,12,UO/15-18/MP.png,VERIFIED_BY_COLOR_GRID
UO,15-18,MP,T6o,UNSELECTED,gray,12,UO/15-18/MP.png,VERIFIED_BY_COLOR_GRID
UO,15-18,MP,96o,UNSELECTED,gray,12,UO/15-18/MP.png,VERIFIED_BY_COLOR_GRID
UO,15-18,MP,86o,UNSELECTED,gray,12,UO/15-18/MP.png,VERIFIED_BY_COLOR_GRID
UO,15-18,MP,76o,UNSELECTED,gray,12,UO/15-18/MP.png,VERIFIED_BY_COLOR_GRID
UO,15-18,MP,66,AI,purple,6,UO/15-18/MP.png,VERIFIED_BY_COLOR_GRID
UO,15-18,MP,65s,UNSELECTED,gray,4,UO/15-18/MP.png,VERIFIED_BY_COLOR_GRID
UO,15-18,MP,64s,UNSELECTED,gray,4,UO/15-18/MP.png,VERIFIED_BY_COLOR_GRID
UO,15-18,MP,63s,UNSELECTED,gray,4,UO/15-18/MP.png,VERIFIED_BY_COLOR_GRID
UO,15-18,MP,62s,UNSELECTED,gray,4,UO/15-18/MP.png,VERIFIED_BY_COLOR_GRID
UO,15-18,MP,A5o,UNSELECTED,gray,12,UO/15-18/MP.png,VERIFIED_BY_COLOR_GRID
UO,15-18,MP,K5o,UNSELECTED,gray,12,UO/15-18/MP.png,VERIFIED_BY_COLOR_GRID
UO,15-18,MP,Q5o,UNSELECTED,gray,12,UO/15-18/MP.png,VERIFIED_BY_COLOR_GRID
UO,15-18,MP,J5o,UNSELECTED,gray,12,UO/15-18/MP.png,VERIFIED_BY_COLOR_GRID
UO,15-18,MP,T5o,UNSELECTED,gray,12,UO/15-18/MP.png,VERIFIED_BY_COLOR_GRID
UO,15-18,MP,95o,UNSELECTED,gray,12,UO/15-18/MP.png,VERIFIED_BY_COLOR_GRID
UO,15-18,MP,85o,UNSELECTED,gray,12,UO/15-18/MP.png,VERIFIED_BY_COLOR_GRID
UO,15-18,MP,75o,UNSELECTED,gray,12,UO/15-18/MP.png,VERIFIED_BY_COLOR_GRID
UO,15-18,MP,65o,UNSELECTED,gray,12,UO/15-18/MP.png,VERIFIED_BY_COLOR_GRID
UO,15-18,MP,55,AI,purple,6,UO/15-18/MP.png,VERIFIED_BY_COLOR_GRID
UO,15-18,MP,54s,UNSELECTED,gray,4,UO/15-18/MP.png,VERIFIED_BY_COLOR_GRID
UO,15-18,MP,53s,UNSELECTED,gray,4,UO/15-18/MP.png,VERIFIED_BY_COLOR_GRID
UO,15-18,MP,52s,UNSELECTED,gray,4,UO/15-18/MP.png,VERIFIED_BY_COLOR_GRID
UO,15-18,MP,A4o,UNSELECTED,gray,12,UO/15-18/MP.png,VERIFIED_BY_COLOR_GRID
UO,15-18,MP,K4o,UNSELECTED,gray,12,UO/15-18/MP.png,VERIFIED_BY_COLOR_GRID
UO,15-18,MP,Q4o,UNSELECTED,gray,12,UO/15-18/MP.png,VERIFIED_BY_COLOR_GRID
UO,15-18,MP,J4o,UNSELECTED,gray,12,UO/15-18/MP.png,VERIFIED_BY_COLOR_GRID
UO,15-18,MP,T4o,UNSELECTED,gray,12,UO/15-18/MP.png,VERIFIED_BY_COLOR_GRID
UO,15-18,MP,94o,UNSELECTED,gray,12,UO/15-18/MP.png,VERIFIED_BY_COLOR_GRID
UO,15-18,MP,84o,UNSELECTED,gray,12,UO/15-18/MP.png,VERIFIED_BY_COLOR_GRID
UO,15-18,MP,74o,UNSELECTED,gray,12,UO/15-18/MP.png,VERIFIED_BY_COLOR_GRID
UO,15-18,MP,64o,UNSELECTED,gray,12,UO/15-18/MP.png,VERIFIED_BY_COLOR_GRID
UO,15-18,MP,54o,UNSELECTED,gray,12,UO/15-18/MP.png,VERIFIED_BY_COLOR_GRID
UO,15-18,MP,44,LOW_PLAYABILITY,cyan,6,UO/15-18/MP.png,VERIFIED_BY_COLOR_GRID
UO,15-18,MP,43s,UNSELECTED,gray,4,UO/15-18/MP.png,VERIFIED_BY_COLOR_GRID
UO,15-18,MP,42s,UNSELECTED,gray,4,UO/15-18/MP.png,VERIFIED_BY_COLOR_GRID
UO,15-18,MP,A3o,UNSELECTED,gray,12,UO/15-18/MP.png,VERIFIED_BY_COLOR_GRID
UO,15-18,MP,K3o,UNSELECTED,gray,12,UO/15-18/MP.png,VERIFIED_BY_COLOR_GRID
UO,15-18,MP,Q3o,UNSELECTED,gray,12,UO/15-18/MP.png,VERIFIED_BY_COLOR_GRID
UO,15-18,MP,J3o,UNSELECTED,gray,12,UO/15-18/MP.png,VERIFIED_BY_COLOR_GRID
UO,15-18,MP,T3o,UNSELECTED,gray,12,UO/15-18/MP.png,VERIFIED_BY_COLOR_GRID
UO,15-18,MP,93o,UNSELECTED,gray,12,UO/15-18/MP.png,VERIFIED_BY_COLOR_GRID
UO,15-18,MP,83o,UNSELECTED,gray,12,UO/15-18/MP.png,VERIFIED_BY_COLOR_GRID
UO,15-18,MP,73o,UNSELECTED,gray,12,UO/15-18/MP.png,VERIFIED_BY_COLOR_GRID
UO,15-18,MP,63o,UNSELECTED,gray,12,UO/15-18/MP.png,VERIFIED_BY_COLOR_GRID
UO,15-18,MP,53o,UNSELECTED,gray,12,UO/15-18/MP.png,VERIFIED_BY_COLOR_GRID
UO,15-18,MP,43o,UNSELECTED,gray,12,UO/15-18/MP.png,VERIFIED_BY_COLOR_GRID
UO,15-18,MP,33,LOW_PLAYABILITY,cyan,6,UO/15-18/MP.png,VERIFIED_BY_COLOR_GRID
UO,15-18,MP,32s,UNSELECTED,gray,4,UO/15-18/MP.png,VERIFIED_BY_COLOR_GRID
UO,15-18,MP,A2o,UNSELECTED,gray,12,UO/15-18/MP.png,VERIFIED_BY_COLOR_GRID
UO,15-18,MP,K2o,UNSELECTED,gray,12,UO/15-18/MP.png,VERIFIED_BY_COLOR_GRID
UO,15-18,MP,Q2o,UNSELECTED,gray,12,UO/15-18/MP.png,VERIFIED_BY_COLOR_GRID
UO,15-18,MP,J2o,UNSELECTED,gray,12,UO/15-18/MP.png,VERIFIED_BY_COLOR_GRID
UO,15-18,MP,T2o,UNSELECTED,gray,12,UO/15-18/MP.png,VERIFIED_BY_COLOR_GRID
UO,15-18,MP,92o,UNSELECTED,gray,12,UO/15-18/MP.png,VERIFIED_BY_COLOR_GRID
UO,15-18,MP,82o,UNSELECTED,gray,12,UO/15-18/MP.png,VERIFIED_BY_COLOR_GRID
UO,15-18,MP,72o,UNSELECTED,gray,12,UO/15-18/MP.png,VERIFIED_BY_COLOR_GRID
UO,15-18,MP,62o,UNSELECTED,gray,12,UO/15-18/MP.png,VERIFIED_BY_COLOR_GRID
UO,15-18,MP,52o,UNSELECTED,gray,12,UO/15-18/MP.png,VERIFIED_BY_COLOR_GRID
UO,15-18,MP,42o,UNSELECTED,gray,12,UO/15-18/MP.png,VERIFIED_BY_COLOR_GRID
UO,15-18,MP,32o,UNSELECTED,gray,12,UO/15-18/MP.png,VERIFIED_BY_COLOR_GRID
UO,15-18,MP,22,LOW_PLAYABILITY,cyan,6,UO/15-18/MP.png,VERIFIED_BY_COLOR_GRID
UO,15-18,LJ,AA,nAI,green,6,UO/15-18/LJ.png,VERIFIED_BY_COLOR_GRID
UO,15-18,LJ,AKs,nAI,green,4,UO/15-18/LJ.png,VERIFIED_BY_COLOR_GRID
UO,15-18,LJ,AQs,AI,purple,4,UO/15-18/LJ.png,VERIFIED_BY_COLOR_GRID
UO,15-18,LJ,AJs,AI,purple,4,UO/15-18/LJ.png,VERIFIED_BY_COLOR_GRID
UO,15-18,LJ,ATs,AI,purple,4,UO/15-18/LJ.png,VERIFIED_BY_COLOR_GRID
UO,15-18,LJ,A9s,AI,purple,4,UO/15-18/LJ.png,VERIFIED_BY_COLOR_GRID
UO,15-18,LJ,A8s,AI,purple,4,UO/15-18/LJ.png,VERIFIED_BY_COLOR_GRID
UO,15-18,LJ,A7s,AI,purple,4,UO/15-18/LJ.png,VERIFIED_BY_COLOR_GRID
UO,15-18,LJ,A6s,AI,purple,4,UO/15-18/LJ.png,VERIFIED_BY_COLOR_GRID
UO,15-18,LJ,A5s,AI,purple,4,UO/15-18/LJ.png,VERIFIED_BY_COLOR_GRID
UO,15-18,LJ,A4s,AI,purple,4,UO/15-18/LJ.png,VERIFIED_BY_COLOR_GRID
UO,15-18,LJ,A3s,LOW_PLAYABILITY,cyan,4,UO/15-18/LJ.png,VERIFIED_BY_COLOR_GRID
UO,15-18,LJ,A2s,LOW_PLAYABILITY,cyan,4,UO/15-18/LJ.png,VERIFIED_BY_COLOR_GRID
UO,15-18,LJ,AKo,nAI,green,12,UO/15-18/LJ.png,VERIFIED_BY_COLOR_GRID
UO,15-18,LJ,KK,nAI,green,6,UO/15-18/LJ.png,VERIFIED_BY_COLOR_GRID
UO,15-18,LJ,KQs,AI,purple,4,UO/15-18/LJ.png,VERIFIED_BY_COLOR_GRID
UO,15-18,LJ,KJs,AI,purple,4,UO/15-18/LJ.png,VERIFIED_BY_COLOR_GRID
UO,15-18,LJ,KTs,AI,purple,4,UO/15-18/LJ.png,VERIFIED_BY_COLOR_GRID
UO,15-18,LJ,K9s,UNSELECTED,gray,4,UO/15-18/LJ.png,VERIFIED_BY_COLOR_GRID
UO,15-18,LJ,K8s,UNSELECTED,gray,4,UO/15-18/LJ.png,VERIFIED_BY_COLOR_GRID
UO,15-18,LJ,K7s,UNSELECTED,gray,4,UO/15-18/LJ.png,VERIFIED_BY_COLOR_GRID
UO,15-18,LJ,K6s,UNSELECTED,gray,4,UO/15-18/LJ.png,VERIFIED_BY_COLOR_GRID
UO,15-18,LJ,K5s,UNSELECTED,gray,4,UO/15-18/LJ.png,VERIFIED_BY_COLOR_GRID
UO,15-18,LJ,K4s,UNSELECTED,gray,4,UO/15-18/LJ.png,VERIFIED_BY_COLOR_GRID
UO,15-18,LJ,K3s,UNSELECTED,gray,4,UO/15-18/LJ.png,VERIFIED_BY_COLOR_GRID
UO,15-18,LJ,K2s,UNSELECTED,gray,4,UO/15-18/LJ.png,VERIFIED_BY_COLOR_GRID
UO,15-18,LJ,AQo,AI,purple,12,UO/15-18/LJ.png,VERIFIED_BY_COLOR_GRID
UO,15-18,LJ,KQo,AI,purple,12,UO/15-18/LJ.png,VERIFIED_BY_COLOR_GRID
UO,15-18,LJ,QQ,nAI,green,6,UO/15-18/LJ.png,VERIFIED_BY_COLOR_GRID
UO,15-18,LJ,QJs,nAI,green,4,UO/15-18/LJ.png,VERIFIED_BY_COLOR_GRID
UO,15-18,LJ,QTs,nAI,green,4,UO/15-18/LJ.png,VERIFIED_BY_COLOR_GRID
UO,15-18,LJ,Q9s,UNSELECTED,gray,4,UO/15-18/LJ.png,VERIFIED_BY_COLOR_GRID
UO,15-18,LJ,Q8s,UNSELECTED,gray,4,UO/15-18/LJ.png,VERIFIED_BY_COLOR_GRID
UO,15-18,LJ,Q7s,UNSELECTED,gray,4,UO/15-18/LJ.png,VERIFIED_BY_COLOR_GRID
UO,15-18,LJ,Q6s,UNSELECTED,gray,4,UO/15-18/LJ.png,VERIFIED_BY_COLOR_GRID
UO,15-18,LJ,Q5s,UNSELECTED,gray,4,UO/15-18/LJ.png,VERIFIED_BY_COLOR_GRID
UO,15-18,LJ,Q4s,UNSELECTED,gray,4,UO/15-18/LJ.png,VERIFIED_BY_COLOR_GRID
UO,15-18,LJ,Q3s,UNSELECTED,gray,4,UO/15-18/LJ.png,VERIFIED_BY_COLOR_GRID
UO,15-18,LJ,Q2s,UNSELECTED,gray,4,UO/15-18/LJ.png,VERIFIED_BY_COLOR_GRID
UO,15-18,LJ,AJo,AI,purple,12,UO/15-18/LJ.png,VERIFIED_BY_COLOR_GRID
UO,15-18,LJ,KJo,nAI,green,12,UO/15-18/LJ.png,VERIFIED_BY_COLOR_GRID
UO,15-18,LJ,QJo,UNSELECTED,gray,12,UO/15-18/LJ.png,VERIFIED_BY_COLOR_GRID
UO,15-18,LJ,JJ,nAI,green,6,UO/15-18/LJ.png,VERIFIED_BY_COLOR_GRID
UO,15-18,LJ,JTs,nAI,green,4,UO/15-18/LJ.png,VERIFIED_BY_COLOR_GRID
UO,15-18,LJ,J9s,UNSELECTED,gray,4,UO/15-18/LJ.png,VERIFIED_BY_COLOR_GRID
UO,15-18,LJ,J8s,UNSELECTED,gray,4,UO/15-18/LJ.png,VERIFIED_BY_COLOR_GRID
UO,15-18,LJ,J7s,UNSELECTED,gray,4,UO/15-18/LJ.png,VERIFIED_BY_COLOR_GRID
UO,15-18,LJ,J6s,UNSELECTED,gray,4,UO/15-18/LJ.png,VERIFIED_BY_COLOR_GRID
UO,15-18,LJ,J5s,UNSELECTED,gray,4,UO/15-18/LJ.png,VERIFIED_BY_COLOR_GRID
UO,15-18,LJ,J4s,UNSELECTED,gray,4,UO/15-18/LJ.png,VERIFIED_BY_COLOR_GRID
UO,15-18,LJ,J3s,UNSELECTED,gray,4,UO/15-18/LJ.png,VERIFIED_BY_COLOR_GRID
UO,15-18,LJ,J2s,UNSELECTED,gray,4,UO/15-18/LJ.png,VERIFIED_BY_COLOR_GRID
UO,15-18,LJ,ATo,AI,purple,12,UO/15-18/LJ.png,VERIFIED_BY_COLOR_GRID
UO,15-18,LJ,KTo,nAI,green,12,UO/15-18/LJ.png,VERIFIED_BY_COLOR_GRID
UO,15-18,LJ,QTo,UNSELECTED,gray,12,UO/15-18/LJ.png,VERIFIED_BY_COLOR_GRID
UO,15-18,LJ,JTo,UNSELECTED,gray,12,UO/15-18/LJ.png,VERIFIED_BY_COLOR_GRID
UO,15-18,LJ,TT,AI,purple,6,UO/15-18/LJ.png,VERIFIED_BY_COLOR_GRID
UO,15-18,LJ,T9s,UNSELECTED,gray,4,UO/15-18/LJ.png,VERIFIED_BY_COLOR_GRID
UO,15-18,LJ,T8s,UNSELECTED,gray,4,UO/15-18/LJ.png,VERIFIED_BY_COLOR_GRID
UO,15-18,LJ,T7s,UNSELECTED,gray,4,UO/15-18/LJ.png,VERIFIED_BY_COLOR_GRID
UO,15-18,LJ,T6s,UNSELECTED,gray,4,UO/15-18/LJ.png,VERIFIED_BY_COLOR_GRID
UO,15-18,LJ,T5s,UNSELECTED,gray,4,UO/15-18/LJ.png,VERIFIED_BY_COLOR_GRID
UO,15-18,LJ,T4s,UNSELECTED,gray,4,UO/15-18/LJ.png,VERIFIED_BY_COLOR_GRID
UO,15-18,LJ,T3s,UNSELECTED,gray,4,UO/15-18/LJ.png,VERIFIED_BY_COLOR_GRID
UO,15-18,LJ,T2s,UNSELECTED,gray,4,UO/15-18/LJ.png,VERIFIED_BY_COLOR_GRID
UO,15-18,LJ,A9o,nAI,green,12,UO/15-18/LJ.png,VERIFIED_BY_COLOR_GRID
UO,15-18,LJ,K9o,UNSELECTED,gray,12,UO/15-18/LJ.png,VERIFIED_BY_COLOR_GRID
UO,15-18,LJ,Q9o,UNSELECTED,gray,12,UO/15-18/LJ.png,VERIFIED_BY_COLOR_GRID
UO,15-18,LJ,J9o,UNSELECTED,gray,12,UO/15-18/LJ.png,VERIFIED_BY_COLOR_GRID
UO,15-18,LJ,T9o,UNSELECTED,gray,12,UO/15-18/LJ.png,VERIFIED_BY_COLOR_GRID
UO,15-18,LJ,99,AI,purple,6,UO/15-18/LJ.png,VERIFIED_BY_COLOR_GRID
UO,15-18,LJ,98s,UNSELECTED,gray,4,UO/15-18/LJ.png,VERIFIED_BY_COLOR_GRID
UO,15-18,LJ,97s,UNSELECTED,gray,4,UO/15-18/LJ.png,VERIFIED_BY_COLOR_GRID
UO,15-18,LJ,96s,UNSELECTED,gray,4,UO/15-18/LJ.png,VERIFIED_BY_COLOR_GRID
UO,15-18,LJ,95s,UNSELECTED,gray,4,UO/15-18/LJ.png,VERIFIED_BY_COLOR_GRID
UO,15-18,LJ,94s,UNSELECTED,gray,4,UO/15-18/LJ.png,VERIFIED_BY_COLOR_GRID
UO,15-18,LJ,93s,UNSELECTED,gray,4,UO/15-18/LJ.png,VERIFIED_BY_COLOR_GRID
UO,15-18,LJ,92s,UNSELECTED,gray,4,UO/15-18/LJ.png,VERIFIED_BY_COLOR_GRID
UO,15-18,LJ,A8o,nAI,green,12,UO/15-18/LJ.png,VERIFIED_BY_COLOR_GRID
UO,15-18,LJ,K8o,UNSELECTED,gray,12,UO/15-18/LJ.png,VERIFIED_BY_COLOR_GRID
UO,15-18,LJ,Q8o,UNSELECTED,gray,12,UO/15-18/LJ.png,VERIFIED_BY_COLOR_GRID
UO,15-18,LJ,J8o,UNSELECTED,gray,12,UO/15-18/LJ.png,VERIFIED_BY_COLOR_GRID
UO,15-18,LJ,T8o,UNSELECTED,gray,12,UO/15-18/LJ.png,VERIFIED_BY_COLOR_GRID
UO,15-18,LJ,98o,UNSELECTED,gray,12,UO/15-18/LJ.png,VERIFIED_BY_COLOR_GRID
UO,15-18,LJ,88,AI,purple,6,UO/15-18/LJ.png,VERIFIED_BY_COLOR_GRID
UO,15-18,LJ,87s,UNSELECTED,gray,4,UO/15-18/LJ.png,VERIFIED_BY_COLOR_GRID
UO,15-18,LJ,86s,UNSELECTED,gray,4,UO/15-18/LJ.png,VERIFIED_BY_COLOR_GRID
UO,15-18,LJ,85s,UNSELECTED,gray,4,UO/15-18/LJ.png,VERIFIED_BY_COLOR_GRID
UO,15-18,LJ,84s,UNSELECTED,gray,4,UO/15-18/LJ.png,VERIFIED_BY_COLOR_GRID
UO,15-18,LJ,83s,UNSELECTED,gray,4,UO/15-18/LJ.png,VERIFIED_BY_COLOR_GRID
UO,15-18,LJ,82s,UNSELECTED,gray,4,UO/15-18/LJ.png,VERIFIED_BY_COLOR_GRID
UO,15-18,LJ,A7o,UNSELECTED,gray,12,UO/15-18/LJ.png,VERIFIED_BY_COLOR_GRID
UO,15-18,LJ,K7o,UNSELECTED,gray,12,UO/15-18/LJ.png,VERIFIED_BY_COLOR_GRID
UO,15-18,LJ,Q7o,UNSELECTED,gray,12,UO/15-18/LJ.png,VERIFIED_BY_COLOR_GRID
UO,15-18,LJ,J7o,UNSELECTED,gray,12,UO/15-18/LJ.png,VERIFIED_BY_COLOR_GRID
UO,15-18,LJ,T7o,UNSELECTED,gray,12,UO/15-18/LJ.png,VERIFIED_BY_COLOR_GRID
UO,15-18,LJ,97o,UNSELECTED,gray,12,UO/15-18/LJ.png,VERIFIED_BY_COLOR_GRID
UO,15-18,LJ,87o,UNSELECTED,gray,12,UO/15-18/LJ.png,VERIFIED_BY_COLOR_GRID
UO,15-18,LJ,77,AI,purple,6,UO/15-18/LJ.png,VERIFIED_BY_COLOR_GRID
UO,15-18,LJ,76s,UNSELECTED,gray,4,UO/15-18/LJ.png,VERIFIED_BY_COLOR_GRID
UO,15-18,LJ,75s,UNSELECTED,gray,4,UO/15-18/LJ.png,VERIFIED_BY_COLOR_GRID
UO,15-18,LJ,74s,UNSELECTED,gray,4,UO/15-18/LJ.png,VERIFIED_BY_COLOR_GRID
UO,15-18,LJ,73s,UNSELECTED,gray,4,UO/15-18/LJ.png,VERIFIED_BY_COLOR_GRID
UO,15-18,LJ,72s,UNSELECTED,gray,4,UO/15-18/LJ.png,VERIFIED_BY_COLOR_GRID
UO,15-18,LJ,A6o,UNSELECTED,gray,12,UO/15-18/LJ.png,VERIFIED_BY_COLOR_GRID
UO,15-18,LJ,K6o,UNSELECTED,gray,12,UO/15-18/LJ.png,VERIFIED_BY_COLOR_GRID
UO,15-18,LJ,Q6o,UNSELECTED,gray,12,UO/15-18/LJ.png,VERIFIED_BY_COLOR_GRID
UO,15-18,LJ,J6o,UNSELECTED,gray,12,UO/15-18/LJ.png,VERIFIED_BY_COLOR_GRID
UO,15-18,LJ,T6o,UNSELECTED,gray,12,UO/15-18/LJ.png,VERIFIED_BY_COLOR_GRID
UO,15-18,LJ,96o,UNSELECTED,gray,12,UO/15-18/LJ.png,VERIFIED_BY_COLOR_GRID
UO,15-18,LJ,86o,UNSELECTED,gray,12,UO/15-18/LJ.png,VERIFIED_BY_COLOR_GRID
UO,15-18,LJ,76o,UNSELECTED,gray,12,UO/15-18/LJ.png,VERIFIED_BY_COLOR_GRID
UO,15-18,LJ,66,AI,purple,6,UO/15-18/LJ.png,VERIFIED_BY_COLOR_GRID
UO,15-18,LJ,65s,UNSELECTED,gray,4,UO/15-18/LJ.png,VERIFIED_BY_COLOR_GRID
UO,15-18,LJ,64s,UNSELECTED,gray,4,UO/15-18/LJ.png,VERIFIED_BY_COLOR_GRID
UO,15-18,LJ,63s,UNSELECTED,gray,4,UO/15-18/LJ.png,VERIFIED_BY_COLOR_GRID
UO,15-18,LJ,62s,UNSELECTED,gray,4,UO/15-18/LJ.png,VERIFIED_BY_COLOR_GRID
UO,15-18,LJ,A5o,UNSELECTED,gray,12,UO/15-18/LJ.png,VERIFIED_BY_COLOR_GRID
UO,15-18,LJ,K5o,UNSELECTED,gray,12,UO/15-18/LJ.png,VERIFIED_BY_COLOR_GRID
UO,15-18,LJ,Q5o,UNSELECTED,gray,12,UO/15-18/LJ.png,VERIFIED_BY_COLOR_GRID
UO,15-18,LJ,J5o,UNSELECTED,gray,12,UO/15-18/LJ.png,VERIFIED_BY_COLOR_GRID
UO,15-18,LJ,T5o,UNSELECTED,gray,12,UO/15-18/LJ.png,VERIFIED_BY_COLOR_GRID
UO,15-18,LJ,95o,UNSELECTED,gray,12,UO/15-18/LJ.png,VERIFIED_BY_COLOR_GRID
UO,15-18,LJ,85o,UNSELECTED,gray,12,UO/15-18/LJ.png,VERIFIED_BY_COLOR_GRID
UO,15-18,LJ,75o,UNSELECTED,gray,12,UO/15-18/LJ.png,VERIFIED_BY_COLOR_GRID
UO,15-18,LJ,65o,UNSELECTED,gray,12,UO/15-18/LJ.png,VERIFIED_BY_COLOR_GRID
UO,15-18,LJ,55,AI,purple,6,UO/15-18/LJ.png,VERIFIED_BY_COLOR_GRID
UO,15-18,LJ,54s,UNSELECTED,gray,4,UO/15-18/LJ.png,VERIFIED_BY_COLOR_GRID
UO,15-18,LJ,53s,UNSELECTED,gray,4,UO/15-18/LJ.png,VERIFIED_BY_COLOR_GRID
UO,15-18,LJ,52s,UNSELECTED,gray,4,UO/15-18/LJ.png,VERIFIED_BY_COLOR_GRID
UO,15-18,LJ,A4o,UNSELECTED,gray,12,UO/15-18/LJ.png,VERIFIED_BY_COLOR_GRID
UO,15-18,LJ,K4o,UNSELECTED,gray,12,UO/15-18/LJ.png,VERIFIED_BY_COLOR_GRID
UO,15-18,LJ,Q4o,UNSELECTED,gray,12,UO/15-18/LJ.png,VERIFIED_BY_COLOR_GRID
UO,15-18,LJ,J4o,UNSELECTED,gray,12,UO/15-18/LJ.png,VERIFIED_BY_COLOR_GRID
UO,15-18,LJ,T4o,UNSELECTED,gray,12,UO/15-18/LJ.png,VERIFIED_BY_COLOR_GRID
UO,15-18,LJ,94o,UNSELECTED,gray,12,UO/15-18/LJ.png,VERIFIED_BY_COLOR_GRID
UO,15-18,LJ,84o,UNSELECTED,gray,12,UO/15-18/LJ.png,VERIFIED_BY_COLOR_GRID
UO,15-18,LJ,74o,UNSELECTED,gray,12,UO/15-18/LJ.png,VERIFIED_BY_COLOR_GRID
UO,15-18,LJ,64o,UNSELECTED,gray,12,UO/15-18/LJ.png,VERIFIED_BY_COLOR_GRID
UO,15-18,LJ,54o,UNSELECTED,gray,12,UO/15-18/LJ.png,VERIFIED_BY_COLOR_GRID
UO,15-18,LJ,44,AI,purple,6,UO/15-18/LJ.png,VERIFIED_BY_COLOR_GRID
UO,15-18,LJ,43s,UNSELECTED,gray,4,UO/15-18/LJ.png,VERIFIED_BY_COLOR_GRID
UO,15-18,LJ,42s,UNSELECTED,gray,4,UO/15-18/LJ.png,VERIFIED_BY_COLOR_GRID
UO,15-18,LJ,A3o,UNSELECTED,gray,12,UO/15-18/LJ.png,VERIFIED_BY_COLOR_GRID
UO,15-18,LJ,K3o,UNSELECTED,gray,12,UO/15-18/LJ.png,VERIFIED_BY_COLOR_GRID
UO,15-18,LJ,Q3o,UNSELECTED,gray,12,UO/15-18/LJ.png,VERIFIED_BY_COLOR_GRID
UO,15-18,LJ,J3o,UNSELECTED,gray,12,UO/15-18/LJ.png,VERIFIED_BY_COLOR_GRID
UO,15-18,LJ,T3o,UNSELECTED,gray,12,UO/15-18/LJ.png,VERIFIED_BY_COLOR_GRID
UO,15-18,LJ,93o,UNSELECTED,gray,12,UO/15-18/LJ.png,VERIFIED_BY_COLOR_GRID
UO,15-18,LJ,83o,UNSELECTED,gray,12,UO/15-18/LJ.png,VERIFIED_BY_COLOR_GRID
UO,15-18,LJ,73o,UNSELECTED,gray,12,UO/15-18/LJ.png,VERIFIED_BY_COLOR_GRID
UO,15-18,LJ,63o,UNSELECTED,gray,12,UO/15-18/LJ.png,VERIFIED_BY_COLOR_GRID
UO,15-18,LJ,53o,UNSELECTED,gray,12,UO/15-18/LJ.png,VERIFIED_BY_COLOR_GRID
UO,15-18,LJ,43o,UNSELECTED,gray,12,UO/15-18/LJ.png,VERIFIED_BY_COLOR_GRID
UO,15-18,LJ,33,LOW_PLAYABILITY,cyan,6,UO/15-18/LJ.png,VERIFIED_BY_COLOR_GRID
UO,15-18,LJ,32s,UNSELECTED,gray,4,UO/15-18/LJ.png,VERIFIED_BY_COLOR_GRID
UO,15-18,LJ,A2o,UNSELECTED,gray,12,UO/15-18/LJ.png,VERIFIED_BY_COLOR_GRID
UO,15-18,LJ,K2o,UNSELECTED,gray,12,UO/15-18/LJ.png,VERIFIED_BY_COLOR_GRID
UO,15-18,LJ,Q2o,UNSELECTED,gray,12,UO/15-18/LJ.png,VERIFIED_BY_COLOR_GRID
UO,15-18,LJ,J2o,UNSELECTED,gray,12,UO/15-18/LJ.png,VERIFIED_BY_COLOR_GRID
UO,15-18,LJ,T2o,UNSELECTED,gray,12,UO/15-18/LJ.png,VERIFIED_BY_COLOR_GRID
UO,15-18,LJ,92o,UNSELECTED,gray,12,UO/15-18/LJ.png,VERIFIED_BY_COLOR_GRID
UO,15-18,LJ,82o,UNSELECTED,gray,12,UO/15-18/LJ.png,VERIFIED_BY_COLOR_GRID
UO,15-18,LJ,72o,UNSELECTED,gray,12,UO/15-18/LJ.png,VERIFIED_BY_COLOR_GRID
UO,15-18,LJ,62o,UNSELECTED,gray,12,UO/15-18/LJ.png,VERIFIED_BY_COLOR_GRID
UO,15-18,LJ,52o,UNSELECTED,gray,12,UO/15-18/LJ.png,VERIFIED_BY_COLOR_GRID
UO,15-18,LJ,42o,UNSELECTED,gray,12,UO/15-18/LJ.png,VERIFIED_BY_COLOR_GRID
UO,15-18,LJ,32o,UNSELECTED,gray,12,UO/15-18/LJ.png,VERIFIED_BY_COLOR_GRID
UO,15-18,LJ,22,LOW_PLAYABILITY,cyan,6,UO/15-18/LJ.png,VERIFIED_BY_COLOR_GRID
UO,15-18,HJ,AA,nAI,green,6,UO/15-18/HJ.png,VERIFIED_BY_COLOR_GRID
UO,15-18,HJ,AKs,nAI,green,4,UO/15-18/HJ.png,VERIFIED_BY_COLOR_GRID
UO,15-18,HJ,AQs,AI,purple,4,UO/15-18/HJ.png,VERIFIED_BY_COLOR_GRID
UO,15-18,HJ,AJs,AI,purple,4,UO/15-18/HJ.png,VERIFIED_BY_COLOR_GRID
UO,15-18,HJ,ATs,AI,purple,4,UO/15-18/HJ.png,VERIFIED_BY_COLOR_GRID
UO,15-18,HJ,A9s,AI,purple,4,UO/15-18/HJ.png,VERIFIED_BY_COLOR_GRID
UO,15-18,HJ,A8s,AI,purple,4,UO/15-18/HJ.png,VERIFIED_BY_COLOR_GRID
UO,15-18,HJ,A7s,AI,purple,4,UO/15-18/HJ.png,VERIFIED_BY_COLOR_GRID
UO,15-18,HJ,A6s,AI,purple,4,UO/15-18/HJ.png,VERIFIED_BY_COLOR_GRID
UO,15-18,HJ,A5s,AI,purple,4,UO/15-18/HJ.png,VERIFIED_BY_COLOR_GRID
UO,15-18,HJ,A4s,AI,purple,4,UO/15-18/HJ.png,VERIFIED_BY_COLOR_GRID
UO,15-18,HJ,A3s,AI,purple,4,UO/15-18/HJ.png,VERIFIED_BY_COLOR_GRID
UO,15-18,HJ,A2s,AI,purple,4,UO/15-18/HJ.png,VERIFIED_BY_COLOR_GRID
UO,15-18,HJ,AKo,nAI,green,12,UO/15-18/HJ.png,VERIFIED_BY_COLOR_GRID
UO,15-18,HJ,KK,nAI,green,6,UO/15-18/HJ.png,VERIFIED_BY_COLOR_GRID
UO,15-18,HJ,KQs,AI,purple,4,UO/15-18/HJ.png,VERIFIED_BY_COLOR_GRID
UO,15-18,HJ,KJs,AI,purple,4,UO/15-18/HJ.png,VERIFIED_BY_COLOR_GRID
UO,15-18,HJ,KTs,AI,purple,4,UO/15-18/HJ.png,VERIFIED_BY_COLOR_GRID
UO,15-18,HJ,K9s,LOW_PLAYABILITY,cyan,4,UO/15-18/HJ.png,VERIFIED_BY_COLOR_GRID
UO,15-18,HJ,K8s,UNSELECTED,gray,4,UO/15-18/HJ.png,VERIFIED_BY_COLOR_GRID
UO,15-18,HJ,K7s,UNSELECTED,gray,4,UO/15-18/HJ.png,VERIFIED_BY_COLOR_GRID
UO,15-18,HJ,K6s,UNSELECTED,gray,4,UO/15-18/HJ.png,VERIFIED_BY_COLOR_GRID
UO,15-18,HJ,K5s,UNSELECTED,gray,4,UO/15-18/HJ.png,VERIFIED_BY_COLOR_GRID
UO,15-18,HJ,K4s,UNSELECTED,gray,4,UO/15-18/HJ.png,VERIFIED_BY_COLOR_GRID
UO,15-18,HJ,K3s,UNSELECTED,gray,4,UO/15-18/HJ.png,VERIFIED_BY_COLOR_GRID
UO,15-18,HJ,K2s,UNSELECTED,gray,4,UO/15-18/HJ.png,VERIFIED_BY_COLOR_GRID
UO,15-18,HJ,AQo,AI,purple,12,UO/15-18/HJ.png,VERIFIED_BY_COLOR_GRID
UO,15-18,HJ,KQo,AI,purple,12,UO/15-18/HJ.png,VERIFIED_BY_COLOR_GRID
UO,15-18,HJ,QQ,nAI,green,6,UO/15-18/HJ.png,VERIFIED_BY_COLOR_GRID
UO,15-18,HJ,QJs,nAI,green,4,UO/15-18/HJ.png,VERIFIED_BY_COLOR_GRID
UO,15-18,HJ,QTs,nAI,green,4,UO/15-18/HJ.png,VERIFIED_BY_COLOR_GRID
UO,15-18,HJ,Q9s,LOW_PLAYABILITY,cyan,4,UO/15-18/HJ.png,VERIFIED_BY_COLOR_GRID
UO,15-18,HJ,Q8s,UNSELECTED,gray,4,UO/15-18/HJ.png,VERIFIED_BY_COLOR_GRID
UO,15-18,HJ,Q7s,UNSELECTED,gray,4,UO/15-18/HJ.png,VERIFIED_BY_COLOR_GRID
UO,15-18,HJ,Q6s,UNSELECTED,gray,4,UO/15-18/HJ.png,VERIFIED_BY_COLOR_GRID
UO,15-18,HJ,Q5s,UNSELECTED,gray,4,UO/15-18/HJ.png,VERIFIED_BY_COLOR_GRID
UO,15-18,HJ,Q4s,UNSELECTED,gray,4,UO/15-18/HJ.png,VERIFIED_BY_COLOR_GRID
UO,15-18,HJ,Q3s,UNSELECTED,gray,4,UO/15-18/HJ.png,VERIFIED_BY_COLOR_GRID
UO,15-18,HJ,Q2s,UNSELECTED,gray,4,UO/15-18/HJ.png,VERIFIED_BY_COLOR_GRID
UO,15-18,HJ,AJo,AI,purple,12,UO/15-18/HJ.png,VERIFIED_BY_COLOR_GRID
UO,15-18,HJ,KJo,AI,purple,12,UO/15-18/HJ.png,VERIFIED_BY_COLOR_GRID
UO,15-18,HJ,QJo,nAI,green,12,UO/15-18/HJ.png,VERIFIED_BY_COLOR_GRID
UO,15-18,HJ,JJ,nAI,green,6,UO/15-18/HJ.png,VERIFIED_BY_COLOR_GRID
UO,15-18,HJ,JTs,nAI,green,4,UO/15-18/HJ.png,VERIFIED_BY_COLOR_GRID
UO,15-18,HJ,J9s,LOW_PLAYABILITY,cyan,4,UO/15-18/HJ.png,VERIFIED_BY_COLOR_GRID
UO,15-18,HJ,J8s,UNSELECTED,gray,4,UO/15-18/HJ.png,VERIFIED_BY_COLOR_GRID
UO,15-18,HJ,J7s,UNSELECTED,gray,4,UO/15-18/HJ.png,VERIFIED_BY_COLOR_GRID
UO,15-18,HJ,J6s,UNSELECTED,gray,4,UO/15-18/HJ.png,VERIFIED_BY_COLOR_GRID
UO,15-18,HJ,J5s,UNSELECTED,gray,4,UO/15-18/HJ.png,VERIFIED_BY_COLOR_GRID
UO,15-18,HJ,J4s,UNSELECTED,gray,4,UO/15-18/HJ.png,VERIFIED_BY_COLOR_GRID
UO,15-18,HJ,J3s,UNSELECTED,gray,4,UO/15-18/HJ.png,VERIFIED_BY_COLOR_GRID
UO,15-18,HJ,J2s,UNSELECTED,gray,4,UO/15-18/HJ.png,VERIFIED_BY_COLOR_GRID
UO,15-18,HJ,ATo,AI,purple,12,UO/15-18/HJ.png,VERIFIED_BY_COLOR_GRID
UO,15-18,HJ,KTo,AI,purple,12,UO/15-18/HJ.png,VERIFIED_BY_COLOR_GRID
UO,15-18,HJ,QTo,nAI,green,12,UO/15-18/HJ.png,VERIFIED_BY_COLOR_GRID
UO,15-18,HJ,JTo,nAI,green,12,UO/15-18/HJ.png,VERIFIED_BY_COLOR_GRID
UO,15-18,HJ,TT,AI,purple,6,UO/15-18/HJ.png,VERIFIED_BY_COLOR_GRID
UO,15-18,HJ,T9s,nAI,green,4,UO/15-18/HJ.png,VERIFIED_BY_COLOR_GRID
UO,15-18,HJ,T8s,UNSELECTED,gray,4,UO/15-18/HJ.png,VERIFIED_BY_COLOR_GRID
UO,15-18,HJ,T7s,UNSELECTED,gray,4,UO/15-18/HJ.png,VERIFIED_BY_COLOR_GRID
UO,15-18,HJ,T6s,UNSELECTED,gray,4,UO/15-18/HJ.png,VERIFIED_BY_COLOR_GRID
UO,15-18,HJ,T5s,UNSELECTED,gray,4,UO/15-18/HJ.png,VERIFIED_BY_COLOR_GRID
UO,15-18,HJ,T4s,UNSELECTED,gray,4,UO/15-18/HJ.png,VERIFIED_BY_COLOR_GRID
UO,15-18,HJ,T3s,UNSELECTED,gray,4,UO/15-18/HJ.png,VERIFIED_BY_COLOR_GRID
UO,15-18,HJ,T2s,UNSELECTED,gray,4,UO/15-18/HJ.png,VERIFIED_BY_COLOR_GRID
UO,15-18,HJ,A9o,LOW_PLAYABILITY,cyan,12,UO/15-18/HJ.png,VERIFIED_BY_COLOR_GRID
UO,15-18,HJ,K9o,UNSELECTED,gray,12,UO/15-18/HJ.png,VERIFIED_BY_COLOR_GRID
UO,15-18,HJ,Q9o,UNSELECTED,gray,12,UO/15-18/HJ.png,VERIFIED_BY_COLOR_GRID
UO,15-18,HJ,J9o,UNSELECTED,gray,12,UO/15-18/HJ.png,VERIFIED_BY_COLOR_GRID
UO,15-18,HJ,T9o,UNSELECTED,gray,12,UO/15-18/HJ.png,VERIFIED_BY_COLOR_GRID
UO,15-18,HJ,99,AI,purple,6,UO/15-18/HJ.png,VERIFIED_BY_COLOR_GRID
UO,15-18,HJ,98s,nAI,green,4,UO/15-18/HJ.png,VERIFIED_BY_COLOR_GRID
UO,15-18,HJ,97s,UNSELECTED,gray,4,UO/15-18/HJ.png,VERIFIED_BY_COLOR_GRID
UO,15-18,HJ,96s,UNSELECTED,gray,4,UO/15-18/HJ.png,VERIFIED_BY_COLOR_GRID
UO,15-18,HJ,95s,UNSELECTED,gray,4,UO/15-18/HJ.png,VERIFIED_BY_COLOR_GRID
UO,15-18,HJ,94s,UNSELECTED,gray,4,UO/15-18/HJ.png,VERIFIED_BY_COLOR_GRID
UO,15-18,HJ,93s,UNSELECTED,gray,4,UO/15-18/HJ.png,VERIFIED_BY_COLOR_GRID
UO,15-18,HJ,92s,UNSELECTED,gray,4,UO/15-18/HJ.png,VERIFIED_BY_COLOR_GRID
UO,15-18,HJ,A8o,LOW_PLAYABILITY,cyan,12,UO/15-18/HJ.png,VERIFIED_BY_COLOR_GRID
UO,15-18,HJ,K8o,UNSELECTED,gray,12,UO/15-18/HJ.png,VERIFIED_BY_COLOR_GRID
UO,15-18,HJ,Q8o,UNSELECTED,gray,12,UO/15-18/HJ.png,VERIFIED_BY_COLOR_GRID
UO,15-18,HJ,J8o,UNSELECTED,gray,12,UO/15-18/HJ.png,VERIFIED_BY_COLOR_GRID
UO,15-18,HJ,T8o,UNSELECTED,gray,12,UO/15-18/HJ.png,VERIFIED_BY_COLOR_GRID
UO,15-18,HJ,98o,UNSELECTED,gray,12,UO/15-18/HJ.png,VERIFIED_BY_COLOR_GRID
UO,15-18,HJ,88,AI,purple,6,UO/15-18/HJ.png,VERIFIED_BY_COLOR_GRID
UO,15-18,HJ,87s,UNSELECTED,gray,4,UO/15-18/HJ.png,VERIFIED_BY_COLOR_GRID
UO,15-18,HJ,86s,UNSELECTED,gray,4,UO/15-18/HJ.png,VERIFIED_BY_COLOR_GRID
UO,15-18,HJ,85s,UNSELECTED,gray,4,UO/15-18/HJ.png,VERIFIED_BY_COLOR_GRID
UO,15-18,HJ,84s,UNSELECTED,gray,4,UO/15-18/HJ.png,VERIFIED_BY_COLOR_GRID
UO,15-18,HJ,83s,UNSELECTED,gray,4,UO/15-18/HJ.png,VERIFIED_BY_COLOR_GRID
UO,15-18,HJ,82s,UNSELECTED,gray,4,UO/15-18/HJ.png,VERIFIED_BY_COLOR_GRID
UO,15-18,HJ,A7o,LOW_PLAYABILITY,cyan,12,UO/15-18/HJ.png,VERIFIED_BY_COLOR_GRID
UO,15-18,HJ,K7o,UNSELECTED,gray,12,UO/15-18/HJ.png,VERIFIED_BY_COLOR_GRID
UO,15-18,HJ,Q7o,UNSELECTED,gray,12,UO/15-18/HJ.png,VERIFIED_BY_COLOR_GRID
UO,15-18,HJ,J7o,UNSELECTED,gray,12,UO/15-18/HJ.png,VERIFIED_BY_COLOR_GRID
UO,15-18,HJ,T7o,UNSELECTED,gray,12,UO/15-18/HJ.png,VERIFIED_BY_COLOR_GRID
UO,15-18,HJ,97o,UNSELECTED,gray,12,UO/15-18/HJ.png,VERIFIED_BY_COLOR_GRID
UO,15-18,HJ,87o,UNSELECTED,gray,12,UO/15-18/HJ.png,VERIFIED_BY_COLOR_GRID
UO,15-18,HJ,77,AI,purple,6,UO/15-18/HJ.png,VERIFIED_BY_COLOR_GRID
UO,15-18,HJ,76s,UNSELECTED,gray,4,UO/15-18/HJ.png,VERIFIED_BY_COLOR_GRID
UO,15-18,HJ,75s,UNSELECTED,gray,4,UO/15-18/HJ.png,VERIFIED_BY_COLOR_GRID
UO,15-18,HJ,74s,UNSELECTED,gray,4,UO/15-18/HJ.png,VERIFIED_BY_COLOR_GRID
UO,15-18,HJ,73s,UNSELECTED,gray,4,UO/15-18/HJ.png,VERIFIED_BY_COLOR_GRID
UO,15-18,HJ,72s,UNSELECTED,gray,4,UO/15-18/HJ.png,VERIFIED_BY_COLOR_GRID
UO,15-18,HJ,A6o,LOW_PLAYABILITY,cyan,12,UO/15-18/HJ.png,VERIFIED_BY_COLOR_GRID
UO,15-18,HJ,K6o,UNSELECTED,gray,12,UO/15-18/HJ.png,VERIFIED_BY_COLOR_GRID
UO,15-18,HJ,Q6o,UNSELECTED,gray,12,UO/15-18/HJ.png,VERIFIED_BY_COLOR_GRID
UO,15-18,HJ,J6o,UNSELECTED,gray,12,UO/15-18/HJ.png,VERIFIED_BY_COLOR_GRID
UO,15-18,HJ,T6o,UNSELECTED,gray,12,UO/15-18/HJ.png,VERIFIED_BY_COLOR_GRID
UO,15-18,HJ,96o,UNSELECTED,gray,12,UO/15-18/HJ.png,VERIFIED_BY_COLOR_GRID
UO,15-18,HJ,86o,UNSELECTED,gray,12,UO/15-18/HJ.png,VERIFIED_BY_COLOR_GRID
UO,15-18,HJ,76o,UNSELECTED,gray,12,UO/15-18/HJ.png,VERIFIED_BY_COLOR_GRID
UO,15-18,HJ,66,AI,purple,6,UO/15-18/HJ.png,VERIFIED_BY_COLOR_GRID
UO,15-18,HJ,65s,UNSELECTED,gray,4,UO/15-18/HJ.png,VERIFIED_BY_COLOR_GRID
UO,15-18,HJ,64s,UNSELECTED,gray,4,UO/15-18/HJ.png,VERIFIED_BY_COLOR_GRID
UO,15-18,HJ,63s,UNSELECTED,gray,4,UO/15-18/HJ.png,VERIFIED_BY_COLOR_GRID
UO,15-18,HJ,62s,UNSELECTED,gray,4,UO/15-18/HJ.png,VERIFIED_BY_COLOR_GRID
UO,15-18,HJ,A5o,UNSELECTED,gray,12,UO/15-18/HJ.png,VERIFIED_BY_COLOR_GRID
UO,15-18,HJ,K5o,UNSELECTED,gray,12,UO/15-18/HJ.png,VERIFIED_BY_COLOR_GRID
UO,15-18,HJ,Q5o,UNSELECTED,gray,12,UO/15-18/HJ.png,VERIFIED_BY_COLOR_GRID
UO,15-18,HJ,J5o,UNSELECTED,gray,12,UO/15-18/HJ.png,VERIFIED_BY_COLOR_GRID
UO,15-18,HJ,T5o,UNSELECTED,gray,12,UO/15-18/HJ.png,VERIFIED_BY_COLOR_GRID
UO,15-18,HJ,95o,UNSELECTED,gray,12,UO/15-18/HJ.png,VERIFIED_BY_COLOR_GRID
UO,15-18,HJ,85o,UNSELECTED,gray,12,UO/15-18/HJ.png,VERIFIED_BY_COLOR_GRID
UO,15-18,HJ,75o,UNSELECTED,gray,12,UO/15-18/HJ.png,VERIFIED_BY_COLOR_GRID
UO,15-18,HJ,65o,UNSELECTED,gray,12,UO/15-18/HJ.png,VERIFIED_BY_COLOR_GRID
UO,15-18,HJ,55,AI,purple,6,UO/15-18/HJ.png,VERIFIED_BY_COLOR_GRID
UO,15-18,HJ,54s,UNSELECTED,gray,4,UO/15-18/HJ.png,VERIFIED_BY_COLOR_GRID
UO,15-18,HJ,53s,UNSELECTED,gray,4,UO/15-18/HJ.png,VERIFIED_BY_COLOR_GRID
UO,15-18,HJ,52s,UNSELECTED,gray,4,UO/15-18/HJ.png,VERIFIED_BY_COLOR_GRID
UO,15-18,HJ,A4o,UNSELECTED,gray,12,UO/15-18/HJ.png,VERIFIED_BY_COLOR_GRID
UO,15-18,HJ,K4o,UNSELECTED,gray,12,UO/15-18/HJ.png,VERIFIED_BY_COLOR_GRID
UO,15-18,HJ,Q4o,UNSELECTED,gray,12,UO/15-18/HJ.png,VERIFIED_BY_COLOR_GRID
UO,15-18,HJ,J4o,UNSELECTED,gray,12,UO/15-18/HJ.png,VERIFIED_BY_COLOR_GRID
UO,15-18,HJ,T4o,UNSELECTED,gray,12,UO/15-18/HJ.png,VERIFIED_BY_COLOR_GRID
UO,15-18,HJ,94o,UNSELECTED,gray,12,UO/15-18/HJ.png,VERIFIED_BY_COLOR_GRID
UO,15-18,HJ,84o,UNSELECTED,gray,12,UO/15-18/HJ.png,VERIFIED_BY_COLOR_GRID
UO,15-18,HJ,74o,UNSELECTED,gray,12,UO/15-18/HJ.png,VERIFIED_BY_COLOR_GRID
UO,15-18,HJ,64o,UNSELECTED,gray,12,UO/15-18/HJ.png,VERIFIED_BY_COLOR_GRID
UO,15-18,HJ,54o,UNSELECTED,gray,12,UO/15-18/HJ.png,VERIFIED_BY_COLOR_GRID
UO,15-18,HJ,44,AI,purple,6,UO/15-18/HJ.png,VERIFIED_BY_COLOR_GRID
UO,15-18,HJ,43s,UNSELECTED,gray,4,UO/15-18/HJ.png,VERIFIED_BY_COLOR_GRID
UO,15-18,HJ,42s,UNSELECTED,gray,4,UO/15-18/HJ.png,VERIFIED_BY_COLOR_GRID
UO,15-18,HJ,A3o,UNSELECTED,gray,12,UO/15-18/HJ.png,VERIFIED_BY_COLOR_GRID
UO,15-18,HJ,K3o,UNSELECTED,gray,12,UO/15-18/HJ.png,VERIFIED_BY_COLOR_GRID
UO,15-18,HJ,Q3o,UNSELECTED,gray,12,UO/15-18/HJ.png,VERIFIED_BY_COLOR_GRID
UO,15-18,HJ,J3o,UNSELECTED,gray,12,UO/15-18/HJ.png,VERIFIED_BY_COLOR_GRID
UO,15-18,HJ,T3o,UNSELECTED,gray,12,UO/15-18/HJ.png,VERIFIED_BY_COLOR_GRID
UO,15-18,HJ,93o,UNSELECTED,gray,12,UO/15-18/HJ.png,VERIFIED_BY_COLOR_GRID
UO,15-18,HJ,83o,UNSELECTED,gray,12,UO/15-18/HJ.png,VERIFIED_BY_COLOR_GRID
UO,15-18,HJ,73o,UNSELECTED,gray,12,UO/15-18/HJ.png,VERIFIED_BY_COLOR_GRID
UO,15-18,HJ,63o,UNSELECTED,gray,12,UO/15-18/HJ.png,VERIFIED_BY_COLOR_GRID
UO,15-18,HJ,53o,UNSELECTED,gray,12,UO/15-18/HJ.png,VERIFIED_BY_COLOR_GRID
UO,15-18,HJ,43o,UNSELECTED,gray,12,UO/15-18/HJ.png,VERIFIED_BY_COLOR_GRID
UO,15-18,HJ,33,LOW_PLAYABILITY,cyan,6,UO/15-18/HJ.png,VERIFIED_BY_COLOR_GRID
UO,15-18,HJ,32s,UNSELECTED,gray,4,UO/15-18/HJ.png,VERIFIED_BY_COLOR_GRID
UO,15-18,HJ,A2o,UNSELECTED,gray,12,UO/15-18/HJ.png,VERIFIED_BY_COLOR_GRID
UO,15-18,HJ,K2o,UNSELECTED,gray,12,UO/15-18/HJ.png,VERIFIED_BY_COLOR_GRID
UO,15-18,HJ,Q2o,UNSELECTED,gray,12,UO/15-18/HJ.png,VERIFIED_BY_COLOR_GRID
UO,15-18,HJ,J2o,UNSELECTED,gray,12,UO/15-18/HJ.png,VERIFIED_BY_COLOR_GRID
UO,15-18,HJ,T2o,UNSELECTED,gray,12,UO/15-18/HJ.png,VERIFIED_BY_COLOR_GRID
UO,15-18,HJ,92o,UNSELECTED,gray,12,UO/15-18/HJ.png,VERIFIED_BY_COLOR_GRID
UO,15-18,HJ,82o,UNSELECTED,gray,12,UO/15-18/HJ.png,VERIFIED_BY_COLOR_GRID
UO,15-18,HJ,72o,UNSELECTED,gray,12,UO/15-18/HJ.png,VERIFIED_BY_COLOR_GRID
UO,15-18,HJ,62o,UNSELECTED,gray,12,UO/15-18/HJ.png,VERIFIED_BY_COLOR_GRID
UO,15-18,HJ,52o,UNSELECTED,gray,12,UO/15-18/HJ.png,VERIFIED_BY_COLOR_GRID
UO,15-18,HJ,42o,UNSELECTED,gray,12,UO/15-18/HJ.png,VERIFIED_BY_COLOR_GRID
UO,15-18,HJ,32o,UNSELECTED,gray,12,UO/15-18/HJ.png,VERIFIED_BY_COLOR_GRID
UO,15-18,HJ,22,LOW_PLAYABILITY,cyan,6,UO/15-18/HJ.png,VERIFIED_BY_COLOR_GRID
UO,15-18,CO,AA,nAI,green,6,UO/15-18/CO.png,VERIFIED_BY_COLOR_GRID
UO,15-18,CO,AKs,nAI,green,4,UO/15-18/CO.png,VERIFIED_BY_COLOR_GRID
UO,15-18,CO,AQs,AI,purple,4,UO/15-18/CO.png,VERIFIED_BY_COLOR_GRID
UO,15-18,CO,AJs,AI,purple,4,UO/15-18/CO.png,VERIFIED_BY_COLOR_GRID
UO,15-18,CO,ATs,AI,purple,4,UO/15-18/CO.png,VERIFIED_BY_COLOR_GRID
UO,15-18,CO,A9s,AI,purple,4,UO/15-18/CO.png,VERIFIED_BY_COLOR_GRID
UO,15-18,CO,A8s,AI,purple,4,UO/15-18/CO.png,VERIFIED_BY_COLOR_GRID
UO,15-18,CO,A7s,AI,purple,4,UO/15-18/CO.png,VERIFIED_BY_COLOR_GRID
UO,15-18,CO,A6s,AI,purple,4,UO/15-18/CO.png,VERIFIED_BY_COLOR_GRID
UO,15-18,CO,A5s,AI,purple,4,UO/15-18/CO.png,VERIFIED_BY_COLOR_GRID
UO,15-18,CO,A4s,AI,purple,4,UO/15-18/CO.png,VERIFIED_BY_COLOR_GRID
UO,15-18,CO,A3s,AI,purple,4,UO/15-18/CO.png,VERIFIED_BY_COLOR_GRID
UO,15-18,CO,A2s,AI,purple,4,UO/15-18/CO.png,VERIFIED_BY_COLOR_GRID
UO,15-18,CO,AKo,nAI,green,12,UO/15-18/CO.png,VERIFIED_BY_COLOR_GRID
UO,15-18,CO,KK,nAI,green,6,UO/15-18/CO.png,VERIFIED_BY_COLOR_GRID
UO,15-18,CO,KQs,AI,purple,4,UO/15-18/CO.png,VERIFIED_BY_COLOR_GRID
UO,15-18,CO,KJs,AI,purple,4,UO/15-18/CO.png,VERIFIED_BY_COLOR_GRID
UO,15-18,CO,KTs,AI,purple,4,UO/15-18/CO.png,VERIFIED_BY_COLOR_GRID
UO,15-18,CO,K9s,nAI,green,4,UO/15-18/CO.png,VERIFIED_BY_COLOR_GRID
UO,15-18,CO,K8s,UNSELECTED,gray,4,UO/15-18/CO.png,VERIFIED_BY_COLOR_GRID
UO,15-18,CO,K7s,UNSELECTED,gray,4,UO/15-18/CO.png,VERIFIED_BY_COLOR_GRID
UO,15-18,CO,K6s,UNSELECTED,gray,4,UO/15-18/CO.png,VERIFIED_BY_COLOR_GRID
UO,15-18,CO,K5s,UNSELECTED,gray,4,UO/15-18/CO.png,VERIFIED_BY_COLOR_GRID
UO,15-18,CO,K4s,UNSELECTED,gray,4,UO/15-18/CO.png,VERIFIED_BY_COLOR_GRID
UO,15-18,CO,K3s,UNSELECTED,gray,4,UO/15-18/CO.png,VERIFIED_BY_COLOR_GRID
UO,15-18,CO,K2s,UNSELECTED,gray,4,UO/15-18/CO.png,VERIFIED_BY_COLOR_GRID
UO,15-18,CO,AQo,AI,purple,12,UO/15-18/CO.png,VERIFIED_BY_COLOR_GRID
UO,15-18,CO,KQo,AI,purple,12,UO/15-18/CO.png,VERIFIED_BY_COLOR_GRID
UO,15-18,CO,QQ,nAI,green,6,UO/15-18/CO.png,VERIFIED_BY_COLOR_GRID
UO,15-18,CO,QJs,AI,purple,4,UO/15-18/CO.png,VERIFIED_BY_COLOR_GRID
UO,15-18,CO,QTs,AI,purple,4,UO/15-18/CO.png,VERIFIED_BY_COLOR_GRID
UO,15-18,CO,Q9s,nAI,green,4,UO/15-18/CO.png,VERIFIED_BY_COLOR_GRID
UO,15-18,CO,Q8s,UNSELECTED,gray,4,UO/15-18/CO.png,VERIFIED_BY_COLOR_GRID
UO,15-18,CO,Q7s,UNSELECTED,gray,4,UO/15-18/CO.png,VERIFIED_BY_COLOR_GRID
UO,15-18,CO,Q6s,UNSELECTED,gray,4,UO/15-18/CO.png,VERIFIED_BY_COLOR_GRID
UO,15-18,CO,Q5s,UNSELECTED,gray,4,UO/15-18/CO.png,VERIFIED_BY_COLOR_GRID
UO,15-18,CO,Q4s,UNSELECTED,gray,4,UO/15-18/CO.png,VERIFIED_BY_COLOR_GRID
UO,15-18,CO,Q3s,UNSELECTED,gray,4,UO/15-18/CO.png,VERIFIED_BY_COLOR_GRID
UO,15-18,CO,Q2s,UNSELECTED,gray,4,UO/15-18/CO.png,VERIFIED_BY_COLOR_GRID
UO,15-18,CO,AJo,AI,purple,12,UO/15-18/CO.png,VERIFIED_BY_COLOR_GRID
UO,15-18,CO,KJo,AI,purple,12,UO/15-18/CO.png,VERIFIED_BY_COLOR_GRID
UO,15-18,CO,QJo,AI,purple,12,UO/15-18/CO.png,VERIFIED_BY_COLOR_GRID
UO,15-18,CO,JJ,nAI,green,6,UO/15-18/CO.png,VERIFIED_BY_COLOR_GRID
UO,15-18,CO,JTs,AI,purple,4,UO/15-18/CO.png,VERIFIED_BY_COLOR_GRID
UO,15-18,CO,J9s,nAI,green,4,UO/15-18/CO.png,VERIFIED_BY_COLOR_GRID
UO,15-18,CO,J8s,UNSELECTED,gray,4,UO/15-18/CO.png,VERIFIED_BY_COLOR_GRID
UO,15-18,CO,J7s,UNSELECTED,gray,4,UO/15-18/CO.png,VERIFIED_BY_COLOR_GRID
UO,15-18,CO,J6s,UNSELECTED,gray,4,UO/15-18/CO.png,VERIFIED_BY_COLOR_GRID
UO,15-18,CO,J5s,UNSELECTED,gray,4,UO/15-18/CO.png,VERIFIED_BY_COLOR_GRID
UO,15-18,CO,J4s,UNSELECTED,gray,4,UO/15-18/CO.png,VERIFIED_BY_COLOR_GRID
UO,15-18,CO,J3s,UNSELECTED,gray,4,UO/15-18/CO.png,VERIFIED_BY_COLOR_GRID
UO,15-18,CO,J2s,UNSELECTED,gray,4,UO/15-18/CO.png,VERIFIED_BY_COLOR_GRID
UO,15-18,CO,ATo,AI,purple,12,UO/15-18/CO.png,VERIFIED_BY_COLOR_GRID
UO,15-18,CO,KTo,AI,purple,12,UO/15-18/CO.png,VERIFIED_BY_COLOR_GRID
UO,15-18,CO,QTo,LOW_PLAYABILITY,cyan,12,UO/15-18/CO.png,VERIFIED_BY_COLOR_GRID
UO,15-18,CO,JTo,LOW_PLAYABILITY,cyan,12,UO/15-18/CO.png,VERIFIED_BY_COLOR_GRID
UO,15-18,CO,TT,AI,purple,6,UO/15-18/CO.png,VERIFIED_BY_COLOR_GRID
UO,15-18,CO,T9s,nAI,green,4,UO/15-18/CO.png,VERIFIED_BY_COLOR_GRID
UO,15-18,CO,T8s,UNSELECTED,gray,4,UO/15-18/CO.png,VERIFIED_BY_COLOR_GRID
UO,15-18,CO,T7s,UNSELECTED,gray,4,UO/15-18/CO.png,VERIFIED_BY_COLOR_GRID
UO,15-18,CO,T6s,UNSELECTED,gray,4,UO/15-18/CO.png,VERIFIED_BY_COLOR_GRID
UO,15-18,CO,T5s,UNSELECTED,gray,4,UO/15-18/CO.png,VERIFIED_BY_COLOR_GRID
UO,15-18,CO,T4s,UNSELECTED,gray,4,UO/15-18/CO.png,VERIFIED_BY_COLOR_GRID
UO,15-18,CO,T3s,UNSELECTED,gray,4,UO/15-18/CO.png,VERIFIED_BY_COLOR_GRID
UO,15-18,CO,T2s,UNSELECTED,gray,4,UO/15-18/CO.png,VERIFIED_BY_COLOR_GRID
UO,15-18,CO,A9o,AI,purple,12,UO/15-18/CO.png,VERIFIED_BY_COLOR_GRID
UO,15-18,CO,K9o,UNSELECTED,gray,12,UO/15-18/CO.png,VERIFIED_BY_COLOR_GRID
UO,15-18,CO,Q9o,UNSELECTED,gray,12,UO/15-18/CO.png,VERIFIED_BY_COLOR_GRID
UO,15-18,CO,J9o,UNSELECTED,gray,12,UO/15-18/CO.png,VERIFIED_BY_COLOR_GRID
UO,15-18,CO,T9o,UNSELECTED,gray,12,UO/15-18/CO.png,VERIFIED_BY_COLOR_GRID
UO,15-18,CO,99,AI,purple,6,UO/15-18/CO.png,VERIFIED_BY_COLOR_GRID
UO,15-18,CO,98s,nAI,green,4,UO/15-18/CO.png,VERIFIED_BY_COLOR_GRID
UO,15-18,CO,97s,UNSELECTED,gray,4,UO/15-18/CO.png,VERIFIED_BY_COLOR_GRID
UO,15-18,CO,96s,UNSELECTED,gray,4,UO/15-18/CO.png,VERIFIED_BY_COLOR_GRID
UO,15-18,CO,95s,UNSELECTED,gray,4,UO/15-18/CO.png,VERIFIED_BY_COLOR_GRID
UO,15-18,CO,94s,UNSELECTED,gray,4,UO/15-18/CO.png,VERIFIED_BY_COLOR_GRID
UO,15-18,CO,93s,UNSELECTED,gray,4,UO/15-18/CO.png,VERIFIED_BY_COLOR_GRID
UO,15-18,CO,92s,UNSELECTED,gray,4,UO/15-18/CO.png,VERIFIED_BY_COLOR_GRID
UO,15-18,CO,A8o,AI,purple,12,UO/15-18/CO.png,VERIFIED_BY_COLOR_GRID
UO,15-18,CO,K8o,UNSELECTED,gray,12,UO/15-18/CO.png,VERIFIED_BY_COLOR_GRID
UO,15-18,CO,Q8o,UNSELECTED,gray,12,UO/15-18/CO.png,VERIFIED_BY_COLOR_GRID
UO,15-18,CO,J8o,UNSELECTED,gray,12,UO/15-18/CO.png,VERIFIED_BY_COLOR_GRID
UO,15-18,CO,T8o,UNSELECTED,gray,12,UO/15-18/CO.png,VERIFIED_BY_COLOR_GRID
UO,15-18,CO,98o,UNSELECTED,gray,12,UO/15-18/CO.png,VERIFIED_BY_COLOR_GRID
UO,15-18,CO,88,AI,purple,6,UO/15-18/CO.png,VERIFIED_BY_COLOR_GRID
UO,15-18,CO,87s,UNSELECTED,gray,4,UO/15-18/CO.png,VERIFIED_BY_COLOR_GRID
UO,15-18,CO,86s,UNSELECTED,gray,4,UO/15-18/CO.png,VERIFIED_BY_COLOR_GRID
UO,15-18,CO,85s,UNSELECTED,gray,4,UO/15-18/CO.png,VERIFIED_BY_COLOR_GRID
UO,15-18,CO,84s,UNSELECTED,gray,4,UO/15-18/CO.png,VERIFIED_BY_COLOR_GRID
UO,15-18,CO,83s,UNSELECTED,gray,4,UO/15-18/CO.png,VERIFIED_BY_COLOR_GRID
UO,15-18,CO,82s,UNSELECTED,gray,4,UO/15-18/CO.png,VERIFIED_BY_COLOR_GRID
UO,15-18,CO,A7o,AI,purple,12,UO/15-18/CO.png,VERIFIED_BY_COLOR_GRID
UO,15-18,CO,K7o,UNSELECTED,gray,12,UO/15-18/CO.png,VERIFIED_BY_COLOR_GRID
UO,15-18,CO,Q7o,UNSELECTED,gray,12,UO/15-18/CO.png,VERIFIED_BY_COLOR_GRID
UO,15-18,CO,J7o,UNSELECTED,gray,12,UO/15-18/CO.png,VERIFIED_BY_COLOR_GRID
UO,15-18,CO,T7o,UNSELECTED,gray,12,UO/15-18/CO.png,VERIFIED_BY_COLOR_GRID
UO,15-18,CO,97o,UNSELECTED,gray,12,UO/15-18/CO.png,VERIFIED_BY_COLOR_GRID
UO,15-18,CO,87o,UNSELECTED,gray,12,UO/15-18/CO.png,VERIFIED_BY_COLOR_GRID
UO,15-18,CO,77,AI,purple,6,UO/15-18/CO.png,VERIFIED_BY_COLOR_GRID
UO,15-18,CO,76s,UNSELECTED,gray,4,UO/15-18/CO.png,VERIFIED_BY_COLOR_GRID
UO,15-18,CO,75s,UNSELECTED,gray,4,UO/15-18/CO.png,VERIFIED_BY_COLOR_GRID
UO,15-18,CO,74s,UNSELECTED,gray,4,UO/15-18/CO.png,VERIFIED_BY_COLOR_GRID
UO,15-18,CO,73s,UNSELECTED,gray,4,UO/15-18/CO.png,VERIFIED_BY_COLOR_GRID
UO,15-18,CO,72s,UNSELECTED,gray,4,UO/15-18/CO.png,VERIFIED_BY_COLOR_GRID
UO,15-18,CO,A6o,AI,purple,12,UO/15-18/CO.png,VERIFIED_BY_COLOR_GRID
UO,15-18,CO,K6o,UNSELECTED,gray,12,UO/15-18/CO.png,VERIFIED_BY_COLOR_GRID
UO,15-18,CO,Q6o,UNSELECTED,gray,12,UO/15-18/CO.png,VERIFIED_BY_COLOR_GRID
UO,15-18,CO,J6o,UNSELECTED,gray,12,UO/15-18/CO.png,VERIFIED_BY_COLOR_GRID
UO,15-18,CO,T6o,UNSELECTED,gray,12,UO/15-18/CO.png,VERIFIED_BY_COLOR_GRID
UO,15-18,CO,96o,UNSELECTED,gray,12,UO/15-18/CO.png,VERIFIED_BY_COLOR_GRID
UO,15-18,CO,86o,UNSELECTED,gray,12,UO/15-18/CO.png,VERIFIED_BY_COLOR_GRID
UO,15-18,CO,76o,UNSELECTED,gray,12,UO/15-18/CO.png,VERIFIED_BY_COLOR_GRID
UO,15-18,CO,66,AI,purple,6,UO/15-18/CO.png,VERIFIED_BY_COLOR_GRID
UO,15-18,CO,65s,UNSELECTED,gray,4,UO/15-18/CO.png,VERIFIED_BY_COLOR_GRID
UO,15-18,CO,64s,UNSELECTED,gray,4,UO/15-18/CO.png,VERIFIED_BY_COLOR_GRID
UO,15-18,CO,63s,UNSELECTED,gray,4,UO/15-18/CO.png,VERIFIED_BY_COLOR_GRID
UO,15-18,CO,62s,UNSELECTED,gray,4,UO/15-18/CO.png,VERIFIED_BY_COLOR_GRID
UO,15-18,CO,A5o,nAI,green,12,UO/15-18/CO.png,VERIFIED_BY_COLOR_GRID
UO,15-18,CO,K5o,UNSELECTED,gray,12,UO/15-18/CO.png,VERIFIED_BY_COLOR_GRID
UO,15-18,CO,Q5o,UNSELECTED,gray,12,UO/15-18/CO.png,VERIFIED_BY_COLOR_GRID
UO,15-18,CO,J5o,UNSELECTED,gray,12,UO/15-18/CO.png,VERIFIED_BY_COLOR_GRID
UO,15-18,CO,T5o,UNSELECTED,gray,12,UO/15-18/CO.png,VERIFIED_BY_COLOR_GRID
UO,15-18,CO,95o,UNSELECTED,gray,12,UO/15-18/CO.png,VERIFIED_BY_COLOR_GRID
UO,15-18,CO,85o,UNSELECTED,gray,12,UO/15-18/CO.png,VERIFIED_BY_COLOR_GRID
UO,15-18,CO,75o,UNSELECTED,gray,12,UO/15-18/CO.png,VERIFIED_BY_COLOR_GRID
UO,15-18,CO,65o,UNSELECTED,gray,12,UO/15-18/CO.png,VERIFIED_BY_COLOR_GRID
UO,15-18,CO,55,AI,purple,6,UO/15-18/CO.png,VERIFIED_BY_COLOR_GRID
UO,15-18,CO,54s,UNSELECTED,gray,4,UO/15-18/CO.png,VERIFIED_BY_COLOR_GRID
UO,15-18,CO,53s,UNSELECTED,gray,4,UO/15-18/CO.png,VERIFIED_BY_COLOR_GRID
UO,15-18,CO,52s,UNSELECTED,gray,4,UO/15-18/CO.png,VERIFIED_BY_COLOR_GRID
UO,15-18,CO,A4o,nAI,green,12,UO/15-18/CO.png,VERIFIED_BY_COLOR_GRID
UO,15-18,CO,K4o,UNSELECTED,gray,12,UO/15-18/CO.png,VERIFIED_BY_COLOR_GRID
UO,15-18,CO,Q4o,UNSELECTED,gray,12,UO/15-18/CO.png,VERIFIED_BY_COLOR_GRID
UO,15-18,CO,J4o,UNSELECTED,gray,12,UO/15-18/CO.png,VERIFIED_BY_COLOR_GRID
UO,15-18,CO,T4o,UNSELECTED,gray,12,UO/15-18/CO.png,VERIFIED_BY_COLOR_GRID
UO,15-18,CO,94o,UNSELECTED,gray,12,UO/15-18/CO.png,VERIFIED_BY_COLOR_GRID
UO,15-18,CO,84o,UNSELECTED,gray,12,UO/15-18/CO.png,VERIFIED_BY_COLOR_GRID
UO,15-18,CO,74o,UNSELECTED,gray,12,UO/15-18/CO.png,VERIFIED_BY_COLOR_GRID
UO,15-18,CO,64o,UNSELECTED,gray,12,UO/15-18/CO.png,VERIFIED_BY_COLOR_GRID
UO,15-18,CO,54o,UNSELECTED,gray,12,UO/15-18/CO.png,VERIFIED_BY_COLOR_GRID
UO,15-18,CO,44,AI,purple,6,UO/15-18/CO.png,VERIFIED_BY_COLOR_GRID
UO,15-18,CO,43s,UNSELECTED,gray,4,UO/15-18/CO.png,VERIFIED_BY_COLOR_GRID
UO,15-18,CO,42s,UNSELECTED,gray,4,UO/15-18/CO.png,VERIFIED_BY_COLOR_GRID
UO,15-18,CO,A3o,nAI,green,12,UO/15-18/CO.png,VERIFIED_BY_COLOR_GRID
UO,15-18,CO,K3o,UNSELECTED,gray,12,UO/15-18/CO.png,VERIFIED_BY_COLOR_GRID
UO,15-18,CO,Q3o,UNSELECTED,gray,12,UO/15-18/CO.png,VERIFIED_BY_COLOR_GRID
UO,15-18,CO,J3o,UNSELECTED,gray,12,UO/15-18/CO.png,VERIFIED_BY_COLOR_GRID
UO,15-18,CO,T3o,UNSELECTED,gray,12,UO/15-18/CO.png,VERIFIED_BY_COLOR_GRID
UO,15-18,CO,93o,UNSELECTED,gray,12,UO/15-18/CO.png,VERIFIED_BY_COLOR_GRID
UO,15-18,CO,83o,UNSELECTED,gray,12,UO/15-18/CO.png,VERIFIED_BY_COLOR_GRID
UO,15-18,CO,73o,UNSELECTED,gray,12,UO/15-18/CO.png,VERIFIED_BY_COLOR_GRID
UO,15-18,CO,63o,UNSELECTED,gray,12,UO/15-18/CO.png,VERIFIED_BY_COLOR_GRID
UO,15-18,CO,53o,UNSELECTED,gray,12,UO/15-18/CO.png,VERIFIED_BY_COLOR_GRID
UO,15-18,CO,43o,UNSELECTED,gray,12,UO/15-18/CO.png,VERIFIED_BY_COLOR_GRID
UO,15-18,CO,33,AI,purple,6,UO/15-18/CO.png,VERIFIED_BY_COLOR_GRID
UO,15-18,CO,32s,UNSELECTED,gray,4,UO/15-18/CO.png,VERIFIED_BY_COLOR_GRID
UO,15-18,CO,A2o,nAI,green,12,UO/15-18/CO.png,VERIFIED_BY_COLOR_GRID
UO,15-18,CO,K2o,UNSELECTED,gray,12,UO/15-18/CO.png,VERIFIED_BY_COLOR_GRID
UO,15-18,CO,Q2o,UNSELECTED,gray,12,UO/15-18/CO.png,VERIFIED_BY_COLOR_GRID
UO,15-18,CO,J2o,UNSELECTED,gray,12,UO/15-18/CO.png,VERIFIED_BY_COLOR_GRID
UO,15-18,CO,T2o,UNSELECTED,gray,12,UO/15-18/CO.png,VERIFIED_BY_COLOR_GRID
UO,15-18,CO,92o,UNSELECTED,gray,12,UO/15-18/CO.png,VERIFIED_BY_COLOR_GRID
UO,15-18,CO,82o,UNSELECTED,gray,12,UO/15-18/CO.png,VERIFIED_BY_COLOR_GRID
UO,15-18,CO,72o,UNSELECTED,gray,12,UO/15-18/CO.png,VERIFIED_BY_COLOR_GRID
UO,15-18,CO,62o,UNSELECTED,gray,12,UO/15-18/CO.png,VERIFIED_BY_COLOR_GRID
UO,15-18,CO,52o,UNSELECTED,gray,12,UO/15-18/CO.png,VERIFIED_BY_COLOR_GRID
UO,15-18,CO,42o,UNSELECTED,gray,12,UO/15-18/CO.png,VERIFIED_BY_COLOR_GRID
UO,15-18,CO,32o,UNSELECTED,gray,12,UO/15-18/CO.png,VERIFIED_BY_COLOR_GRID
UO,15-18,CO,22,AI,purple,6,UO/15-18/CO.png,VERIFIED_BY_COLOR_GRID
UO,15-18,BTN,AA,nAI,green,6,UO/15-18/BTN.png,VERIFIED_BY_COLOR_GRID
UO,15-18,BTN,AKs,nAI,green,4,UO/15-18/BTN.png,VERIFIED_BY_COLOR_GRID
UO,15-18,BTN,AQs,nAI,green,4,UO/15-18/BTN.png,VERIFIED_BY_COLOR_GRID
UO,15-18,BTN,AJs,nAI,green,4,UO/15-18/BTN.png,VERIFIED_BY_COLOR_GRID
UO,15-18,BTN,ATs,AI,purple,4,UO/15-18/BTN.png,VERIFIED_BY_COLOR_GRID
UO,15-18,BTN,A9s,AI,purple,4,UO/15-18/BTN.png,VERIFIED_BY_COLOR_GRID
UO,15-18,BTN,A8s,AI,purple,4,UO/15-18/BTN.png,VERIFIED_BY_COLOR_GRID
UO,15-18,BTN,A7s,AI,purple,4,UO/15-18/BTN.png,VERIFIED_BY_COLOR_GRID
UO,15-18,BTN,A6s,AI,purple,4,UO/15-18/BTN.png,VERIFIED_BY_COLOR_GRID
UO,15-18,BTN,A5s,AI,purple,4,UO/15-18/BTN.png,VERIFIED_BY_COLOR_GRID
UO,15-18,BTN,A4s,AI,purple,4,UO/15-18/BTN.png,VERIFIED_BY_COLOR_GRID
UO,15-18,BTN,A3s,AI,purple,4,UO/15-18/BTN.png,VERIFIED_BY_COLOR_GRID
UO,15-18,BTN,A2s,AI,purple,4,UO/15-18/BTN.png,VERIFIED_BY_COLOR_GRID
UO,15-18,BTN,AKo,nAI,green,12,UO/15-18/BTN.png,VERIFIED_BY_COLOR_GRID
UO,15-18,BTN,KK,nAI,green,6,UO/15-18/BTN.png,VERIFIED_BY_COLOR_GRID
UO,15-18,BTN,KQs,AI,purple,4,UO/15-18/BTN.png,VERIFIED_BY_COLOR_GRID
UO,15-18,BTN,KJs,AI,purple,4,UO/15-18/BTN.png,VERIFIED_BY_COLOR_GRID
UO,15-18,BTN,KTs,AI,purple,4,UO/15-18/BTN.png,VERIFIED_BY_COLOR_GRID
UO,15-18,BTN,K9s,AI,purple,4,UO/15-18/BTN.png,VERIFIED_BY_COLOR_GRID
UO,15-18,BTN,K8s,nAI,green,4,UO/15-18/BTN.png,VERIFIED_BY_COLOR_GRID
UO,15-18,BTN,K7s,nAI,green,4,UO/15-18/BTN.png,VERIFIED_BY_COLOR_GRID
UO,15-18,BTN,K6s,nAI,green,4,UO/15-18/BTN.png,VERIFIED_BY_COLOR_GRID
UO,15-18,BTN,K5s,nAI,green,4,UO/15-18/BTN.png,VERIFIED_BY_COLOR_GRID
UO,15-18,BTN,K4s,nAI,green,4,UO/15-18/BTN.png,VERIFIED_BY_COLOR_GRID
UO,15-18,BTN,K3s,nAI,green,4,UO/15-18/BTN.png,VERIFIED_BY_COLOR_GRID
UO,15-18,BTN,K2s,nAI,green,4,UO/15-18/BTN.png,VERIFIED_BY_COLOR_GRID
UO,15-18,BTN,AQo,nAI,green,12,UO/15-18/BTN.png,VERIFIED_BY_COLOR_GRID
UO,15-18,BTN,KQo,AI,purple,12,UO/15-18/BTN.png,VERIFIED_BY_COLOR_GRID
UO,15-18,BTN,QQ,nAI,green,6,UO/15-18/BTN.png,VERIFIED_BY_COLOR_GRID
UO,15-18,BTN,QJs,AI,purple,4,UO/15-18/BTN.png,VERIFIED_BY_COLOR_GRID
UO,15-18,BTN,QTs,AI,purple,4,UO/15-18/BTN.png,VERIFIED_BY_COLOR_GRID
UO,15-18,BTN,Q9s,AI,purple,4,UO/15-18/BTN.png,VERIFIED_BY_COLOR_GRID
UO,15-18,BTN,Q8s,nAI,green,4,UO/15-18/BTN.png,VERIFIED_BY_COLOR_GRID
UO,15-18,BTN,Q7s,nAI,green,4,UO/15-18/BTN.png,VERIFIED_BY_COLOR_GRID
UO,15-18,BTN,Q6s,UNSELECTED,gray,4,UO/15-18/BTN.png,VERIFIED_BY_COLOR_GRID
UO,15-18,BTN,Q5s,UNSELECTED,gray,4,UO/15-18/BTN.png,VERIFIED_BY_COLOR_GRID
UO,15-18,BTN,Q4s,UNSELECTED,gray,4,UO/15-18/BTN.png,VERIFIED_BY_COLOR_GRID
UO,15-18,BTN,Q3s,UNSELECTED,gray,4,UO/15-18/BTN.png,VERIFIED_BY_COLOR_GRID
UO,15-18,BTN,Q2s,UNSELECTED,gray,4,UO/15-18/BTN.png,VERIFIED_BY_COLOR_GRID
UO,15-18,BTN,AJo,AI,purple,12,UO/15-18/BTN.png,VERIFIED_BY_COLOR_GRID
UO,15-18,BTN,KJo,AI,purple,12,UO/15-18/BTN.png,VERIFIED_BY_COLOR_GRID
UO,15-18,BTN,QJo,AI,purple,12,UO/15-18/BTN.png,VERIFIED_BY_COLOR_GRID
UO,15-18,BTN,JJ,nAI,green,6,UO/15-18/BTN.png,VERIFIED_BY_COLOR_GRID
UO,15-18,BTN,JTs,AI,purple,4,UO/15-18/BTN.png,VERIFIED_BY_COLOR_GRID
UO,15-18,BTN,J9s,AI,purple,4,UO/15-18/BTN.png,VERIFIED_BY_COLOR_GRID
UO,15-18,BTN,J8s,nAI,green,4,UO/15-18/BTN.png,VERIFIED_BY_COLOR_GRID
UO,15-18,BTN,J7s,nAI,green,4,UO/15-18/BTN.png,VERIFIED_BY_COLOR_GRID
UO,15-18,BTN,J6s,UNSELECTED,gray,4,UO/15-18/BTN.png,VERIFIED_BY_COLOR_GRID
UO,15-18,BTN,J5s,UNSELECTED,gray,4,UO/15-18/BTN.png,VERIFIED_BY_COLOR_GRID
UO,15-18,BTN,J4s,UNSELECTED,gray,4,UO/15-18/BTN.png,VERIFIED_BY_COLOR_GRID
UO,15-18,BTN,J3s,UNSELECTED,gray,4,UO/15-18/BTN.png,VERIFIED_BY_COLOR_GRID
UO,15-18,BTN,J2s,UNSELECTED,gray,4,UO/15-18/BTN.png,VERIFIED_BY_COLOR_GRID
UO,15-18,BTN,ATo,AI,purple,12,UO/15-18/BTN.png,VERIFIED_BY_COLOR_GRID
UO,15-18,BTN,KTo,AI,purple,12,UO/15-18/BTN.png,VERIFIED_BY_COLOR_GRID
UO,15-18,BTN,QTo,AI,purple,12,UO/15-18/BTN.png,VERIFIED_BY_COLOR_GRID
UO,15-18,BTN,JTo,AI,purple,12,UO/15-18/BTN.png,VERIFIED_BY_COLOR_GRID
UO,15-18,BTN,TT,nAI,green,6,UO/15-18/BTN.png,VERIFIED_BY_COLOR_GRID
UO,15-18,BTN,T9s,AI,purple,4,UO/15-18/BTN.png,VERIFIED_BY_COLOR_GRID
UO,15-18,BTN,T8s,nAI,green,4,UO/15-18/BTN.png,VERIFIED_BY_COLOR_GRID
UO,15-18,BTN,T7s,nAI,green,4,UO/15-18/BTN.png,VERIFIED_BY_COLOR_GRID
UO,15-18,BTN,T6s,UNSELECTED,gray,4,UO/15-18/BTN.png,VERIFIED_BY_COLOR_GRID
UO,15-18,BTN,T5s,UNSELECTED,gray,4,UO/15-18/BTN.png,VERIFIED_BY_COLOR_GRID
UO,15-18,BTN,T4s,UNSELECTED,gray,4,UO/15-18/BTN.png,VERIFIED_BY_COLOR_GRID
UO,15-18,BTN,T3s,UNSELECTED,gray,4,UO/15-18/BTN.png,VERIFIED_BY_COLOR_GRID
UO,15-18,BTN,T2s,UNSELECTED,gray,4,UO/15-18/BTN.png,VERIFIED_BY_COLOR_GRID
UO,15-18,BTN,A9o,AI,purple,12,UO/15-18/BTN.png,VERIFIED_BY_COLOR_GRID
UO,15-18,BTN,K9o,nAI,green,12,UO/15-18/BTN.png,VERIFIED_BY_COLOR_GRID
UO,15-18,BTN,Q9o,nAI,green,12,UO/15-18/BTN.png,VERIFIED_BY_COLOR_GRID
UO,15-18,BTN,J9o,nAI,green,12,UO/15-18/BTN.png,VERIFIED_BY_COLOR_GRID
UO,15-18,BTN,T9o,nAI,green,12,UO/15-18/BTN.png,VERIFIED_BY_COLOR_GRID
UO,15-18,BTN,99,AI,purple,6,UO/15-18/BTN.png,VERIFIED_BY_COLOR_GRID
UO,15-18,BTN,98s,nAI,green,4,UO/15-18/BTN.png,VERIFIED_BY_COLOR_GRID
UO,15-18,BTN,97s,nAI,green,4,UO/15-18/BTN.png,VERIFIED_BY_COLOR_GRID
UO,15-18,BTN,96s,UNSELECTED,gray,4,UO/15-18/BTN.png,VERIFIED_BY_COLOR_GRID
UO,15-18,BTN,95s,UNSELECTED,gray,4,UO/15-18/BTN.png,VERIFIED_BY_COLOR_GRID
UO,15-18,BTN,94s,UNSELECTED,gray,4,UO/15-18/BTN.png,VERIFIED_BY_COLOR_GRID
UO,15-18,BTN,93s,UNSELECTED,gray,4,UO/15-18/BTN.png,VERIFIED_BY_COLOR_GRID
UO,15-18,BTN,92s,UNSELECTED,gray,4,UO/15-18/BTN.png,VERIFIED_BY_COLOR_GRID
UO,15-18,BTN,A8o,AI,purple,12,UO/15-18/BTN.png,VERIFIED_BY_COLOR_GRID
UO,15-18,BTN,K8o,nAI,green,12,UO/15-18/BTN.png,VERIFIED_BY_COLOR_GRID
UO,15-18,BTN,Q8o,nAI,green,12,UO/15-18/BTN.png,VERIFIED_BY_COLOR_GRID
UO,15-18,BTN,J8o,nAI,green,12,UO/15-18/BTN.png,VERIFIED_BY_COLOR_GRID
UO,15-18,BTN,T8o,nAI,green,12,UO/15-18/BTN.png,VERIFIED_BY_COLOR_GRID
UO,15-18,BTN,98o,nAI,green,12,UO/15-18/BTN.png,VERIFIED_BY_COLOR_GRID
UO,15-18,BTN,88,AI,purple,6,UO/15-18/BTN.png,VERIFIED_BY_COLOR_GRID
UO,15-18,BTN,87s,nAI,green,4,UO/15-18/BTN.png,VERIFIED_BY_COLOR_GRID
UO,15-18,BTN,86s,UNSELECTED,gray,4,UO/15-18/BTN.png,VERIFIED_BY_COLOR_GRID
UO,15-18,BTN,85s,UNSELECTED,gray,4,UO/15-18/BTN.png,VERIFIED_BY_COLOR_GRID
UO,15-18,BTN,84s,UNSELECTED,gray,4,UO/15-18/BTN.png,VERIFIED_BY_COLOR_GRID
UO,15-18,BTN,83s,UNSELECTED,gray,4,UO/15-18/BTN.png,VERIFIED_BY_COLOR_GRID
UO,15-18,BTN,82s,UNSELECTED,gray,4,UO/15-18/BTN.png,VERIFIED_BY_COLOR_GRID
UO,15-18,BTN,A7o,AI,purple,12,UO/15-18/BTN.png,VERIFIED_BY_COLOR_GRID
UO,15-18,BTN,K7o,nAI,green,12,UO/15-18/BTN.png,VERIFIED_BY_COLOR_GRID
UO,15-18,BTN,Q7o,nAI,green,12,UO/15-18/BTN.png,VERIFIED_BY_COLOR_GRID
UO,15-18,BTN,J7o,UNSELECTED,gray,12,UO/15-18/BTN.png,VERIFIED_BY_COLOR_GRID
UO,15-18,BTN,T7o,UNSELECTED,gray,12,UO/15-18/BTN.png,VERIFIED_BY_COLOR_GRID
UO,15-18,BTN,97o,UNSELECTED,gray,12,UO/15-18/BTN.png,VERIFIED_BY_COLOR_GRID
UO,15-18,BTN,87o,UNSELECTED,gray,12,UO/15-18/BTN.png,VERIFIED_BY_COLOR_GRID
UO,15-18,BTN,77,AI,purple,6,UO/15-18/BTN.png,VERIFIED_BY_COLOR_GRID
UO,15-18,BTN,76s,nAI,green,4,UO/15-18/BTN.png,VERIFIED_BY_COLOR_GRID
UO,15-18,BTN,75s,UNSELECTED,gray,4,UO/15-18/BTN.png,VERIFIED_BY_COLOR_GRID
UO,15-18,BTN,74s,UNSELECTED,gray,4,UO/15-18/BTN.png,VERIFIED_BY_COLOR_GRID
UO,15-18,BTN,73s,UNSELECTED,gray,4,UO/15-18/BTN.png,VERIFIED_BY_COLOR_GRID
UO,15-18,BTN,72s,UNSELECTED,gray,4,UO/15-18/BTN.png,VERIFIED_BY_COLOR_GRID
UO,15-18,BTN,A6o,AI,purple,12,UO/15-18/BTN.png,VERIFIED_BY_COLOR_GRID
UO,15-18,BTN,K6o,nAI,green,12,UO/15-18/BTN.png,VERIFIED_BY_COLOR_GRID
UO,15-18,BTN,Q6o,UNSELECTED,gray,12,UO/15-18/BTN.png,VERIFIED_BY_COLOR_GRID
UO,15-18,BTN,J6o,UNSELECTED,gray,12,UO/15-18/BTN.png,VERIFIED_BY_COLOR_GRID
UO,15-18,BTN,T6o,UNSELECTED,gray,12,UO/15-18/BTN.png,VERIFIED_BY_COLOR_GRID
UO,15-18,BTN,96o,UNSELECTED,gray,12,UO/15-18/BTN.png,VERIFIED_BY_COLOR_GRID
UO,15-18,BTN,86o,UNSELECTED,gray,12,UO/15-18/BTN.png,VERIFIED_BY_COLOR_GRID
UO,15-18,BTN,76o,UNSELECTED,gray,12,UO/15-18/BTN.png,VERIFIED_BY_COLOR_GRID
UO,15-18,BTN,66,AI,purple,6,UO/15-18/BTN.png,VERIFIED_BY_COLOR_GRID
UO,15-18,BTN,65s,UNSELECTED,gray,4,UO/15-18/BTN.png,VERIFIED_BY_COLOR_GRID
UO,15-18,BTN,64s,UNSELECTED,gray,4,UO/15-18/BTN.png,VERIFIED_BY_COLOR_GRID
UO,15-18,BTN,63s,UNSELECTED,gray,4,UO/15-18/BTN.png,VERIFIED_BY_COLOR_GRID
UO,15-18,BTN,62s,UNSELECTED,gray,4,UO/15-18/BTN.png,VERIFIED_BY_COLOR_GRID
UO,15-18,BTN,A5o,nAI,green,12,UO/15-18/BTN.png,VERIFIED_BY_COLOR_GRID
UO,15-18,BTN,K5o,nAI,green,12,UO/15-18/BTN.png,VERIFIED_BY_COLOR_GRID
UO,15-18,BTN,Q5o,UNSELECTED,gray,12,UO/15-18/BTN.png,VERIFIED_BY_COLOR_GRID
UO,15-18,BTN,J5o,UNSELECTED,gray,12,UO/15-18/BTN.png,VERIFIED_BY_COLOR_GRID
UO,15-18,BTN,T5o,UNSELECTED,gray,12,UO/15-18/BTN.png,VERIFIED_BY_COLOR_GRID
UO,15-18,BTN,95o,UNSELECTED,gray,12,UO/15-18/BTN.png,VERIFIED_BY_COLOR_GRID
UO,15-18,BTN,85o,UNSELECTED,gray,12,UO/15-18/BTN.png,VERIFIED_BY_COLOR_GRID
UO,15-18,BTN,75o,UNSELECTED,gray,12,UO/15-18/BTN.png,VERIFIED_BY_COLOR_GRID
UO,15-18,BTN,65o,UNSELECTED,gray,12,UO/15-18/BTN.png,VERIFIED_BY_COLOR_GRID
UO,15-18,BTN,55,AI,purple,6,UO/15-18/BTN.png,VERIFIED_BY_COLOR_GRID
UO,15-18,BTN,54s,UNSELECTED,gray,4,UO/15-18/BTN.png,VERIFIED_BY_COLOR_GRID
UO,15-18,BTN,53s,UNSELECTED,gray,4,UO/15-18/BTN.png,VERIFIED_BY_COLOR_GRID
UO,15-18,BTN,52s,UNSELECTED,gray,4,UO/15-18/BTN.png,VERIFIED_BY_COLOR_GRID
UO,15-18,BTN,A4o,nAI,green,12,UO/15-18/BTN.png,VERIFIED_BY_COLOR_GRID
UO,15-18,BTN,K4o,UNSELECTED,gray,12,UO/15-18/BTN.png,VERIFIED_BY_COLOR_GRID
UO,15-18,BTN,Q4o,UNSELECTED,gray,12,UO/15-18/BTN.png,VERIFIED_BY_COLOR_GRID
UO,15-18,BTN,J4o,UNSELECTED,gray,12,UO/15-18/BTN.png,VERIFIED_BY_COLOR_GRID
UO,15-18,BTN,T4o,UNSELECTED,gray,12,UO/15-18/BTN.png,VERIFIED_BY_COLOR_GRID
UO,15-18,BTN,94o,UNSELECTED,gray,12,UO/15-18/BTN.png,VERIFIED_BY_COLOR_GRID
UO,15-18,BTN,84o,UNSELECTED,gray,12,UO/15-18/BTN.png,VERIFIED_BY_COLOR_GRID
UO,15-18,BTN,74o,UNSELECTED,gray,12,UO/15-18/BTN.png,VERIFIED_BY_COLOR_GRID
UO,15-18,BTN,64o,UNSELECTED,gray,12,UO/15-18/BTN.png,VERIFIED_BY_COLOR_GRID
UO,15-18,BTN,54o,UNSELECTED,gray,12,UO/15-18/BTN.png,VERIFIED_BY_COLOR_GRID
UO,15-18,BTN,44,AI,purple,6,UO/15-18/BTN.png,VERIFIED_BY_COLOR_GRID
UO,15-18,BTN,43s,UNSELECTED,gray,4,UO/15-18/BTN.png,VERIFIED_BY_COLOR_GRID
UO,15-18,BTN,42s,UNSELECTED,gray,4,UO/15-18/BTN.png,VERIFIED_BY_COLOR_GRID
UO,15-18,BTN,A3o,nAI,green,12,UO/15-18/BTN.png,VERIFIED_BY_COLOR_GRID
UO,15-18,BTN,K3o,UNSELECTED,gray,12,UO/15-18/BTN.png,VERIFIED_BY_COLOR_GRID
UO,15-18,BTN,Q3o,UNSELECTED,gray,12,UO/15-18/BTN.png,VERIFIED_BY_COLOR_GRID
UO,15-18,BTN,J3o,UNSELECTED,gray,12,UO/15-18/BTN.png,VERIFIED_BY_COLOR_GRID
UO,15-18,BTN,T3o,UNSELECTED,gray,12,UO/15-18/BTN.png,VERIFIED_BY_COLOR_GRID
UO,15-18,BTN,93o,UNSELECTED,gray,12,UO/15-18/BTN.png,VERIFIED_BY_COLOR_GRID
UO,15-18,BTN,83o,UNSELECTED,gray,12,UO/15-18/BTN.png,VERIFIED_BY_COLOR_GRID
UO,15-18,BTN,73o,UNSELECTED,gray,12,UO/15-18/BTN.png,VERIFIED_BY_COLOR_GRID
UO,15-18,BTN,63o,UNSELECTED,gray,12,UO/15-18/BTN.png,VERIFIED_BY_COLOR_GRID
UO,15-18,BTN,53o,UNSELECTED,gray,12,UO/15-18/BTN.png,VERIFIED_BY_COLOR_GRID
UO,15-18,BTN,43o,UNSELECTED,gray,12,UO/15-18/BTN.png,VERIFIED_BY_COLOR_GRID
UO,15-18,BTN,33,AI,purple,6,UO/15-18/BTN.png,VERIFIED_BY_COLOR_GRID
UO,15-18,BTN,32s,UNSELECTED,gray,4,UO/15-18/BTN.png,VERIFIED_BY_COLOR_GRID
UO,15-18,BTN,A2o,nAI,green,12,UO/15-18/BTN.png,VERIFIED_BY_COLOR_GRID
UO,15-18,BTN,K2o,UNSELECTED,gray,12,UO/15-18/BTN.png,VERIFIED_BY_COLOR_GRID
UO,15-18,BTN,Q2o,UNSELECTED,gray,12,UO/15-18/BTN.png,VERIFIED_BY_COLOR_GRID
UO,15-18,BTN,J2o,UNSELECTED,gray,12,UO/15-18/BTN.png,VERIFIED_BY_COLOR_GRID
UO,15-18,BTN,T2o,UNSELECTED,gray,12,UO/15-18/BTN.png,VERIFIED_BY_COLOR_GRID
UO,15-18,BTN,92o,UNSELECTED,gray,12,UO/15-18/BTN.png,VERIFIED_BY_COLOR_GRID
UO,15-18,BTN,82o,UNSELECTED,gray,12,UO/15-18/BTN.png,VERIFIED_BY_COLOR_GRID
UO,15-18,BTN,72o,UNSELECTED,gray,12,UO/15-18/BTN.png,VERIFIED_BY_COLOR_GRID
UO,15-18,BTN,62o,UNSELECTED,gray,12,UO/15-18/BTN.png,VERIFIED_BY_COLOR_GRID
UO,15-18,BTN,52o,UNSELECTED,gray,12,UO/15-18/BTN.png,VERIFIED_BY_COLOR_GRID
UO,15-18,BTN,42o,UNSELECTED,gray,12,UO/15-18/BTN.png,VERIFIED_BY_COLOR_GRID
UO,15-18,BTN,32o,UNSELECTED,gray,12,UO/15-18/BTN.png,VERIFIED_BY_COLOR_GRID
UO,15-18,BTN,22,AI,purple,6,UO/15-18/BTN.png,VERIFIED_BY_COLOR_GRID
UO,18-25,EP,AA,RAISE,green,6,UO/18-25/EP.png,VERIFIED_BY_COLOR_GRID
UO,18-25,EP,AKs,RAISE,green,4,UO/18-25/EP.png,VERIFIED_BY_COLOR_GRID
UO,18-25,EP,AQs,RAISE,green,4,UO/18-25/EP.png,VERIFIED_BY_COLOR_GRID
UO,18-25,EP,AJs,RAISE,green,4,UO/18-25/EP.png,VERIFIED_BY_COLOR_GRID
UO,18-25,EP,ATs,RAISE,green,4,UO/18-25/EP.png,VERIFIED_BY_COLOR_GRID
UO,18-25,EP,A9s,RAISE,green,4,UO/18-25/EP.png,VERIFIED_BY_COLOR_GRID
UO,18-25,EP,A8s,RAISE,green,4,UO/18-25/EP.png,VERIFIED_BY_COLOR_GRID
UO,18-25,EP,A7s,RAISE,green,4,UO/18-25/EP.png,VERIFIED_BY_COLOR_GRID
UO,18-25,EP,A6s,RAISE,green,4,UO/18-25/EP.png,VERIFIED_BY_COLOR_GRID
UO,18-25,EP,A5s,RAISE,green,4,UO/18-25/EP.png,VERIFIED_BY_COLOR_GRID
UO,18-25,EP,A4s,RAISE,green,4,UO/18-25/EP.png,VERIFIED_BY_COLOR_GRID
UO,18-25,EP,A3s,RAISE,green,4,UO/18-25/EP.png,VERIFIED_BY_COLOR_GRID
UO,18-25,EP,A2s,RAISE,green,4,UO/18-25/EP.png,VERIFIED_BY_COLOR_GRID
UO,18-25,EP,AKo,RAISE,green,12,UO/18-25/EP.png,VERIFIED_BY_COLOR_GRID
UO,18-25,EP,KK,RAISE,green,6,UO/18-25/EP.png,VERIFIED_BY_COLOR_GRID
UO,18-25,EP,KQs,RAISE,green,4,UO/18-25/EP.png,VERIFIED_BY_COLOR_GRID
UO,18-25,EP,KJs,RAISE,green,4,UO/18-25/EP.png,VERIFIED_BY_COLOR_GRID
UO,18-25,EP,KTs,RAISE,green,4,UO/18-25/EP.png,VERIFIED_BY_COLOR_GRID
UO,18-25,EP,K9s,RAISE,green,4,UO/18-25/EP.png,VERIFIED_BY_COLOR_GRID
UO,18-25,EP,K8s,UNSELECTED,gray,4,UO/18-25/EP.png,VERIFIED_BY_COLOR_GRID
UO,18-25,EP,K7s,UNSELECTED,gray,4,UO/18-25/EP.png,VERIFIED_BY_COLOR_GRID
UO,18-25,EP,K6s,UNSELECTED,gray,4,UO/18-25/EP.png,VERIFIED_BY_COLOR_GRID
UO,18-25,EP,K5s,UNSELECTED,gray,4,UO/18-25/EP.png,VERIFIED_BY_COLOR_GRID
UO,18-25,EP,K4s,UNSELECTED,gray,4,UO/18-25/EP.png,VERIFIED_BY_COLOR_GRID
UO,18-25,EP,K3s,UNSELECTED,gray,4,UO/18-25/EP.png,VERIFIED_BY_COLOR_GRID
UO,18-25,EP,K2s,UNSELECTED,gray,4,UO/18-25/EP.png,VERIFIED_BY_COLOR_GRID
UO,18-25,EP,AQo,RAISE,green,12,UO/18-25/EP.png,VERIFIED_BY_COLOR_GRID
UO,18-25,EP,KQo,RAISE,green,12,UO/18-25/EP.png,VERIFIED_BY_COLOR_GRID
UO,18-25,EP,QQ,RAISE,green,6,UO/18-25/EP.png,VERIFIED_BY_COLOR_GRID
UO,18-25,EP,QJs,RAISE,green,4,UO/18-25/EP.png,VERIFIED_BY_COLOR_GRID
UO,18-25,EP,QTs,RAISE,green,4,UO/18-25/EP.png,VERIFIED_BY_COLOR_GRID
UO,18-25,EP,Q9s,RAISE,green,4,UO/18-25/EP.png,VERIFIED_BY_COLOR_GRID
UO,18-25,EP,Q8s,UNSELECTED,gray,4,UO/18-25/EP.png,VERIFIED_BY_COLOR_GRID
UO,18-25,EP,Q7s,UNSELECTED,gray,4,UO/18-25/EP.png,VERIFIED_BY_COLOR_GRID
UO,18-25,EP,Q6s,UNSELECTED,gray,4,UO/18-25/EP.png,VERIFIED_BY_COLOR_GRID
UO,18-25,EP,Q5s,UNSELECTED,gray,4,UO/18-25/EP.png,VERIFIED_BY_COLOR_GRID
UO,18-25,EP,Q4s,UNSELECTED,gray,4,UO/18-25/EP.png,VERIFIED_BY_COLOR_GRID
UO,18-25,EP,Q3s,UNSELECTED,gray,4,UO/18-25/EP.png,VERIFIED_BY_COLOR_GRID
UO,18-25,EP,Q2s,UNSELECTED,gray,4,UO/18-25/EP.png,VERIFIED_BY_COLOR_GRID
UO,18-25,EP,AJo,RAISE,green,12,UO/18-25/EP.png,VERIFIED_BY_COLOR_GRID
UO,18-25,EP,KJo,RAISE,green,12,UO/18-25/EP.png,VERIFIED_BY_COLOR_GRID
UO,18-25,EP,QJo,LOW_PLAYABILITY,cyan,12,UO/18-25/EP.png,VERIFIED_BY_COLOR_GRID
UO,18-25,EP,JJ,RAISE,green,6,UO/18-25/EP.png,VERIFIED_BY_COLOR_GRID
UO,18-25,EP,JTs,RAISE,green,4,UO/18-25/EP.png,VERIFIED_BY_COLOR_GRID
UO,18-25,EP,J9s,UNSELECTED,gray,4,UO/18-25/EP.png,VERIFIED_BY_COLOR_GRID
UO,18-25,EP,J8s,UNSELECTED,gray,4,UO/18-25/EP.png,VERIFIED_BY_COLOR_GRID
UO,18-25,EP,J7s,UNSELECTED,gray,4,UO/18-25/EP.png,VERIFIED_BY_COLOR_GRID
UO,18-25,EP,J6s,UNSELECTED,gray,4,UO/18-25/EP.png,VERIFIED_BY_COLOR_GRID
UO,18-25,EP,J5s,UNSELECTED,gray,4,UO/18-25/EP.png,VERIFIED_BY_COLOR_GRID
UO,18-25,EP,J4s,UNSELECTED,gray,4,UO/18-25/EP.png,VERIFIED_BY_COLOR_GRID
UO,18-25,EP,J3s,UNSELECTED,gray,4,UO/18-25/EP.png,VERIFIED_BY_COLOR_GRID
UO,18-25,EP,J2s,UNSELECTED,gray,4,UO/18-25/EP.png,VERIFIED_BY_COLOR_GRID
UO,18-25,EP,ATo,RAISE,green,12,UO/18-25/EP.png,VERIFIED_BY_COLOR_GRID
UO,18-25,EP,KTo,LOW_PLAYABILITY,cyan,12,UO/18-25/EP.png,VERIFIED_BY_COLOR_GRID
UO,18-25,EP,QTo,LOW_PLAYABILITY,cyan,12,UO/18-25/EP.png,VERIFIED_BY_COLOR_GRID
UO,18-25,EP,JTo,RAISE,green,12,UO/18-25/EP.png,VERIFIED_BY_COLOR_GRID
UO,18-25,EP,TT,RAISE,green,6,UO/18-25/EP.png,VERIFIED_BY_COLOR_GRID
UO,18-25,EP,T9s,UNSELECTED,gray,4,UO/18-25/EP.png,VERIFIED_BY_COLOR_GRID
UO,18-25,EP,T8s,UNSELECTED,gray,4,UO/18-25/EP.png,VERIFIED_BY_COLOR_GRID
UO,18-25,EP,T7s,UNSELECTED,gray,4,UO/18-25/EP.png,VERIFIED_BY_COLOR_GRID
UO,18-25,EP,T6s,UNSELECTED,gray,4,UO/18-25/EP.png,VERIFIED_BY_COLOR_GRID
UO,18-25,EP,T5s,UNSELECTED,gray,4,UO/18-25/EP.png,VERIFIED_BY_COLOR_GRID
UO,18-25,EP,T4s,UNSELECTED,gray,4,UO/18-25/EP.png,VERIFIED_BY_COLOR_GRID
UO,18-25,EP,T3s,UNSELECTED,gray,4,UO/18-25/EP.png,VERIFIED_BY_COLOR_GRID
UO,18-25,EP,T2s,UNSELECTED,gray,4,UO/18-25/EP.png,VERIFIED_BY_COLOR_GRID
UO,18-25,EP,A9o,LOW_PLAYABILITY,cyan,12,UO/18-25/EP.png,VERIFIED_BY_COLOR_GRID
UO,18-25,EP,K9o,LOW_PLAYABILITY,cyan,12,UO/18-25/EP.png,VERIFIED_BY_COLOR_GRID
UO,18-25,EP,Q9o,UNSELECTED,gray,12,UO/18-25/EP.png,VERIFIED_BY_COLOR_GRID
UO,18-25,EP,J9o,UNSELECTED,gray,12,UO/18-25/EP.png,VERIFIED_BY_COLOR_GRID
UO,18-25,EP,T9o,RAISE,green,12,UO/18-25/EP.png,VERIFIED_BY_COLOR_GRID
UO,18-25,EP,99,RAISE,green,6,UO/18-25/EP.png,VERIFIED_BY_COLOR_GRID
UO,18-25,EP,98s,UNSELECTED,gray,4,UO/18-25/EP.png,VERIFIED_BY_COLOR_GRID
UO,18-25,EP,97s,UNSELECTED,gray,4,UO/18-25/EP.png,VERIFIED_BY_COLOR_GRID
UO,18-25,EP,96s,UNSELECTED,gray,4,UO/18-25/EP.png,VERIFIED_BY_COLOR_GRID
UO,18-25,EP,95s,UNSELECTED,gray,4,UO/18-25/EP.png,VERIFIED_BY_COLOR_GRID
UO,18-25,EP,94s,UNSELECTED,gray,4,UO/18-25/EP.png,VERIFIED_BY_COLOR_GRID
UO,18-25,EP,93s,UNSELECTED,gray,4,UO/18-25/EP.png,VERIFIED_BY_COLOR_GRID
UO,18-25,EP,92s,UNSELECTED,gray,4,UO/18-25/EP.png,VERIFIED_BY_COLOR_GRID
UO,18-25,EP,A8o,LOW_PLAYABILITY,cyan,12,UO/18-25/EP.png,VERIFIED_BY_COLOR_GRID
UO,18-25,EP,K8o,UNSELECTED,gray,12,UO/18-25/EP.png,VERIFIED_BY_COLOR_GRID
UO,18-25,EP,Q8o,UNSELECTED,gray,12,UO/18-25/EP.png,VERIFIED_BY_COLOR_GRID
UO,18-25,EP,J8o,UNSELECTED,gray,12,UO/18-25/EP.png,VERIFIED_BY_COLOR_GRID
UO,18-25,EP,T8o,UNSELECTED,gray,12,UO/18-25/EP.png,VERIFIED_BY_COLOR_GRID
UO,18-25,EP,98o,RAISE,green,12,UO/18-25/EP.png,VERIFIED_BY_COLOR_GRID
UO,18-25,EP,88,RAISE,green,6,UO/18-25/EP.png,VERIFIED_BY_COLOR_GRID
UO,18-25,EP,87s,UNSELECTED,gray,4,UO/18-25/EP.png,VERIFIED_BY_COLOR_GRID
UO,18-25,EP,86s,UNSELECTED,gray,4,UO/18-25/EP.png,VERIFIED_BY_COLOR_GRID
UO,18-25,EP,85s,UNSELECTED,gray,4,UO/18-25/EP.png,VERIFIED_BY_COLOR_GRID
UO,18-25,EP,84s,UNSELECTED,gray,4,UO/18-25/EP.png,VERIFIED_BY_COLOR_GRID
UO,18-25,EP,83s,UNSELECTED,gray,4,UO/18-25/EP.png,VERIFIED_BY_COLOR_GRID
UO,18-25,EP,82s,UNSELECTED,gray,4,UO/18-25/EP.png,VERIFIED_BY_COLOR_GRID
UO,18-25,EP,A7o,UNSELECTED,gray,12,UO/18-25/EP.png,VERIFIED_BY_COLOR_GRID
UO,18-25,EP,K7o,UNSELECTED,gray,12,UO/18-25/EP.png,VERIFIED_BY_COLOR_GRID
UO,18-25,EP,Q7o,UNSELECTED,gray,12,UO/18-25/EP.png,VERIFIED_BY_COLOR_GRID
UO,18-25,EP,J7o,UNSELECTED,gray,12,UO/18-25/EP.png,VERIFIED_BY_COLOR_GRID
UO,18-25,EP,T7o,UNSELECTED,gray,12,UO/18-25/EP.png,VERIFIED_BY_COLOR_GRID
UO,18-25,EP,97o,UNSELECTED,gray,12,UO/18-25/EP.png,VERIFIED_BY_COLOR_GRID
UO,18-25,EP,87o,RAISE,green,12,UO/18-25/EP.png,VERIFIED_BY_COLOR_GRID
UO,18-25,EP,77,RAISE,green,6,UO/18-25/EP.png,VERIFIED_BY_COLOR_GRID
UO,18-25,EP,76s,UNSELECTED,gray,4,UO/18-25/EP.png,VERIFIED_BY_COLOR_GRID
UO,18-25,EP,75s,UNSELECTED,gray,4,UO/18-25/EP.png,VERIFIED_BY_COLOR_GRID
UO,18-25,EP,74s,UNSELECTED,gray,4,UO/18-25/EP.png,VERIFIED_BY_COLOR_GRID
UO,18-25,EP,73s,UNSELECTED,gray,4,UO/18-25/EP.png,VERIFIED_BY_COLOR_GRID
UO,18-25,EP,72s,UNSELECTED,gray,4,UO/18-25/EP.png,VERIFIED_BY_COLOR_GRID
UO,18-25,EP,A6o,UNSELECTED,gray,12,UO/18-25/EP.png,VERIFIED_BY_COLOR_GRID
UO,18-25,EP,K6o,UNSELECTED,gray,12,UO/18-25/EP.png,VERIFIED_BY_COLOR_GRID
UO,18-25,EP,Q6o,UNSELECTED,gray,12,UO/18-25/EP.png,VERIFIED_BY_COLOR_GRID
UO,18-25,EP,J6o,UNSELECTED,gray,12,UO/18-25/EP.png,VERIFIED_BY_COLOR_GRID
UO,18-25,EP,T6o,UNSELECTED,gray,12,UO/18-25/EP.png,VERIFIED_BY_COLOR_GRID
UO,18-25,EP,96o,UNSELECTED,gray,12,UO/18-25/EP.png,VERIFIED_BY_COLOR_GRID
UO,18-25,EP,86o,UNSELECTED,gray,12,UO/18-25/EP.png,VERIFIED_BY_COLOR_GRID
UO,18-25,EP,76o,RAISE,green,12,UO/18-25/EP.png,VERIFIED_BY_COLOR_GRID
UO,18-25,EP,66,RAISE,green,6,UO/18-25/EP.png,VERIFIED_BY_COLOR_GRID
UO,18-25,EP,65s,UNSELECTED,gray,4,UO/18-25/EP.png,VERIFIED_BY_COLOR_GRID
UO,18-25,EP,64s,UNSELECTED,gray,4,UO/18-25/EP.png,VERIFIED_BY_COLOR_GRID
UO,18-25,EP,63s,UNSELECTED,gray,4,UO/18-25/EP.png,VERIFIED_BY_COLOR_GRID
UO,18-25,EP,62s,UNSELECTED,gray,4,UO/18-25/EP.png,VERIFIED_BY_COLOR_GRID
UO,18-25,EP,A5o,UNSELECTED,gray,12,UO/18-25/EP.png,VERIFIED_BY_COLOR_GRID
UO,18-25,EP,K5o,UNSELECTED,gray,12,UO/18-25/EP.png,VERIFIED_BY_COLOR_GRID
UO,18-25,EP,Q5o,UNSELECTED,gray,12,UO/18-25/EP.png,VERIFIED_BY_COLOR_GRID
UO,18-25,EP,J5o,UNSELECTED,gray,12,UO/18-25/EP.png,VERIFIED_BY_COLOR_GRID
UO,18-25,EP,T5o,UNSELECTED,gray,12,UO/18-25/EP.png,VERIFIED_BY_COLOR_GRID
UO,18-25,EP,95o,UNSELECTED,gray,12,UO/18-25/EP.png,VERIFIED_BY_COLOR_GRID
UO,18-25,EP,85o,UNSELECTED,gray,12,UO/18-25/EP.png,VERIFIED_BY_COLOR_GRID
UO,18-25,EP,75o,UNSELECTED,gray,12,UO/18-25/EP.png,VERIFIED_BY_COLOR_GRID
UO,18-25,EP,65o,RAISE,green,12,UO/18-25/EP.png,VERIFIED_BY_COLOR_GRID
UO,18-25,EP,55,RAISE,green,6,UO/18-25/EP.png,VERIFIED_BY_COLOR_GRID
UO,18-25,EP,54s,UNSELECTED,gray,4,UO/18-25/EP.png,VERIFIED_BY_COLOR_GRID
UO,18-25,EP,53s,UNSELECTED,gray,4,UO/18-25/EP.png,VERIFIED_BY_COLOR_GRID
UO,18-25,EP,52s,UNSELECTED,gray,4,UO/18-25/EP.png,VERIFIED_BY_COLOR_GRID
UO,18-25,EP,A4o,UNSELECTED,gray,12,UO/18-25/EP.png,VERIFIED_BY_COLOR_GRID
UO,18-25,EP,K4o,UNSELECTED,gray,12,UO/18-25/EP.png,VERIFIED_BY_COLOR_GRID
UO,18-25,EP,Q4o,UNSELECTED,gray,12,UO/18-25/EP.png,VERIFIED_BY_COLOR_GRID
UO,18-25,EP,J4o,UNSELECTED,gray,12,UO/18-25/EP.png,VERIFIED_BY_COLOR_GRID
UO,18-25,EP,T4o,UNSELECTED,gray,12,UO/18-25/EP.png,VERIFIED_BY_COLOR_GRID
UO,18-25,EP,94o,UNSELECTED,gray,12,UO/18-25/EP.png,VERIFIED_BY_COLOR_GRID
UO,18-25,EP,84o,UNSELECTED,gray,12,UO/18-25/EP.png,VERIFIED_BY_COLOR_GRID
UO,18-25,EP,74o,UNSELECTED,gray,12,UO/18-25/EP.png,VERIFIED_BY_COLOR_GRID
UO,18-25,EP,64o,UNSELECTED,gray,12,UO/18-25/EP.png,VERIFIED_BY_COLOR_GRID
UO,18-25,EP,54o,RAISE,green,12,UO/18-25/EP.png,VERIFIED_BY_COLOR_GRID
UO,18-25,EP,44,UNSELECTED,gray,6,UO/18-25/EP.png,VERIFIED_BY_COLOR_GRID
UO,18-25,EP,43s,UNSELECTED,gray,4,UO/18-25/EP.png,VERIFIED_BY_COLOR_GRID
UO,18-25,EP,42s,UNSELECTED,gray,4,UO/18-25/EP.png,VERIFIED_BY_COLOR_GRID
UO,18-25,EP,A3o,UNSELECTED,gray,12,UO/18-25/EP.png,VERIFIED_BY_COLOR_GRID
UO,18-25,EP,K3o,UNSELECTED,gray,12,UO/18-25/EP.png,VERIFIED_BY_COLOR_GRID
UO,18-25,EP,Q3o,UNSELECTED,gray,12,UO/18-25/EP.png,VERIFIED_BY_COLOR_GRID
UO,18-25,EP,J3o,UNSELECTED,gray,12,UO/18-25/EP.png,VERIFIED_BY_COLOR_GRID
UO,18-25,EP,T3o,UNSELECTED,gray,12,UO/18-25/EP.png,VERIFIED_BY_COLOR_GRID
UO,18-25,EP,93o,UNSELECTED,gray,12,UO/18-25/EP.png,VERIFIED_BY_COLOR_GRID
UO,18-25,EP,83o,UNSELECTED,gray,12,UO/18-25/EP.png,VERIFIED_BY_COLOR_GRID
UO,18-25,EP,73o,UNSELECTED,gray,12,UO/18-25/EP.png,VERIFIED_BY_COLOR_GRID
UO,18-25,EP,63o,UNSELECTED,gray,12,UO/18-25/EP.png,VERIFIED_BY_COLOR_GRID
UO,18-25,EP,53o,UNSELECTED,gray,12,UO/18-25/EP.png,VERIFIED_BY_COLOR_GRID
UO,18-25,EP,43o,UNSELECTED,gray,12,UO/18-25/EP.png,VERIFIED_BY_COLOR_GRID
UO,18-25,EP,33,UNSELECTED,gray,6,UO/18-25/EP.png,VERIFIED_BY_COLOR_GRID
UO,18-25,EP,32s,UNSELECTED,gray,4,UO/18-25/EP.png,VERIFIED_BY_COLOR_GRID
UO,18-25,EP,A2o,UNSELECTED,gray,12,UO/18-25/EP.png,VERIFIED_BY_COLOR_GRID
UO,18-25,EP,K2o,UNSELECTED,gray,12,UO/18-25/EP.png,VERIFIED_BY_COLOR_GRID
UO,18-25,EP,Q2o,UNSELECTED,gray,12,UO/18-25/EP.png,VERIFIED_BY_COLOR_GRID
UO,18-25,EP,J2o,UNSELECTED,gray,12,UO/18-25/EP.png,VERIFIED_BY_COLOR_GRID
UO,18-25,EP,T2o,UNSELECTED,gray,12,UO/18-25/EP.png,VERIFIED_BY_COLOR_GRID
UO,18-25,EP,92o,UNSELECTED,gray,12,UO/18-25/EP.png,VERIFIED_BY_COLOR_GRID
UO,18-25,EP,82o,UNSELECTED,gray,12,UO/18-25/EP.png,VERIFIED_BY_COLOR_GRID
UO,18-25,EP,72o,UNSELECTED,gray,12,UO/18-25/EP.png,VERIFIED_BY_COLOR_GRID
UO,18-25,EP,62o,UNSELECTED,gray,12,UO/18-25/EP.png,VERIFIED_BY_COLOR_GRID
UO,18-25,EP,52o,UNSELECTED,gray,12,UO/18-25/EP.png,VERIFIED_BY_COLOR_GRID
UO,18-25,EP,42o,UNSELECTED,gray,12,UO/18-25/EP.png,VERIFIED_BY_COLOR_GRID
UO,18-25,EP,32o,UNSELECTED,gray,12,UO/18-25/EP.png,VERIFIED_BY_COLOR_GRID
UO,18-25,EP,22,UNSELECTED,gray,6,UO/18-25/EP.png,VERIFIED_BY_COLOR_GRID
UO,18-25,MP,AA,RAISE,green,6,UO/18-25/MP.png,VERIFIED_BY_COLOR_GRID
UO,18-25,MP,AKs,RAISE,green,4,UO/18-25/MP.png,VERIFIED_BY_COLOR_GRID
UO,18-25,MP,AQs,RAISE,green,4,UO/18-25/MP.png,VERIFIED_BY_COLOR_GRID
UO,18-25,MP,AJs,RAISE,green,4,UO/18-25/MP.png,VERIFIED_BY_COLOR_GRID
UO,18-25,MP,ATs,RAISE,green,4,UO/18-25/MP.png,VERIFIED_BY_COLOR_GRID
UO,18-25,MP,A9s,RAISE,green,4,UO/18-25/MP.png,VERIFIED_BY_COLOR_GRID
UO,18-25,MP,A8s,RAISE,green,4,UO/18-25/MP.png,VERIFIED_BY_COLOR_GRID
UO,18-25,MP,A7s,RAISE,green,4,UO/18-25/MP.png,VERIFIED_BY_COLOR_GRID
UO,18-25,MP,A6s,RAISE,green,4,UO/18-25/MP.png,VERIFIED_BY_COLOR_GRID
UO,18-25,MP,A5s,RAISE,green,4,UO/18-25/MP.png,VERIFIED_BY_COLOR_GRID
UO,18-25,MP,A4s,RAISE,green,4,UO/18-25/MP.png,VERIFIED_BY_COLOR_GRID
UO,18-25,MP,A3s,RAISE,green,4,UO/18-25/MP.png,VERIFIED_BY_COLOR_GRID
UO,18-25,MP,A2s,RAISE,green,4,UO/18-25/MP.png,VERIFIED_BY_COLOR_GRID
UO,18-25,MP,AKo,RAISE,green,12,UO/18-25/MP.png,VERIFIED_BY_COLOR_GRID
UO,18-25,MP,KK,RAISE,green,6,UO/18-25/MP.png,VERIFIED_BY_COLOR_GRID
UO,18-25,MP,KQs,RAISE,green,4,UO/18-25/MP.png,VERIFIED_BY_COLOR_GRID
UO,18-25,MP,KJs,RAISE,green,4,UO/18-25/MP.png,VERIFIED_BY_COLOR_GRID
UO,18-25,MP,KTs,RAISE,green,4,UO/18-25/MP.png,VERIFIED_BY_COLOR_GRID
UO,18-25,MP,K9s,RAISE,green,4,UO/18-25/MP.png,VERIFIED_BY_COLOR_GRID
UO,18-25,MP,K8s,RAISE,green,4,UO/18-25/MP.png,VERIFIED_BY_COLOR_GRID
UO,18-25,MP,K7s,UNSELECTED,gray,4,UO/18-25/MP.png,VERIFIED_BY_COLOR_GRID
UO,18-25,MP,K6s,UNSELECTED,gray,4,UO/18-25/MP.png,VERIFIED_BY_COLOR_GRID
UO,18-25,MP,K5s,UNSELECTED,gray,4,UO/18-25/MP.png,VERIFIED_BY_COLOR_GRID
UO,18-25,MP,K4s,UNSELECTED,gray,4,UO/18-25/MP.png,VERIFIED_BY_COLOR_GRID
UO,18-25,MP,K3s,UNSELECTED,gray,4,UO/18-25/MP.png,VERIFIED_BY_COLOR_GRID
UO,18-25,MP,K2s,UNSELECTED,gray,4,UO/18-25/MP.png,VERIFIED_BY_COLOR_GRID
UO,18-25,MP,AQo,RAISE,green,12,UO/18-25/MP.png,VERIFIED_BY_COLOR_GRID
UO,18-25,MP,KQo,RAISE,green,12,UO/18-25/MP.png,VERIFIED_BY_COLOR_GRID
UO,18-25,MP,QQ,RAISE,green,6,UO/18-25/MP.png,VERIFIED_BY_COLOR_GRID
UO,18-25,MP,QJs,RAISE,green,4,UO/18-25/MP.png,VERIFIED_BY_COLOR_GRID
UO,18-25,MP,QTs,RAISE,green,4,UO/18-25/MP.png,VERIFIED_BY_COLOR_GRID
UO,18-25,MP,Q9s,RAISE,green,4,UO/18-25/MP.png,VERIFIED_BY_COLOR_GRID
UO,18-25,MP,Q8s,RAISE,green,4,UO/18-25/MP.png,VERIFIED_BY_COLOR_GRID
UO,18-25,MP,Q7s,UNSELECTED,gray,4,UO/18-25/MP.png,VERIFIED_BY_COLOR_GRID
UO,18-25,MP,Q6s,UNSELECTED,gray,4,UO/18-25/MP.png,VERIFIED_BY_COLOR_GRID
UO,18-25,MP,Q5s,UNSELECTED,gray,4,UO/18-25/MP.png,VERIFIED_BY_COLOR_GRID
UO,18-25,MP,Q4s,UNSELECTED,gray,4,UO/18-25/MP.png,VERIFIED_BY_COLOR_GRID
UO,18-25,MP,Q3s,UNSELECTED,gray,4,UO/18-25/MP.png,VERIFIED_BY_COLOR_GRID
UO,18-25,MP,Q2s,UNSELECTED,gray,4,UO/18-25/MP.png,VERIFIED_BY_COLOR_GRID
UO,18-25,MP,AJo,RAISE,green,12,UO/18-25/MP.png,VERIFIED_BY_COLOR_GRID
UO,18-25,MP,KJo,RAISE,green,12,UO/18-25/MP.png,VERIFIED_BY_COLOR_GRID
UO,18-25,MP,QJo,LOW_PLAYABILITY,cyan,12,UO/18-25/MP.png,VERIFIED_BY_COLOR_GRID
UO,18-25,MP,JJ,RAISE,green,6,UO/18-25/MP.png,VERIFIED_BY_COLOR_GRID
UO,18-25,MP,JTs,RAISE,green,4,UO/18-25/MP.png,VERIFIED_BY_COLOR_GRID
UO,18-25,MP,J9s,RAISE,green,4,UO/18-25/MP.png,VERIFIED_BY_COLOR_GRID
UO,18-25,MP,J8s,UNSELECTED,gray,4,UO/18-25/MP.png,VERIFIED_BY_COLOR_GRID
UO,18-25,MP,J7s,UNSELECTED,gray,4,UO/18-25/MP.png,VERIFIED_BY_COLOR_GRID
UO,18-25,MP,J6s,UNSELECTED,gray,4,UO/18-25/MP.png,VERIFIED_BY_COLOR_GRID
UO,18-25,MP,J5s,UNSELECTED,gray,4,UO/18-25/MP.png,VERIFIED_BY_COLOR_GRID
UO,18-25,MP,J4s,UNSELECTED,gray,4,UO/18-25/MP.png,VERIFIED_BY_COLOR_GRID
UO,18-25,MP,J3s,UNSELECTED,gray,4,UO/18-25/MP.png,VERIFIED_BY_COLOR_GRID
UO,18-25,MP,J2s,UNSELECTED,gray,4,UO/18-25/MP.png,VERIFIED_BY_COLOR_GRID
UO,18-25,MP,ATo,RAISE,green,12,UO/18-25/MP.png,VERIFIED_BY_COLOR_GRID
UO,18-25,MP,KTo,LOW_PLAYABILITY,cyan,12,UO/18-25/MP.png,VERIFIED_BY_COLOR_GRID
UO,18-25,MP,QTo,UNSELECTED,gray,12,UO/18-25/MP.png,VERIFIED_BY_COLOR_GRID
UO,18-25,MP,JTo,UNSELECTED,gray,12,UO/18-25/MP.png,VERIFIED_BY_COLOR_GRID
UO,18-25,MP,TT,RAISE,green,6,UO/18-25/MP.png,VERIFIED_BY_COLOR_GRID
UO,18-25,MP,T9s,RAISE,green,4,UO/18-25/MP.png,VERIFIED_BY_COLOR_GRID
UO,18-25,MP,T8s,UNSELECTED,gray,4,UO/18-25/MP.png,VERIFIED_BY_COLOR_GRID
UO,18-25,MP,T7s,UNSELECTED,gray,4,UO/18-25/MP.png,VERIFIED_BY_COLOR_GRID
UO,18-25,MP,T6s,UNSELECTED,gray,4,UO/18-25/MP.png,VERIFIED_BY_COLOR_GRID
UO,18-25,MP,T5s,UNSELECTED,gray,4,UO/18-25/MP.png,VERIFIED_BY_COLOR_GRID
UO,18-25,MP,T4s,UNSELECTED,gray,4,UO/18-25/MP.png,VERIFIED_BY_COLOR_GRID
UO,18-25,MP,T3s,UNSELECTED,gray,4,UO/18-25/MP.png,VERIFIED_BY_COLOR_GRID
UO,18-25,MP,T2s,UNSELECTED,gray,4,UO/18-25/MP.png,VERIFIED_BY_COLOR_GRID
UO,18-25,MP,A9o,LOW_PLAYABILITY,cyan,12,UO/18-25/MP.png,VERIFIED_BY_COLOR_GRID
UO,18-25,MP,K9o,UNSELECTED,gray,12,UO/18-25/MP.png,VERIFIED_BY_COLOR_GRID
UO,18-25,MP,Q9o,UNSELECTED,gray,12,UO/18-25/MP.png,VERIFIED_BY_COLOR_GRID
UO,18-25,MP,J9o,UNSELECTED,gray,12,UO/18-25/MP.png,VERIFIED_BY_COLOR_GRID
UO,18-25,MP,T9o,UNSELECTED,gray,12,UO/18-25/MP.png,VERIFIED_BY_COLOR_GRID
UO,18-25,MP,99,RAISE,green,6,UO/18-25/MP.png,VERIFIED_BY_COLOR_GRID
UO,18-25,MP,98s,UNSELECTED,gray,4,UO/18-25/MP.png,VERIFIED_BY_COLOR_GRID
UO,18-25,MP,97s,UNSELECTED,gray,4,UO/18-25/MP.png,VERIFIED_BY_COLOR_GRID
UO,18-25,MP,96s,UNSELECTED,gray,4,UO/18-25/MP.png,VERIFIED_BY_COLOR_GRID
UO,18-25,MP,95s,UNSELECTED,gray,4,UO/18-25/MP.png,VERIFIED_BY_COLOR_GRID
UO,18-25,MP,94s,UNSELECTED,gray,4,UO/18-25/MP.png,VERIFIED_BY_COLOR_GRID
UO,18-25,MP,93s,UNSELECTED,gray,4,UO/18-25/MP.png,VERIFIED_BY_COLOR_GRID
UO,18-25,MP,92s,UNSELECTED,gray,4,UO/18-25/MP.png,VERIFIED_BY_COLOR_GRID
UO,18-25,MP,A8o,UNSELECTED,gray,12,UO/18-25/MP.png,VERIFIED_BY_COLOR_GRID
UO,18-25,MP,K8o,UNSELECTED,gray,12,UO/18-25/MP.png,VERIFIED_BY_COLOR_GRID
UO,18-25,MP,Q8o,UNSELECTED,gray,12,UO/18-25/MP.png,VERIFIED_BY_COLOR_GRID
UO,18-25,MP,J8o,UNSELECTED,gray,12,UO/18-25/MP.png,VERIFIED_BY_COLOR_GRID
UO,18-25,MP,T8o,UNSELECTED,gray,12,UO/18-25/MP.png,VERIFIED_BY_COLOR_GRID
UO,18-25,MP,98o,UNSELECTED,gray,12,UO/18-25/MP.png,VERIFIED_BY_COLOR_GRID
UO,18-25,MP,88,RAISE,green,6,UO/18-25/MP.png,VERIFIED_BY_COLOR_GRID
UO,18-25,MP,87s,UNSELECTED,gray,4,UO/18-25/MP.png,VERIFIED_BY_COLOR_GRID
UO,18-25,MP,86s,UNSELECTED,gray,4,UO/18-25/MP.png,VERIFIED_BY_COLOR_GRID
UO,18-25,MP,85s,UNSELECTED,gray,4,UO/18-25/MP.png,VERIFIED_BY_COLOR_GRID
UO,18-25,MP,84s,UNSELECTED,gray,4,UO/18-25/MP.png,VERIFIED_BY_COLOR_GRID
UO,18-25,MP,83s,UNSELECTED,gray,4,UO/18-25/MP.png,VERIFIED_BY_COLOR_GRID
UO,18-25,MP,82s,UNSELECTED,gray,4,UO/18-25/MP.png,VERIFIED_BY_COLOR_GRID
UO,18-25,MP,A7o,UNSELECTED,gray,12,UO/18-25/MP.png,VERIFIED_BY_COLOR_GRID
UO,18-25,MP,K7o,UNSELECTED,gray,12,UO/18-25/MP.png,VERIFIED_BY_COLOR_GRID
UO,18-25,MP,Q7o,UNSELECTED,gray,12,UO/18-25/MP.png,VERIFIED_BY_COLOR_GRID
UO,18-25,MP,J7o,UNSELECTED,gray,12,UO/18-25/MP.png,VERIFIED_BY_COLOR_GRID
UO,18-25,MP,T7o,UNSELECTED,gray,12,UO/18-25/MP.png,VERIFIED_BY_COLOR_GRID
UO,18-25,MP,97o,UNSELECTED,gray,12,UO/18-25/MP.png,VERIFIED_BY_COLOR_GRID
UO,18-25,MP,87o,UNSELECTED,gray,12,UO/18-25/MP.png,VERIFIED_BY_COLOR_GRID
UO,18-25,MP,77,RAISE,green,6,UO/18-25/MP.png,VERIFIED_BY_COLOR_GRID
UO,18-25,MP,76s,UNSELECTED,gray,4,UO/18-25/MP.png,VERIFIED_BY_COLOR_GRID
UO,18-25,MP,75s,UNSELECTED,gray,4,UO/18-25/MP.png,VERIFIED_BY_COLOR_GRID
UO,18-25,MP,74s,UNSELECTED,gray,4,UO/18-25/MP.png,VERIFIED_BY_COLOR_GRID
UO,18-25,MP,73s,UNSELECTED,gray,4,UO/18-25/MP.png,VERIFIED_BY_COLOR_GRID
UO,18-25,MP,72s,UNSELECTED,gray,4,UO/18-25/MP.png,VERIFIED_BY_COLOR_GRID
UO,18-25,MP,A6o,UNSELECTED,gray,12,UO/18-25/MP.png,VERIFIED_BY_COLOR_GRID
UO,18-25,MP,K6o,UNSELECTED,gray,12,UO/18-25/MP.png,VERIFIED_BY_COLOR_GRID
UO,18-25,MP,Q6o,UNSELECTED,gray,12,UO/18-25/MP.png,VERIFIED_BY_COLOR_GRID
UO,18-25,MP,J6o,UNSELECTED,gray,12,UO/18-25/MP.png,VERIFIED_BY_COLOR_GRID
UO,18-25,MP,T6o,UNSELECTED,gray,12,UO/18-25/MP.png,VERIFIED_BY_COLOR_GRID
UO,18-25,MP,96o,UNSELECTED,gray,12,UO/18-25/MP.png,VERIFIED_BY_COLOR_GRID
UO,18-25,MP,86o,UNSELECTED,gray,12,UO/18-25/MP.png,VERIFIED_BY_COLOR_GRID
UO,18-25,MP,76o,UNSELECTED,gray,12,UO/18-25/MP.png,VERIFIED_BY_COLOR_GRID
UO,18-25,MP,66,RAISE,green,6,UO/18-25/MP.png,VERIFIED_BY_COLOR_GRID
UO,18-25,MP,65s,UNSELECTED,gray,4,UO/18-25/MP.png,VERIFIED_BY_COLOR_GRID
UO,18-25,MP,64s,UNSELECTED,gray,4,UO/18-25/MP.png,VERIFIED_BY_COLOR_GRID
UO,18-25,MP,63s,UNSELECTED,gray,4,UO/18-25/MP.png,VERIFIED_BY_COLOR_GRID
UO,18-25,MP,62s,UNSELECTED,gray,4,UO/18-25/MP.png,VERIFIED_BY_COLOR_GRID
UO,18-25,MP,A5o,UNSELECTED,gray,12,UO/18-25/MP.png,VERIFIED_BY_COLOR_GRID
UO,18-25,MP,K5o,UNSELECTED,gray,12,UO/18-25/MP.png,VERIFIED_BY_COLOR_GRID
UO,18-25,MP,Q5o,UNSELECTED,gray,12,UO/18-25/MP.png,VERIFIED_BY_COLOR_GRID
UO,18-25,MP,J5o,UNSELECTED,gray,12,UO/18-25/MP.png,VERIFIED_BY_COLOR_GRID
UO,18-25,MP,T5o,UNSELECTED,gray,12,UO/18-25/MP.png,VERIFIED_BY_COLOR_GRID
UO,18-25,MP,95o,UNSELECTED,gray,12,UO/18-25/MP.png,VERIFIED_BY_COLOR_GRID
UO,18-25,MP,85o,UNSELECTED,gray,12,UO/18-25/MP.png,VERIFIED_BY_COLOR_GRID
UO,18-25,MP,75o,UNSELECTED,gray,12,UO/18-25/MP.png,VERIFIED_BY_COLOR_GRID
UO,18-25,MP,65o,UNSELECTED,gray,12,UO/18-25/MP.png,VERIFIED_BY_COLOR_GRID
UO,18-25,MP,55,RAISE,green,6,UO/18-25/MP.png,VERIFIED_BY_COLOR_GRID
UO,18-25,MP,54s,UNSELECTED,gray,4,UO/18-25/MP.png,VERIFIED_BY_COLOR_GRID
UO,18-25,MP,53s,UNSELECTED,gray,4,UO/18-25/MP.png,VERIFIED_BY_COLOR_GRID
UO,18-25,MP,52s,UNSELECTED,gray,4,UO/18-25/MP.png,VERIFIED_BY_COLOR_GRID
UO,18-25,MP,A4o,UNSELECTED,gray,12,UO/18-25/MP.png,VERIFIED_BY_COLOR_GRID
UO,18-25,MP,K4o,UNSELECTED,gray,12,UO/18-25/MP.png,VERIFIED_BY_COLOR_GRID
UO,18-25,MP,Q4o,UNSELECTED,gray,12,UO/18-25/MP.png,VERIFIED_BY_COLOR_GRID
UO,18-25,MP,J4o,UNSELECTED,gray,12,UO/18-25/MP.png,VERIFIED_BY_COLOR_GRID
UO,18-25,MP,T4o,UNSELECTED,gray,12,UO/18-25/MP.png,VERIFIED_BY_COLOR_GRID
UO,18-25,MP,94o,UNSELECTED,gray,12,UO/18-25/MP.png,VERIFIED_BY_COLOR_GRID
UO,18-25,MP,84o,UNSELECTED,gray,12,UO/18-25/MP.png,VERIFIED_BY_COLOR_GRID
UO,18-25,MP,74o,UNSELECTED,gray,12,UO/18-25/MP.png,VERIFIED_BY_COLOR_GRID
UO,18-25,MP,64o,UNSELECTED,gray,12,UO/18-25/MP.png,VERIFIED_BY_COLOR_GRID
UO,18-25,MP,54o,UNSELECTED,gray,12,UO/18-25/MP.png,VERIFIED_BY_COLOR_GRID
UO,18-25,MP,44,RAISE,green,6,UO/18-25/MP.png,VERIFIED_BY_COLOR_GRID
UO,18-25,MP,43s,UNSELECTED,gray,4,UO/18-25/MP.png,VERIFIED_BY_COLOR_GRID
UO,18-25,MP,42s,UNSELECTED,gray,4,UO/18-25/MP.png,VERIFIED_BY_COLOR_GRID
UO,18-25,MP,A3o,UNSELECTED,gray,12,UO/18-25/MP.png,VERIFIED_BY_COLOR_GRID
UO,18-25,MP,K3o,UNSELECTED,gray,12,UO/18-25/MP.png,VERIFIED_BY_COLOR_GRID
UO,18-25,MP,Q3o,UNSELECTED,gray,12,UO/18-25/MP.png,VERIFIED_BY_COLOR_GRID
UO,18-25,MP,J3o,UNSELECTED,gray,12,UO/18-25/MP.png,VERIFIED_BY_COLOR_GRID
UO,18-25,MP,T3o,UNSELECTED,gray,12,UO/18-25/MP.png,VERIFIED_BY_COLOR_GRID
UO,18-25,MP,93o,UNSELECTED,gray,12,UO/18-25/MP.png,VERIFIED_BY_COLOR_GRID
UO,18-25,MP,83o,UNSELECTED,gray,12,UO/18-25/MP.png,VERIFIED_BY_COLOR_GRID
UO,18-25,MP,73o,UNSELECTED,gray,12,UO/18-25/MP.png,VERIFIED_BY_COLOR_GRID
UO,18-25,MP,63o,UNSELECTED,gray,12,UO/18-25/MP.png,VERIFIED_BY_COLOR_GRID
UO,18-25,MP,53o,UNSELECTED,gray,12,UO/18-25/MP.png,VERIFIED_BY_COLOR_GRID
UO,18-25,MP,43o,UNSELECTED,gray,12,UO/18-25/MP.png,VERIFIED_BY_COLOR_GRID
UO,18-25,MP,33,UNSELECTED,gray,6,UO/18-25/MP.png,VERIFIED_BY_COLOR_GRID
UO,18-25,MP,32s,UNSELECTED,gray,4,UO/18-25/MP.png,VERIFIED_BY_COLOR_GRID
UO,18-25,MP,A2o,UNSELECTED,gray,12,UO/18-25/MP.png,VERIFIED_BY_COLOR_GRID
UO,18-25,MP,K2o,UNSELECTED,gray,12,UO/18-25/MP.png,VERIFIED_BY_COLOR_GRID
UO,18-25,MP,Q2o,UNSELECTED,gray,12,UO/18-25/MP.png,VERIFIED_BY_COLOR_GRID
UO,18-25,MP,J2o,UNSELECTED,gray,12,UO/18-25/MP.png,VERIFIED_BY_COLOR_GRID
UO,18-25,MP,T2o,UNSELECTED,gray,12,UO/18-25/MP.png,VERIFIED_BY_COLOR_GRID
UO,18-25,MP,92o,UNSELECTED,gray,12,UO/18-25/MP.png,VERIFIED_BY_COLOR_GRID
UO,18-25,MP,82o,UNSELECTED,gray,12,UO/18-25/MP.png,VERIFIED_BY_COLOR_GRID
UO,18-25,MP,72o,UNSELECTED,gray,12,UO/18-25/MP.png,VERIFIED_BY_COLOR_GRID
UO,18-25,MP,62o,UNSELECTED,gray,12,UO/18-25/MP.png,VERIFIED_BY_COLOR_GRID
UO,18-25,MP,52o,UNSELECTED,gray,12,UO/18-25/MP.png,VERIFIED_BY_COLOR_GRID
UO,18-25,MP,42o,UNSELECTED,gray,12,UO/18-25/MP.png,VERIFIED_BY_COLOR_GRID
UO,18-25,MP,32o,UNSELECTED,gray,12,UO/18-25/MP.png,VERIFIED_BY_COLOR_GRID
UO,18-25,MP,22,UNSELECTED,gray,6,UO/18-25/MP.png,VERIFIED_BY_COLOR_GRID
UO,18-25,LJ,AA,RAISE,green,6,UO/18-25/LJ.png,VERIFIED_BY_COLOR_GRID
UO,18-25,LJ,AKs,RAISE,green,4,UO/18-25/LJ.png,VERIFIED_BY_COLOR_GRID
UO,18-25,LJ,AQs,RAISE,green,4,UO/18-25/LJ.png,VERIFIED_BY_COLOR_GRID
UO,18-25,LJ,AJs,RAISE,green,4,UO/18-25/LJ.png,VERIFIED_BY_COLOR_GRID
UO,18-25,LJ,ATs,RAISE,green,4,UO/18-25/LJ.png,VERIFIED_BY_COLOR_GRID
UO,18-25,LJ,A9s,RAISE,green,4,UO/18-25/LJ.png,VERIFIED_BY_COLOR_GRID
UO,18-25,LJ,A8s,RAISE,green,4,UO/18-25/LJ.png,VERIFIED_BY_COLOR_GRID
UO,18-25,LJ,A7s,RAISE,green,4,UO/18-25/LJ.png,VERIFIED_BY_COLOR_GRID
UO,18-25,LJ,A6s,RAISE,green,4,UO/18-25/LJ.png,VERIFIED_BY_COLOR_GRID
UO,18-25,LJ,A5s,RAISE,green,4,UO/18-25/LJ.png,VERIFIED_BY_COLOR_GRID
UO,18-25,LJ,A4s,RAISE,green,4,UO/18-25/LJ.png,VERIFIED_BY_COLOR_GRID
UO,18-25,LJ,A3s,RAISE,green,4,UO/18-25/LJ.png,VERIFIED_BY_COLOR_GRID
UO,18-25,LJ,A2s,RAISE,green,4,UO/18-25/LJ.png,VERIFIED_BY_COLOR_GRID
UO,18-25,LJ,AKo,RAISE,green,12,UO/18-25/LJ.png,VERIFIED_BY_COLOR_GRID
UO,18-25,LJ,KK,RAISE,green,6,UO/18-25/LJ.png,VERIFIED_BY_COLOR_GRID
UO,18-25,LJ,KQs,RAISE,green,4,UO/18-25/LJ.png,VERIFIED_BY_COLOR_GRID
UO,18-25,LJ,KJs,RAISE,green,4,UO/18-25/LJ.png,VERIFIED_BY_COLOR_GRID
UO,18-25,LJ,KTs,RAISE,green,4,UO/18-25/LJ.png,VERIFIED_BY_COLOR_GRID
UO,18-25,LJ,K9s,RAISE,green,4,UO/18-25/LJ.png,VERIFIED_BY_COLOR_GRID
UO,18-25,LJ,K8s,RAISE,green,4,UO/18-25/LJ.png,VERIFIED_BY_COLOR_GRID
UO,18-25,LJ,K7s,UNSELECTED,gray,4,UO/18-25/LJ.png,VERIFIED_BY_COLOR_GRID
UO,18-25,LJ,K6s,UNSELECTED,gray,4,UO/18-25/LJ.png,VERIFIED_BY_COLOR_GRID
UO,18-25,LJ,K5s,UNSELECTED,gray,4,UO/18-25/LJ.png,VERIFIED_BY_COLOR_GRID
UO,18-25,LJ,K4s,UNSELECTED,gray,4,UO/18-25/LJ.png,VERIFIED_BY_COLOR_GRID
UO,18-25,LJ,K3s,UNSELECTED,gray,4,UO/18-25/LJ.png,VERIFIED_BY_COLOR_GRID
UO,18-25,LJ,K2s,UNSELECTED,gray,4,UO/18-25/LJ.png,VERIFIED_BY_COLOR_GRID
UO,18-25,LJ,AQo,RAISE,green,12,UO/18-25/LJ.png,VERIFIED_BY_COLOR_GRID
UO,18-25,LJ,KQo,RAISE,green,12,UO/18-25/LJ.png,VERIFIED_BY_COLOR_GRID
UO,18-25,LJ,QQ,RAISE,green,6,UO/18-25/LJ.png,VERIFIED_BY_COLOR_GRID
UO,18-25,LJ,QJs,RAISE,green,4,UO/18-25/LJ.png,VERIFIED_BY_COLOR_GRID
UO,18-25,LJ,QTs,RAISE,green,4,UO/18-25/LJ.png,VERIFIED_BY_COLOR_GRID
UO,18-25,LJ,Q9s,RAISE,green,4,UO/18-25/LJ.png,VERIFIED_BY_COLOR_GRID
UO,18-25,LJ,Q8s,RAISE,green,4,UO/18-25/LJ.png,VERIFIED_BY_COLOR_GRID
UO,18-25,LJ,Q7s,UNSELECTED,gray,4,UO/18-25/LJ.png,VERIFIED_BY_COLOR_GRID
UO,18-25,LJ,Q6s,UNSELECTED,gray,4,UO/18-25/LJ.png,VERIFIED_BY_COLOR_GRID
UO,18-25,LJ,Q5s,UNSELECTED,gray,4,UO/18-25/LJ.png,VERIFIED_BY_COLOR_GRID
UO,18-25,LJ,Q4s,UNSELECTED,gray,4,UO/18-25/LJ.png,VERIFIED_BY_COLOR_GRID
UO,18-25,LJ,Q3s,UNSELECTED,gray,4,UO/18-25/LJ.png,VERIFIED_BY_COLOR_GRID
UO,18-25,LJ,Q2s,UNSELECTED,gray,4,UO/18-25/LJ.png,VERIFIED_BY_COLOR_GRID
UO,18-25,LJ,AJo,RAISE,green,12,UO/18-25/LJ.png,VERIFIED_BY_COLOR_GRID
UO,18-25,LJ,KJo,RAISE,green,12,UO/18-25/LJ.png,VERIFIED_BY_COLOR_GRID
UO,18-25,LJ,QJo,LOW_PLAYABILITY,cyan,12,UO/18-25/LJ.png,VERIFIED_BY_COLOR_GRID
UO,18-25,LJ,JJ,RAISE,green,6,UO/18-25/LJ.png,VERIFIED_BY_COLOR_GRID
UO,18-25,LJ,JTs,RAISE,green,4,UO/18-25/LJ.png,VERIFIED_BY_COLOR_GRID
UO,18-25,LJ,J9s,RAISE,green,4,UO/18-25/LJ.png,VERIFIED_BY_COLOR_GRID
UO,18-25,LJ,J8s,UNSELECTED,gray,4,UO/18-25/LJ.png,VERIFIED_BY_COLOR_GRID
UO,18-25,LJ,J7s,UNSELECTED,gray,4,UO/18-25/LJ.png,VERIFIED_BY_COLOR_GRID
UO,18-25,LJ,J6s,UNSELECTED,gray,4,UO/18-25/LJ.png,VERIFIED_BY_COLOR_GRID
UO,18-25,LJ,J5s,UNSELECTED,gray,4,UO/18-25/LJ.png,VERIFIED_BY_COLOR_GRID
UO,18-25,LJ,J4s,UNSELECTED,gray,4,UO/18-25/LJ.png,VERIFIED_BY_COLOR_GRID
UO,18-25,LJ,J3s,UNSELECTED,gray,4,UO/18-25/LJ.png,VERIFIED_BY_COLOR_GRID
UO,18-25,LJ,J2s,UNSELECTED,gray,4,UO/18-25/LJ.png,VERIFIED_BY_COLOR_GRID
UO,18-25,LJ,ATo,RAISE,green,12,UO/18-25/LJ.png,VERIFIED_BY_COLOR_GRID
UO,18-25,LJ,KTo,LOW_PLAYABILITY,cyan,12,UO/18-25/LJ.png,VERIFIED_BY_COLOR_GRID
UO,18-25,LJ,QTo,UNSELECTED,gray,12,UO/18-25/LJ.png,VERIFIED_BY_COLOR_GRID
UO,18-25,LJ,JTo,UNSELECTED,gray,12,UO/18-25/LJ.png,VERIFIED_BY_COLOR_GRID
UO,18-25,LJ,TT,RAISE,green,6,UO/18-25/LJ.png,VERIFIED_BY_COLOR_GRID
UO,18-25,LJ,T9s,RAISE,green,4,UO/18-25/LJ.png,VERIFIED_BY_COLOR_GRID
UO,18-25,LJ,T8s,UNSELECTED,gray,4,UO/18-25/LJ.png,VERIFIED_BY_COLOR_GRID
UO,18-25,LJ,T7s,UNSELECTED,gray,4,UO/18-25/LJ.png,VERIFIED_BY_COLOR_GRID
UO,18-25,LJ,T6s,UNSELECTED,gray,4,UO/18-25/LJ.png,VERIFIED_BY_COLOR_GRID
UO,18-25,LJ,T5s,UNSELECTED,gray,4,UO/18-25/LJ.png,VERIFIED_BY_COLOR_GRID
UO,18-25,LJ,T4s,UNSELECTED,gray,4,UO/18-25/LJ.png,VERIFIED_BY_COLOR_GRID
UO,18-25,LJ,T3s,UNSELECTED,gray,4,UO/18-25/LJ.png,VERIFIED_BY_COLOR_GRID
UO,18-25,LJ,T2s,UNSELECTED,gray,4,UO/18-25/LJ.png,VERIFIED_BY_COLOR_GRID
UO,18-25,LJ,A9o,LOW_PLAYABILITY,cyan,12,UO/18-25/LJ.png,VERIFIED_BY_COLOR_GRID
UO,18-25,LJ,K9o,UNSELECTED,gray,12,UO/18-25/LJ.png,VERIFIED_BY_COLOR_GRID
UO,18-25,LJ,Q9o,UNSELECTED,gray,12,UO/18-25/LJ.png,VERIFIED_BY_COLOR_GRID
UO,18-25,LJ,J9o,UNSELECTED,gray,12,UO/18-25/LJ.png,VERIFIED_BY_COLOR_GRID
UO,18-25,LJ,T9o,UNSELECTED,gray,12,UO/18-25/LJ.png,VERIFIED_BY_COLOR_GRID
UO,18-25,LJ,99,RAISE,green,6,UO/18-25/LJ.png,VERIFIED_BY_COLOR_GRID
UO,18-25,LJ,98s,UNSELECTED,gray,4,UO/18-25/LJ.png,VERIFIED_BY_COLOR_GRID
UO,18-25,LJ,97s,UNSELECTED,gray,4,UO/18-25/LJ.png,VERIFIED_BY_COLOR_GRID
UO,18-25,LJ,96s,UNSELECTED,gray,4,UO/18-25/LJ.png,VERIFIED_BY_COLOR_GRID
UO,18-25,LJ,95s,UNSELECTED,gray,4,UO/18-25/LJ.png,VERIFIED_BY_COLOR_GRID
UO,18-25,LJ,94s,UNSELECTED,gray,4,UO/18-25/LJ.png,VERIFIED_BY_COLOR_GRID
UO,18-25,LJ,93s,UNSELECTED,gray,4,UO/18-25/LJ.png,VERIFIED_BY_COLOR_GRID
UO,18-25,LJ,92s,UNSELECTED,gray,4,UO/18-25/LJ.png,VERIFIED_BY_COLOR_GRID
UO,18-25,LJ,A8o,UNSELECTED,gray,12,UO/18-25/LJ.png,VERIFIED_BY_COLOR_GRID
UO,18-25,LJ,K8o,UNSELECTED,gray,12,UO/18-25/LJ.png,VERIFIED_BY_COLOR_GRID
UO,18-25,LJ,Q8o,UNSELECTED,gray,12,UO/18-25/LJ.png,VERIFIED_BY_COLOR_GRID
UO,18-25,LJ,J8o,UNSELECTED,gray,12,UO/18-25/LJ.png,VERIFIED_BY_COLOR_GRID
UO,18-25,LJ,T8o,UNSELECTED,gray,12,UO/18-25/LJ.png,VERIFIED_BY_COLOR_GRID
UO,18-25,LJ,98o,UNSELECTED,gray,12,UO/18-25/LJ.png,VERIFIED_BY_COLOR_GRID
UO,18-25,LJ,88,RAISE,green,6,UO/18-25/LJ.png,VERIFIED_BY_COLOR_GRID
UO,18-25,LJ,87s,UNSELECTED,gray,4,UO/18-25/LJ.png,VERIFIED_BY_COLOR_GRID
UO,18-25,LJ,86s,UNSELECTED,gray,4,UO/18-25/LJ.png,VERIFIED_BY_COLOR_GRID
UO,18-25,LJ,85s,UNSELECTED,gray,4,UO/18-25/LJ.png,VERIFIED_BY_COLOR_GRID
UO,18-25,LJ,84s,UNSELECTED,gray,4,UO/18-25/LJ.png,VERIFIED_BY_COLOR_GRID
UO,18-25,LJ,83s,UNSELECTED,gray,4,UO/18-25/LJ.png,VERIFIED_BY_COLOR_GRID
UO,18-25,LJ,82s,UNSELECTED,gray,4,UO/18-25/LJ.png,VERIFIED_BY_COLOR_GRID
UO,18-25,LJ,A7o,UNSELECTED,gray,12,UO/18-25/LJ.png,VERIFIED_BY_COLOR_GRID
UO,18-25,LJ,K7o,UNSELECTED,gray,12,UO/18-25/LJ.png,VERIFIED_BY_COLOR_GRID
UO,18-25,LJ,Q7o,UNSELECTED,gray,12,UO/18-25/LJ.png,VERIFIED_BY_COLOR_GRID
UO,18-25,LJ,J7o,UNSELECTED,gray,12,UO/18-25/LJ.png,VERIFIED_BY_COLOR_GRID
UO,18-25,LJ,T7o,UNSELECTED,gray,12,UO/18-25/LJ.png,VERIFIED_BY_COLOR_GRID
UO,18-25,LJ,97o,UNSELECTED,gray,12,UO/18-25/LJ.png,VERIFIED_BY_COLOR_GRID
UO,18-25,LJ,87o,UNSELECTED,gray,12,UO/18-25/LJ.png,VERIFIED_BY_COLOR_GRID
UO,18-25,LJ,77,RAISE,green,6,UO/18-25/LJ.png,VERIFIED_BY_COLOR_GRID
UO,18-25,LJ,76s,UNSELECTED,gray,4,UO/18-25/LJ.png,VERIFIED_BY_COLOR_GRID
UO,18-25,LJ,75s,UNSELECTED,gray,4,UO/18-25/LJ.png,VERIFIED_BY_COLOR_GRID
UO,18-25,LJ,74s,UNSELECTED,gray,4,UO/18-25/LJ.png,VERIFIED_BY_COLOR_GRID
UO,18-25,LJ,73s,UNSELECTED,gray,4,UO/18-25/LJ.png,VERIFIED_BY_COLOR_GRID
UO,18-25,LJ,72s,UNSELECTED,gray,4,UO/18-25/LJ.png,VERIFIED_BY_COLOR_GRID
UO,18-25,LJ,A6o,UNSELECTED,gray,12,UO/18-25/LJ.png,VERIFIED_BY_COLOR_GRID
UO,18-25,LJ,K6o,UNSELECTED,gray,12,UO/18-25/LJ.png,VERIFIED_BY_COLOR_GRID
UO,18-25,LJ,Q6o,UNSELECTED,gray,12,UO/18-25/LJ.png,VERIFIED_BY_COLOR_GRID
UO,18-25,LJ,J6o,UNSELECTED,gray,12,UO/18-25/LJ.png,VERIFIED_BY_COLOR_GRID
UO,18-25,LJ,T6o,UNSELECTED,gray,12,UO/18-25/LJ.png,VERIFIED_BY_COLOR_GRID
UO,18-25,LJ,96o,UNSELECTED,gray,12,UO/18-25/LJ.png,VERIFIED_BY_COLOR_GRID
UO,18-25,LJ,86o,UNSELECTED,gray,12,UO/18-25/LJ.png,VERIFIED_BY_COLOR_GRID
UO,18-25,LJ,76o,UNSELECTED,gray,12,UO/18-25/LJ.png,VERIFIED_BY_COLOR_GRID
UO,18-25,LJ,66,RAISE,green,6,UO/18-25/LJ.png,VERIFIED_BY_COLOR_GRID
UO,18-25,LJ,65s,UNSELECTED,gray,4,UO/18-25/LJ.png,VERIFIED_BY_COLOR_GRID
UO,18-25,LJ,64s,UNSELECTED,gray,4,UO/18-25/LJ.png,VERIFIED_BY_COLOR_GRID
UO,18-25,LJ,63s,UNSELECTED,gray,4,UO/18-25/LJ.png,VERIFIED_BY_COLOR_GRID
UO,18-25,LJ,62s,UNSELECTED,gray,4,UO/18-25/LJ.png,VERIFIED_BY_COLOR_GRID
UO,18-25,LJ,A5o,UNSELECTED,gray,12,UO/18-25/LJ.png,VERIFIED_BY_COLOR_GRID
UO,18-25,LJ,K5o,UNSELECTED,gray,12,UO/18-25/LJ.png,VERIFIED_BY_COLOR_GRID
UO,18-25,LJ,Q5o,UNSELECTED,gray,12,UO/18-25/LJ.png,VERIFIED_BY_COLOR_GRID
UO,18-25,LJ,J5o,UNSELECTED,gray,12,UO/18-25/LJ.png,VERIFIED_BY_COLOR_GRID
UO,18-25,LJ,T5o,UNSELECTED,gray,12,UO/18-25/LJ.png,VERIFIED_BY_COLOR_GRID
UO,18-25,LJ,95o,UNSELECTED,gray,12,UO/18-25/LJ.png,VERIFIED_BY_COLOR_GRID
UO,18-25,LJ,85o,UNSELECTED,gray,12,UO/18-25/LJ.png,VERIFIED_BY_COLOR_GRID
UO,18-25,LJ,75o,UNSELECTED,gray,12,UO/18-25/LJ.png,VERIFIED_BY_COLOR_GRID
UO,18-25,LJ,65o,UNSELECTED,gray,12,UO/18-25/LJ.png,VERIFIED_BY_COLOR_GRID
UO,18-25,LJ,55,RAISE,green,6,UO/18-25/LJ.png,VERIFIED_BY_COLOR_GRID
UO,18-25,LJ,54s,UNSELECTED,gray,4,UO/18-25/LJ.png,VERIFIED_BY_COLOR_GRID
UO,18-25,LJ,53s,UNSELECTED,gray,4,UO/18-25/LJ.png,VERIFIED_BY_COLOR_GRID
UO,18-25,LJ,52s,UNSELECTED,gray,4,UO/18-25/LJ.png,VERIFIED_BY_COLOR_GRID
UO,18-25,LJ,A4o,UNSELECTED,gray,12,UO/18-25/LJ.png,VERIFIED_BY_COLOR_GRID
UO,18-25,LJ,K4o,UNSELECTED,gray,12,UO/18-25/LJ.png,VERIFIED_BY_COLOR_GRID
UO,18-25,LJ,Q4o,UNSELECTED,gray,12,UO/18-25/LJ.png,VERIFIED_BY_COLOR_GRID
UO,18-25,LJ,J4o,UNSELECTED,gray,12,UO/18-25/LJ.png,VERIFIED_BY_COLOR_GRID
UO,18-25,LJ,T4o,UNSELECTED,gray,12,UO/18-25/LJ.png,VERIFIED_BY_COLOR_GRID
UO,18-25,LJ,94o,UNSELECTED,gray,12,UO/18-25/LJ.png,VERIFIED_BY_COLOR_GRID
UO,18-25,LJ,84o,UNSELECTED,gray,12,UO/18-25/LJ.png,VERIFIED_BY_COLOR_GRID
UO,18-25,LJ,74o,UNSELECTED,gray,12,UO/18-25/LJ.png,VERIFIED_BY_COLOR_GRID
UO,18-25,LJ,64o,UNSELECTED,gray,12,UO/18-25/LJ.png,VERIFIED_BY_COLOR_GRID
UO,18-25,LJ,54o,UNSELECTED,gray,12,UO/18-25/LJ.png,VERIFIED_BY_COLOR_GRID
UO,18-25,LJ,44,RAISE,green,6,UO/18-25/LJ.png,VERIFIED_BY_COLOR_GRID
UO,18-25,LJ,43s,UNSELECTED,gray,4,UO/18-25/LJ.png,VERIFIED_BY_COLOR_GRID
UO,18-25,LJ,42s,UNSELECTED,gray,4,UO/18-25/LJ.png,VERIFIED_BY_COLOR_GRID
UO,18-25,LJ,A3o,UNSELECTED,gray,12,UO/18-25/LJ.png,VERIFIED_BY_COLOR_GRID
UO,18-25,LJ,K3o,UNSELECTED,gray,12,UO/18-25/LJ.png,VERIFIED_BY_COLOR_GRID
UO,18-25,LJ,Q3o,UNSELECTED,gray,12,UO/18-25/LJ.png,VERIFIED_BY_COLOR_GRID
UO,18-25,LJ,J3o,UNSELECTED,gray,12,UO/18-25/LJ.png,VERIFIED_BY_COLOR_GRID
UO,18-25,LJ,T3o,UNSELECTED,gray,12,UO/18-25/LJ.png,VERIFIED_BY_COLOR_GRID
UO,18-25,LJ,93o,UNSELECTED,gray,12,UO/18-25/LJ.png,VERIFIED_BY_COLOR_GRID
UO,18-25,LJ,83o,UNSELECTED,gray,12,UO/18-25/LJ.png,VERIFIED_BY_COLOR_GRID
UO,18-25,LJ,73o,UNSELECTED,gray,12,UO/18-25/LJ.png,VERIFIED_BY_COLOR_GRID
UO,18-25,LJ,63o,UNSELECTED,gray,12,UO/18-25/LJ.png,VERIFIED_BY_COLOR_GRID
UO,18-25,LJ,53o,UNSELECTED,gray,12,UO/18-25/LJ.png,VERIFIED_BY_COLOR_GRID
UO,18-25,LJ,43o,UNSELECTED,gray,12,UO/18-25/LJ.png,VERIFIED_BY_COLOR_GRID
UO,18-25,LJ,33,LOW_PLAYABILITY,cyan,6,UO/18-25/LJ.png,VERIFIED_BY_COLOR_GRID
UO,18-25,LJ,32s,UNSELECTED,gray,4,UO/18-25/LJ.png,VERIFIED_BY_COLOR_GRID
UO,18-25,LJ,A2o,UNSELECTED,gray,12,UO/18-25/LJ.png,VERIFIED_BY_COLOR_GRID
UO,18-25,LJ,K2o,UNSELECTED,gray,12,UO/18-25/LJ.png,VERIFIED_BY_COLOR_GRID
UO,18-25,LJ,Q2o,UNSELECTED,gray,12,UO/18-25/LJ.png,VERIFIED_BY_COLOR_GRID
UO,18-25,LJ,J2o,UNSELECTED,gray,12,UO/18-25/LJ.png,VERIFIED_BY_COLOR_GRID
UO,18-25,LJ,T2o,UNSELECTED,gray,12,UO/18-25/LJ.png,VERIFIED_BY_COLOR_GRID
UO,18-25,LJ,92o,UNSELECTED,gray,12,UO/18-25/LJ.png,VERIFIED_BY_COLOR_GRID
UO,18-25,LJ,82o,UNSELECTED,gray,12,UO/18-25/LJ.png,VERIFIED_BY_COLOR_GRID
UO,18-25,LJ,72o,UNSELECTED,gray,12,UO/18-25/LJ.png,VERIFIED_BY_COLOR_GRID
UO,18-25,LJ,62o,UNSELECTED,gray,12,UO/18-25/LJ.png,VERIFIED_BY_COLOR_GRID
UO,18-25,LJ,52o,UNSELECTED,gray,12,UO/18-25/LJ.png,VERIFIED_BY_COLOR_GRID
UO,18-25,LJ,42o,UNSELECTED,gray,12,UO/18-25/LJ.png,VERIFIED_BY_COLOR_GRID
UO,18-25,LJ,32o,UNSELECTED,gray,12,UO/18-25/LJ.png,VERIFIED_BY_COLOR_GRID
UO,18-25,LJ,22,LOW_PLAYABILITY,cyan,6,UO/18-25/LJ.png,VERIFIED_BY_COLOR_GRID
UO,18-25,HJ,AA,RAISE,green,6,UO/18-25/HJ.png,VERIFIED_BY_COLOR_GRID
UO,18-25,HJ,AKs,RAISE,green,4,UO/18-25/HJ.png,VERIFIED_BY_COLOR_GRID
UO,18-25,HJ,AQs,RAISE,green,4,UO/18-25/HJ.png,VERIFIED_BY_COLOR_GRID
UO,18-25,HJ,AJs,RAISE,green,4,UO/18-25/HJ.png,VERIFIED_BY_COLOR_GRID
UO,18-25,HJ,ATs,RAISE,green,4,UO/18-25/HJ.png,VERIFIED_BY_COLOR_GRID
UO,18-25,HJ,A9s,RAISE,green,4,UO/18-25/HJ.png,VERIFIED_BY_COLOR_GRID
UO,18-25,HJ,A8s,RAISE,green,4,UO/18-25/HJ.png,VERIFIED_BY_COLOR_GRID
UO,18-25,HJ,A7s,RAISE,green,4,UO/18-25/HJ.png,VERIFIED_BY_COLOR_GRID
UO,18-25,HJ,A6s,RAISE,green,4,UO/18-25/HJ.png,VERIFIED_BY_COLOR_GRID
UO,18-25,HJ,A5s,RAISE,green,4,UO/18-25/HJ.png,VERIFIED_BY_COLOR_GRID
UO,18-25,HJ,A4s,RAISE,green,4,UO/18-25/HJ.png,VERIFIED_BY_COLOR_GRID
UO,18-25,HJ,A3s,RAISE,green,4,UO/18-25/HJ.png,VERIFIED_BY_COLOR_GRID
UO,18-25,HJ,A2s,RAISE,green,4,UO/18-25/HJ.png,VERIFIED_BY_COLOR_GRID
UO,18-25,HJ,AKo,RAISE,green,12,UO/18-25/HJ.png,VERIFIED_BY_COLOR_GRID
UO,18-25,HJ,KK,RAISE,green,6,UO/18-25/HJ.png,VERIFIED_BY_COLOR_GRID
UO,18-25,HJ,KQs,RAISE,green,4,UO/18-25/HJ.png,VERIFIED_BY_COLOR_GRID
UO,18-25,HJ,KJs,RAISE,green,4,UO/18-25/HJ.png,VERIFIED_BY_COLOR_GRID
UO,18-25,HJ,KTs,RAISE,green,4,UO/18-25/HJ.png,VERIFIED_BY_COLOR_GRID
UO,18-25,HJ,K9s,LOW_PLAYABILITY,cyan,4,UO/18-25/HJ.png,VERIFIED_BY_COLOR_GRID
UO,18-25,HJ,K8s,LOW_PLAYABILITY,cyan,4,UO/18-25/HJ.png,VERIFIED_BY_COLOR_GRID
UO,18-25,HJ,K7s,UNSELECTED,gray,4,UO/18-25/HJ.png,VERIFIED_BY_COLOR_GRID
UO,18-25,HJ,K6s,UNSELECTED,gray,4,UO/18-25/HJ.png,VERIFIED_BY_COLOR_GRID
UO,18-25,HJ,K5s,UNSELECTED,gray,4,UO/18-25/HJ.png,VERIFIED_BY_COLOR_GRID
UO,18-25,HJ,K4s,UNSELECTED,gray,4,UO/18-25/HJ.png,VERIFIED_BY_COLOR_GRID
UO,18-25,HJ,K3s,UNSELECTED,gray,4,UO/18-25/HJ.png,VERIFIED_BY_COLOR_GRID
UO,18-25,HJ,K2s,UNSELECTED,gray,4,UO/18-25/HJ.png,VERIFIED_BY_COLOR_GRID
UO,18-25,HJ,AQo,RAISE,green,12,UO/18-25/HJ.png,VERIFIED_BY_COLOR_GRID
UO,18-25,HJ,KQo,RAISE,green,12,UO/18-25/HJ.png,VERIFIED_BY_COLOR_GRID
UO,18-25,HJ,QQ,RAISE,green,6,UO/18-25/HJ.png,VERIFIED_BY_COLOR_GRID
UO,18-25,HJ,QJs,RAISE,green,4,UO/18-25/HJ.png,VERIFIED_BY_COLOR_GRID
UO,18-25,HJ,QTs,RAISE,green,4,UO/18-25/HJ.png,VERIFIED_BY_COLOR_GRID
UO,18-25,HJ,Q9s,LOW_PLAYABILITY,cyan,4,UO/18-25/HJ.png,VERIFIED_BY_COLOR_GRID
UO,18-25,HJ,Q8s,LOW_PLAYABILITY,cyan,4,UO/18-25/HJ.png,VERIFIED_BY_COLOR_GRID
UO,18-25,HJ,Q7s,UNSELECTED,gray,4,UO/18-25/HJ.png,VERIFIED_BY_COLOR_GRID
UO,18-25,HJ,Q6s,UNSELECTED,gray,4,UO/18-25/HJ.png,VERIFIED_BY_COLOR_GRID
UO,18-25,HJ,Q5s,UNSELECTED,gray,4,UO/18-25/HJ.png,VERIFIED_BY_COLOR_GRID
UO,18-25,HJ,Q4s,UNSELECTED,gray,4,UO/18-25/HJ.png,VERIFIED_BY_COLOR_GRID
UO,18-25,HJ,Q3s,UNSELECTED,gray,4,UO/18-25/HJ.png,VERIFIED_BY_COLOR_GRID
UO,18-25,HJ,Q2s,UNSELECTED,gray,4,UO/18-25/HJ.png,VERIFIED_BY_COLOR_GRID
UO,18-25,HJ,AJo,RAISE,green,12,UO/18-25/HJ.png,VERIFIED_BY_COLOR_GRID
UO,18-25,HJ,KJo,RAISE,green,12,UO/18-25/HJ.png,VERIFIED_BY_COLOR_GRID
UO,18-25,HJ,QJo,LOW_PLAYABILITY,cyan,12,UO/18-25/HJ.png,VERIFIED_BY_COLOR_GRID
UO,18-25,HJ,JJ,RAISE,green,6,UO/18-25/HJ.png,VERIFIED_BY_COLOR_GRID
UO,18-25,HJ,JTs,RAISE,green,4,UO/18-25/HJ.png,VERIFIED_BY_COLOR_GRID
UO,18-25,HJ,J9s,LOW_PLAYABILITY,cyan,4,UO/18-25/HJ.png,VERIFIED_BY_COLOR_GRID
UO,18-25,HJ,J8s,UNSELECTED,gray,4,UO/18-25/HJ.png,VERIFIED_BY_COLOR_GRID
UO,18-25,HJ,J7s,UNSELECTED,gray,4,UO/18-25/HJ.png,VERIFIED_BY_COLOR_GRID
UO,18-25,HJ,J6s,UNSELECTED,gray,4,UO/18-25/HJ.png,VERIFIED_BY_COLOR_GRID
UO,18-25,HJ,J5s,UNSELECTED,gray,4,UO/18-25/HJ.png,VERIFIED_BY_COLOR_GRID
UO,18-25,HJ,J4s,UNSELECTED,gray,4,UO/18-25/HJ.png,VERIFIED_BY_COLOR_GRID
UO,18-25,HJ,J3s,UNSELECTED,gray,4,UO/18-25/HJ.png,VERIFIED_BY_COLOR_GRID
UO,18-25,HJ,J2s,UNSELECTED,gray,4,UO/18-25/HJ.png,VERIFIED_BY_COLOR_GRID
UO,18-25,HJ,ATo,RAISE,green,12,UO/18-25/HJ.png,VERIFIED_BY_COLOR_GRID
UO,18-25,HJ,KTo,LOW_PLAYABILITY,cyan,12,UO/18-25/HJ.png,VERIFIED_BY_COLOR_GRID
UO,18-25,HJ,QTo,UNSELECTED,gray,12,UO/18-25/HJ.png,VERIFIED_BY_COLOR_GRID
UO,18-25,HJ,JTo,UNSELECTED,gray,12,UO/18-25/HJ.png,VERIFIED_BY_COLOR_GRID
UO,18-25,HJ,TT,RAISE,green,6,UO/18-25/HJ.png,VERIFIED_BY_COLOR_GRID
UO,18-25,HJ,T9s,LOW_PLAYABILITY,cyan,4,UO/18-25/HJ.png,VERIFIED_BY_COLOR_GRID
UO,18-25,HJ,T8s,UNSELECTED,gray,4,UO/18-25/HJ.png,VERIFIED_BY_COLOR_GRID
UO,18-25,HJ,T7s,UNSELECTED,gray,4,UO/18-25/HJ.png,VERIFIED_BY_COLOR_GRID
UO,18-25,HJ,T6s,UNSELECTED,gray,4,UO/18-25/HJ.png,VERIFIED_BY_COLOR_GRID
UO,18-25,HJ,T5s,UNSELECTED,gray,4,UO/18-25/HJ.png,VERIFIED_BY_COLOR_GRID
UO,18-25,HJ,T4s,UNSELECTED,gray,4,UO/18-25/HJ.png,VERIFIED_BY_COLOR_GRID
UO,18-25,HJ,T3s,UNSELECTED,gray,4,UO/18-25/HJ.png,VERIFIED_BY_COLOR_GRID
UO,18-25,HJ,T2s,UNSELECTED,gray,4,UO/18-25/HJ.png,VERIFIED_BY_COLOR_GRID
UO,18-25,HJ,A9o,RAISE,green,12,UO/18-25/HJ.png,VERIFIED_BY_COLOR_GRID
UO,18-25,HJ,K9o,UNSELECTED,gray,12,UO/18-25/HJ.png,VERIFIED_BY_COLOR_GRID
UO,18-25,HJ,Q9o,UNSELECTED,gray,12,UO/18-25/HJ.png,VERIFIED_BY_COLOR_GRID
UO,18-25,HJ,J9o,UNSELECTED,gray,12,UO/18-25/HJ.png,VERIFIED_BY_COLOR_GRID
UO,18-25,HJ,T9o,UNSELECTED,gray,12,UO/18-25/HJ.png,VERIFIED_BY_COLOR_GRID
UO,18-25,HJ,99,RAISE,green,6,UO/18-25/HJ.png,VERIFIED_BY_COLOR_GRID
UO,18-25,HJ,98s,LOW_PLAYABILITY,cyan,4,UO/18-25/HJ.png,VERIFIED_BY_COLOR_GRID
UO,18-25,HJ,97s,UNSELECTED,gray,4,UO/18-25/HJ.png,VERIFIED_BY_COLOR_GRID
UO,18-25,HJ,96s,UNSELECTED,gray,4,UO/18-25/HJ.png,VERIFIED_BY_COLOR_GRID
UO,18-25,HJ,95s,UNSELECTED,gray,4,UO/18-25/HJ.png,VERIFIED_BY_COLOR_GRID
UO,18-25,HJ,94s,UNSELECTED,gray,4,UO/18-25/HJ.png,VERIFIED_BY_COLOR_GRID
UO,18-25,HJ,93s,UNSELECTED,gray,4,UO/18-25/HJ.png,VERIFIED_BY_COLOR_GRID
UO,18-25,HJ,92s,UNSELECTED,gray,4,UO/18-25/HJ.png,VERIFIED_BY_COLOR_GRID
UO,18-25,HJ,A8o,RAISE,green,12,UO/18-25/HJ.png,VERIFIED_BY_COLOR_GRID
UO,18-25,HJ,K8o,UNSELECTED,gray,12,UO/18-25/HJ.png,VERIFIED_BY_COLOR_GRID
UO,18-25,HJ,Q8o,UNSELECTED,gray,12,UO/18-25/HJ.png,VERIFIED_BY_COLOR_GRID
UO,18-25,HJ,J8o,UNSELECTED,gray,12,UO/18-25/HJ.png,VERIFIED_BY_COLOR_GRID
UO,18-25,HJ,T8o,UNSELECTED,gray,12,UO/18-25/HJ.png,VERIFIED_BY_COLOR_GRID
UO,18-25,HJ,98o,UNSELECTED,gray,12,UO/18-25/HJ.png,VERIFIED_BY_COLOR_GRID
UO,18-25,HJ,88,RAISE,green,6,UO/18-25/HJ.png,VERIFIED_BY_COLOR_GRID
UO,18-25,HJ,87s,LOW_PLAYABILITY,cyan,4,UO/18-25/HJ.png,VERIFIED_BY_COLOR_GRID
UO,18-25,HJ,86s,UNSELECTED,gray,4,UO/18-25/HJ.png,VERIFIED_BY_COLOR_GRID
UO,18-25,HJ,85s,UNSELECTED,gray,4,UO/18-25/HJ.png,VERIFIED_BY_COLOR_GRID
UO,18-25,HJ,84s,UNSELECTED,gray,4,UO/18-25/HJ.png,VERIFIED_BY_COLOR_GRID
UO,18-25,HJ,83s,UNSELECTED,gray,4,UO/18-25/HJ.png,VERIFIED_BY_COLOR_GRID
UO,18-25,HJ,82s,UNSELECTED,gray,4,UO/18-25/HJ.png,VERIFIED_BY_COLOR_GRID
UO,18-25,HJ,A7o,LOW_PLAYABILITY,cyan,12,UO/18-25/HJ.png,VERIFIED_BY_COLOR_GRID
UO,18-25,HJ,K7o,UNSELECTED,gray,12,UO/18-25/HJ.png,VERIFIED_BY_COLOR_GRID
UO,18-25,HJ,Q7o,UNSELECTED,gray,12,UO/18-25/HJ.png,VERIFIED_BY_COLOR_GRID
UO,18-25,HJ,J7o,UNSELECTED,gray,12,UO/18-25/HJ.png,VERIFIED_BY_COLOR_GRID
UO,18-25,HJ,T7o,UNSELECTED,gray,12,UO/18-25/HJ.png,VERIFIED_BY_COLOR_GRID
UO,18-25,HJ,97o,UNSELECTED,gray,12,UO/18-25/HJ.png,VERIFIED_BY_COLOR_GRID
UO,18-25,HJ,87o,UNSELECTED,gray,12,UO/18-25/HJ.png,VERIFIED_BY_COLOR_GRID
UO,18-25,HJ,77,RAISE,green,6,UO/18-25/HJ.png,VERIFIED_BY_COLOR_GRID
UO,18-25,HJ,76s,LOW_PLAYABILITY,cyan,4,UO/18-25/HJ.png,VERIFIED_BY_COLOR_GRID
UO,18-25,HJ,75s,UNSELECTED,gray,4,UO/18-25/HJ.png,VERIFIED_BY_COLOR_GRID
UO,18-25,HJ,74s,UNSELECTED,gray,4,UO/18-25/HJ.png,VERIFIED_BY_COLOR_GRID
UO,18-25,HJ,73s,UNSELECTED,gray,4,UO/18-25/HJ.png,VERIFIED_BY_COLOR_GRID
UO,18-25,HJ,72s,UNSELECTED,gray,4,UO/18-25/HJ.png,VERIFIED_BY_COLOR_GRID
UO,18-25,HJ,A6o,UNSELECTED,gray,12,UO/18-25/HJ.png,VERIFIED_BY_COLOR_GRID
UO,18-25,HJ,K6o,UNSELECTED,gray,12,UO/18-25/HJ.png,VERIFIED_BY_COLOR_GRID
UO,18-25,HJ,Q6o,UNSELECTED,gray,12,UO/18-25/HJ.png,VERIFIED_BY_COLOR_GRID
UO,18-25,HJ,J6o,UNSELECTED,gray,12,UO/18-25/HJ.png,VERIFIED_BY_COLOR_GRID
UO,18-25,HJ,T6o,UNSELECTED,gray,12,UO/18-25/HJ.png,VERIFIED_BY_COLOR_GRID
UO,18-25,HJ,96o,UNSELECTED,gray,12,UO/18-25/HJ.png,VERIFIED_BY_COLOR_GRID
UO,18-25,HJ,86o,UNSELECTED,gray,12,UO/18-25/HJ.png,VERIFIED_BY_COLOR_GRID
UO,18-25,HJ,76o,UNSELECTED,gray,12,UO/18-25/HJ.png,VERIFIED_BY_COLOR_GRID
UO,18-25,HJ,66,RAISE,green,6,UO/18-25/HJ.png,VERIFIED_BY_COLOR_GRID
UO,18-25,HJ,65s,UNSELECTED,gray,4,UO/18-25/HJ.png,VERIFIED_BY_COLOR_GRID
UO,18-25,HJ,64s,UNSELECTED,gray,4,UO/18-25/HJ.png,VERIFIED_BY_COLOR_GRID
UO,18-25,HJ,63s,UNSELECTED,gray,4,UO/18-25/HJ.png,VERIFIED_BY_COLOR_GRID
UO,18-25,HJ,62s,UNSELECTED,gray,4,UO/18-25/HJ.png,VERIFIED_BY_COLOR_GRID
UO,18-25,HJ,A5o,UNSELECTED,gray,12,UO/18-25/HJ.png,VERIFIED_BY_COLOR_GRID
UO,18-25,HJ,K5o,UNSELECTED,gray,12,UO/18-25/HJ.png,VERIFIED_BY_COLOR_GRID
UO,18-25,HJ,Q5o,UNSELECTED,gray,12,UO/18-25/HJ.png,VERIFIED_BY_COLOR_GRID
UO,18-25,HJ,J5o,UNSELECTED,gray,12,UO/18-25/HJ.png,VERIFIED_BY_COLOR_GRID
UO,18-25,HJ,T5o,UNSELECTED,gray,12,UO/18-25/HJ.png,VERIFIED_BY_COLOR_GRID
UO,18-25,HJ,95o,UNSELECTED,gray,12,UO/18-25/HJ.png,VERIFIED_BY_COLOR_GRID
UO,18-25,HJ,85o,UNSELECTED,gray,12,UO/18-25/HJ.png,VERIFIED_BY_COLOR_GRID
UO,18-25,HJ,75o,UNSELECTED,gray,12,UO/18-25/HJ.png,VERIFIED_BY_COLOR_GRID
UO,18-25,HJ,65o,UNSELECTED,gray,12,UO/18-25/HJ.png,VERIFIED_BY_COLOR_GRID
UO,18-25,HJ,55,RAISE,green,6,UO/18-25/HJ.png,VERIFIED_BY_COLOR_GRID
UO,18-25,HJ,54s,UNSELECTED,gray,4,UO/18-25/HJ.png,VERIFIED_BY_COLOR_GRID
UO,18-25,HJ,53s,UNSELECTED,gray,4,UO/18-25/HJ.png,VERIFIED_BY_COLOR_GRID
UO,18-25,HJ,52s,UNSELECTED,gray,4,UO/18-25/HJ.png,VERIFIED_BY_COLOR_GRID
UO,18-25,HJ,A4o,UNSELECTED,gray,12,UO/18-25/HJ.png,VERIFIED_BY_COLOR_GRID
UO,18-25,HJ,K4o,UNSELECTED,gray,12,UO/18-25/HJ.png,VERIFIED_BY_COLOR_GRID
UO,18-25,HJ,Q4o,UNSELECTED,gray,12,UO/18-25/HJ.png,VERIFIED_BY_COLOR_GRID
UO,18-25,HJ,J4o,UNSELECTED,gray,12,UO/18-25/HJ.png,VERIFIED_BY_COLOR_GRID
UO,18-25,HJ,T4o,UNSELECTED,gray,12,UO/18-25/HJ.png,VERIFIED_BY_COLOR_GRID
UO,18-25,HJ,94o,UNSELECTED,gray,12,UO/18-25/HJ.png,VERIFIED_BY_COLOR_GRID
UO,18-25,HJ,84o,UNSELECTED,gray,12,UO/18-25/HJ.png,VERIFIED_BY_COLOR_GRID
UO,18-25,HJ,74o,UNSELECTED,gray,12,UO/18-25/HJ.png,VERIFIED_BY_COLOR_GRID
UO,18-25,HJ,64o,UNSELECTED,gray,12,UO/18-25/HJ.png,VERIFIED_BY_COLOR_GRID
UO,18-25,HJ,54o,UNSELECTED,gray,12,UO/18-25/HJ.png,VERIFIED_BY_COLOR_GRID
UO,18-25,HJ,44,RAISE,green,6,UO/18-25/HJ.png,VERIFIED_BY_COLOR_GRID
UO,18-25,HJ,43s,UNSELECTED,gray,4,UO/18-25/HJ.png,VERIFIED_BY_COLOR_GRID
UO,18-25,HJ,42s,UNSELECTED,gray,4,UO/18-25/HJ.png,VERIFIED_BY_COLOR_GRID
UO,18-25,HJ,A3o,UNSELECTED,gray,12,UO/18-25/HJ.png,VERIFIED_BY_COLOR_GRID
UO,18-25,HJ,K3o,UNSELECTED,gray,12,UO/18-25/HJ.png,VERIFIED_BY_COLOR_GRID
UO,18-25,HJ,Q3o,UNSELECTED,gray,12,UO/18-25/HJ.png,VERIFIED_BY_COLOR_GRID
UO,18-25,HJ,J3o,UNSELECTED,gray,12,UO/18-25/HJ.png,VERIFIED_BY_COLOR_GRID
UO,18-25,HJ,T3o,UNSELECTED,gray,12,UO/18-25/HJ.png,VERIFIED_BY_COLOR_GRID
UO,18-25,HJ,93o,UNSELECTED,gray,12,UO/18-25/HJ.png,VERIFIED_BY_COLOR_GRID
UO,18-25,HJ,83o,UNSELECTED,gray,12,UO/18-25/HJ.png,VERIFIED_BY_COLOR_GRID
UO,18-25,HJ,73o,UNSELECTED,gray,12,UO/18-25/HJ.png,VERIFIED_BY_COLOR_GRID
UO,18-25,HJ,63o,UNSELECTED,gray,12,UO/18-25/HJ.png,VERIFIED_BY_COLOR_GRID
UO,18-25,HJ,53o,UNSELECTED,gray,12,UO/18-25/HJ.png,VERIFIED_BY_COLOR_GRID
UO,18-25,HJ,43o,UNSELECTED,gray,12,UO/18-25/HJ.png,VERIFIED_BY_COLOR_GRID
UO,18-25,HJ,33,LOW_PLAYABILITY,cyan,6,UO/18-25/HJ.png,VERIFIED_BY_COLOR_GRID
UO,18-25,HJ,32s,UNSELECTED,gray,4,UO/18-25/HJ.png,VERIFIED_BY_COLOR_GRID
UO,18-25,HJ,A2o,UNSELECTED,gray,12,UO/18-25/HJ.png,VERIFIED_BY_COLOR_GRID
UO,18-25,HJ,K2o,UNSELECTED,gray,12,UO/18-25/HJ.png,VERIFIED_BY_COLOR_GRID
UO,18-25,HJ,Q2o,UNSELECTED,gray,12,UO/18-25/HJ.png,VERIFIED_BY_COLOR_GRID
UO,18-25,HJ,J2o,UNSELECTED,gray,12,UO/18-25/HJ.png,VERIFIED_BY_COLOR_GRID
UO,18-25,HJ,T2o,UNSELECTED,gray,12,UO/18-25/HJ.png,VERIFIED_BY_COLOR_GRID
UO,18-25,HJ,92o,UNSELECTED,gray,12,UO/18-25/HJ.png,VERIFIED_BY_COLOR_GRID
UO,18-25,HJ,82o,UNSELECTED,gray,12,UO/18-25/HJ.png,VERIFIED_BY_COLOR_GRID
UO,18-25,HJ,72o,UNSELECTED,gray,12,UO/18-25/HJ.png,VERIFIED_BY_COLOR_GRID
UO,18-25,HJ,62o,UNSELECTED,gray,12,UO/18-25/HJ.png,VERIFIED_BY_COLOR_GRID
UO,18-25,HJ,52o,UNSELECTED,gray,12,UO/18-25/HJ.png,VERIFIED_BY_COLOR_GRID
UO,18-25,HJ,42o,UNSELECTED,gray,12,UO/18-25/HJ.png,VERIFIED_BY_COLOR_GRID
UO,18-25,HJ,32o,UNSELECTED,gray,12,UO/18-25/HJ.png,VERIFIED_BY_COLOR_GRID
UO,18-25,HJ,22,LOW_PLAYABILITY,cyan,6,UO/18-25/HJ.png,VERIFIED_BY_COLOR_GRID
UO,18-25,CO,AA,RAISE,green,6,UO/18-25/CO.png,VERIFIED_BY_COLOR_GRID
UO,18-25,CO,AKs,RAISE,green,4,UO/18-25/CO.png,VERIFIED_BY_COLOR_GRID
UO,18-25,CO,AQs,RAISE,green,4,UO/18-25/CO.png,VERIFIED_BY_COLOR_GRID
UO,18-25,CO,AJs,RAISE,green,4,UO/18-25/CO.png,VERIFIED_BY_COLOR_GRID
UO,18-25,CO,ATs,RAISE,green,4,UO/18-25/CO.png,VERIFIED_BY_COLOR_GRID
UO,18-25,CO,A9s,RAISE,green,4,UO/18-25/CO.png,VERIFIED_BY_COLOR_GRID
UO,18-25,CO,A8s,RAISE,green,4,UO/18-25/CO.png,VERIFIED_BY_COLOR_GRID
UO,18-25,CO,A7s,RAISE,green,4,UO/18-25/CO.png,VERIFIED_BY_COLOR_GRID
UO,18-25,CO,A6s,RAISE,green,4,UO/18-25/CO.png,VERIFIED_BY_COLOR_GRID
UO,18-25,CO,A5s,RAISE,green,4,UO/18-25/CO.png,VERIFIED_BY_COLOR_GRID
UO,18-25,CO,A4s,RAISE,green,4,UO/18-25/CO.png,VERIFIED_BY_COLOR_GRID
UO,18-25,CO,A3s,RAISE,green,4,UO/18-25/CO.png,VERIFIED_BY_COLOR_GRID
UO,18-25,CO,A2s,RAISE,green,4,UO/18-25/CO.png,VERIFIED_BY_COLOR_GRID
UO,18-25,CO,AKo,RAISE,green,12,UO/18-25/CO.png,VERIFIED_BY_COLOR_GRID
UO,18-25,CO,KK,RAISE,green,6,UO/18-25/CO.png,VERIFIED_BY_COLOR_GRID
UO,18-25,CO,KQs,RAISE,green,4,UO/18-25/CO.png,VERIFIED_BY_COLOR_GRID
UO,18-25,CO,KJs,RAISE,green,4,UO/18-25/CO.png,VERIFIED_BY_COLOR_GRID
UO,18-25,CO,KTs,RAISE,green,4,UO/18-25/CO.png,VERIFIED_BY_COLOR_GRID
UO,18-25,CO,K9s,RAISE,green,4,UO/18-25/CO.png,VERIFIED_BY_COLOR_GRID
UO,18-25,CO,K8s,RAISE,green,4,UO/18-25/CO.png,VERIFIED_BY_COLOR_GRID
UO,18-25,CO,K7s,LOW_PLAYABILITY,cyan,4,UO/18-25/CO.png,VERIFIED_BY_COLOR_GRID
UO,18-25,CO,K6s,LOW_PLAYABILITY,cyan,4,UO/18-25/CO.png,VERIFIED_BY_COLOR_GRID
UO,18-25,CO,K5s,LOW_PLAYABILITY,cyan,4,UO/18-25/CO.png,VERIFIED_BY_COLOR_GRID
UO,18-25,CO,K4s,LOW_PLAYABILITY,cyan,4,UO/18-25/CO.png,VERIFIED_BY_COLOR_GRID
UO,18-25,CO,K3s,LOW_PLAYABILITY,cyan,4,UO/18-25/CO.png,VERIFIED_BY_COLOR_GRID
UO,18-25,CO,K2s,LOW_PLAYABILITY,cyan,4,UO/18-25/CO.png,VERIFIED_BY_COLOR_GRID
UO,18-25,CO,AQo,RAISE,green,12,UO/18-25/CO.png,VERIFIED_BY_COLOR_GRID
UO,18-25,CO,KQo,RAISE,green,12,UO/18-25/CO.png,VERIFIED_BY_COLOR_GRID
UO,18-25,CO,QQ,RAISE,green,6,UO/18-25/CO.png,VERIFIED_BY_COLOR_GRID
UO,18-25,CO,QJs,RAISE,green,4,UO/18-25/CO.png,VERIFIED_BY_COLOR_GRID
UO,18-25,CO,QTs,RAISE,green,4,UO/18-25/CO.png,VERIFIED_BY_COLOR_GRID
UO,18-25,CO,Q9s,RAISE,green,4,UO/18-25/CO.png,VERIFIED_BY_COLOR_GRID
UO,18-25,CO,Q8s,RAISE,green,4,UO/18-25/CO.png,VERIFIED_BY_COLOR_GRID
UO,18-25,CO,Q7s,LOW_PLAYABILITY,cyan,4,UO/18-25/CO.png,VERIFIED_BY_COLOR_GRID
UO,18-25,CO,Q6s,LOW_PLAYABILITY,cyan,4,UO/18-25/CO.png,VERIFIED_BY_COLOR_GRID
UO,18-25,CO,Q5s,LOW_PLAYABILITY,cyan,4,UO/18-25/CO.png,VERIFIED_BY_COLOR_GRID
UO,18-25,CO,Q4s,LOW_PLAYABILITY,cyan,4,UO/18-25/CO.png,VERIFIED_BY_COLOR_GRID
UO,18-25,CO,Q3s,LOW_PLAYABILITY,cyan,4,UO/18-25/CO.png,VERIFIED_BY_COLOR_GRID
UO,18-25,CO,Q2s,LOW_PLAYABILITY,cyan,4,UO/18-25/CO.png,VERIFIED_BY_COLOR_GRID
UO,18-25,CO,AJo,RAISE,green,12,UO/18-25/CO.png,VERIFIED_BY_COLOR_GRID
UO,18-25,CO,KJo,RAISE,green,12,UO/18-25/CO.png,VERIFIED_BY_COLOR_GRID
UO,18-25,CO,QJo,RAISE,green,12,UO/18-25/CO.png,VERIFIED_BY_COLOR_GRID
UO,18-25,CO,JJ,RAISE,green,6,UO/18-25/CO.png,VERIFIED_BY_COLOR_GRID
UO,18-25,CO,JTs,RAISE,green,4,UO/18-25/CO.png,VERIFIED_BY_COLOR_GRID
UO,18-25,CO,J9s,RAISE,green,4,UO/18-25/CO.png,VERIFIED_BY_COLOR_GRID
UO,18-25,CO,J8s,RAISE,green,4,UO/18-25/CO.png,VERIFIED_BY_COLOR_GRID
UO,18-25,CO,J7s,LOW_PLAYABILITY,cyan,4,UO/18-25/CO.png,VERIFIED_BY_COLOR_GRID
UO,18-25,CO,J6s,LOW_PLAYABILITY,cyan,4,UO/18-25/CO.png,VERIFIED_BY_COLOR_GRID
UO,18-25,CO,J5s,UNSELECTED,gray,4,UO/18-25/CO.png,VERIFIED_BY_COLOR_GRID
UO,18-25,CO,J4s,UNSELECTED,gray,4,UO/18-25/CO.png,VERIFIED_BY_COLOR_GRID
UO,18-25,CO,J3s,UNSELECTED,gray,4,UO/18-25/CO.png,VERIFIED_BY_COLOR_GRID
UO,18-25,CO,J2s,UNSELECTED,gray,4,UO/18-25/CO.png,VERIFIED_BY_COLOR_GRID
UO,18-25,CO,ATo,RAISE,green,12,UO/18-25/CO.png,VERIFIED_BY_COLOR_GRID
UO,18-25,CO,KTo,RAISE,green,12,UO/18-25/CO.png,VERIFIED_BY_COLOR_GRID
UO,18-25,CO,QTo,RAISE,green,12,UO/18-25/CO.png,VERIFIED_BY_COLOR_GRID
UO,18-25,CO,JTo,RAISE,green,12,UO/18-25/CO.png,VERIFIED_BY_COLOR_GRID
UO,18-25,CO,TT,RAISE,green,6,UO/18-25/CO.png,VERIFIED_BY_COLOR_GRID
UO,18-25,CO,T9s,RAISE,green,4,UO/18-25/CO.png,VERIFIED_BY_COLOR_GRID
UO,18-25,CO,T8s,RAISE,green,4,UO/18-25/CO.png,VERIFIED_BY_COLOR_GRID
UO,18-25,CO,T7s,LOW_PLAYABILITY,cyan,4,UO/18-25/CO.png,VERIFIED_BY_COLOR_GRID
UO,18-25,CO,T6s,UNSELECTED,gray,4,UO/18-25/CO.png,VERIFIED_BY_COLOR_GRID
UO,18-25,CO,T5s,UNSELECTED,gray,4,UO/18-25/CO.png,VERIFIED_BY_COLOR_GRID
UO,18-25,CO,T4s,UNSELECTED,gray,4,UO/18-25/CO.png,VERIFIED_BY_COLOR_GRID
UO,18-25,CO,T3s,UNSELECTED,gray,4,UO/18-25/CO.png,VERIFIED_BY_COLOR_GRID
UO,18-25,CO,T2s,UNSELECTED,gray,4,UO/18-25/CO.png,VERIFIED_BY_COLOR_GRID
UO,18-25,CO,A9o,RAISE,green,12,UO/18-25/CO.png,VERIFIED_BY_COLOR_GRID
UO,18-25,CO,K9o,RAISE,green,12,UO/18-25/CO.png,VERIFIED_BY_COLOR_GRID
UO,18-25,CO,Q9o,RAISE,green,12,UO/18-25/CO.png,VERIFIED_BY_COLOR_GRID
UO,18-25,CO,J9o,RAISE,green,12,UO/18-25/CO.png,VERIFIED_BY_COLOR_GRID
UO,18-25,CO,T9o,RAISE,green,12,UO/18-25/CO.png,VERIFIED_BY_COLOR_GRID
UO,18-25,CO,99,RAISE,green,6,UO/18-25/CO.png,VERIFIED_BY_COLOR_GRID
UO,18-25,CO,98s,RAISE,green,4,UO/18-25/CO.png,VERIFIED_BY_COLOR_GRID
UO,18-25,CO,97s,LOW_PLAYABILITY,cyan,4,UO/18-25/CO.png,VERIFIED_BY_COLOR_GRID
UO,18-25,CO,96s,UNSELECTED,gray,4,UO/18-25/CO.png,VERIFIED_BY_COLOR_GRID
UO,18-25,CO,95s,UNSELECTED,gray,4,UO/18-25/CO.png,VERIFIED_BY_COLOR_GRID
UO,18-25,CO,94s,UNSELECTED,gray,4,UO/18-25/CO.png,VERIFIED_BY_COLOR_GRID
UO,18-25,CO,93s,UNSELECTED,gray,4,UO/18-25/CO.png,VERIFIED_BY_COLOR_GRID
UO,18-25,CO,92s,UNSELECTED,gray,4,UO/18-25/CO.png,VERIFIED_BY_COLOR_GRID
UO,18-25,CO,A8o,RAISE,green,12,UO/18-25/CO.png,VERIFIED_BY_COLOR_GRID
UO,18-25,CO,K8o,UNSELECTED,gray,12,UO/18-25/CO.png,VERIFIED_BY_COLOR_GRID
UO,18-25,CO,Q8o,UNSELECTED,gray,12,UO/18-25/CO.png,VERIFIED_BY_COLOR_GRID
UO,18-25,CO,J8o,UNSELECTED,gray,12,UO/18-25/CO.png,VERIFIED_BY_COLOR_GRID
UO,18-25,CO,T8o,UNSELECTED,gray,12,UO/18-25/CO.png,VERIFIED_BY_COLOR_GRID
UO,18-25,CO,98o,UNSELECTED,gray,12,UO/18-25/CO.png,VERIFIED_BY_COLOR_GRID
UO,18-25,CO,88,RAISE,green,6,UO/18-25/CO.png,VERIFIED_BY_COLOR_GRID
UO,18-25,CO,87s,RAISE,green,4,UO/18-25/CO.png,VERIFIED_BY_COLOR_GRID
UO,18-25,CO,86s,LOW_PLAYABILITY,cyan,4,UO/18-25/CO.png,VERIFIED_BY_COLOR_GRID
UO,18-25,CO,85s,UNSELECTED,gray,4,UO/18-25/CO.png,VERIFIED_BY_COLOR_GRID
UO,18-25,CO,84s,UNSELECTED,gray,4,UO/18-25/CO.png,VERIFIED_BY_COLOR_GRID
UO,18-25,CO,83s,UNSELECTED,gray,4,UO/18-25/CO.png,VERIFIED_BY_COLOR_GRID
UO,18-25,CO,82s,UNSELECTED,gray,4,UO/18-25/CO.png,VERIFIED_BY_COLOR_GRID
UO,18-25,CO,A7o,RAISE,green,12,UO/18-25/CO.png,VERIFIED_BY_COLOR_GRID
UO,18-25,CO,K7o,UNSELECTED,gray,12,UO/18-25/CO.png,VERIFIED_BY_COLOR_GRID
UO,18-25,CO,Q7o,UNSELECTED,gray,12,UO/18-25/CO.png,VERIFIED_BY_COLOR_GRID
UO,18-25,CO,J7o,UNSELECTED,gray,12,UO/18-25/CO.png,VERIFIED_BY_COLOR_GRID
UO,18-25,CO,T7o,UNSELECTED,gray,12,UO/18-25/CO.png,VERIFIED_BY_COLOR_GRID
UO,18-25,CO,97o,UNSELECTED,gray,12,UO/18-25/CO.png,VERIFIED_BY_COLOR_GRID
UO,18-25,CO,87o,UNSELECTED,gray,12,UO/18-25/CO.png,VERIFIED_BY_COLOR_GRID
UO,18-25,CO,77,RAISE,green,6,UO/18-25/CO.png,VERIFIED_BY_COLOR_GRID
UO,18-25,CO,76s,RAISE,green,4,UO/18-25/CO.png,VERIFIED_BY_COLOR_GRID
UO,18-25,CO,75s,LOW_PLAYABILITY,cyan,4,UO/18-25/CO.png,VERIFIED_BY_COLOR_GRID
UO,18-25,CO,74s,UNSELECTED,gray,4,UO/18-25/CO.png,VERIFIED_BY_COLOR_GRID
UO,18-25,CO,73s,UNSELECTED,gray,4,UO/18-25/CO.png,VERIFIED_BY_COLOR_GRID
UO,18-25,CO,72s,UNSELECTED,gray,4,UO/18-25/CO.png,VERIFIED_BY_COLOR_GRID
UO,18-25,CO,A6o,RAISE,green,12,UO/18-25/CO.png,VERIFIED_BY_COLOR_GRID
UO,18-25,CO,K6o,UNSELECTED,gray,12,UO/18-25/CO.png,VERIFIED_BY_COLOR_GRID
UO,18-25,CO,Q6o,UNSELECTED,gray,12,UO/18-25/CO.png,VERIFIED_BY_COLOR_GRID
UO,18-25,CO,J6o,UNSELECTED,gray,12,UO/18-25/CO.png,VERIFIED_BY_COLOR_GRID
UO,18-25,CO,T6o,UNSELECTED,gray,12,UO/18-25/CO.png,VERIFIED_BY_COLOR_GRID
UO,18-25,CO,96o,UNSELECTED,gray,12,UO/18-25/CO.png,VERIFIED_BY_COLOR_GRID
UO,18-25,CO,86o,UNSELECTED,gray,12,UO/18-25/CO.png,VERIFIED_BY_COLOR_GRID
UO,18-25,CO,76o,UNSELECTED,gray,12,UO/18-25/CO.png,VERIFIED_BY_COLOR_GRID
UO,18-25,CO,66,RAISE,green,6,UO/18-25/CO.png,VERIFIED_BY_COLOR_GRID
UO,18-25,CO,65s,RAISE,green,4,UO/18-25/CO.png,VERIFIED_BY_COLOR_GRID
UO,18-25,CO,64s,UNSELECTED,gray,4,UO/18-25/CO.png,VERIFIED_BY_COLOR_GRID
UO,18-25,CO,63s,UNSELECTED,gray,4,UO/18-25/CO.png,VERIFIED_BY_COLOR_GRID
UO,18-25,CO,62s,UNSELECTED,gray,4,UO/18-25/CO.png,VERIFIED_BY_COLOR_GRID
UO,18-25,CO,A5o,RAISE,green,12,UO/18-25/CO.png,VERIFIED_BY_COLOR_GRID
UO,18-25,CO,K5o,UNSELECTED,gray,12,UO/18-25/CO.png,VERIFIED_BY_COLOR_GRID
UO,18-25,CO,Q5o,UNSELECTED,gray,12,UO/18-25/CO.png,VERIFIED_BY_COLOR_GRID
UO,18-25,CO,J5o,UNSELECTED,gray,12,UO/18-25/CO.png,VERIFIED_BY_COLOR_GRID
UO,18-25,CO,T5o,UNSELECTED,gray,12,UO/18-25/CO.png,VERIFIED_BY_COLOR_GRID
UO,18-25,CO,95o,UNSELECTED,gray,12,UO/18-25/CO.png,VERIFIED_BY_COLOR_GRID
UO,18-25,CO,85o,UNSELECTED,gray,12,UO/18-25/CO.png,VERIFIED_BY_COLOR_GRID
UO,18-25,CO,75o,UNSELECTED,gray,12,UO/18-25/CO.png,VERIFIED_BY_COLOR_GRID
UO,18-25,CO,65o,UNSELECTED,gray,12,UO/18-25/CO.png,VERIFIED_BY_COLOR_GRID
UO,18-25,CO,55,AI,purple,6,UO/18-25/CO.png,VERIFIED_BY_COLOR_GRID
UO,18-25,CO,54s,LOW_PLAYABILITY,cyan,4,UO/18-25/CO.png,VERIFIED_BY_COLOR_GRID
UO,18-25,CO,53s,UNSELECTED,gray,4,UO/18-25/CO.png,VERIFIED_BY_COLOR_GRID
UO,18-25,CO,52s,UNSELECTED,gray,4,UO/18-25/CO.png,VERIFIED_BY_COLOR_GRID
UO,18-25,CO,A4o,RAISE,green,12,UO/18-25/CO.png,VERIFIED_BY_COLOR_GRID
UO,18-25,CO,K4o,UNSELECTED,gray,12,UO/18-25/CO.png,VERIFIED_BY_COLOR_GRID
UO,18-25,CO,Q4o,UNSELECTED,gray,12,UO/18-25/CO.png,VERIFIED_BY_COLOR_GRID
UO,18-25,CO,J4o,UNSELECTED,gray,12,UO/18-25/CO.png,VERIFIED_BY_COLOR_GRID
UO,18-25,CO,T4o,UNSELECTED,gray,12,UO/18-25/CO.png,VERIFIED_BY_COLOR_GRID
UO,18-25,CO,94o,UNSELECTED,gray,12,UO/18-25/CO.png,VERIFIED_BY_COLOR_GRID
UO,18-25,CO,84o,UNSELECTED,gray,12,UO/18-25/CO.png,VERIFIED_BY_COLOR_GRID
UO,18-25,CO,74o,UNSELECTED,gray,12,UO/18-25/CO.png,VERIFIED_BY_COLOR_GRID
UO,18-25,CO,64o,UNSELECTED,gray,12,UO/18-25/CO.png,VERIFIED_BY_COLOR_GRID
UO,18-25,CO,54o,UNSELECTED,gray,12,UO/18-25/CO.png,VERIFIED_BY_COLOR_GRID
UO,18-25,CO,44,AI,purple,6,UO/18-25/CO.png,VERIFIED_BY_COLOR_GRID
UO,18-25,CO,43s,UNSELECTED,gray,4,UO/18-25/CO.png,VERIFIED_BY_COLOR_GRID
UO,18-25,CO,42s,UNSELECTED,gray,4,UO/18-25/CO.png,VERIFIED_BY_COLOR_GRID
UO,18-25,CO,A3o,RAISE,green,12,UO/18-25/CO.png,VERIFIED_BY_COLOR_GRID
UO,18-25,CO,K3o,UNSELECTED,gray,12,UO/18-25/CO.png,VERIFIED_BY_COLOR_GRID
UO,18-25,CO,Q3o,UNSELECTED,gray,12,UO/18-25/CO.png,VERIFIED_BY_COLOR_GRID
UO,18-25,CO,J3o,UNSELECTED,gray,12,UO/18-25/CO.png,VERIFIED_BY_COLOR_GRID
UO,18-25,CO,T3o,UNSELECTED,gray,12,UO/18-25/CO.png,VERIFIED_BY_COLOR_GRID
UO,18-25,CO,93o,UNSELECTED,gray,12,UO/18-25/CO.png,VERIFIED_BY_COLOR_GRID
UO,18-25,CO,83o,UNSELECTED,gray,12,UO/18-25/CO.png,VERIFIED_BY_COLOR_GRID
UO,18-25,CO,73o,UNSELECTED,gray,12,UO/18-25/CO.png,VERIFIED_BY_COLOR_GRID
UO,18-25,CO,63o,UNSELECTED,gray,12,UO/18-25/CO.png,VERIFIED_BY_COLOR_GRID
UO,18-25,CO,53o,UNSELECTED,gray,12,UO/18-25/CO.png,VERIFIED_BY_COLOR_GRID
UO,18-25,CO,43o,UNSELECTED,gray,12,UO/18-25/CO.png,VERIFIED_BY_COLOR_GRID
UO,18-25,CO,33,AI,purple,6,UO/18-25/CO.png,VERIFIED_BY_COLOR_GRID
UO,18-25,CO,32s,UNSELECTED,gray,4,UO/18-25/CO.png,VERIFIED_BY_COLOR_GRID
UO,18-25,CO,A2o,RAISE,green,12,UO/18-25/CO.png,VERIFIED_BY_COLOR_GRID
UO,18-25,CO,K2o,UNSELECTED,gray,12,UO/18-25/CO.png,VERIFIED_BY_COLOR_GRID
UO,18-25,CO,Q2o,UNSELECTED,gray,12,UO/18-25/CO.png,VERIFIED_BY_COLOR_GRID
UO,18-25,CO,J2o,UNSELECTED,gray,12,UO/18-25/CO.png,VERIFIED_BY_COLOR_GRID
UO,18-25,CO,T2o,UNSELECTED,gray,12,UO/18-25/CO.png,VERIFIED_BY_COLOR_GRID
UO,18-25,CO,92o,UNSELECTED,gray,12,UO/18-25/CO.png,VERIFIED_BY_COLOR_GRID
UO,18-25,CO,82o,UNSELECTED,gray,12,UO/18-25/CO.png,VERIFIED_BY_COLOR_GRID
UO,18-25,CO,72o,UNSELECTED,gray,12,UO/18-25/CO.png,VERIFIED_BY_COLOR_GRID
UO,18-25,CO,62o,UNSELECTED,gray,12,UO/18-25/CO.png,VERIFIED_BY_COLOR_GRID
UO,18-25,CO,52o,UNSELECTED,gray,12,UO/18-25/CO.png,VERIFIED_BY_COLOR_GRID
UO,18-25,CO,42o,UNSELECTED,gray,12,UO/18-25/CO.png,VERIFIED_BY_COLOR_GRID
UO,18-25,CO,32o,UNSELECTED,gray,12,UO/18-25/CO.png,VERIFIED_BY_COLOR_GRID
UO,18-25,CO,22,AI,purple,6,UO/18-25/CO.png,VERIFIED_BY_COLOR_GRID
UO,18-25,BTN,AA,RAISE,green,6,UO/18-25/BTN.png,VERIFIED_BY_COLOR_GRID
UO,18-25,BTN,AKs,RAISE,green,4,UO/18-25/BTN.png,VERIFIED_BY_COLOR_GRID
UO,18-25,BTN,AQs,RAISE,green,4,UO/18-25/BTN.png,VERIFIED_BY_COLOR_GRID
UO,18-25,BTN,AJs,RAISE,green,4,UO/18-25/BTN.png,VERIFIED_BY_COLOR_GRID
UO,18-25,BTN,ATs,RAISE,green,4,UO/18-25/BTN.png,VERIFIED_BY_COLOR_GRID
UO,18-25,BTN,A9s,RAISE,green,4,UO/18-25/BTN.png,VERIFIED_BY_COLOR_GRID
UO,18-25,BTN,A8s,RAISE,green,4,UO/18-25/BTN.png,VERIFIED_BY_COLOR_GRID
UO,18-25,BTN,A7s,RAISE,green,4,UO/18-25/BTN.png,VERIFIED_BY_COLOR_GRID
UO,18-25,BTN,A6s,RAISE,green,4,UO/18-25/BTN.png,VERIFIED_BY_COLOR_GRID
UO,18-25,BTN,A5s,RAISE,green,4,UO/18-25/BTN.png,VERIFIED_BY_COLOR_GRID
UO,18-25,BTN,A4s,RAISE,green,4,UO/18-25/BTN.png,VERIFIED_BY_COLOR_GRID
UO,18-25,BTN,A3s,RAISE,green,4,UO/18-25/BTN.png,VERIFIED_BY_COLOR_GRID
UO,18-25,BTN,A2s,RAISE,green,4,UO/18-25/BTN.png,VERIFIED_BY_COLOR_GRID
UO,18-25,BTN,AKo,RAISE,green,12,UO/18-25/BTN.png,VERIFIED_BY_COLOR_GRID
UO,18-25,BTN,KK,RAISE,green,6,UO/18-25/BTN.png,VERIFIED_BY_COLOR_GRID
UO,18-25,BTN,KQs,RAISE,green,4,UO/18-25/BTN.png,VERIFIED_BY_COLOR_GRID
UO,18-25,BTN,KJs,RAISE,green,4,UO/18-25/BTN.png,VERIFIED_BY_COLOR_GRID
UO,18-25,BTN,KTs,RAISE,green,4,UO/18-25/BTN.png,VERIFIED_BY_COLOR_GRID
UO,18-25,BTN,K9s,RAISE,green,4,UO/18-25/BTN.png,VERIFIED_BY_COLOR_GRID
UO,18-25,BTN,K8s,RAISE,green,4,UO/18-25/BTN.png,VERIFIED_BY_COLOR_GRID
UO,18-25,BTN,K7s,RAISE,green,4,UO/18-25/BTN.png,VERIFIED_BY_COLOR_GRID
UO,18-25,BTN,K6s,RAISE,green,4,UO/18-25/BTN.png,VERIFIED_BY_COLOR_GRID
UO,18-25,BTN,K5s,RAISE,green,4,UO/18-25/BTN.png,VERIFIED_BY_COLOR_GRID
UO,18-25,BTN,K4s,RAISE,green,4,UO/18-25/BTN.png,VERIFIED_BY_COLOR_GRID
UO,18-25,BTN,K3s,RAISE,green,4,UO/18-25/BTN.png,VERIFIED_BY_COLOR_GRID
UO,18-25,BTN,K2s,RAISE,green,4,UO/18-25/BTN.png,VERIFIED_BY_COLOR_GRID
UO,18-25,BTN,AQo,RAISE,green,12,UO/18-25/BTN.png,VERIFIED_BY_COLOR_GRID
UO,18-25,BTN,KQo,AI,purple,12,UO/18-25/BTN.png,VERIFIED_BY_COLOR_GRID
UO,18-25,BTN,QQ,RAISE,green,6,UO/18-25/BTN.png,VERIFIED_BY_COLOR_GRID
UO,18-25,BTN,QJs,RAISE,green,4,UO/18-25/BTN.png,VERIFIED_BY_COLOR_GRID
UO,18-25,BTN,QTs,RAISE,green,4,UO/18-25/BTN.png,VERIFIED_BY_COLOR_GRID
UO,18-25,BTN,Q9s,RAISE,green,4,UO/18-25/BTN.png,VERIFIED_BY_COLOR_GRID
UO,18-25,BTN,Q8s,RAISE,green,4,UO/18-25/BTN.png,VERIFIED_BY_COLOR_GRID
UO,18-25,BTN,Q7s,RAISE,green,4,UO/18-25/BTN.png,VERIFIED_BY_COLOR_GRID
UO,18-25,BTN,Q6s,RAISE,green,4,UO/18-25/BTN.png,VERIFIED_BY_COLOR_GRID
UO,18-25,BTN,Q5s,RAISE,green,4,UO/18-25/BTN.png,VERIFIED_BY_COLOR_GRID
UO,18-25,BTN,Q4s,RAISE,green,4,UO/18-25/BTN.png,VERIFIED_BY_COLOR_GRID
UO,18-25,BTN,Q3s,RAISE,green,4,UO/18-25/BTN.png,VERIFIED_BY_COLOR_GRID
UO,18-25,BTN,Q2s,RAISE,green,4,UO/18-25/BTN.png,VERIFIED_BY_COLOR_GRID
UO,18-25,BTN,AJo,RAISE,green,12,UO/18-25/BTN.png,VERIFIED_BY_COLOR_GRID
UO,18-25,BTN,KJo,AI,purple,12,UO/18-25/BTN.png,VERIFIED_BY_COLOR_GRID
UO,18-25,BTN,QJo,AI,purple,12,UO/18-25/BTN.png,VERIFIED_BY_COLOR_GRID
UO,18-25,BTN,JJ,RAISE,green,6,UO/18-25/BTN.png,VERIFIED_BY_COLOR_GRID
UO,18-25,BTN,JTs,RAISE,green,4,UO/18-25/BTN.png,VERIFIED_BY_COLOR_GRID
UO,18-25,BTN,J9s,RAISE,green,4,UO/18-25/BTN.png,VERIFIED_BY_COLOR_GRID
UO,18-25,BTN,J8s,RAISE,green,4,UO/18-25/BTN.png,VERIFIED_BY_COLOR_GRID
UO,18-25,BTN,J7s,RAISE,green,4,UO/18-25/BTN.png,VERIFIED_BY_COLOR_GRID
UO,18-25,BTN,J6s,RAISE,green,4,UO/18-25/BTN.png,VERIFIED_BY_COLOR_GRID
UO,18-25,BTN,J5s,RAISE,green,4,UO/18-25/BTN.png,VERIFIED_BY_COLOR_GRID
UO,18-25,BTN,J4s,RAISE,green,4,UO/18-25/BTN.png,VERIFIED_BY_COLOR_GRID
UO,18-25,BTN,J3s,RAISE,green,4,UO/18-25/BTN.png,VERIFIED_BY_COLOR_GRID
UO,18-25,BTN,J2s,RAISE,green,4,UO/18-25/BTN.png,VERIFIED_BY_COLOR_GRID
UO,18-25,BTN,ATo,RAISE,green,12,UO/18-25/BTN.png,VERIFIED_BY_COLOR_GRID
UO,18-25,BTN,KTo,AI,purple,12,UO/18-25/BTN.png,VERIFIED_BY_COLOR_GRID
UO,18-25,BTN,QTo,RAISE,green,12,UO/18-25/BTN.png,VERIFIED_BY_COLOR_GRID
UO,18-25,BTN,JTo,RAISE,green,12,UO/18-25/BTN.png,VERIFIED_BY_COLOR_GRID
UO,18-25,BTN,TT,RAISE,green,6,UO/18-25/BTN.png,VERIFIED_BY_COLOR_GRID
UO,18-25,BTN,T9s,RAISE,green,4,UO/18-25/BTN.png,VERIFIED_BY_COLOR_GRID
UO,18-25,BTN,T8s,RAISE,green,4,UO/18-25/BTN.png,VERIFIED_BY_COLOR_GRID
UO,18-25,BTN,T7s,RAISE,green,4,UO/18-25/BTN.png,VERIFIED_BY_COLOR_GRID
UO,18-25,BTN,T6s,RAISE,green,4,UO/18-25/BTN.png,VERIFIED_BY_COLOR_GRID
UO,18-25,BTN,T5s,RAISE,green,4,UO/18-25/BTN.png,VERIFIED_BY_COLOR_GRID
UO,18-25,BTN,T4s,RAISE,green,4,UO/18-25/BTN.png,VERIFIED_BY_COLOR_GRID
UO,18-25,BTN,T3s,RAISE,green,4,UO/18-25/BTN.png,VERIFIED_BY_COLOR_GRID
UO,18-25,BTN,T2s,RAISE,green,4,UO/18-25/BTN.png,VERIFIED_BY_COLOR_GRID
UO,18-25,BTN,A9o,AI,purple,12,UO/18-25/BTN.png,VERIFIED_BY_COLOR_GRID
UO,18-25,BTN,K9o,RAISE,green,12,UO/18-25/BTN.png,VERIFIED_BY_COLOR_GRID
UO,18-25,BTN,Q9o,RAISE,green,12,UO/18-25/BTN.png,VERIFIED_BY_COLOR_GRID
UO,18-25,BTN,J9o,RAISE,green,12,UO/18-25/BTN.png,VERIFIED_BY_COLOR_GRID
UO,18-25,BTN,T9o,RAISE,green,12,UO/18-25/BTN.png,VERIFIED_BY_COLOR_GRID
UO,18-25,BTN,99,RAISE,green,6,UO/18-25/BTN.png,VERIFIED_BY_COLOR_GRID
UO,18-25,BTN,98s,RAISE,green,4,UO/18-25/BTN.png,VERIFIED_BY_COLOR_GRID
UO,18-25,BTN,97s,RAISE,green,4,UO/18-25/BTN.png,VERIFIED_BY_COLOR_GRID
UO,18-25,BTN,96s,RAISE,green,4,UO/18-25/BTN.png,VERIFIED_BY_COLOR_GRID
UO,18-25,BTN,95s,RAISE,green,4,UO/18-25/BTN.png,VERIFIED_BY_COLOR_GRID
UO,18-25,BTN,94s,RAISE,green,4,UO/18-25/BTN.png,VERIFIED_BY_COLOR_GRID
UO,18-25,BTN,93s,RAISE,green,4,UO/18-25/BTN.png,VERIFIED_BY_COLOR_GRID
UO,18-25,BTN,92s,RAISE,green,4,UO/18-25/BTN.png,VERIFIED_BY_COLOR_GRID
UO,18-25,BTN,A8o,RAISE,green,12,UO/18-25/BTN.png,VERIFIED_BY_COLOR_GRID
UO,18-25,BTN,K8o,LOW_PLAYABILITY,cyan,12,UO/18-25/BTN.png,VERIFIED_BY_COLOR_GRID
UO,18-25,BTN,Q8o,LOW_PLAYABILITY,cyan,12,UO/18-25/BTN.png,VERIFIED_BY_COLOR_GRID
UO,18-25,BTN,J8o,LOW_PLAYABILITY,cyan,12,UO/18-25/BTN.png,VERIFIED_BY_COLOR_GRID
UO,18-25,BTN,T8o,LOW_PLAYABILITY,cyan,12,UO/18-25/BTN.png,VERIFIED_BY_COLOR_GRID
UO,18-25,BTN,98o,LOW_PLAYABILITY,cyan,12,UO/18-25/BTN.png,VERIFIED_BY_COLOR_GRID
UO,18-25,BTN,88,RAISE,green,6,UO/18-25/BTN.png,VERIFIED_BY_COLOR_GRID
UO,18-25,BTN,87s,RAISE,green,4,UO/18-25/BTN.png,VERIFIED_BY_COLOR_GRID
UO,18-25,BTN,86s,RAISE,green,4,UO/18-25/BTN.png,VERIFIED_BY_COLOR_GRID
UO,18-25,BTN,85s,RAISE,green,4,UO/18-25/BTN.png,VERIFIED_BY_COLOR_GRID
UO,18-25,BTN,84s,RAISE,green,4,UO/18-25/BTN.png,VERIFIED_BY_COLOR_GRID
UO,18-25,BTN,83s,RAISE,green,4,UO/18-25/BTN.png,VERIFIED_BY_COLOR_GRID
UO,18-25,BTN,82s,RAISE,green,4,UO/18-25/BTN.png,VERIFIED_BY_COLOR_GRID
UO,18-25,BTN,A7o,RAISE,green,12,UO/18-25/BTN.png,VERIFIED_BY_COLOR_GRID
UO,18-25,BTN,K7o,LOW_PLAYABILITY,cyan,12,UO/18-25/BTN.png,VERIFIED_BY_COLOR_GRID
UO,18-25,BTN,Q7o,UNSELECTED,gray,12,UO/18-25/BTN.png,VERIFIED_BY_COLOR_GRID
UO,18-25,BTN,J7o,UNSELECTED,gray,12,UO/18-25/BTN.png,VERIFIED_BY_COLOR_GRID
UO,18-25,BTN,T7o,UNSELECTED,gray,12,UO/18-25/BTN.png,VERIFIED_BY_COLOR_GRID
UO,18-25,BTN,97o,UNSELECTED,gray,12,UO/18-25/BTN.png,VERIFIED_BY_COLOR_GRID
UO,18-25,BTN,87o,LOW_PLAYABILITY,cyan,12,UO/18-25/BTN.png,VERIFIED_BY_COLOR_GRID
UO,18-25,BTN,77,RAISE,green,6,UO/18-25/BTN.png,VERIFIED_BY_COLOR_GRID
UO,18-25,BTN,76s,RAISE,green,4,UO/18-25/BTN.png,VERIFIED_BY_COLOR_GRID
UO,18-25,BTN,75s,RAISE,green,4,UO/18-25/BTN.png,VERIFIED_BY_COLOR_GRID
UO,18-25,BTN,74s,RAISE,green,4,UO/18-25/BTN.png,VERIFIED_BY_COLOR_GRID
UO,18-25,BTN,73s,RAISE,green,4,UO/18-25/BTN.png,VERIFIED_BY_COLOR_GRID
UO,18-25,BTN,72s,RAISE,green,4,UO/18-25/BTN.png,VERIFIED_BY_COLOR_GRID
UO,18-25,BTN,A6o,RAISE,green,12,UO/18-25/BTN.png,VERIFIED_BY_COLOR_GRID
UO,18-25,BTN,K6o,LOW_PLAYABILITY,cyan,12,UO/18-25/BTN.png,VERIFIED_BY_COLOR_GRID
UO,18-25,BTN,Q6o,UNSELECTED,gray,12,UO/18-25/BTN.png,VERIFIED_BY_COLOR_GRID
UO,18-25,BTN,J6o,UNSELECTED,gray,12,UO/18-25/BTN.png,VERIFIED_BY_COLOR_GRID
UO,18-25,BTN,T6o,UNSELECTED,gray,12,UO/18-25/BTN.png,VERIFIED_BY_COLOR_GRID
UO,18-25,BTN,96o,UNSELECTED,gray,12,UO/18-25/BTN.png,VERIFIED_BY_COLOR_GRID
UO,18-25,BTN,86o,UNSELECTED,gray,12,UO/18-25/BTN.png,VERIFIED_BY_COLOR_GRID
UO,18-25,BTN,76o,LOW_PLAYABILITY,cyan,12,UO/18-25/BTN.png,VERIFIED_BY_COLOR_GRID
UO,18-25,BTN,66,RAISE,green,6,UO/18-25/BTN.png,VERIFIED_BY_COLOR_GRID
UO,18-25,BTN,65s,RAISE,green,4,UO/18-25/BTN.png,VERIFIED_BY_COLOR_GRID
UO,18-25,BTN,64s,RAISE,green,4,UO/18-25/BTN.png,VERIFIED_BY_COLOR_GRID
UO,18-25,BTN,63s,RAISE,green,4,UO/18-25/BTN.png,VERIFIED_BY_COLOR_GRID
UO,18-25,BTN,62s,RAISE,green,4,UO/18-25/BTN.png,VERIFIED_BY_COLOR_GRID
UO,18-25,BTN,A5o,RAISE,green,12,UO/18-25/BTN.png,VERIFIED_BY_COLOR_GRID
UO,18-25,BTN,K5o,LOW_PLAYABILITY,cyan,12,UO/18-25/BTN.png,VERIFIED_BY_COLOR_GRID
UO,18-25,BTN,Q5o,UNSELECTED,gray,12,UO/18-25/BTN.png,VERIFIED_BY_COLOR_GRID
UO,18-25,BTN,J5o,UNSELECTED,gray,12,UO/18-25/BTN.png,VERIFIED_BY_COLOR_GRID
UO,18-25,BTN,T5o,UNSELECTED,gray,12,UO/18-25/BTN.png,VERIFIED_BY_COLOR_GRID
UO,18-25,BTN,95o,UNSELECTED,gray,12,UO/18-25/BTN.png,VERIFIED_BY_COLOR_GRID
UO,18-25,BTN,85o,UNSELECTED,gray,12,UO/18-25/BTN.png,VERIFIED_BY_COLOR_GRID
UO,18-25,BTN,75o,UNSELECTED,gray,12,UO/18-25/BTN.png,VERIFIED_BY_COLOR_GRID
UO,18-25,BTN,65o,LOW_PLAYABILITY,cyan,12,UO/18-25/BTN.png,VERIFIED_BY_COLOR_GRID
UO,18-25,BTN,55,RAISE,green,6,UO/18-25/BTN.png,VERIFIED_BY_COLOR_GRID
UO,18-25,BTN,54s,RAISE,green,4,UO/18-25/BTN.png,VERIFIED_BY_COLOR_GRID
UO,18-25,BTN,53s,RAISE,green,4,UO/18-25/BTN.png,VERIFIED_BY_COLOR_GRID
UO,18-25,BTN,52s,RAISE,green,4,UO/18-25/BTN.png,VERIFIED_BY_COLOR_GRID
UO,18-25,BTN,A4o,RAISE,green,12,UO/18-25/BTN.png,VERIFIED_BY_COLOR_GRID
UO,18-25,BTN,K4o,UNSELECTED,gray,12,UO/18-25/BTN.png,VERIFIED_BY_COLOR_GRID
UO,18-25,BTN,Q4o,UNSELECTED,gray,12,UO/18-25/BTN.png,VERIFIED_BY_COLOR_GRID
UO,18-25,BTN,J4o,UNSELECTED,gray,12,UO/18-25/BTN.png,VERIFIED_BY_COLOR_GRID
UO,18-25,BTN,T4o,UNSELECTED,gray,12,UO/18-25/BTN.png,VERIFIED_BY_COLOR_GRID
UO,18-25,BTN,94o,UNSELECTED,gray,12,UO/18-25/BTN.png,VERIFIED_BY_COLOR_GRID
UO,18-25,BTN,84o,UNSELECTED,gray,12,UO/18-25/BTN.png,VERIFIED_BY_COLOR_GRID
UO,18-25,BTN,74o,UNSELECTED,gray,12,UO/18-25/BTN.png,VERIFIED_BY_COLOR_GRID
UO,18-25,BTN,64o,UNSELECTED,gray,12,UO/18-25/BTN.png,VERIFIED_BY_COLOR_GRID
UO,18-25,BTN,54o,UNSELECTED,gray,12,UO/18-25/BTN.png,VERIFIED_BY_COLOR_GRID
UO,18-25,BTN,44,RAISE,green,6,UO/18-25/BTN.png,VERIFIED_BY_COLOR_GRID
UO,18-25,BTN,43s,RAISE,green,4,UO/18-25/BTN.png,VERIFIED_BY_COLOR_GRID
UO,18-25,BTN,42s,RAISE,green,4,UO/18-25/BTN.png,VERIFIED_BY_COLOR_GRID
UO,18-25,BTN,A3o,RAISE,green,12,UO/18-25/BTN.png,VERIFIED_BY_COLOR_GRID
UO,18-25,BTN,K3o,UNSELECTED,gray,12,UO/18-25/BTN.png,VERIFIED_BY_COLOR_GRID
UO,18-25,BTN,Q3o,UNSELECTED,gray,12,UO/18-25/BTN.png,VERIFIED_BY_COLOR_GRID
UO,18-25,BTN,J3o,UNSELECTED,gray,12,UO/18-25/BTN.png,VERIFIED_BY_COLOR_GRID
UO,18-25,BTN,T3o,UNSELECTED,gray,12,UO/18-25/BTN.png,VERIFIED_BY_COLOR_GRID
UO,18-25,BTN,93o,UNSELECTED,gray,12,UO/18-25/BTN.png,VERIFIED_BY_COLOR_GRID
UO,18-25,BTN,83o,UNSELECTED,gray,12,UO/18-25/BTN.png,VERIFIED_BY_COLOR_GRID
UO,18-25,BTN,73o,UNSELECTED,gray,12,UO/18-25/BTN.png,VERIFIED_BY_COLOR_GRID
UO,18-25,BTN,63o,UNSELECTED,gray,12,UO/18-25/BTN.png,VERIFIED_BY_COLOR_GRID
UO,18-25,BTN,53o,UNSELECTED,gray,12,UO/18-25/BTN.png,VERIFIED_BY_COLOR_GRID
UO,18-25,BTN,43o,UNSELECTED,gray,12,UO/18-25/BTN.png,VERIFIED_BY_COLOR_GRID
UO,18-25,BTN,33,AI,purple,6,UO/18-25/BTN.png,VERIFIED_BY_COLOR_GRID
UO,18-25,BTN,32s,RAISE,green,4,UO/18-25/BTN.png,VERIFIED_BY_COLOR_GRID
UO,18-25,BTN,A2o,RAISE,green,12,UO/18-25/BTN.png,VERIFIED_BY_COLOR_GRID
UO,18-25,BTN,K2o,UNSELECTED,gray,12,UO/18-25/BTN.png,VERIFIED_BY_COLOR_GRID
UO,18-25,BTN,Q2o,UNSELECTED,gray,12,UO/18-25/BTN.png,VERIFIED_BY_COLOR_GRID
UO,18-25,BTN,J2o,UNSELECTED,gray,12,UO/18-25/BTN.png,VERIFIED_BY_COLOR_GRID
UO,18-25,BTN,T2o,UNSELECTED,gray,12,UO/18-25/BTN.png,VERIFIED_BY_COLOR_GRID
UO,18-25,BTN,92o,UNSELECTED,gray,12,UO/18-25/BTN.png,VERIFIED_BY_COLOR_GRID
UO,18-25,BTN,82o,UNSELECTED,gray,12,UO/18-25/BTN.png,VERIFIED_BY_COLOR_GRID
UO,18-25,BTN,72o,UNSELECTED,gray,12,UO/18-25/BTN.png,VERIFIED_BY_COLOR_GRID
UO,18-25,BTN,62o,UNSELECTED,gray,12,UO/18-25/BTN.png,VERIFIED_BY_COLOR_GRID
UO,18-25,BTN,52o,UNSELECTED,gray,12,UO/18-25/BTN.png,VERIFIED_BY_COLOR_GRID
UO,18-25,BTN,42o,UNSELECTED,gray,12,UO/18-25/BTN.png,VERIFIED_BY_COLOR_GRID
UO,18-25,BTN,32o,UNSELECTED,gray,12,UO/18-25/BTN.png,VERIFIED_BY_COLOR_GRID
UO,18-25,BTN,22,AI,purple,6,UO/18-25/BTN.png,VERIFIED_BY_COLOR_GRID
UO,25-40,EP,AA,RAISE,green,6,UO/25-40/EP.png,VERIFIED_BY_COLOR_GRID
UO,25-40,EP,AKs,RAISE,green,4,UO/25-40/EP.png,VERIFIED_BY_COLOR_GRID
UO,25-40,EP,AQs,RAISE,green,4,UO/25-40/EP.png,VERIFIED_BY_COLOR_GRID
UO,25-40,EP,AJs,RAISE,green,4,UO/25-40/EP.png,VERIFIED_BY_COLOR_GRID
UO,25-40,EP,ATs,RAISE,green,4,UO/25-40/EP.png,VERIFIED_BY_COLOR_GRID
UO,25-40,EP,A9s,RAISE,green,4,UO/25-40/EP.png,VERIFIED_BY_COLOR_GRID
UO,25-40,EP,A8s,RAISE,green,4,UO/25-40/EP.png,VERIFIED_BY_COLOR_GRID
UO,25-40,EP,A7s,RAISE,green,4,UO/25-40/EP.png,VERIFIED_BY_COLOR_GRID
UO,25-40,EP,A6s,RAISE,green,4,UO/25-40/EP.png,VERIFIED_BY_COLOR_GRID
UO,25-40,EP,A5s,RAISE,green,4,UO/25-40/EP.png,VERIFIED_BY_COLOR_GRID
UO,25-40,EP,A4s,RAISE,green,4,UO/25-40/EP.png,VERIFIED_BY_COLOR_GRID
UO,25-40,EP,A3s,RAISE,green,4,UO/25-40/EP.png,VERIFIED_BY_COLOR_GRID
UO,25-40,EP,A2s,RAISE,green,4,UO/25-40/EP.png,VERIFIED_BY_COLOR_GRID
UO,25-40,EP,AKo,RAISE,green,12,UO/25-40/EP.png,VERIFIED_BY_COLOR_GRID
UO,25-40,EP,KK,RAISE,green,6,UO/25-40/EP.png,VERIFIED_BY_COLOR_GRID
UO,25-40,EP,KQs,RAISE,green,4,UO/25-40/EP.png,VERIFIED_BY_COLOR_GRID
UO,25-40,EP,KJs,RAISE,green,4,UO/25-40/EP.png,VERIFIED_BY_COLOR_GRID
UO,25-40,EP,KTs,RAISE,green,4,UO/25-40/EP.png,VERIFIED_BY_COLOR_GRID
UO,25-40,EP,K9s,LOW_PLAYABILITY,cyan,4,UO/25-40/EP.png,VERIFIED_BY_COLOR_GRID
UO,25-40,EP,K8s,UNSELECTED,gray,4,UO/25-40/EP.png,VERIFIED_BY_COLOR_GRID
UO,25-40,EP,K7s,UNSELECTED,gray,4,UO/25-40/EP.png,VERIFIED_BY_COLOR_GRID
UO,25-40,EP,K6s,UNSELECTED,gray,4,UO/25-40/EP.png,VERIFIED_BY_COLOR_GRID
UO,25-40,EP,K5s,UNSELECTED,gray,4,UO/25-40/EP.png,VERIFIED_BY_COLOR_GRID
UO,25-40,EP,K4s,UNSELECTED,gray,4,UO/25-40/EP.png,VERIFIED_BY_COLOR_GRID
UO,25-40,EP,K3s,UNSELECTED,gray,4,UO/25-40/EP.png,VERIFIED_BY_COLOR_GRID
UO,25-40,EP,K2s,UNSELECTED,gray,4,UO/25-40/EP.png,VERIFIED_BY_COLOR_GRID
UO,25-40,EP,AQo,RAISE,green,12,UO/25-40/EP.png,VERIFIED_BY_COLOR_GRID
UO,25-40,EP,KQo,RAISE,green,12,UO/25-40/EP.png,VERIFIED_BY_COLOR_GRID
UO,25-40,EP,QQ,RAISE,green,6,UO/25-40/EP.png,VERIFIED_BY_COLOR_GRID
UO,25-40,EP,QJs,RAISE,green,4,UO/25-40/EP.png,VERIFIED_BY_COLOR_GRID
UO,25-40,EP,QTs,RAISE,green,4,UO/25-40/EP.png,VERIFIED_BY_COLOR_GRID
UO,25-40,EP,Q9s,LOW_PLAYABILITY,cyan,4,UO/25-40/EP.png,VERIFIED_BY_COLOR_GRID
UO,25-40,EP,Q8s,UNSELECTED,gray,4,UO/25-40/EP.png,VERIFIED_BY_COLOR_GRID
UO,25-40,EP,Q7s,UNSELECTED,gray,4,UO/25-40/EP.png,VERIFIED_BY_COLOR_GRID
UO,25-40,EP,Q6s,UNSELECTED,gray,4,UO/25-40/EP.png,VERIFIED_BY_COLOR_GRID
UO,25-40,EP,Q5s,UNSELECTED,gray,4,UO/25-40/EP.png,VERIFIED_BY_COLOR_GRID
UO,25-40,EP,Q4s,UNSELECTED,gray,4,UO/25-40/EP.png,VERIFIED_BY_COLOR_GRID
UO,25-40,EP,Q3s,UNSELECTED,gray,4,UO/25-40/EP.png,VERIFIED_BY_COLOR_GRID
UO,25-40,EP,Q2s,UNSELECTED,gray,4,UO/25-40/EP.png,VERIFIED_BY_COLOR_GRID
UO,25-40,EP,AJo,RAISE,green,12,UO/25-40/EP.png,VERIFIED_BY_COLOR_GRID
UO,25-40,EP,KJo,RAISE,green,12,UO/25-40/EP.png,VERIFIED_BY_COLOR_GRID
UO,25-40,EP,QJo,RAISE,green,12,UO/25-40/EP.png,VERIFIED_BY_COLOR_GRID
UO,25-40,EP,JJ,RAISE,green,6,UO/25-40/EP.png,VERIFIED_BY_COLOR_GRID
UO,25-40,EP,JTs,RAISE,green,4,UO/25-40/EP.png,VERIFIED_BY_COLOR_GRID
UO,25-40,EP,J9s,UNSELECTED,gray,4,UO/25-40/EP.png,VERIFIED_BY_COLOR_GRID
UO,25-40,EP,J8s,UNSELECTED,gray,4,UO/25-40/EP.png,VERIFIED_BY_COLOR_GRID
UO,25-40,EP,J7s,UNSELECTED,gray,4,UO/25-40/EP.png,VERIFIED_BY_COLOR_GRID
UO,25-40,EP,J6s,UNSELECTED,gray,4,UO/25-40/EP.png,VERIFIED_BY_COLOR_GRID
UO,25-40,EP,J5s,UNSELECTED,gray,4,UO/25-40/EP.png,VERIFIED_BY_COLOR_GRID
UO,25-40,EP,J4s,UNSELECTED,gray,4,UO/25-40/EP.png,VERIFIED_BY_COLOR_GRID
UO,25-40,EP,J3s,UNSELECTED,gray,4,UO/25-40/EP.png,VERIFIED_BY_COLOR_GRID
UO,25-40,EP,J2s,UNSELECTED,gray,4,UO/25-40/EP.png,VERIFIED_BY_COLOR_GRID
UO,25-40,EP,ATo,RAISE,green,12,UO/25-40/EP.png,VERIFIED_BY_COLOR_GRID
UO,25-40,EP,KTo,RAISE,green,12,UO/25-40/EP.png,VERIFIED_BY_COLOR_GRID
UO,25-40,EP,QTo,RAISE,green,12,UO/25-40/EP.png,VERIFIED_BY_COLOR_GRID
UO,25-40,EP,JTo,RAISE,green,12,UO/25-40/EP.png,VERIFIED_BY_COLOR_GRID
UO,25-40,EP,TT,RAISE,green,6,UO/25-40/EP.png,VERIFIED_BY_COLOR_GRID
UO,25-40,EP,T9s,UNSELECTED,gray,4,UO/25-40/EP.png,VERIFIED_BY_COLOR_GRID
UO,25-40,EP,T8s,UNSELECTED,gray,4,UO/25-40/EP.png,VERIFIED_BY_COLOR_GRID
UO,25-40,EP,T7s,UNSELECTED,gray,4,UO/25-40/EP.png,VERIFIED_BY_COLOR_GRID
UO,25-40,EP,T6s,UNSELECTED,gray,4,UO/25-40/EP.png,VERIFIED_BY_COLOR_GRID
UO,25-40,EP,T5s,UNSELECTED,gray,4,UO/25-40/EP.png,VERIFIED_BY_COLOR_GRID
UO,25-40,EP,T4s,UNSELECTED,gray,4,UO/25-40/EP.png,VERIFIED_BY_COLOR_GRID
UO,25-40,EP,T3s,UNSELECTED,gray,4,UO/25-40/EP.png,VERIFIED_BY_COLOR_GRID
UO,25-40,EP,T2s,UNSELECTED,gray,4,UO/25-40/EP.png,VERIFIED_BY_COLOR_GRID
UO,25-40,EP,A9o,LOW_PLAYABILITY,cyan,12,UO/25-40/EP.png,VERIFIED_BY_COLOR_GRID
UO,25-40,EP,K9o,RAISE,green,12,UO/25-40/EP.png,VERIFIED_BY_COLOR_GRID
UO,25-40,EP,Q9o,UNSELECTED,gray,12,UO/25-40/EP.png,VERIFIED_BY_COLOR_GRID
UO,25-40,EP,J9o,UNSELECTED,gray,12,UO/25-40/EP.png,VERIFIED_BY_COLOR_GRID
UO,25-40,EP,T9o,RAISE,green,12,UO/25-40/EP.png,VERIFIED_BY_COLOR_GRID
UO,25-40,EP,99,RAISE,green,6,UO/25-40/EP.png,VERIFIED_BY_COLOR_GRID
UO,25-40,EP,98s,UNSELECTED,gray,4,UO/25-40/EP.png,VERIFIED_BY_COLOR_GRID
UO,25-40,EP,97s,UNSELECTED,gray,4,UO/25-40/EP.png,VERIFIED_BY_COLOR_GRID
UO,25-40,EP,96s,UNSELECTED,gray,4,UO/25-40/EP.png,VERIFIED_BY_COLOR_GRID
UO,25-40,EP,95s,UNSELECTED,gray,4,UO/25-40/EP.png,VERIFIED_BY_COLOR_GRID
UO,25-40,EP,94s,UNSELECTED,gray,4,UO/25-40/EP.png,VERIFIED_BY_COLOR_GRID
UO,25-40,EP,93s,UNSELECTED,gray,4,UO/25-40/EP.png,VERIFIED_BY_COLOR_GRID
UO,25-40,EP,92s,UNSELECTED,gray,4,UO/25-40/EP.png,VERIFIED_BY_COLOR_GRID
UO,25-40,EP,A8o,LOW_PLAYABILITY,cyan,12,UO/25-40/EP.png,VERIFIED_BY_COLOR_GRID
UO,25-40,EP,K8o,UNSELECTED,gray,12,UO/25-40/EP.png,VERIFIED_BY_COLOR_GRID
UO,25-40,EP,Q8o,UNSELECTED,gray,12,UO/25-40/EP.png,VERIFIED_BY_COLOR_GRID
UO,25-40,EP,J8o,UNSELECTED,gray,12,UO/25-40/EP.png,VERIFIED_BY_COLOR_GRID
UO,25-40,EP,T8o,UNSELECTED,gray,12,UO/25-40/EP.png,VERIFIED_BY_COLOR_GRID
UO,25-40,EP,98o,RAISE,green,12,UO/25-40/EP.png,VERIFIED_BY_COLOR_GRID
UO,25-40,EP,88,RAISE,green,6,UO/25-40/EP.png,VERIFIED_BY_COLOR_GRID
UO,25-40,EP,87s,UNSELECTED,gray,4,UO/25-40/EP.png,VERIFIED_BY_COLOR_GRID
UO,25-40,EP,86s,UNSELECTED,gray,4,UO/25-40/EP.png,VERIFIED_BY_COLOR_GRID
UO,25-40,EP,85s,UNSELECTED,gray,4,UO/25-40/EP.png,VERIFIED_BY_COLOR_GRID
UO,25-40,EP,84s,UNSELECTED,gray,4,UO/25-40/EP.png,VERIFIED_BY_COLOR_GRID
UO,25-40,EP,83s,UNSELECTED,gray,4,UO/25-40/EP.png,VERIFIED_BY_COLOR_GRID
UO,25-40,EP,82s,UNSELECTED,gray,4,UO/25-40/EP.png,VERIFIED_BY_COLOR_GRID
UO,25-40,EP,A7o,UNSELECTED,gray,12,UO/25-40/EP.png,VERIFIED_BY_COLOR_GRID
UO,25-40,EP,K7o,UNSELECTED,gray,12,UO/25-40/EP.png,VERIFIED_BY_COLOR_GRID
UO,25-40,EP,Q7o,UNSELECTED,gray,12,UO/25-40/EP.png,VERIFIED_BY_COLOR_GRID
UO,25-40,EP,J7o,UNSELECTED,gray,12,UO/25-40/EP.png,VERIFIED_BY_COLOR_GRID
UO,25-40,EP,T7o,UNSELECTED,gray,12,UO/25-40/EP.png,VERIFIED_BY_COLOR_GRID
UO,25-40,EP,97o,UNSELECTED,gray,12,UO/25-40/EP.png,VERIFIED_BY_COLOR_GRID
UO,25-40,EP,87o,RAISE,green,12,UO/25-40/EP.png,VERIFIED_BY_COLOR_GRID
UO,25-40,EP,77,RAISE,green,6,UO/25-40/EP.png,VERIFIED_BY_COLOR_GRID
UO,25-40,EP,76s,UNSELECTED,gray,4,UO/25-40/EP.png,VERIFIED_BY_COLOR_GRID
UO,25-40,EP,75s,UNSELECTED,gray,4,UO/25-40/EP.png,VERIFIED_BY_COLOR_GRID
UO,25-40,EP,74s,UNSELECTED,gray,4,UO/25-40/EP.png,VERIFIED_BY_COLOR_GRID
UO,25-40,EP,73s,UNSELECTED,gray,4,UO/25-40/EP.png,VERIFIED_BY_COLOR_GRID
UO,25-40,EP,72s,UNSELECTED,gray,4,UO/25-40/EP.png,VERIFIED_BY_COLOR_GRID
UO,25-40,EP,A6o,UNSELECTED,gray,12,UO/25-40/EP.png,VERIFIED_BY_COLOR_GRID
UO,25-40,EP,K6o,UNSELECTED,gray,12,UO/25-40/EP.png,VERIFIED_BY_COLOR_GRID
UO,25-40,EP,Q6o,UNSELECTED,gray,12,UO/25-40/EP.png,VERIFIED_BY_COLOR_GRID
UO,25-40,EP,J6o,UNSELECTED,gray,12,UO/25-40/EP.png,VERIFIED_BY_COLOR_GRID
UO,25-40,EP,T6o,UNSELECTED,gray,12,UO/25-40/EP.png,VERIFIED_BY_COLOR_GRID
UO,25-40,EP,96o,UNSELECTED,gray,12,UO/25-40/EP.png,VERIFIED_BY_COLOR_GRID
UO,25-40,EP,86o,UNSELECTED,gray,12,UO/25-40/EP.png,VERIFIED_BY_COLOR_GRID
UO,25-40,EP,76o,RAISE,green,12,UO/25-40/EP.png,VERIFIED_BY_COLOR_GRID
UO,25-40,EP,66,RAISE,green,6,UO/25-40/EP.png,VERIFIED_BY_COLOR_GRID
UO,25-40,EP,65s,UNSELECTED,gray,4,UO/25-40/EP.png,VERIFIED_BY_COLOR_GRID
UO,25-40,EP,64s,UNSELECTED,gray,4,UO/25-40/EP.png,VERIFIED_BY_COLOR_GRID
UO,25-40,EP,63s,UNSELECTED,gray,4,UO/25-40/EP.png,VERIFIED_BY_COLOR_GRID
UO,25-40,EP,62s,UNSELECTED,gray,4,UO/25-40/EP.png,VERIFIED_BY_COLOR_GRID
UO,25-40,EP,A5o,UNSELECTED,gray,12,UO/25-40/EP.png,VERIFIED_BY_COLOR_GRID
UO,25-40,EP,K5o,UNSELECTED,gray,12,UO/25-40/EP.png,VERIFIED_BY_COLOR_GRID
UO,25-40,EP,Q5o,UNSELECTED,gray,12,UO/25-40/EP.png,VERIFIED_BY_COLOR_GRID
UO,25-40,EP,J5o,UNSELECTED,gray,12,UO/25-40/EP.png,VERIFIED_BY_COLOR_GRID
UO,25-40,EP,T5o,UNSELECTED,gray,12,UO/25-40/EP.png,VERIFIED_BY_COLOR_GRID
UO,25-40,EP,95o,UNSELECTED,gray,12,UO/25-40/EP.png,VERIFIED_BY_COLOR_GRID
UO,25-40,EP,85o,UNSELECTED,gray,12,UO/25-40/EP.png,VERIFIED_BY_COLOR_GRID
UO,25-40,EP,75o,UNSELECTED,gray,12,UO/25-40/EP.png,VERIFIED_BY_COLOR_GRID
UO,25-40,EP,65o,RAISE,green,12,UO/25-40/EP.png,VERIFIED_BY_COLOR_GRID
UO,25-40,EP,55,RAISE,green,6,UO/25-40/EP.png,VERIFIED_BY_COLOR_GRID
UO,25-40,EP,54s,UNSELECTED,gray,4,UO/25-40/EP.png,VERIFIED_BY_COLOR_GRID
UO,25-40,EP,53s,UNSELECTED,gray,4,UO/25-40/EP.png,VERIFIED_BY_COLOR_GRID
UO,25-40,EP,52s,UNSELECTED,gray,4,UO/25-40/EP.png,VERIFIED_BY_COLOR_GRID
UO,25-40,EP,A4o,UNSELECTED,gray,12,UO/25-40/EP.png,VERIFIED_BY_COLOR_GRID
UO,25-40,EP,K4o,UNSELECTED,gray,12,UO/25-40/EP.png,VERIFIED_BY_COLOR_GRID
UO,25-40,EP,Q4o,UNSELECTED,gray,12,UO/25-40/EP.png,VERIFIED_BY_COLOR_GRID
UO,25-40,EP,J4o,UNSELECTED,gray,12,UO/25-40/EP.png,VERIFIED_BY_COLOR_GRID
UO,25-40,EP,T4o,UNSELECTED,gray,12,UO/25-40/EP.png,VERIFIED_BY_COLOR_GRID
UO,25-40,EP,94o,UNSELECTED,gray,12,UO/25-40/EP.png,VERIFIED_BY_COLOR_GRID
UO,25-40,EP,84o,UNSELECTED,gray,12,UO/25-40/EP.png,VERIFIED_BY_COLOR_GRID
UO,25-40,EP,74o,UNSELECTED,gray,12,UO/25-40/EP.png,VERIFIED_BY_COLOR_GRID
UO,25-40,EP,64o,UNSELECTED,gray,12,UO/25-40/EP.png,VERIFIED_BY_COLOR_GRID
UO,25-40,EP,54o,RAISE,green,12,UO/25-40/EP.png,VERIFIED_BY_COLOR_GRID
UO,25-40,EP,44,UNSELECTED,gray,6,UO/25-40/EP.png,VERIFIED_BY_COLOR_GRID
UO,25-40,EP,43s,UNSELECTED,gray,4,UO/25-40/EP.png,VERIFIED_BY_COLOR_GRID
UO,25-40,EP,42s,UNSELECTED,gray,4,UO/25-40/EP.png,VERIFIED_BY_COLOR_GRID
UO,25-40,EP,A3o,UNSELECTED,gray,12,UO/25-40/EP.png,VERIFIED_BY_COLOR_GRID
UO,25-40,EP,K3o,UNSELECTED,gray,12,UO/25-40/EP.png,VERIFIED_BY_COLOR_GRID
UO,25-40,EP,Q3o,UNSELECTED,gray,12,UO/25-40/EP.png,VERIFIED_BY_COLOR_GRID
UO,25-40,EP,J3o,UNSELECTED,gray,12,UO/25-40/EP.png,VERIFIED_BY_COLOR_GRID
UO,25-40,EP,T3o,UNSELECTED,gray,12,UO/25-40/EP.png,VERIFIED_BY_COLOR_GRID
UO,25-40,EP,93o,UNSELECTED,gray,12,UO/25-40/EP.png,VERIFIED_BY_COLOR_GRID
UO,25-40,EP,83o,UNSELECTED,gray,12,UO/25-40/EP.png,VERIFIED_BY_COLOR_GRID
UO,25-40,EP,73o,UNSELECTED,gray,12,UO/25-40/EP.png,VERIFIED_BY_COLOR_GRID
UO,25-40,EP,63o,UNSELECTED,gray,12,UO/25-40/EP.png,VERIFIED_BY_COLOR_GRID
UO,25-40,EP,53o,UNSELECTED,gray,12,UO/25-40/EP.png,VERIFIED_BY_COLOR_GRID
UO,25-40,EP,43o,UNSELECTED,gray,12,UO/25-40/EP.png,VERIFIED_BY_COLOR_GRID
UO,25-40,EP,33,UNSELECTED,gray,6,UO/25-40/EP.png,VERIFIED_BY_COLOR_GRID
UO,25-40,EP,32s,UNSELECTED,gray,4,UO/25-40/EP.png,VERIFIED_BY_COLOR_GRID
UO,25-40,EP,A2o,UNSELECTED,gray,12,UO/25-40/EP.png,VERIFIED_BY_COLOR_GRID
UO,25-40,EP,K2o,UNSELECTED,gray,12,UO/25-40/EP.png,VERIFIED_BY_COLOR_GRID
UO,25-40,EP,Q2o,UNSELECTED,gray,12,UO/25-40/EP.png,VERIFIED_BY_COLOR_GRID
UO,25-40,EP,J2o,UNSELECTED,gray,12,UO/25-40/EP.png,VERIFIED_BY_COLOR_GRID
UO,25-40,EP,T2o,UNSELECTED,gray,12,UO/25-40/EP.png,VERIFIED_BY_COLOR_GRID
UO,25-40,EP,92o,UNSELECTED,gray,12,UO/25-40/EP.png,VERIFIED_BY_COLOR_GRID
UO,25-40,EP,82o,UNSELECTED,gray,12,UO/25-40/EP.png,VERIFIED_BY_COLOR_GRID
UO,25-40,EP,72o,UNSELECTED,gray,12,UO/25-40/EP.png,VERIFIED_BY_COLOR_GRID
UO,25-40,EP,62o,UNSELECTED,gray,12,UO/25-40/EP.png,VERIFIED_BY_COLOR_GRID
UO,25-40,EP,52o,UNSELECTED,gray,12,UO/25-40/EP.png,VERIFIED_BY_COLOR_GRID
UO,25-40,EP,42o,UNSELECTED,gray,12,UO/25-40/EP.png,VERIFIED_BY_COLOR_GRID
UO,25-40,EP,32o,UNSELECTED,gray,12,UO/25-40/EP.png,VERIFIED_BY_COLOR_GRID
UO,25-40,EP,22,UNSELECTED,gray,6,UO/25-40/EP.png,VERIFIED_BY_COLOR_GRID
UO,25-40,MP,AA,RAISE,green,6,UO/25-40/MP.png,VERIFIED_BY_COLOR_GRID
UO,25-40,MP,AKs,RAISE,green,4,UO/25-40/MP.png,VERIFIED_BY_COLOR_GRID
UO,25-40,MP,AQs,RAISE,green,4,UO/25-40/MP.png,VERIFIED_BY_COLOR_GRID
UO,25-40,MP,AJs,RAISE,green,4,UO/25-40/MP.png,VERIFIED_BY_COLOR_GRID
UO,25-40,MP,ATs,RAISE,green,4,UO/25-40/MP.png,VERIFIED_BY_COLOR_GRID
UO,25-40,MP,A9s,RAISE,green,4,UO/25-40/MP.png,VERIFIED_BY_COLOR_GRID
UO,25-40,MP,A8s,RAISE,green,4,UO/25-40/MP.png,VERIFIED_BY_COLOR_GRID
UO,25-40,MP,A7s,RAISE,green,4,UO/25-40/MP.png,VERIFIED_BY_COLOR_GRID
UO,25-40,MP,A6s,RAISE,green,4,UO/25-40/MP.png,VERIFIED_BY_COLOR_GRID
UO,25-40,MP,A5s,RAISE,green,4,UO/25-40/MP.png,VERIFIED_BY_COLOR_GRID
UO,25-40,MP,A4s,RAISE,green,4,UO/25-40/MP.png,VERIFIED_BY_COLOR_GRID
UO,25-40,MP,A3s,RAISE,green,4,UO/25-40/MP.png,VERIFIED_BY_COLOR_GRID
UO,25-40,MP,A2s,RAISE,green,4,UO/25-40/MP.png,VERIFIED_BY_COLOR_GRID
UO,25-40,MP,AKo,RAISE,green,12,UO/25-40/MP.png,VERIFIED_BY_COLOR_GRID
UO,25-40,MP,KK,RAISE,green,6,UO/25-40/MP.png,VERIFIED_BY_COLOR_GRID
UO,25-40,MP,KQs,RAISE,green,4,UO/25-40/MP.png,VERIFIED_BY_COLOR_GRID
UO,25-40,MP,KJs,RAISE,green,4,UO/25-40/MP.png,VERIFIED_BY_COLOR_GRID
UO,25-40,MP,KTs,RAISE,green,4,UO/25-40/MP.png,VERIFIED_BY_COLOR_GRID
UO,25-40,MP,K9s,RAISE,green,4,UO/25-40/MP.png,VERIFIED_BY_COLOR_GRID
UO,25-40,MP,K8s,UNSELECTED,gray,4,UO/25-40/MP.png,VERIFIED_BY_COLOR_GRID
UO,25-40,MP,K7s,UNSELECTED,gray,4,UO/25-40/MP.png,VERIFIED_BY_COLOR_GRID
UO,25-40,MP,K6s,UNSELECTED,gray,4,UO/25-40/MP.png,VERIFIED_BY_COLOR_GRID
UO,25-40,MP,K5s,UNSELECTED,gray,4,UO/25-40/MP.png,VERIFIED_BY_COLOR_GRID
UO,25-40,MP,K4s,UNSELECTED,gray,4,UO/25-40/MP.png,VERIFIED_BY_COLOR_GRID
UO,25-40,MP,K3s,UNSELECTED,gray,4,UO/25-40/MP.png,VERIFIED_BY_COLOR_GRID
UO,25-40,MP,K2s,UNSELECTED,gray,4,UO/25-40/MP.png,VERIFIED_BY_COLOR_GRID
UO,25-40,MP,AQo,RAISE,green,12,UO/25-40/MP.png,VERIFIED_BY_COLOR_GRID
UO,25-40,MP,KQo,RAISE,green,12,UO/25-40/MP.png,VERIFIED_BY_COLOR_GRID
UO,25-40,MP,QQ,RAISE,green,6,UO/25-40/MP.png,VERIFIED_BY_COLOR_GRID
UO,25-40,MP,QJs,RAISE,green,4,UO/25-40/MP.png,VERIFIED_BY_COLOR_GRID
UO,25-40,MP,QTs,RAISE,green,4,UO/25-40/MP.png,VERIFIED_BY_COLOR_GRID
UO,25-40,MP,Q9s,RAISE,green,4,UO/25-40/MP.png,VERIFIED_BY_COLOR_GRID
UO,25-40,MP,Q8s,UNSELECTED,gray,4,UO/25-40/MP.png,VERIFIED_BY_COLOR_GRID
UO,25-40,MP,Q7s,UNSELECTED,gray,4,UO/25-40/MP.png,VERIFIED_BY_COLOR_GRID
UO,25-40,MP,Q6s,UNSELECTED,gray,4,UO/25-40/MP.png,VERIFIED_BY_COLOR_GRID
UO,25-40,MP,Q5s,UNSELECTED,gray,4,UO/25-40/MP.png,VERIFIED_BY_COLOR_GRID
UO,25-40,MP,Q4s,UNSELECTED,gray,4,UO/25-40/MP.png,VERIFIED_BY_COLOR_GRID
UO,25-40,MP,Q3s,UNSELECTED,gray,4,UO/25-40/MP.png,VERIFIED_BY_COLOR_GRID
UO,25-40,MP,Q2s,UNSELECTED,gray,4,UO/25-40/MP.png,VERIFIED_BY_COLOR_GRID
UO,25-40,MP,AJo,RAISE,green,12,UO/25-40/MP.png,VERIFIED_BY_COLOR_GRID
UO,25-40,MP,KJo,RAISE,green,12,UO/25-40/MP.png,VERIFIED_BY_COLOR_GRID
UO,25-40,MP,QJo,RAISE,green,12,UO/25-40/MP.png,VERIFIED_BY_COLOR_GRID
UO,25-40,MP,JJ,RAISE,green,6,UO/25-40/MP.png,VERIFIED_BY_COLOR_GRID
UO,25-40,MP,JTs,RAISE,green,4,UO/25-40/MP.png,VERIFIED_BY_COLOR_GRID
UO,25-40,MP,J9s,RAISE,green,4,UO/25-40/MP.png,VERIFIED_BY_COLOR_GRID
UO,25-40,MP,J8s,UNSELECTED,gray,4,UO/25-40/MP.png,VERIFIED_BY_COLOR_GRID
UO,25-40,MP,J7s,UNSELECTED,gray,4,UO/25-40/MP.png,VERIFIED_BY_COLOR_GRID
UO,25-40,MP,J6s,UNSELECTED,gray,4,UO/25-40/MP.png,VERIFIED_BY_COLOR_GRID
UO,25-40,MP,J5s,UNSELECTED,gray,4,UO/25-40/MP.png,VERIFIED_BY_COLOR_GRID
UO,25-40,MP,J4s,UNSELECTED,gray,4,UO/25-40/MP.png,VERIFIED_BY_COLOR_GRID
UO,25-40,MP,J3s,UNSELECTED,gray,4,UO/25-40/MP.png,VERIFIED_BY_COLOR_GRID
UO,25-40,MP,J2s,UNSELECTED,gray,4,UO/25-40/MP.png,VERIFIED_BY_COLOR_GRID
UO,25-40,MP,ATo,RAISE,green,12,UO/25-40/MP.png,VERIFIED_BY_COLOR_GRID
UO,25-40,MP,KTo,RAISE,green,12,UO/25-40/MP.png,VERIFIED_BY_COLOR_GRID
UO,25-40,MP,QTo,RAISE,green,12,UO/25-40/MP.png,VERIFIED_BY_COLOR_GRID
UO,25-40,MP,JTo,RAISE,green,12,UO/25-40/MP.png,VERIFIED_BY_COLOR_GRID
UO,25-40,MP,TT,RAISE,green,6,UO/25-40/MP.png,VERIFIED_BY_COLOR_GRID
UO,25-40,MP,T9s,RAISE,green,4,UO/25-40/MP.png,VERIFIED_BY_COLOR_GRID
UO,25-40,MP,T8s,UNSELECTED,gray,4,UO/25-40/MP.png,VERIFIED_BY_COLOR_GRID
UO,25-40,MP,T7s,UNSELECTED,gray,4,UO/25-40/MP.png,VERIFIED_BY_COLOR_GRID
UO,25-40,MP,T6s,UNSELECTED,gray,4,UO/25-40/MP.png,VERIFIED_BY_COLOR_GRID
UO,25-40,MP,T5s,UNSELECTED,gray,4,UO/25-40/MP.png,VERIFIED_BY_COLOR_GRID
UO,25-40,MP,T4s,UNSELECTED,gray,4,UO/25-40/MP.png,VERIFIED_BY_COLOR_GRID
UO,25-40,MP,T3s,UNSELECTED,gray,4,UO/25-40/MP.png,VERIFIED_BY_COLOR_GRID
UO,25-40,MP,T2s,UNSELECTED,gray,4,UO/25-40/MP.png,VERIFIED_BY_COLOR_GRID
UO,25-40,MP,A9o,LOW_PLAYABILITY,cyan,12,UO/25-40/MP.png,VERIFIED_BY_COLOR_GRID
UO,25-40,MP,K9o,RAISE,green,12,UO/25-40/MP.png,VERIFIED_BY_COLOR_GRID
UO,25-40,MP,Q9o,UNSELECTED,gray,12,UO/25-40/MP.png,VERIFIED_BY_COLOR_GRID
UO,25-40,MP,J9o,UNSELECTED,gray,12,UO/25-40/MP.png,VERIFIED_BY_COLOR_GRID
UO,25-40,MP,T9o,RAISE,green,12,UO/25-40/MP.png,VERIFIED_BY_COLOR_GRID
UO,25-40,MP,99,RAISE,green,6,UO/25-40/MP.png,VERIFIED_BY_COLOR_GRID
UO,25-40,MP,98s,LOW_PLAYABILITY,cyan,4,UO/25-40/MP.png,VERIFIED_BY_COLOR_GRID
UO,25-40,MP,97s,UNSELECTED,gray,4,UO/25-40/MP.png,VERIFIED_BY_COLOR_GRID
UO,25-40,MP,96s,UNSELECTED,gray,4,UO/25-40/MP.png,VERIFIED_BY_COLOR_GRID
UO,25-40,MP,95s,UNSELECTED,gray,4,UO/25-40/MP.png,VERIFIED_BY_COLOR_GRID
UO,25-40,MP,94s,UNSELECTED,gray,4,UO/25-40/MP.png,VERIFIED_BY_COLOR_GRID
UO,25-40,MP,93s,UNSELECTED,gray,4,UO/25-40/MP.png,VERIFIED_BY_COLOR_GRID
UO,25-40,MP,92s,UNSELECTED,gray,4,UO/25-40/MP.png,VERIFIED_BY_COLOR_GRID
UO,25-40,MP,A8o,LOW_PLAYABILITY,cyan,12,UO/25-40/MP.png,VERIFIED_BY_COLOR_GRID
UO,25-40,MP,K8o,UNSELECTED,gray,12,UO/25-40/MP.png,VERIFIED_BY_COLOR_GRID
UO,25-40,MP,Q8o,UNSELECTED,gray,12,UO/25-40/MP.png,VERIFIED_BY_COLOR_GRID
UO,25-40,MP,J8o,UNSELECTED,gray,12,UO/25-40/MP.png,VERIFIED_BY_COLOR_GRID
UO,25-40,MP,T8o,UNSELECTED,gray,12,UO/25-40/MP.png,VERIFIED_BY_COLOR_GRID
UO,25-40,MP,98o,RAISE,green,12,UO/25-40/MP.png,VERIFIED_BY_COLOR_GRID
UO,25-40,MP,88,RAISE,green,6,UO/25-40/MP.png,VERIFIED_BY_COLOR_GRID
UO,25-40,MP,87s,LOW_PLAYABILITY,cyan,4,UO/25-40/MP.png,VERIFIED_BY_COLOR_GRID
UO,25-40,MP,86s,UNSELECTED,gray,4,UO/25-40/MP.png,VERIFIED_BY_COLOR_GRID
UO,25-40,MP,85s,UNSELECTED,gray,4,UO/25-40/MP.png,VERIFIED_BY_COLOR_GRID
UO,25-40,MP,84s,UNSELECTED,gray,4,UO/25-40/MP.png,VERIFIED_BY_COLOR_GRID
UO,25-40,MP,83s,UNSELECTED,gray,4,UO/25-40/MP.png,VERIFIED_BY_COLOR_GRID
UO,25-40,MP,82s,UNSELECTED,gray,4,UO/25-40/MP.png,VERIFIED_BY_COLOR_GRID
UO,25-40,MP,A7o,UNSELECTED,gray,12,UO/25-40/MP.png,VERIFIED_BY_COLOR_GRID
UO,25-40,MP,K7o,UNSELECTED,gray,12,UO/25-40/MP.png,VERIFIED_BY_COLOR_GRID
UO,25-40,MP,Q7o,UNSELECTED,gray,12,UO/25-40/MP.png,VERIFIED_BY_COLOR_GRID
UO,25-40,MP,J7o,UNSELECTED,gray,12,UO/25-40/MP.png,VERIFIED_BY_COLOR_GRID
UO,25-40,MP,T7o,UNSELECTED,gray,12,UO/25-40/MP.png,VERIFIED_BY_COLOR_GRID
UO,25-40,MP,97o,UNSELECTED,gray,12,UO/25-40/MP.png,VERIFIED_BY_COLOR_GRID
UO,25-40,MP,87o,RAISE,green,12,UO/25-40/MP.png,VERIFIED_BY_COLOR_GRID
UO,25-40,MP,77,RAISE,green,6,UO/25-40/MP.png,VERIFIED_BY_COLOR_GRID
UO,25-40,MP,76s,UNSELECTED,gray,4,UO/25-40/MP.png,VERIFIED_BY_COLOR_GRID
UO,25-40,MP,75s,UNSELECTED,gray,4,UO/25-40/MP.png,VERIFIED_BY_COLOR_GRID
UO,25-40,MP,74s,UNSELECTED,gray,4,UO/25-40/MP.png,VERIFIED_BY_COLOR_GRID
UO,25-40,MP,73s,UNSELECTED,gray,4,UO/25-40/MP.png,VERIFIED_BY_COLOR_GRID
UO,25-40,MP,72s,UNSELECTED,gray,4,UO/25-40/MP.png,VERIFIED_BY_COLOR_GRID
UO,25-40,MP,A6o,UNSELECTED,gray,12,UO/25-40/MP.png,VERIFIED_BY_COLOR_GRID
UO,25-40,MP,K6o,UNSELECTED,gray,12,UO/25-40/MP.png,VERIFIED_BY_COLOR_GRID
UO,25-40,MP,Q6o,UNSELECTED,gray,12,UO/25-40/MP.png,VERIFIED_BY_COLOR_GRID
UO,25-40,MP,J6o,UNSELECTED,gray,12,UO/25-40/MP.png,VERIFIED_BY_COLOR_GRID
UO,25-40,MP,T6o,UNSELECTED,gray,12,UO/25-40/MP.png,VERIFIED_BY_COLOR_GRID
UO,25-40,MP,96o,UNSELECTED,gray,12,UO/25-40/MP.png,VERIFIED_BY_COLOR_GRID
UO,25-40,MP,86o,UNSELECTED,gray,12,UO/25-40/MP.png,VERIFIED_BY_COLOR_GRID
UO,25-40,MP,76o,RAISE,green,12,UO/25-40/MP.png,VERIFIED_BY_COLOR_GRID
UO,25-40,MP,66,RAISE,green,6,UO/25-40/MP.png,VERIFIED_BY_COLOR_GRID
UO,25-40,MP,65s,UNSELECTED,gray,4,UO/25-40/MP.png,VERIFIED_BY_COLOR_GRID
UO,25-40,MP,64s,UNSELECTED,gray,4,UO/25-40/MP.png,VERIFIED_BY_COLOR_GRID
UO,25-40,MP,63s,UNSELECTED,gray,4,UO/25-40/MP.png,VERIFIED_BY_COLOR_GRID
UO,25-40,MP,62s,UNSELECTED,gray,4,UO/25-40/MP.png,VERIFIED_BY_COLOR_GRID
UO,25-40,MP,A5o,UNSELECTED,gray,12,UO/25-40/MP.png,VERIFIED_BY_COLOR_GRID
UO,25-40,MP,K5o,UNSELECTED,gray,12,UO/25-40/MP.png,VERIFIED_BY_COLOR_GRID
UO,25-40,MP,Q5o,UNSELECTED,gray,12,UO/25-40/MP.png,VERIFIED_BY_COLOR_GRID
UO,25-40,MP,J5o,UNSELECTED,gray,12,UO/25-40/MP.png,VERIFIED_BY_COLOR_GRID
UO,25-40,MP,T5o,UNSELECTED,gray,12,UO/25-40/MP.png,VERIFIED_BY_COLOR_GRID
UO,25-40,MP,95o,UNSELECTED,gray,12,UO/25-40/MP.png,VERIFIED_BY_COLOR_GRID
UO,25-40,MP,85o,UNSELECTED,gray,12,UO/25-40/MP.png,VERIFIED_BY_COLOR_GRID
UO,25-40,MP,75o,UNSELECTED,gray,12,UO/25-40/MP.png,VERIFIED_BY_COLOR_GRID
UO,25-40,MP,65o,RAISE,green,12,UO/25-40/MP.png,VERIFIED_BY_COLOR_GRID
UO,25-40,MP,55,RAISE,green,6,UO/25-40/MP.png,VERIFIED_BY_COLOR_GRID
UO,25-40,MP,54s,UNSELECTED,gray,4,UO/25-40/MP.png,VERIFIED_BY_COLOR_GRID
UO,25-40,MP,53s,UNSELECTED,gray,4,UO/25-40/MP.png,VERIFIED_BY_COLOR_GRID
UO,25-40,MP,52s,UNSELECTED,gray,4,UO/25-40/MP.png,VERIFIED_BY_COLOR_GRID
UO,25-40,MP,A4o,UNSELECTED,gray,12,UO/25-40/MP.png,VERIFIED_BY_COLOR_GRID
UO,25-40,MP,K4o,UNSELECTED,gray,12,UO/25-40/MP.png,VERIFIED_BY_COLOR_GRID
UO,25-40,MP,Q4o,UNSELECTED,gray,12,UO/25-40/MP.png,VERIFIED_BY_COLOR_GRID
UO,25-40,MP,J4o,UNSELECTED,gray,12,UO/25-40/MP.png,VERIFIED_BY_COLOR_GRID
UO,25-40,MP,T4o,UNSELECTED,gray,12,UO/25-40/MP.png,VERIFIED_BY_COLOR_GRID
UO,25-40,MP,94o,UNSELECTED,gray,12,UO/25-40/MP.png,VERIFIED_BY_COLOR_GRID
UO,25-40,MP,84o,UNSELECTED,gray,12,UO/25-40/MP.png,VERIFIED_BY_COLOR_GRID
UO,25-40,MP,74o,UNSELECTED,gray,12,UO/25-40/MP.png,VERIFIED_BY_COLOR_GRID
UO,25-40,MP,64o,UNSELECTED,gray,12,UO/25-40/MP.png,VERIFIED_BY_COLOR_GRID
UO,25-40,MP,54o,RAISE,green,12,UO/25-40/MP.png,VERIFIED_BY_COLOR_GRID
UO,25-40,MP,44,RAISE,green,6,UO/25-40/MP.png,VERIFIED_BY_COLOR_GRID
UO,25-40,MP,43s,UNSELECTED,gray,4,UO/25-40/MP.png,VERIFIED_BY_COLOR_GRID
UO,25-40,MP,42s,UNSELECTED,gray,4,UO/25-40/MP.png,VERIFIED_BY_COLOR_GRID
UO,25-40,MP,A3o,UNSELECTED,gray,12,UO/25-40/MP.png,VERIFIED_BY_COLOR_GRID
UO,25-40,MP,K3o,UNSELECTED,gray,12,UO/25-40/MP.png,VERIFIED_BY_COLOR_GRID
UO,25-40,MP,Q3o,UNSELECTED,gray,12,UO/25-40/MP.png,VERIFIED_BY_COLOR_GRID
UO,25-40,MP,J3o,UNSELECTED,gray,12,UO/25-40/MP.png,VERIFIED_BY_COLOR_GRID
UO,25-40,MP,T3o,UNSELECTED,gray,12,UO/25-40/MP.png,VERIFIED_BY_COLOR_GRID
UO,25-40,MP,93o,UNSELECTED,gray,12,UO/25-40/MP.png,VERIFIED_BY_COLOR_GRID
UO,25-40,MP,83o,UNSELECTED,gray,12,UO/25-40/MP.png,VERIFIED_BY_COLOR_GRID
UO,25-40,MP,73o,UNSELECTED,gray,12,UO/25-40/MP.png,VERIFIED_BY_COLOR_GRID
UO,25-40,MP,63o,UNSELECTED,gray,12,UO/25-40/MP.png,VERIFIED_BY_COLOR_GRID
UO,25-40,MP,53o,UNSELECTED,gray,12,UO/25-40/MP.png,VERIFIED_BY_COLOR_GRID
UO,25-40,MP,43o,RAISE,green,12,UO/25-40/MP.png,VERIFIED_BY_COLOR_GRID
UO,25-40,MP,33,RAISE,green,6,UO/25-40/MP.png,VERIFIED_BY_COLOR_GRID
UO,25-40,MP,32s,UNSELECTED,gray,4,UO/25-40/MP.png,VERIFIED_BY_COLOR_GRID
UO,25-40,MP,A2o,UNSELECTED,gray,12,UO/25-40/MP.png,VERIFIED_BY_COLOR_GRID
UO,25-40,MP,K2o,UNSELECTED,gray,12,UO/25-40/MP.png,VERIFIED_BY_COLOR_GRID
UO,25-40,MP,Q2o,UNSELECTED,gray,12,UO/25-40/MP.png,VERIFIED_BY_COLOR_GRID
UO,25-40,MP,J2o,UNSELECTED,gray,12,UO/25-40/MP.png,VERIFIED_BY_COLOR_GRID
UO,25-40,MP,T2o,UNSELECTED,gray,12,UO/25-40/MP.png,VERIFIED_BY_COLOR_GRID
UO,25-40,MP,92o,UNSELECTED,gray,12,UO/25-40/MP.png,VERIFIED_BY_COLOR_GRID
UO,25-40,MP,82o,UNSELECTED,gray,12,UO/25-40/MP.png,VERIFIED_BY_COLOR_GRID
UO,25-40,MP,72o,UNSELECTED,gray,12,UO/25-40/MP.png,VERIFIED_BY_COLOR_GRID
UO,25-40,MP,62o,UNSELECTED,gray,12,UO/25-40/MP.png,VERIFIED_BY_COLOR_GRID
UO,25-40,MP,52o,UNSELECTED,gray,12,UO/25-40/MP.png,VERIFIED_BY_COLOR_GRID
UO,25-40,MP,42o,UNSELECTED,gray,12,UO/25-40/MP.png,VERIFIED_BY_COLOR_GRID
UO,25-40,MP,32o,RAISE,green,12,UO/25-40/MP.png,VERIFIED_BY_COLOR_GRID
UO,25-40,MP,22,RAISE,green,6,UO/25-40/MP.png,VERIFIED_BY_COLOR_GRID
UO,25-40,LJ,AA,RAISE,green,6,UO/25-40/LJ.png,VERIFIED_BY_COLOR_GRID
UO,25-40,LJ,AKs,RAISE,green,4,UO/25-40/LJ.png,VERIFIED_BY_COLOR_GRID
UO,25-40,LJ,AQs,RAISE,green,4,UO/25-40/LJ.png,VERIFIED_BY_COLOR_GRID
UO,25-40,LJ,AJs,RAISE,green,4,UO/25-40/LJ.png,VERIFIED_BY_COLOR_GRID
UO,25-40,LJ,ATs,RAISE,green,4,UO/25-40/LJ.png,VERIFIED_BY_COLOR_GRID
UO,25-40,LJ,A9s,RAISE,green,4,UO/25-40/LJ.png,VERIFIED_BY_COLOR_GRID
UO,25-40,LJ,A8s,RAISE,green,4,UO/25-40/LJ.png,VERIFIED_BY_COLOR_GRID
UO,25-40,LJ,A7s,RAISE,green,4,UO/25-40/LJ.png,VERIFIED_BY_COLOR_GRID
UO,25-40,LJ,A6s,RAISE,green,4,UO/25-40/LJ.png,VERIFIED_BY_COLOR_GRID
UO,25-40,LJ,A5s,RAISE,green,4,UO/25-40/LJ.png,VERIFIED_BY_COLOR_GRID
UO,25-40,LJ,A4s,RAISE,green,4,UO/25-40/LJ.png,VERIFIED_BY_COLOR_GRID
UO,25-40,LJ,A3s,RAISE,green,4,UO/25-40/LJ.png,VERIFIED_BY_COLOR_GRID
UO,25-40,LJ,A2s,RAISE,green,4,UO/25-40/LJ.png,VERIFIED_BY_COLOR_GRID
UO,25-40,LJ,AKo,RAISE,green,12,UO/25-40/LJ.png,VERIFIED_BY_COLOR_GRID
UO,25-40,LJ,KK,RAISE,green,6,UO/25-40/LJ.png,VERIFIED_BY_COLOR_GRID
UO,25-40,LJ,KQs,RAISE,green,4,UO/25-40/LJ.png,VERIFIED_BY_COLOR_GRID
UO,25-40,LJ,KJs,RAISE,green,4,UO/25-40/LJ.png,VERIFIED_BY_COLOR_GRID
UO,25-40,LJ,KTs,RAISE,green,4,UO/25-40/LJ.png,VERIFIED_BY_COLOR_GRID
UO,25-40,LJ,K9s,RAISE,green,4,UO/25-40/LJ.png,VERIFIED_BY_COLOR_GRID
UO,25-40,LJ,K8s,RAISE,green,4,UO/25-40/LJ.png,VERIFIED_BY_COLOR_GRID
UO,25-40,LJ,K7s,LOW_PLAYABILITY,cyan,4,UO/25-40/LJ.png,VERIFIED_BY_COLOR_GRID
UO,25-40,LJ,K6s,UNSELECTED,gray,4,UO/25-40/LJ.png,VERIFIED_BY_COLOR_GRID
UO,25-40,LJ,K5s,UNSELECTED,gray,4,UO/25-40/LJ.png,VERIFIED_BY_COLOR_GRID
UO,25-40,LJ,K4s,UNSELECTED,gray,4,UO/25-40/LJ.png,VERIFIED_BY_COLOR_GRID
UO,25-40,LJ,K3s,UNSELECTED,gray,4,UO/25-40/LJ.png,VERIFIED_BY_COLOR_GRID
UO,25-40,LJ,K2s,UNSELECTED,gray,4,UO/25-40/LJ.png,VERIFIED_BY_COLOR_GRID
UO,25-40,LJ,AQo,RAISE,green,12,UO/25-40/LJ.png,VERIFIED_BY_COLOR_GRID
UO,25-40,LJ,KQo,RAISE,green,12,UO/25-40/LJ.png,VERIFIED_BY_COLOR_GRID
UO,25-40,LJ,QQ,RAISE,green,6,UO/25-40/LJ.png,VERIFIED_BY_COLOR_GRID
UO,25-40,LJ,QJs,RAISE,green,4,UO/25-40/LJ.png,VERIFIED_BY_COLOR_GRID
UO,25-40,LJ,QTs,RAISE,green,4,UO/25-40/LJ.png,VERIFIED_BY_COLOR_GRID
UO,25-40,LJ,Q9s,RAISE,green,4,UO/25-40/LJ.png,VERIFIED_BY_COLOR_GRID
UO,25-40,LJ,Q8s,RAISE,green,4,UO/25-40/LJ.png,VERIFIED_BY_COLOR_GRID
UO,25-40,LJ,Q7s,UNSELECTED,gray,4,UO/25-40/LJ.png,VERIFIED_BY_COLOR_GRID
UO,25-40,LJ,Q6s,UNSELECTED,gray,4,UO/25-40/LJ.png,VERIFIED_BY_COLOR_GRID
UO,25-40,LJ,Q5s,UNSELECTED,gray,4,UO/25-40/LJ.png,VERIFIED_BY_COLOR_GRID
UO,25-40,LJ,Q4s,UNSELECTED,gray,4,UO/25-40/LJ.png,VERIFIED_BY_COLOR_GRID
UO,25-40,LJ,Q3s,UNSELECTED,gray,4,UO/25-40/LJ.png,VERIFIED_BY_COLOR_GRID
UO,25-40,LJ,Q2s,UNSELECTED,gray,4,UO/25-40/LJ.png,VERIFIED_BY_COLOR_GRID
UO,25-40,LJ,AJo,RAISE,green,12,UO/25-40/LJ.png,VERIFIED_BY_COLOR_GRID
UO,25-40,LJ,KJo,RAISE,green,12,UO/25-40/LJ.png,VERIFIED_BY_COLOR_GRID
UO,25-40,LJ,QJo,RAISE,green,12,UO/25-40/LJ.png,VERIFIED_BY_COLOR_GRID
UO,25-40,LJ,JJ,RAISE,green,6,UO/25-40/LJ.png,VERIFIED_BY_COLOR_GRID
UO,25-40,LJ,JTs,RAISE,green,4,UO/25-40/LJ.png,VERIFIED_BY_COLOR_GRID
UO,25-40,LJ,J9s,RAISE,green,4,UO/25-40/LJ.png,VERIFIED_BY_COLOR_GRID
UO,25-40,LJ,J8s,RAISE,green,4,UO/25-40/LJ.png,VERIFIED_BY_COLOR_GRID
UO,25-40,LJ,J7s,UNSELECTED,gray,4,UO/25-40/LJ.png,VERIFIED_BY_COLOR_GRID
UO,25-40,LJ,J6s,UNSELECTED,gray,4,UO/25-40/LJ.png,VERIFIED_BY_COLOR_GRID
UO,25-40,LJ,J5s,UNSELECTED,gray,4,UO/25-40/LJ.png,VERIFIED_BY_COLOR_GRID
UO,25-40,LJ,J4s,UNSELECTED,gray,4,UO/25-40/LJ.png,VERIFIED_BY_COLOR_GRID
UO,25-40,LJ,J3s,UNSELECTED,gray,4,UO/25-40/LJ.png,VERIFIED_BY_COLOR_GRID
UO,25-40,LJ,J2s,UNSELECTED,gray,4,UO/25-40/LJ.png,VERIFIED_BY_COLOR_GRID
UO,25-40,LJ,ATo,RAISE,green,12,UO/25-40/LJ.png,VERIFIED_BY_COLOR_GRID
UO,25-40,LJ,KTo,RAISE,green,12,UO/25-40/LJ.png,VERIFIED_BY_COLOR_GRID
UO,25-40,LJ,QTo,LOW_PLAYABILITY,cyan,12,UO/25-40/LJ.png,VERIFIED_BY_COLOR_GRID
UO,25-40,LJ,JTo,LOW_PLAYABILITY,cyan,12,UO/25-40/LJ.png,VERIFIED_BY_COLOR_GRID
UO,25-40,LJ,TT,RAISE,green,6,UO/25-40/LJ.png,VERIFIED_BY_COLOR_GRID
UO,25-40,LJ,T9s,RAISE,green,4,UO/25-40/LJ.png,VERIFIED_BY_COLOR_GRID
UO,25-40,LJ,T8s,RAISE,green,4,UO/25-40/LJ.png,VERIFIED_BY_COLOR_GRID
UO,25-40,LJ,T7s,UNSELECTED,gray,4,UO/25-40/LJ.png,VERIFIED_BY_COLOR_GRID
UO,25-40,LJ,T6s,UNSELECTED,gray,4,UO/25-40/LJ.png,VERIFIED_BY_COLOR_GRID
UO,25-40,LJ,T5s,UNSELECTED,gray,4,UO/25-40/LJ.png,VERIFIED_BY_COLOR_GRID
UO,25-40,LJ,T4s,UNSELECTED,gray,4,UO/25-40/LJ.png,VERIFIED_BY_COLOR_GRID
UO,25-40,LJ,T3s,UNSELECTED,gray,4,UO/25-40/LJ.png,VERIFIED_BY_COLOR_GRID
UO,25-40,LJ,T2s,UNSELECTED,gray,4,UO/25-40/LJ.png,VERIFIED_BY_COLOR_GRID
UO,25-40,LJ,A9o,RAISE,green,12,UO/25-40/LJ.png,VERIFIED_BY_COLOR_GRID
UO,25-40,LJ,K9o,RAISE,green,12,UO/25-40/LJ.png,VERIFIED_BY_COLOR_GRID
UO,25-40,LJ,Q9o,LOW_PLAYABILITY,cyan,12,UO/25-40/LJ.png,VERIFIED_BY_COLOR_GRID
UO,25-40,LJ,J9o,LOW_PLAYABILITY,cyan,12,UO/25-40/LJ.png,VERIFIED_BY_COLOR_GRID
UO,25-40,LJ,T9o,RAISE,green,12,UO/25-40/LJ.png,VERIFIED_BY_COLOR_GRID
UO,25-40,LJ,99,RAISE,green,6,UO/25-40/LJ.png,VERIFIED_BY_COLOR_GRID
UO,25-40,LJ,98s,RAISE,green,4,UO/25-40/LJ.png,VERIFIED_BY_COLOR_GRID
UO,25-40,LJ,97s,UNSELECTED,gray,4,UO/25-40/LJ.png,VERIFIED_BY_COLOR_GRID
UO,25-40,LJ,96s,UNSELECTED,gray,4,UO/25-40/LJ.png,VERIFIED_BY_COLOR_GRID
UO,25-40,LJ,95s,UNSELECTED,gray,4,UO/25-40/LJ.png,VERIFIED_BY_COLOR_GRID
UO,25-40,LJ,94s,UNSELECTED,gray,4,UO/25-40/LJ.png,VERIFIED_BY_COLOR_GRID
UO,25-40,LJ,93s,UNSELECTED,gray,4,UO/25-40/LJ.png,VERIFIED_BY_COLOR_GRID
UO,25-40,LJ,92s,UNSELECTED,gray,4,UO/25-40/LJ.png,VERIFIED_BY_COLOR_GRID
UO,25-40,LJ,A8o,LOW_PLAYABILITY,cyan,12,UO/25-40/LJ.png,VERIFIED_BY_COLOR_GRID
UO,25-40,LJ,K8o,UNSELECTED,gray,12,UO/25-40/LJ.png,VERIFIED_BY_COLOR_GRID
UO,25-40,LJ,Q8o,UNSELECTED,gray,12,UO/25-40/LJ.png,VERIFIED_BY_COLOR_GRID
UO,25-40,LJ,J8o,UNSELECTED,gray,12,UO/25-40/LJ.png,VERIFIED_BY_COLOR_GRID
UO,25-40,LJ,T8o,UNSELECTED,gray,12,UO/25-40/LJ.png,VERIFIED_BY_COLOR_GRID
UO,25-40,LJ,98o,RAISE,green,12,UO/25-40/LJ.png,VERIFIED_BY_COLOR_GRID
UO,25-40,LJ,88,RAISE,green,6,UO/25-40/LJ.png,VERIFIED_BY_COLOR_GRID
UO,25-40,LJ,87s,LOW_PLAYABILITY,cyan,4,UO/25-40/LJ.png,VERIFIED_BY_COLOR_GRID
UO,25-40,LJ,86s,UNSELECTED,gray,4,UO/25-40/LJ.png,VERIFIED_BY_COLOR_GRID
UO,25-40,LJ,85s,UNSELECTED,gray,4,UO/25-40/LJ.png,VERIFIED_BY_COLOR_GRID
UO,25-40,LJ,84s,UNSELECTED,gray,4,UO/25-40/LJ.png,VERIFIED_BY_COLOR_GRID
UO,25-40,LJ,83s,UNSELECTED,gray,4,UO/25-40/LJ.png,VERIFIED_BY_COLOR_GRID
UO,25-40,LJ,82s,UNSELECTED,gray,4,UO/25-40/LJ.png,VERIFIED_BY_COLOR_GRID
UO,25-40,LJ,A7o,LOW_PLAYABILITY,cyan,12,UO/25-40/LJ.png,VERIFIED_BY_COLOR_GRID
UO,25-40,LJ,K7o,UNSELECTED,gray,12,UO/25-40/LJ.png,VERIFIED_BY_COLOR_GRID
UO,25-40,LJ,Q7o,UNSELECTED,gray,12,UO/25-40/LJ.png,VERIFIED_BY_COLOR_GRID
UO,25-40,LJ,J7o,UNSELECTED,gray,12,UO/25-40/LJ.png,VERIFIED_BY_COLOR_GRID
UO,25-40,LJ,T7o,UNSELECTED,gray,12,UO/25-40/LJ.png,VERIFIED_BY_COLOR_GRID
UO,25-40,LJ,97o,UNSELECTED,gray,12,UO/25-40/LJ.png,VERIFIED_BY_COLOR_GRID
UO,25-40,LJ,87o,RAISE,green,12,UO/25-40/LJ.png,VERIFIED_BY_COLOR_GRID
UO,25-40,LJ,77,RAISE,green,6,UO/25-40/LJ.png,VERIFIED_BY_COLOR_GRID
UO,25-40,LJ,76s,UNSELECTED,gray,4,UO/25-40/LJ.png,VERIFIED_BY_COLOR_GRID
UO,25-40,LJ,75s,UNSELECTED,gray,4,UO/25-40/LJ.png,VERIFIED_BY_COLOR_GRID
UO,25-40,LJ,74s,UNSELECTED,gray,4,UO/25-40/LJ.png,VERIFIED_BY_COLOR_GRID
UO,25-40,LJ,73s,UNSELECTED,gray,4,UO/25-40/LJ.png,VERIFIED_BY_COLOR_GRID
UO,25-40,LJ,72s,UNSELECTED,gray,4,UO/25-40/LJ.png,VERIFIED_BY_COLOR_GRID
UO,25-40,LJ,A6o,UNSELECTED,gray,12,UO/25-40/LJ.png,VERIFIED_BY_COLOR_GRID
UO,25-40,LJ,K6o,UNSELECTED,gray,12,UO/25-40/LJ.png,VERIFIED_BY_COLOR_GRID
UO,25-40,LJ,Q6o,UNSELECTED,gray,12,UO/25-40/LJ.png,VERIFIED_BY_COLOR_GRID
UO,25-40,LJ,J6o,UNSELECTED,gray,12,UO/25-40/LJ.png,VERIFIED_BY_COLOR_GRID
UO,25-40,LJ,T6o,UNSELECTED,gray,12,UO/25-40/LJ.png,VERIFIED_BY_COLOR_GRID
UO,25-40,LJ,96o,UNSELECTED,gray,12,UO/25-40/LJ.png,VERIFIED_BY_COLOR_GRID
UO,25-40,LJ,86o,UNSELECTED,gray,12,UO/25-40/LJ.png,VERIFIED_BY_COLOR_GRID
UO,25-40,LJ,76o,RAISE,green,12,UO/25-40/LJ.png,VERIFIED_BY_COLOR_GRID
UO,25-40,LJ,66,RAISE,green,6,UO/25-40/LJ.png,VERIFIED_BY_COLOR_GRID
UO,25-40,LJ,65s,UNSELECTED,gray,4,UO/25-40/LJ.png,VERIFIED_BY_COLOR_GRID
UO,25-40,LJ,64s,UNSELECTED,gray,4,UO/25-40/LJ.png,VERIFIED_BY_COLOR_GRID
UO,25-40,LJ,63s,UNSELECTED,gray,4,UO/25-40/LJ.png,VERIFIED_BY_COLOR_GRID
UO,25-40,LJ,62s,UNSELECTED,gray,4,UO/25-40/LJ.png,VERIFIED_BY_COLOR_GRID
UO,25-40,LJ,A5o,UNSELECTED,gray,12,UO/25-40/LJ.png,VERIFIED_BY_COLOR_GRID
UO,25-40,LJ,K5o,UNSELECTED,gray,12,UO/25-40/LJ.png,VERIFIED_BY_COLOR_GRID
UO,25-40,LJ,Q5o,UNSELECTED,gray,12,UO/25-40/LJ.png,VERIFIED_BY_COLOR_GRID
UO,25-40,LJ,J5o,UNSELECTED,gray,12,UO/25-40/LJ.png,VERIFIED_BY_COLOR_GRID
UO,25-40,LJ,T5o,UNSELECTED,gray,12,UO/25-40/LJ.png,VERIFIED_BY_COLOR_GRID
UO,25-40,LJ,95o,UNSELECTED,gray,12,UO/25-40/LJ.png,VERIFIED_BY_COLOR_GRID
UO,25-40,LJ,85o,UNSELECTED,gray,12,UO/25-40/LJ.png,VERIFIED_BY_COLOR_GRID
UO,25-40,LJ,75o,UNSELECTED,gray,12,UO/25-40/LJ.png,VERIFIED_BY_COLOR_GRID
UO,25-40,LJ,65o,RAISE,green,12,UO/25-40/LJ.png,VERIFIED_BY_COLOR_GRID
UO,25-40,LJ,55,RAISE,green,6,UO/25-40/LJ.png,VERIFIED_BY_COLOR_GRID
UO,25-40,LJ,54s,UNSELECTED,gray,4,UO/25-40/LJ.png,VERIFIED_BY_COLOR_GRID
UO,25-40,LJ,53s,UNSELECTED,gray,4,UO/25-40/LJ.png,VERIFIED_BY_COLOR_GRID
UO,25-40,LJ,52s,UNSELECTED,gray,4,UO/25-40/LJ.png,VERIFIED_BY_COLOR_GRID
UO,25-40,LJ,A4o,UNSELECTED,gray,12,UO/25-40/LJ.png,VERIFIED_BY_COLOR_GRID
UO,25-40,LJ,K4o,UNSELECTED,gray,12,UO/25-40/LJ.png,VERIFIED_BY_COLOR_GRID
UO,25-40,LJ,Q4o,UNSELECTED,gray,12,UO/25-40/LJ.png,VERIFIED_BY_COLOR_GRID
UO,25-40,LJ,J4o,UNSELECTED,gray,12,UO/25-40/LJ.png,VERIFIED_BY_COLOR_GRID
UO,25-40,LJ,T4o,UNSELECTED,gray,12,UO/25-40/LJ.png,VERIFIED_BY_COLOR_GRID
UO,25-40,LJ,94o,UNSELECTED,gray,12,UO/25-40/LJ.png,VERIFIED_BY_COLOR_GRID
UO,25-40,LJ,84o,UNSELECTED,gray,12,UO/25-40/LJ.png,VERIFIED_BY_COLOR_GRID
UO,25-40,LJ,74o,UNSELECTED,gray,12,UO/25-40/LJ.png,VERIFIED_BY_COLOR_GRID
UO,25-40,LJ,64o,UNSELECTED,gray,12,UO/25-40/LJ.png,VERIFIED_BY_COLOR_GRID
UO,25-40,LJ,54o,RAISE,green,12,UO/25-40/LJ.png,VERIFIED_BY_COLOR_GRID
UO,25-40,LJ,44,RAISE,green,6,UO/25-40/LJ.png,VERIFIED_BY_COLOR_GRID
UO,25-40,LJ,43s,UNSELECTED,gray,4,UO/25-40/LJ.png,VERIFIED_BY_COLOR_GRID
UO,25-40,LJ,42s,UNSELECTED,gray,4,UO/25-40/LJ.png,VERIFIED_BY_COLOR_GRID
UO,25-40,LJ,A3o,UNSELECTED,gray,12,UO/25-40/LJ.png,VERIFIED_BY_COLOR_GRID
UO,25-40,LJ,K3o,UNSELECTED,gray,12,UO/25-40/LJ.png,VERIFIED_BY_COLOR_GRID
UO,25-40,LJ,Q3o,UNSELECTED,gray,12,UO/25-40/LJ.png,VERIFIED_BY_COLOR_GRID
UO,25-40,LJ,J3o,UNSELECTED,gray,12,UO/25-40/LJ.png,VERIFIED_BY_COLOR_GRID
UO,25-40,LJ,T3o,UNSELECTED,gray,12,UO/25-40/LJ.png,VERIFIED_BY_COLOR_GRID
UO,25-40,LJ,93o,UNSELECTED,gray,12,UO/25-40/LJ.png,VERIFIED_BY_COLOR_GRID
UO,25-40,LJ,83o,UNSELECTED,gray,12,UO/25-40/LJ.png,VERIFIED_BY_COLOR_GRID
UO,25-40,LJ,73o,UNSELECTED,gray,12,UO/25-40/LJ.png,VERIFIED_BY_COLOR_GRID
UO,25-40,LJ,63o,UNSELECTED,gray,12,UO/25-40/LJ.png,VERIFIED_BY_COLOR_GRID
UO,25-40,LJ,53o,UNSELECTED,gray,12,UO/25-40/LJ.png,VERIFIED_BY_COLOR_GRID
UO,25-40,LJ,43o,RAISE,green,12,UO/25-40/LJ.png,VERIFIED_BY_COLOR_GRID
UO,25-40,LJ,33,LOW_PLAYABILITY,cyan,6,UO/25-40/LJ.png,VERIFIED_BY_COLOR_GRID
UO,25-40,LJ,32s,UNSELECTED,gray,4,UO/25-40/LJ.png,VERIFIED_BY_COLOR_GRID
UO,25-40,LJ,A2o,UNSELECTED,gray,12,UO/25-40/LJ.png,VERIFIED_BY_COLOR_GRID
UO,25-40,LJ,K2o,UNSELECTED,gray,12,UO/25-40/LJ.png,VERIFIED_BY_COLOR_GRID
UO,25-40,LJ,Q2o,UNSELECTED,gray,12,UO/25-40/LJ.png,VERIFIED_BY_COLOR_GRID
UO,25-40,LJ,J2o,UNSELECTED,gray,12,UO/25-40/LJ.png,VERIFIED_BY_COLOR_GRID
UO,25-40,LJ,T2o,UNSELECTED,gray,12,UO/25-40/LJ.png,VERIFIED_BY_COLOR_GRID
UO,25-40,LJ,92o,UNSELECTED,gray,12,UO/25-40/LJ.png,VERIFIED_BY_COLOR_GRID
UO,25-40,LJ,82o,UNSELECTED,gray,12,UO/25-40/LJ.png,VERIFIED_BY_COLOR_GRID
UO,25-40,LJ,72o,UNSELECTED,gray,12,UO/25-40/LJ.png,VERIFIED_BY_COLOR_GRID
UO,25-40,LJ,62o,UNSELECTED,gray,12,UO/25-40/LJ.png,VERIFIED_BY_COLOR_GRID
UO,25-40,LJ,52o,UNSELECTED,gray,12,UO/25-40/LJ.png,VERIFIED_BY_COLOR_GRID
UO,25-40,LJ,42o,UNSELECTED,gray,12,UO/25-40/LJ.png,VERIFIED_BY_COLOR_GRID
UO,25-40,LJ,32o,LOW_PLAYABILITY,cyan,12,UO/25-40/LJ.png,VERIFIED_BY_COLOR_GRID
UO,25-40,LJ,22,LOW_PLAYABILITY,cyan,6,UO/25-40/LJ.png,VERIFIED_BY_COLOR_GRID
UO,25-40,HJ,AA,RAISE,green,6,UO/25-40/HJ.png,VERIFIED_BY_COLOR_GRID
UO,25-40,HJ,AKs,RAISE,green,4,UO/25-40/HJ.png,VERIFIED_BY_COLOR_GRID
UO,25-40,HJ,AQs,RAISE,green,4,UO/25-40/HJ.png,VERIFIED_BY_COLOR_GRID
UO,25-40,HJ,AJs,RAISE,green,4,UO/25-40/HJ.png,VERIFIED_BY_COLOR_GRID
UO,25-40,HJ,ATs,RAISE,green,4,UO/25-40/HJ.png,VERIFIED_BY_COLOR_GRID
UO,25-40,HJ,A9s,RAISE,green,4,UO/25-40/HJ.png,VERIFIED_BY_COLOR_GRID
UO,25-40,HJ,A8s,RAISE,green,4,UO/25-40/HJ.png,VERIFIED_BY_COLOR_GRID
UO,25-40,HJ,A7s,RAISE,green,4,UO/25-40/HJ.png,VERIFIED_BY_COLOR_GRID
UO,25-40,HJ,A6s,RAISE,green,4,UO/25-40/HJ.png,VERIFIED_BY_COLOR_GRID
UO,25-40,HJ,A5s,RAISE,green,4,UO/25-40/HJ.png,VERIFIED_BY_COLOR_GRID
UO,25-40,HJ,A4s,RAISE,green,4,UO/25-40/HJ.png,VERIFIED_BY_COLOR_GRID
UO,25-40,HJ,A3s,RAISE,green,4,UO/25-40/HJ.png,VERIFIED_BY_COLOR_GRID
UO,25-40,HJ,A2s,RAISE,green,4,UO/25-40/HJ.png,VERIFIED_BY_COLOR_GRID
UO,25-40,HJ,AKo,RAISE,green,12,UO/25-40/HJ.png,VERIFIED_BY_COLOR_GRID
UO,25-40,HJ,KK,RAISE,green,6,UO/25-40/HJ.png,VERIFIED_BY_COLOR_GRID
UO,25-40,HJ,KQs,RAISE,green,4,UO/25-40/HJ.png,VERIFIED_BY_COLOR_GRID
UO,25-40,HJ,KJs,RAISE,green,4,UO/25-40/HJ.png,VERIFIED_BY_COLOR_GRID
UO,25-40,HJ,KTs,RAISE,green,4,UO/25-40/HJ.png,VERIFIED_BY_COLOR_GRID
UO,25-40,HJ,K9s,RAISE,green,4,UO/25-40/HJ.png,VERIFIED_BY_COLOR_GRID
UO,25-40,HJ,K8s,RAISE,green,4,UO/25-40/HJ.png,VERIFIED_BY_COLOR_GRID
UO,25-40,HJ,K7s,LOW_PLAYABILITY,cyan,4,UO/25-40/HJ.png,VERIFIED_BY_COLOR_GRID
UO,25-40,HJ,K6s,LOW_PLAYABILITY,cyan,4,UO/25-40/HJ.png,VERIFIED_BY_COLOR_GRID
UO,25-40,HJ,K5s,UNSELECTED,gray,4,UO/25-40/HJ.png,VERIFIED_BY_COLOR_GRID
UO,25-40,HJ,K4s,UNSELECTED,gray,4,UO/25-40/HJ.png,VERIFIED_BY_COLOR_GRID
UO,25-40,HJ,K3s,UNSELECTED,gray,4,UO/25-40/HJ.png,VERIFIED_BY_COLOR_GRID
UO,25-40,HJ,K2s,UNSELECTED,gray,4,UO/25-40/HJ.png,VERIFIED_BY_COLOR_GRID
UO,25-40,HJ,AQo,RAISE,green,12,UO/25-40/HJ.png,VERIFIED_BY_COLOR_GRID
UO,25-40,HJ,KQo,RAISE,green,12,UO/25-40/HJ.png,VERIFIED_BY_COLOR_GRID
UO,25-40,HJ,QQ,RAISE,green,6,UO/25-40/HJ.png,VERIFIED_BY_COLOR_GRID
UO,25-40,HJ,QJs,RAISE,green,4,UO/25-40/HJ.png,VERIFIED_BY_COLOR_GRID
UO,25-40,HJ,QTs,RAISE,green,4,UO/25-40/HJ.png,VERIFIED_BY_COLOR_GRID
UO,25-40,HJ,Q9s,RAISE,green,4,UO/25-40/HJ.png,VERIFIED_BY_COLOR_GRID
UO,25-40,HJ,Q8s,RAISE,green,4,UO/25-40/HJ.png,VERIFIED_BY_COLOR_GRID
UO,25-40,HJ,Q7s,UNSELECTED,gray,4,UO/25-40/HJ.png,VERIFIED_BY_COLOR_GRID
UO,25-40,HJ,Q6s,UNSELECTED,gray,4,UO/25-40/HJ.png,VERIFIED_BY_COLOR_GRID
UO,25-40,HJ,Q5s,UNSELECTED,gray,4,UO/25-40/HJ.png,VERIFIED_BY_COLOR_GRID
UO,25-40,HJ,Q4s,UNSELECTED,gray,4,UO/25-40/HJ.png,VERIFIED_BY_COLOR_GRID
UO,25-40,HJ,Q3s,UNSELECTED,gray,4,UO/25-40/HJ.png,VERIFIED_BY_COLOR_GRID
UO,25-40,HJ,Q2s,UNSELECTED,gray,4,UO/25-40/HJ.png,VERIFIED_BY_COLOR_GRID
UO,25-40,HJ,AJo,RAISE,green,12,UO/25-40/HJ.png,VERIFIED_BY_COLOR_GRID
UO,25-40,HJ,KJo,RAISE,green,12,UO/25-40/HJ.png,VERIFIED_BY_COLOR_GRID
UO,25-40,HJ,QJo,RAISE,green,12,UO/25-40/HJ.png,VERIFIED_BY_COLOR_GRID
UO,25-40,HJ,JJ,RAISE,green,6,UO/25-40/HJ.png,VERIFIED_BY_COLOR_GRID
UO,25-40,HJ,JTs,RAISE,green,4,UO/25-40/HJ.png,VERIFIED_BY_COLOR_GRID
UO,25-40,HJ,J9s,RAISE,green,4,UO/25-40/HJ.png,VERIFIED_BY_COLOR_GRID
UO,25-40,HJ,J8s,RAISE,green,4,UO/25-40/HJ.png,VERIFIED_BY_COLOR_GRID
UO,25-40,HJ,J7s,UNSELECTED,gray,4,UO/25-40/HJ.png,VERIFIED_BY_COLOR_GRID
UO,25-40,HJ,J6s,UNSELECTED,gray,4,UO/25-40/HJ.png,VERIFIED_BY_COLOR_GRID
UO,25-40,HJ,J5s,UNSELECTED,gray,4,UO/25-40/HJ.png,VERIFIED_BY_COLOR_GRID
UO,25-40,HJ,J4s,UNSELECTED,gray,4,UO/25-40/HJ.png,VERIFIED_BY_COLOR_GRID
UO,25-40,HJ,J3s,UNSELECTED,gray,4,UO/25-40/HJ.png,VERIFIED_BY_COLOR_GRID
UO,25-40,HJ,J2s,UNSELECTED,gray,4,UO/25-40/HJ.png,VERIFIED_BY_COLOR_GRID
UO,25-40,HJ,ATo,RAISE,green,12,UO/25-40/HJ.png,VERIFIED_BY_COLOR_GRID
UO,25-40,HJ,KTo,RAISE,green,12,UO/25-40/HJ.png,VERIFIED_BY_COLOR_GRID
UO,25-40,HJ,QTo,LOW_PLAYABILITY,cyan,12,UO/25-40/HJ.png,VERIFIED_BY_COLOR_GRID
UO,25-40,HJ,JTo,LOW_PLAYABILITY,cyan,12,UO/25-40/HJ.png,VERIFIED_BY_COLOR_GRID
UO,25-40,HJ,TT,RAISE,green,6,UO/25-40/HJ.png,VERIFIED_BY_COLOR_GRID
UO,25-40,HJ,T9s,RAISE,green,4,UO/25-40/HJ.png,VERIFIED_BY_COLOR_GRID
UO,25-40,HJ,T8s,RAISE,green,4,UO/25-40/HJ.png,VERIFIED_BY_COLOR_GRID
UO,25-40,HJ,T7s,UNSELECTED,gray,4,UO/25-40/HJ.png,VERIFIED_BY_COLOR_GRID
UO,25-40,HJ,T6s,UNSELECTED,gray,4,UO/25-40/HJ.png,VERIFIED_BY_COLOR_GRID
UO,25-40,HJ,T5s,UNSELECTED,gray,4,UO/25-40/HJ.png,VERIFIED_BY_COLOR_GRID
UO,25-40,HJ,T4s,UNSELECTED,gray,4,UO/25-40/HJ.png,VERIFIED_BY_COLOR_GRID
UO,25-40,HJ,T3s,UNSELECTED,gray,4,UO/25-40/HJ.png,VERIFIED_BY_COLOR_GRID
UO,25-40,HJ,T2s,UNSELECTED,gray,4,UO/25-40/HJ.png,VERIFIED_BY_COLOR_GRID
UO,25-40,HJ,A9o,RAISE,green,12,UO/25-40/HJ.png,VERIFIED_BY_COLOR_GRID
UO,25-40,HJ,K9o,RAISE,green,12,UO/25-40/HJ.png,VERIFIED_BY_COLOR_GRID
UO,25-40,HJ,Q9o,LOW_PLAYABILITY,cyan,12,UO/25-40/HJ.png,VERIFIED_BY_COLOR_GRID
UO,25-40,HJ,J9o,LOW_PLAYABILITY,cyan,12,UO/25-40/HJ.png,VERIFIED_BY_COLOR_GRID
UO,25-40,HJ,T9o,RAISE,green,12,UO/25-40/HJ.png,VERIFIED_BY_COLOR_GRID
UO,25-40,HJ,99,RAISE,green,6,UO/25-40/HJ.png,VERIFIED_BY_COLOR_GRID
UO,25-40,HJ,98s,RAISE,green,4,UO/25-40/HJ.png,VERIFIED_BY_COLOR_GRID
UO,25-40,HJ,97s,UNSELECTED,gray,4,UO/25-40/HJ.png,VERIFIED_BY_COLOR_GRID
UO,25-40,HJ,96s,UNSELECTED,gray,4,UO/25-40/HJ.png,VERIFIED_BY_COLOR_GRID
UO,25-40,HJ,95s,UNSELECTED,gray,4,UO/25-40/HJ.png,VERIFIED_BY_COLOR_GRID
UO,25-40,HJ,94s,UNSELECTED,gray,4,UO/25-40/HJ.png,VERIFIED_BY_COLOR_GRID
UO,25-40,HJ,93s,UNSELECTED,gray,4,UO/25-40/HJ.png,VERIFIED_BY_COLOR_GRID
UO,25-40,HJ,92s,UNSELECTED,gray,4,UO/25-40/HJ.png,VERIFIED_BY_COLOR_GRID
UO,25-40,HJ,A8o,RAISE,green,12,UO/25-40/HJ.png,VERIFIED_BY_COLOR_GRID
UO,25-40,HJ,K8o,UNSELECTED,gray,12,UO/25-40/HJ.png,VERIFIED_BY_COLOR_GRID
UO,25-40,HJ,Q8o,UNSELECTED,gray,12,UO/25-40/HJ.png,VERIFIED_BY_COLOR_GRID
UO,25-40,HJ,J8o,UNSELECTED,gray,12,UO/25-40/HJ.png,VERIFIED_BY_COLOR_GRID
UO,25-40,HJ,T8o,UNSELECTED,gray,12,UO/25-40/HJ.png,VERIFIED_BY_COLOR_GRID
UO,25-40,HJ,98o,RAISE,green,12,UO/25-40/HJ.png,VERIFIED_BY_COLOR_GRID
UO,25-40,HJ,88,RAISE,green,6,UO/25-40/HJ.png,VERIFIED_BY_COLOR_GRID
UO,25-40,HJ,87s,LOW_PLAYABILITY,cyan,4,UO/25-40/HJ.png,VERIFIED_BY_COLOR_GRID
UO,25-40,HJ,86s,UNSELECTED,gray,4,UO/25-40/HJ.png,VERIFIED_BY_COLOR_GRID
UO,25-40,HJ,85s,UNSELECTED,gray,4,UO/25-40/HJ.png,VERIFIED_BY_COLOR_GRID
UO,25-40,HJ,84s,UNSELECTED,gray,4,UO/25-40/HJ.png,VERIFIED_BY_COLOR_GRID
UO,25-40,HJ,83s,UNSELECTED,gray,4,UO/25-40/HJ.png,VERIFIED_BY_COLOR_GRID
UO,25-40,HJ,82s,UNSELECTED,gray,4,UO/25-40/HJ.png,VERIFIED_BY_COLOR_GRID
UO,25-40,HJ,A7o,LOW_PLAYABILITY,cyan,12,UO/25-40/HJ.png,VERIFIED_BY_COLOR_GRID
UO,25-40,HJ,K7o,UNSELECTED,gray,12,UO/25-40/HJ.png,VERIFIED_BY_COLOR_GRID
UO,25-40,HJ,Q7o,UNSELECTED,gray,12,UO/25-40/HJ.png,VERIFIED_BY_COLOR_GRID
UO,25-40,HJ,J7o,UNSELECTED,gray,12,UO/25-40/HJ.png,VERIFIED_BY_COLOR_GRID
UO,25-40,HJ,T7o,UNSELECTED,gray,12,UO/25-40/HJ.png,VERIFIED_BY_COLOR_GRID
UO,25-40,HJ,97o,UNSELECTED,gray,12,UO/25-40/HJ.png,VERIFIED_BY_COLOR_GRID
UO,25-40,HJ,87o,RAISE,green,12,UO/25-40/HJ.png,VERIFIED_BY_COLOR_GRID
UO,25-40,HJ,77,RAISE,green,6,UO/25-40/HJ.png,VERIFIED_BY_COLOR_GRID
UO,25-40,HJ,76s,LOW_PLAYABILITY,cyan,4,UO/25-40/HJ.png,VERIFIED_BY_COLOR_GRID
UO,25-40,HJ,75s,UNSELECTED,gray,4,UO/25-40/HJ.png,VERIFIED_BY_COLOR_GRID
UO,25-40,HJ,74s,UNSELECTED,gray,4,UO/25-40/HJ.png,VERIFIED_BY_COLOR_GRID
UO,25-40,HJ,73s,UNSELECTED,gray,4,UO/25-40/HJ.png,VERIFIED_BY_COLOR_GRID
UO,25-40,HJ,72s,UNSELECTED,gray,4,UO/25-40/HJ.png,VERIFIED_BY_COLOR_GRID
UO,25-40,HJ,A6o,LOW_PLAYABILITY,cyan,12,UO/25-40/HJ.png,VERIFIED_BY_COLOR_GRID
UO,25-40,HJ,K6o,UNSELECTED,gray,12,UO/25-40/HJ.png,VERIFIED_BY_COLOR_GRID
UO,25-40,HJ,Q6o,UNSELECTED,gray,12,UO/25-40/HJ.png,VERIFIED_BY_COLOR_GRID
UO,25-40,HJ,J6o,UNSELECTED,gray,12,UO/25-40/HJ.png,VERIFIED_BY_COLOR_GRID
UO,25-40,HJ,T6o,UNSELECTED,gray,12,UO/25-40/HJ.png,VERIFIED_BY_COLOR_GRID
UO,25-40,HJ,96o,UNSELECTED,gray,12,UO/25-40/HJ.png,VERIFIED_BY_COLOR_GRID
UO,25-40,HJ,86o,UNSELECTED,gray,12,UO/25-40/HJ.png,VERIFIED_BY_COLOR_GRID
UO,25-40,HJ,76o,RAISE,green,12,UO/25-40/HJ.png,VERIFIED_BY_COLOR_GRID
UO,25-40,HJ,66,RAISE,green,6,UO/25-40/HJ.png,VERIFIED_BY_COLOR_GRID
UO,25-40,HJ,65s,UNSELECTED,gray,4,UO/25-40/HJ.png,VERIFIED_BY_COLOR_GRID
UO,25-40,HJ,64s,UNSELECTED,gray,4,UO/25-40/HJ.png,VERIFIED_BY_COLOR_GRID
UO,25-40,HJ,63s,UNSELECTED,gray,4,UO/25-40/HJ.png,VERIFIED_BY_COLOR_GRID
UO,25-40,HJ,62s,UNSELECTED,gray,4,UO/25-40/HJ.png,VERIFIED_BY_COLOR_GRID
UO,25-40,HJ,A5o,UNSELECTED,gray,12,UO/25-40/HJ.png,VERIFIED_BY_COLOR_GRID
UO,25-40,HJ,K5o,UNSELECTED,gray,12,UO/25-40/HJ.png,VERIFIED_BY_COLOR_GRID
UO,25-40,HJ,Q5o,UNSELECTED,gray,12,UO/25-40/HJ.png,VERIFIED_BY_COLOR_GRID
UO,25-40,HJ,J5o,UNSELECTED,gray,12,UO/25-40/HJ.png,VERIFIED_BY_COLOR_GRID
UO,25-40,HJ,T5o,UNSELECTED,gray,12,UO/25-40/HJ.png,VERIFIED_BY_COLOR_GRID
UO,25-40,HJ,95o,UNSELECTED,gray,12,UO/25-40/HJ.png,VERIFIED_BY_COLOR_GRID
UO,25-40,HJ,85o,UNSELECTED,gray,12,UO/25-40/HJ.png,VERIFIED_BY_COLOR_GRID
UO,25-40,HJ,75o,UNSELECTED,gray,12,UO/25-40/HJ.png,VERIFIED_BY_COLOR_GRID
UO,25-40,HJ,65o,RAISE,green,12,UO/25-40/HJ.png,VERIFIED_BY_COLOR_GRID
UO,25-40,HJ,55,RAISE,green,6,UO/25-40/HJ.png,VERIFIED_BY_COLOR_GRID
UO,25-40,HJ,54s,UNSELECTED,gray,4,UO/25-40/HJ.png,VERIFIED_BY_COLOR_GRID
UO,25-40,HJ,53s,UNSELECTED,gray,4,UO/25-40/HJ.png,VERIFIED_BY_COLOR_GRID
UO,25-40,HJ,52s,UNSELECTED,gray,4,UO/25-40/HJ.png,VERIFIED_BY_COLOR_GRID
UO,25-40,HJ,A4o,UNSELECTED,gray,12,UO/25-40/HJ.png,VERIFIED_BY_COLOR_GRID
UO,25-40,HJ,K4o,UNSELECTED,gray,12,UO/25-40/HJ.png,VERIFIED_BY_COLOR_GRID
UO,25-40,HJ,Q4o,UNSELECTED,gray,12,UO/25-40/HJ.png,VERIFIED_BY_COLOR_GRID
UO,25-40,HJ,J4o,UNSELECTED,gray,12,UO/25-40/HJ.png,VERIFIED_BY_COLOR_GRID
UO,25-40,HJ,T4o,UNSELECTED,gray,12,UO/25-40/HJ.png,VERIFIED_BY_COLOR_GRID
UO,25-40,HJ,94o,UNSELECTED,gray,12,UO/25-40/HJ.png,VERIFIED_BY_COLOR_GRID
UO,25-40,HJ,84o,UNSELECTED,gray,12,UO/25-40/HJ.png,VERIFIED_BY_COLOR_GRID
UO,25-40,HJ,74o,UNSELECTED,gray,12,UO/25-40/HJ.png,VERIFIED_BY_COLOR_GRID
UO,25-40,HJ,64o,UNSELECTED,gray,12,UO/25-40/HJ.png,VERIFIED_BY_COLOR_GRID
UO,25-40,HJ,54o,RAISE,green,12,UO/25-40/HJ.png,VERIFIED_BY_COLOR_GRID
UO,25-40,HJ,44,RAISE,green,6,UO/25-40/HJ.png,VERIFIED_BY_COLOR_GRID
UO,25-40,HJ,43s,UNSELECTED,gray,4,UO/25-40/HJ.png,VERIFIED_BY_COLOR_GRID
UO,25-40,HJ,42s,UNSELECTED,gray,4,UO/25-40/HJ.png,VERIFIED_BY_COLOR_GRID
UO,25-40,HJ,A3o,UNSELECTED,gray,12,UO/25-40/HJ.png,VERIFIED_BY_COLOR_GRID
UO,25-40,HJ,K3o,UNSELECTED,gray,12,UO/25-40/HJ.png,VERIFIED_BY_COLOR_GRID
UO,25-40,HJ,Q3o,UNSELECTED,gray,12,UO/25-40/HJ.png,VERIFIED_BY_COLOR_GRID
UO,25-40,HJ,J3o,UNSELECTED,gray,12,UO/25-40/HJ.png,VERIFIED_BY_COLOR_GRID
UO,25-40,HJ,T3o,UNSELECTED,gray,12,UO/25-40/HJ.png,VERIFIED_BY_COLOR_GRID
UO,25-40,HJ,93o,UNSELECTED,gray,12,UO/25-40/HJ.png,VERIFIED_BY_COLOR_GRID
UO,25-40,HJ,83o,UNSELECTED,gray,12,UO/25-40/HJ.png,VERIFIED_BY_COLOR_GRID
UO,25-40,HJ,73o,UNSELECTED,gray,12,UO/25-40/HJ.png,VERIFIED_BY_COLOR_GRID
UO,25-40,HJ,63o,UNSELECTED,gray,12,UO/25-40/HJ.png,VERIFIED_BY_COLOR_GRID
UO,25-40,HJ,53o,UNSELECTED,gray,12,UO/25-40/HJ.png,VERIFIED_BY_COLOR_GRID
UO,25-40,HJ,43o,RAISE,green,12,UO/25-40/HJ.png,VERIFIED_BY_COLOR_GRID
UO,25-40,HJ,33,LOW_PLAYABILITY,cyan,6,UO/25-40/HJ.png,VERIFIED_BY_COLOR_GRID
UO,25-40,HJ,32s,UNSELECTED,gray,4,UO/25-40/HJ.png,VERIFIED_BY_COLOR_GRID
UO,25-40,HJ,A2o,UNSELECTED,gray,12,UO/25-40/HJ.png,VERIFIED_BY_COLOR_GRID
UO,25-40,HJ,K2o,UNSELECTED,gray,12,UO/25-40/HJ.png,VERIFIED_BY_COLOR_GRID
UO,25-40,HJ,Q2o,UNSELECTED,gray,12,UO/25-40/HJ.png,VERIFIED_BY_COLOR_GRID
UO,25-40,HJ,J2o,UNSELECTED,gray,12,UO/25-40/HJ.png,VERIFIED_BY_COLOR_GRID
UO,25-40,HJ,T2o,UNSELECTED,gray,12,UO/25-40/HJ.png,VERIFIED_BY_COLOR_GRID
UO,25-40,HJ,92o,UNSELECTED,gray,12,UO/25-40/HJ.png,VERIFIED_BY_COLOR_GRID
UO,25-40,HJ,82o,UNSELECTED,gray,12,UO/25-40/HJ.png,VERIFIED_BY_COLOR_GRID
UO,25-40,HJ,72o,UNSELECTED,gray,12,UO/25-40/HJ.png,VERIFIED_BY_COLOR_GRID
UO,25-40,HJ,62o,UNSELECTED,gray,12,UO/25-40/HJ.png,VERIFIED_BY_COLOR_GRID
UO,25-40,HJ,52o,UNSELECTED,gray,12,UO/25-40/HJ.png,VERIFIED_BY_COLOR_GRID
UO,25-40,HJ,42o,UNSELECTED,gray,12,UO/25-40/HJ.png,VERIFIED_BY_COLOR_GRID
UO,25-40,HJ,32o,LOW_PLAYABILITY,cyan,12,UO/25-40/HJ.png,VERIFIED_BY_COLOR_GRID
UO,25-40,HJ,22,LOW_PLAYABILITY,cyan,6,UO/25-40/HJ.png,VERIFIED_BY_COLOR_GRID
UO,25-40,CO,AA,RAISE,green,6,UO/25-40/CO.png,VERIFIED_BY_COLOR_GRID
UO,25-40,CO,AKs,RAISE,green,4,UO/25-40/CO.png,VERIFIED_BY_COLOR_GRID
UO,25-40,CO,AQs,RAISE,green,4,UO/25-40/CO.png,VERIFIED_BY_COLOR_GRID
UO,25-40,CO,AJs,RAISE,green,4,UO/25-40/CO.png,VERIFIED_BY_COLOR_GRID
UO,25-40,CO,ATs,RAISE,green,4,UO/25-40/CO.png,VERIFIED_BY_COLOR_GRID
UO,25-40,CO,A9s,RAISE,green,4,UO/25-40/CO.png,VERIFIED_BY_COLOR_GRID
UO,25-40,CO,A8s,RAISE,green,4,UO/25-40/CO.png,VERIFIED_BY_COLOR_GRID
UO,25-40,CO,A7s,RAISE,green,4,UO/25-40/CO.png,VERIFIED_BY_COLOR_GRID
UO,25-40,CO,A6s,RAISE,green,4,UO/25-40/CO.png,VERIFIED_BY_COLOR_GRID
UO,25-40,CO,A5s,RAISE,green,4,UO/25-40/CO.png,VERIFIED_BY_COLOR_GRID
UO,25-40,CO,A4s,RAISE,green,4,UO/25-40/CO.png,VERIFIED_BY_COLOR_GRID
UO,25-40,CO,A3s,RAISE,green,4,UO/25-40/CO.png,VERIFIED_BY_COLOR_GRID
UO,25-40,CO,A2s,RAISE,green,4,UO/25-40/CO.png,VERIFIED_BY_COLOR_GRID
UO,25-40,CO,AKo,RAISE,green,12,UO/25-40/CO.png,VERIFIED_BY_COLOR_GRID
UO,25-40,CO,KK,RAISE,green,6,UO/25-40/CO.png,VERIFIED_BY_COLOR_GRID
UO,25-40,CO,KQs,RAISE,green,4,UO/25-40/CO.png,VERIFIED_BY_COLOR_GRID
UO,25-40,CO,KJs,RAISE,green,4,UO/25-40/CO.png,VERIFIED_BY_COLOR_GRID
UO,25-40,CO,KTs,RAISE,green,4,UO/25-40/CO.png,VERIFIED_BY_COLOR_GRID
UO,25-40,CO,K9s,RAISE,green,4,UO/25-40/CO.png,VERIFIED_BY_COLOR_GRID
UO,25-40,CO,K8s,RAISE,green,4,UO/25-40/CO.png,VERIFIED_BY_COLOR_GRID
UO,25-40,CO,K7s,RAISE,green,4,UO/25-40/CO.png,VERIFIED_BY_COLOR_GRID
UO,25-40,CO,K6s,RAISE,green,4,UO/25-40/CO.png,VERIFIED_BY_COLOR_GRID
UO,25-40,CO,K5s,RAISE,green,4,UO/25-40/CO.png,VERIFIED_BY_COLOR_GRID
UO,25-40,CO,K4s,RAISE,green,4,UO/25-40/CO.png,VERIFIED_BY_COLOR_GRID
UO,25-40,CO,K3s,RAISE,green,4,UO/25-40/CO.png,VERIFIED_BY_COLOR_GRID
UO,25-40,CO,K2s,RAISE,green,4,UO/25-40/CO.png,VERIFIED_BY_COLOR_GRID
UO,25-40,CO,AQo,RAISE,green,12,UO/25-40/CO.png,VERIFIED_BY_COLOR_GRID
UO,25-40,CO,KQo,RAISE,green,12,UO/25-40/CO.png,VERIFIED_BY_COLOR_GRID
UO,25-40,CO,QQ,RAISE,green,6,UO/25-40/CO.png,VERIFIED_BY_COLOR_GRID
UO,25-40,CO,QJs,RAISE,green,4,UO/25-40/CO.png,VERIFIED_BY_COLOR_GRID
UO,25-40,CO,QTs,RAISE,green,4,UO/25-40/CO.png,VERIFIED_BY_COLOR_GRID
UO,25-40,CO,Q9s,RAISE,green,4,UO/25-40/CO.png,VERIFIED_BY_COLOR_GRID
UO,25-40,CO,Q8s,RAISE,green,4,UO/25-40/CO.png,VERIFIED_BY_COLOR_GRID
UO,25-40,CO,Q7s,LOW_PLAYABILITY,cyan,4,UO/25-40/CO.png,VERIFIED_BY_COLOR_GRID
UO,25-40,CO,Q6s,LOW_PLAYABILITY,cyan,4,UO/25-40/CO.png,VERIFIED_BY_COLOR_GRID
UO,25-40,CO,Q5s,LOW_PLAYABILITY,cyan,4,UO/25-40/CO.png,VERIFIED_BY_COLOR_GRID
UO,25-40,CO,Q4s,LOW_PLAYABILITY,cyan,4,UO/25-40/CO.png,VERIFIED_BY_COLOR_GRID
UO,25-40,CO,Q3s,LOW_PLAYABILITY,cyan,4,UO/25-40/CO.png,VERIFIED_BY_COLOR_GRID
UO,25-40,CO,Q2s,LOW_PLAYABILITY,cyan,4,UO/25-40/CO.png,VERIFIED_BY_COLOR_GRID
UO,25-40,CO,AJo,RAISE,green,12,UO/25-40/CO.png,VERIFIED_BY_COLOR_GRID
UO,25-40,CO,KJo,RAISE,green,12,UO/25-40/CO.png,VERIFIED_BY_COLOR_GRID
UO,25-40,CO,QJo,RAISE,green,12,UO/25-40/CO.png,VERIFIED_BY_COLOR_GRID
UO,25-40,CO,JJ,RAISE,green,6,UO/25-40/CO.png,VERIFIED_BY_COLOR_GRID
UO,25-40,CO,JTs,RAISE,green,4,UO/25-40/CO.png,VERIFIED_BY_COLOR_GRID
UO,25-40,CO,J9s,RAISE,green,4,UO/25-40/CO.png,VERIFIED_BY_COLOR_GRID
UO,25-40,CO,J8s,RAISE,green,4,UO/25-40/CO.png,VERIFIED_BY_COLOR_GRID
UO,25-40,CO,J7s,LOW_PLAYABILITY,cyan,4,UO/25-40/CO.png,VERIFIED_BY_COLOR_GRID
UO,25-40,CO,J6s,LOW_PLAYABILITY,cyan,4,UO/25-40/CO.png,VERIFIED_BY_COLOR_GRID
UO,25-40,CO,J5s,LOW_PLAYABILITY,cyan,4,UO/25-40/CO.png,VERIFIED_BY_COLOR_GRID
UO,25-40,CO,J4s,LOW_PLAYABILITY,cyan,4,UO/25-40/CO.png,VERIFIED_BY_COLOR_GRID
UO,25-40,CO,J3s,LOW_PLAYABILITY,cyan,4,UO/25-40/CO.png,VERIFIED_BY_COLOR_GRID
UO,25-40,CO,J2s,LOW_PLAYABILITY,cyan,4,UO/25-40/CO.png,VERIFIED_BY_COLOR_GRID
UO,25-40,CO,ATo,RAISE,green,12,UO/25-40/CO.png,VERIFIED_BY_COLOR_GRID
UO,25-40,CO,KTo,RAISE,green,12,UO/25-40/CO.png,VERIFIED_BY_COLOR_GRID
UO,25-40,CO,QTo,RAISE,green,12,UO/25-40/CO.png,VERIFIED_BY_COLOR_GRID
UO,25-40,CO,JTo,RAISE,green,12,UO/25-40/CO.png,VERIFIED_BY_COLOR_GRID
UO,25-40,CO,TT,RAISE,green,6,UO/25-40/CO.png,VERIFIED_BY_COLOR_GRID
UO,25-40,CO,T9s,RAISE,green,4,UO/25-40/CO.png,VERIFIED_BY_COLOR_GRID
UO,25-40,CO,T8s,RAISE,green,4,UO/25-40/CO.png,VERIFIED_BY_COLOR_GRID
UO,25-40,CO,T7s,LOW_PLAYABILITY,cyan,4,UO/25-40/CO.png,VERIFIED_BY_COLOR_GRID
UO,25-40,CO,T6s,LOW_PLAYABILITY,cyan,4,UO/25-40/CO.png,VERIFIED_BY_COLOR_GRID
UO,25-40,CO,T5s,LOW_PLAYABILITY,cyan,4,UO/25-40/CO.png,VERIFIED_BY_COLOR_GRID
UO,25-40,CO,T4s,LOW_PLAYABILITY,cyan,4,UO/25-40/CO.png,VERIFIED_BY_COLOR_GRID
UO,25-40,CO,T3s,LOW_PLAYABILITY,cyan,4,UO/25-40/CO.png,VERIFIED_BY_COLOR_GRID
UO,25-40,CO,T2s,LOW_PLAYABILITY,cyan,4,UO/25-40/CO.png,VERIFIED_BY_COLOR_GRID
UO,25-40,CO,A9o,RAISE,green,12,UO/25-40/CO.png,VERIFIED_BY_COLOR_GRID
UO,25-40,CO,K9o,RAISE,green,12,UO/25-40/CO.png,VERIFIED_BY_COLOR_GRID
UO,25-40,CO,Q9o,RAISE,green,12,UO/25-40/CO.png,VERIFIED_BY_COLOR_GRID
UO,25-40,CO,J9o,RAISE,green,12,UO/25-40/CO.png,VERIFIED_BY_COLOR_GRID
UO,25-40,CO,T9o,RAISE,green,12,UO/25-40/CO.png,VERIFIED_BY_COLOR_GRID
UO,25-40,CO,99,RAISE,green,6,UO/25-40/CO.png,VERIFIED_BY_COLOR_GRID
UO,25-40,CO,98s,RAISE,green,4,UO/25-40/CO.png,VERIFIED_BY_COLOR_GRID
UO,25-40,CO,97s,LOW_PLAYABILITY,cyan,4,UO/25-40/CO.png,VERIFIED_BY_COLOR_GRID
UO,25-40,CO,96s,LOW_PLAYABILITY,cyan,4,UO/25-40/CO.png,VERIFIED_BY_COLOR_GRID
UO,25-40,CO,95s,UNSELECTED,gray,4,UO/25-40/CO.png,VERIFIED_BY_COLOR_GRID
UO,25-40,CO,94s,UNSELECTED,gray,4,UO/25-40/CO.png,VERIFIED_BY_COLOR_GRID
UO,25-40,CO,93s,UNSELECTED,gray,4,UO/25-40/CO.png,VERIFIED_BY_COLOR_GRID
UO,25-40,CO,92s,UNSELECTED,gray,4,UO/25-40/CO.png,VERIFIED_BY_COLOR_GRID
UO,25-40,CO,A8o,RAISE,green,12,UO/25-40/CO.png,VERIFIED_BY_COLOR_GRID
UO,25-40,CO,K8o,RAISE,green,12,UO/25-40/CO.png,VERIFIED_BY_COLOR_GRID
UO,25-40,CO,Q8o,RAISE,green,12,UO/25-40/CO.png,VERIFIED_BY_COLOR_GRID
UO,25-40,CO,J8o,RAISE,green,12,UO/25-40/CO.png,VERIFIED_BY_COLOR_GRID
UO,25-40,CO,T8o,RAISE,green,12,UO/25-40/CO.png,VERIFIED_BY_COLOR_GRID
UO,25-40,CO,98o,RAISE,green,12,UO/25-40/CO.png,VERIFIED_BY_COLOR_GRID
UO,25-40,CO,88,RAISE,green,6,UO/25-40/CO.png,VERIFIED_BY_COLOR_GRID
UO,25-40,CO,87s,RAISE,green,4,UO/25-40/CO.png,VERIFIED_BY_COLOR_GRID
UO,25-40,CO,86s,LOW_PLAYABILITY,cyan,4,UO/25-40/CO.png,VERIFIED_BY_COLOR_GRID
UO,25-40,CO,85s,UNSELECTED,gray,4,UO/25-40/CO.png,VERIFIED_BY_COLOR_GRID
UO,25-40,CO,84s,UNSELECTED,gray,4,UO/25-40/CO.png,VERIFIED_BY_COLOR_GRID
UO,25-40,CO,83s,UNSELECTED,gray,4,UO/25-40/CO.png,VERIFIED_BY_COLOR_GRID
UO,25-40,CO,82s,UNSELECTED,gray,4,UO/25-40/CO.png,VERIFIED_BY_COLOR_GRID
UO,25-40,CO,A7o,RAISE,green,12,UO/25-40/CO.png,VERIFIED_BY_COLOR_GRID
UO,25-40,CO,K7o,UNSELECTED,gray,12,UO/25-40/CO.png,VERIFIED_BY_COLOR_GRID
UO,25-40,CO,Q7o,UNSELECTED,gray,12,UO/25-40/CO.png,VERIFIED_BY_COLOR_GRID
UO,25-40,CO,J7o,UNSELECTED,gray,12,UO/25-40/CO.png,VERIFIED_BY_COLOR_GRID
UO,25-40,CO,T7o,UNSELECTED,gray,12,UO/25-40/CO.png,VERIFIED_BY_COLOR_GRID
UO,25-40,CO,97o,UNSELECTED,gray,12,UO/25-40/CO.png,VERIFIED_BY_COLOR_GRID
UO,25-40,CO,87o,RAISE,green,12,UO/25-40/CO.png,VERIFIED_BY_COLOR_GRID
UO,25-40,CO,77,RAISE,green,6,UO/25-40/CO.png,VERIFIED_BY_COLOR_GRID
UO,25-40,CO,76s,LOW_PLAYABILITY,cyan,4,UO/25-40/CO.png,VERIFIED_BY_COLOR_GRID
UO,25-40,CO,75s,LOW_PLAYABILITY,cyan,4,UO/25-40/CO.png,VERIFIED_BY_COLOR_GRID
UO,25-40,CO,74s,UNSELECTED,gray,4,UO/25-40/CO.png,VERIFIED_BY_COLOR_GRID
UO,25-40,CO,73s,UNSELECTED,gray,4,UO/25-40/CO.png,VERIFIED_BY_COLOR_GRID
UO,25-40,CO,72s,UNSELECTED,gray,4,UO/25-40/CO.png,VERIFIED_BY_COLOR_GRID
UO,25-40,CO,A6o,RAISE,green,12,UO/25-40/CO.png,VERIFIED_BY_COLOR_GRID
UO,25-40,CO,K6o,UNSELECTED,gray,12,UO/25-40/CO.png,VERIFIED_BY_COLOR_GRID
UO,25-40,CO,Q6o,UNSELECTED,gray,12,UO/25-40/CO.png,VERIFIED_BY_COLOR_GRID
UO,25-40,CO,J6o,UNSELECTED,gray,12,UO/25-40/CO.png,VERIFIED_BY_COLOR_GRID
UO,25-40,CO,T6o,UNSELECTED,gray,12,UO/25-40/CO.png,VERIFIED_BY_COLOR_GRID
UO,25-40,CO,96o,UNSELECTED,gray,12,UO/25-40/CO.png,VERIFIED_BY_COLOR_GRID
UO,25-40,CO,86o,UNSELECTED,gray,12,UO/25-40/CO.png,VERIFIED_BY_COLOR_GRID
UO,25-40,CO,76o,RAISE,green,12,UO/25-40/CO.png,VERIFIED_BY_COLOR_GRID
UO,25-40,CO,66,RAISE,green,6,UO/25-40/CO.png,VERIFIED_BY_COLOR_GRID
UO,25-40,CO,65s,LOW_PLAYABILITY,cyan,4,UO/25-40/CO.png,VERIFIED_BY_COLOR_GRID
UO,25-40,CO,64s,LOW_PLAYABILITY,cyan,4,UO/25-40/CO.png,VERIFIED_BY_COLOR_GRID
UO,25-40,CO,63s,UNSELECTED,gray,4,UO/25-40/CO.png,VERIFIED_BY_COLOR_GRID
UO,25-40,CO,62s,UNSELECTED,gray,4,UO/25-40/CO.png,VERIFIED_BY_COLOR_GRID
UO,25-40,CO,A5o,RAISE,green,12,UO/25-40/CO.png,VERIFIED_BY_COLOR_GRID
UO,25-40,CO,K5o,UNSELECTED,gray,12,UO/25-40/CO.png,VERIFIED_BY_COLOR_GRID
UO,25-40,CO,Q5o,UNSELECTED,gray,12,UO/25-40/CO.png,VERIFIED_BY_COLOR_GRID
UO,25-40,CO,J5o,UNSELECTED,gray,12,UO/25-40/CO.png,VERIFIED_BY_COLOR_GRID
UO,25-40,CO,T5o,UNSELECTED,gray,12,UO/25-40/CO.png,VERIFIED_BY_COLOR_GRID
UO,25-40,CO,95o,UNSELECTED,gray,12,UO/25-40/CO.png,VERIFIED_BY_COLOR_GRID
UO,25-40,CO,85o,UNSELECTED,gray,12,UO/25-40/CO.png,VERIFIED_BY_COLOR_GRID
UO,25-40,CO,75o,UNSELECTED,gray,12,UO/25-40/CO.png,VERIFIED_BY_COLOR_GRID
UO,25-40,CO,65o,RAISE,green,12,UO/25-40/CO.png,VERIFIED_BY_COLOR_GRID
UO,25-40,CO,55,RAISE,green,6,UO/25-40/CO.png,VERIFIED_BY_COLOR_GRID
UO,25-40,CO,54s,LOW_PLAYABILITY,cyan,4,UO/25-40/CO.png,VERIFIED_BY_COLOR_GRID
UO,25-40,CO,53s,UNSELECTED,gray,4,UO/25-40/CO.png,VERIFIED_BY_COLOR_GRID
UO,25-40,CO,52s,UNSELECTED,gray,4,UO/25-40/CO.png,VERIFIED_BY_COLOR_GRID
UO,25-40,CO,A4o,RAISE,green,12,UO/25-40/CO.png,VERIFIED_BY_COLOR_GRID
UO,25-40,CO,K4o,UNSELECTED,gray,12,UO/25-40/CO.png,VERIFIED_BY_COLOR_GRID
UO,25-40,CO,Q4o,UNSELECTED,gray,12,UO/25-40/CO.png,VERIFIED_BY_COLOR_GRID
UO,25-40,CO,J4o,UNSELECTED,gray,12,UO/25-40/CO.png,VERIFIED_BY_COLOR_GRID
UO,25-40,CO,T4o,UNSELECTED,gray,12,UO/25-40/CO.png,VERIFIED_BY_COLOR_GRID
UO,25-40,CO,94o,UNSELECTED,gray,12,UO/25-40/CO.png,VERIFIED_BY_COLOR_GRID
UO,25-40,CO,84o,UNSELECTED,gray,12,UO/25-40/CO.png,VERIFIED_BY_COLOR_GRID
UO,25-40,CO,74o,UNSELECTED,gray,12,UO/25-40/CO.png,VERIFIED_BY_COLOR_GRID
UO,25-40,CO,64o,UNSELECTED,gray,12,UO/25-40/CO.png,VERIFIED_BY_COLOR_GRID
UO,25-40,CO,54o,RAISE,green,12,UO/25-40/CO.png,VERIFIED_BY_COLOR_GRID
UO,25-40,CO,44,LOW_PLAYABILITY,cyan,6,UO/25-40/CO.png,VERIFIED_BY_COLOR_GRID
UO,25-40,CO,43s,LOW_PLAYABILITY,cyan,4,UO/25-40/CO.png,VERIFIED_BY_COLOR_GRID
UO,25-40,CO,42s,UNSELECTED,gray,4,UO/25-40/CO.png,VERIFIED_BY_COLOR_GRID
UO,25-40,CO,A3o,RAISE,green,12,UO/25-40/CO.png,VERIFIED_BY_COLOR_GRID
UO,25-40,CO,K3o,UNSELECTED,gray,12,UO/25-40/CO.png,VERIFIED_BY_COLOR_GRID
UO,25-40,CO,Q3o,UNSELECTED,gray,12,UO/25-40/CO.png,VERIFIED_BY_COLOR_GRID
UO,25-40,CO,J3o,UNSELECTED,gray,12,UO/25-40/CO.png,VERIFIED_BY_COLOR_GRID
UO,25-40,CO,T3o,UNSELECTED,gray,12,UO/25-40/CO.png,VERIFIED_BY_COLOR_GRID
UO,25-40,CO,93o,UNSELECTED,gray,12,UO/25-40/CO.png,VERIFIED_BY_COLOR_GRID
UO,25-40,CO,83o,UNSELECTED,gray,12,UO/25-40/CO.png,VERIFIED_BY_COLOR_GRID
UO,25-40,CO,73o,UNSELECTED,gray,12,UO/25-40/CO.png,VERIFIED_BY_COLOR_GRID
UO,25-40,CO,63o,UNSELECTED,gray,12,UO/25-40/CO.png,VERIFIED_BY_COLOR_GRID
UO,25-40,CO,53o,UNSELECTED,gray,12,UO/25-40/CO.png,VERIFIED_BY_COLOR_GRID
UO,25-40,CO,43o,RAISE,green,12,UO/25-40/CO.png,VERIFIED_BY_COLOR_GRID
UO,25-40,CO,33,LOW_PLAYABILITY,cyan,6,UO/25-40/CO.png,VERIFIED_BY_COLOR_GRID
UO,25-40,CO,32s,UNSELECTED,gray,4,UO/25-40/CO.png,VERIFIED_BY_COLOR_GRID
UO,25-40,CO,A2o,RAISE,green,12,UO/25-40/CO.png,VERIFIED_BY_COLOR_GRID
UO,25-40,CO,K2o,UNSELECTED,gray,12,UO/25-40/CO.png,VERIFIED_BY_COLOR_GRID
UO,25-40,CO,Q2o,UNSELECTED,gray,12,UO/25-40/CO.png,VERIFIED_BY_COLOR_GRID
UO,25-40,CO,J2o,UNSELECTED,gray,12,UO/25-40/CO.png,VERIFIED_BY_COLOR_GRID
UO,25-40,CO,T2o,UNSELECTED,gray,12,UO/25-40/CO.png,VERIFIED_BY_COLOR_GRID
UO,25-40,CO,92o,UNSELECTED,gray,12,UO/25-40/CO.png,VERIFIED_BY_COLOR_GRID
UO,25-40,CO,82o,UNSELECTED,gray,12,UO/25-40/CO.png,VERIFIED_BY_COLOR_GRID
UO,25-40,CO,72o,UNSELECTED,gray,12,UO/25-40/CO.png,VERIFIED_BY_COLOR_GRID
UO,25-40,CO,62o,UNSELECTED,gray,12,UO/25-40/CO.png,VERIFIED_BY_COLOR_GRID
UO,25-40,CO,52o,UNSELECTED,gray,12,UO/25-40/CO.png,VERIFIED_BY_COLOR_GRID
UO,25-40,CO,42o,UNSELECTED,gray,12,UO/25-40/CO.png,VERIFIED_BY_COLOR_GRID
UO,25-40,CO,32o,RAISE,green,12,UO/25-40/CO.png,VERIFIED_BY_COLOR_GRID
UO,25-40,CO,22,RAISE,green,6,UO/25-40/CO.png,VERIFIED_BY_COLOR_GRID
UO,25-40,BTN,AA,RAISE,green,6,UO/25-40/BTN.png,VERIFIED_BY_COLOR_GRID
UO,25-40,BTN,AKs,RAISE,green,4,UO/25-40/BTN.png,VERIFIED_BY_COLOR_GRID
UO,25-40,BTN,AQs,RAISE,green,4,UO/25-40/BTN.png,VERIFIED_BY_COLOR_GRID
UO,25-40,BTN,AJs,RAISE,green,4,UO/25-40/BTN.png,VERIFIED_BY_COLOR_GRID
UO,25-40,BTN,ATs,RAISE,green,4,UO/25-40/BTN.png,VERIFIED_BY_COLOR_GRID
UO,25-40,BTN,A9s,RAISE,green,4,UO/25-40/BTN.png,VERIFIED_BY_COLOR_GRID
UO,25-40,BTN,A8s,RAISE,green,4,UO/25-40/BTN.png,VERIFIED_BY_COLOR_GRID
UO,25-40,BTN,A7s,RAISE,green,4,UO/25-40/BTN.png,VERIFIED_BY_COLOR_GRID
UO,25-40,BTN,A6s,RAISE,green,4,UO/25-40/BTN.png,VERIFIED_BY_COLOR_GRID
UO,25-40,BTN,A5s,RAISE,green,4,UO/25-40/BTN.png,VERIFIED_BY_COLOR_GRID
UO,25-40,BTN,A4s,RAISE,green,4,UO/25-40/BTN.png,VERIFIED_BY_COLOR_GRID
UO,25-40,BTN,A3s,RAISE,green,4,UO/25-40/BTN.png,VERIFIED_BY_COLOR_GRID
UO,25-40,BTN,A2s,RAISE,green,4,UO/25-40/BTN.png,VERIFIED_BY_COLOR_GRID
UO,25-40,BTN,AKo,RAISE,green,12,UO/25-40/BTN.png,VERIFIED_BY_COLOR_GRID
UO,25-40,BTN,KK,RAISE,green,6,UO/25-40/BTN.png,VERIFIED_BY_COLOR_GRID
UO,25-40,BTN,KQs,RAISE,green,4,UO/25-40/BTN.png,VERIFIED_BY_COLOR_GRID
UO,25-40,BTN,KJs,RAISE,green,4,UO/25-40/BTN.png,VERIFIED_BY_COLOR_GRID
UO,25-40,BTN,KTs,RAISE,green,4,UO/25-40/BTN.png,VERIFIED_BY_COLOR_GRID
UO,25-40,BTN,K9s,RAISE,green,4,UO/25-40/BTN.png,VERIFIED_BY_COLOR_GRID
UO,25-40,BTN,K8s,RAISE,green,4,UO/25-40/BTN.png,VERIFIED_BY_COLOR_GRID
UO,25-40,BTN,K7s,RAISE,green,4,UO/25-40/BTN.png,VERIFIED_BY_COLOR_GRID
UO,25-40,BTN,K6s,RAISE,green,4,UO/25-40/BTN.png,VERIFIED_BY_COLOR_GRID
UO,25-40,BTN,K5s,RAISE,green,4,UO/25-40/BTN.png,VERIFIED_BY_COLOR_GRID
UO,25-40,BTN,K4s,RAISE,green,4,UO/25-40/BTN.png,VERIFIED_BY_COLOR_GRID
UO,25-40,BTN,K3s,RAISE,green,4,UO/25-40/BTN.png,VERIFIED_BY_COLOR_GRID
UO,25-40,BTN,K2s,RAISE,green,4,UO/25-40/BTN.png,VERIFIED_BY_COLOR_GRID
UO,25-40,BTN,AQo,RAISE,green,12,UO/25-40/BTN.png,VERIFIED_BY_COLOR_GRID
UO,25-40,BTN,KQo,RAISE,green,12,UO/25-40/BTN.png,VERIFIED_BY_COLOR_GRID
UO,25-40,BTN,QQ,RAISE,green,6,UO/25-40/BTN.png,VERIFIED_BY_COLOR_GRID
UO,25-40,BTN,QJs,RAISE,green,4,UO/25-40/BTN.png,VERIFIED_BY_COLOR_GRID
UO,25-40,BTN,QTs,RAISE,green,4,UO/25-40/BTN.png,VERIFIED_BY_COLOR_GRID
UO,25-40,BTN,Q9s,RAISE,green,4,UO/25-40/BTN.png,VERIFIED_BY_COLOR_GRID
UO,25-40,BTN,Q8s,RAISE,green,4,UO/25-40/BTN.png,VERIFIED_BY_COLOR_GRID
UO,25-40,BTN,Q7s,RAISE,green,4,UO/25-40/BTN.png,VERIFIED_BY_COLOR_GRID
UO,25-40,BTN,Q6s,RAISE,green,4,UO/25-40/BTN.png,VERIFIED_BY_COLOR_GRID
UO,25-40,BTN,Q5s,RAISE,green,4,UO/25-40/BTN.png,VERIFIED_BY_COLOR_GRID
UO,25-40,BTN,Q4s,RAISE,green,4,UO/25-40/BTN.png,VERIFIED_BY_COLOR_GRID
UO,25-40,BTN,Q3s,RAISE,green,4,UO/25-40/BTN.png,VERIFIED_BY_COLOR_GRID
UO,25-40,BTN,Q2s,RAISE,green,4,UO/25-40/BTN.png,VERIFIED_BY_COLOR_GRID
UO,25-40,BTN,AJo,RAISE,green,12,UO/25-40/BTN.png,VERIFIED_BY_COLOR_GRID
UO,25-40,BTN,KJo,RAISE,green,12,UO/25-40/BTN.png,VERIFIED_BY_COLOR_GRID
UO,25-40,BTN,QJo,RAISE,green,12,UO/25-40/BTN.png,VERIFIED_BY_COLOR_GRID
UO,25-40,BTN,JJ,RAISE,green,6,UO/25-40/BTN.png,VERIFIED_BY_COLOR_GRID
UO,25-40,BTN,JTs,RAISE,green,4,UO/25-40/BTN.png,VERIFIED_BY_COLOR_GRID
UO,25-40,BTN,J9s,RAISE,green,4,UO/25-40/BTN.png,VERIFIED_BY_COLOR_GRID
UO,25-40,BTN,J8s,RAISE,green,4,UO/25-40/BTN.png,VERIFIED_BY_COLOR_GRID
UO,25-40,BTN,J7s,RAISE,green,4,UO/25-40/BTN.png,VERIFIED_BY_COLOR_GRID
UO,25-40,BTN,J6s,RAISE,green,4,UO/25-40/BTN.png,VERIFIED_BY_COLOR_GRID
UO,25-40,BTN,J5s,RAISE,green,4,UO/25-40/BTN.png,VERIFIED_BY_COLOR_GRID
UO,25-40,BTN,J4s,RAISE,green,4,UO/25-40/BTN.png,VERIFIED_BY_COLOR_GRID
UO,25-40,BTN,J3s,RAISE,green,4,UO/25-40/BTN.png,VERIFIED_BY_COLOR_GRID
UO,25-40,BTN,J2s,RAISE,green,4,UO/25-40/BTN.png,VERIFIED_BY_COLOR_GRID
UO,25-40,BTN,ATo,RAISE,green,12,UO/25-40/BTN.png,VERIFIED_BY_COLOR_GRID
UO,25-40,BTN,KTo,RAISE,green,12,UO/25-40/BTN.png,VERIFIED_BY_COLOR_GRID
UO,25-40,BTN,QTo,RAISE,green,12,UO/25-40/BTN.png,VERIFIED_BY_COLOR_GRID
UO,25-40,BTN,JTo,RAISE,green,12,UO/25-40/BTN.png,VERIFIED_BY_COLOR_GRID
UO,25-40,BTN,TT,RAISE,green,6,UO/25-40/BTN.png,VERIFIED_BY_COLOR_GRID
UO,25-40,BTN,T9s,RAISE,green,4,UO/25-40/BTN.png,VERIFIED_BY_COLOR_GRID
UO,25-40,BTN,T8s,RAISE,green,4,UO/25-40/BTN.png,VERIFIED_BY_COLOR_GRID
UO,25-40,BTN,T7s,RAISE,green,4,UO/25-40/BTN.png,VERIFIED_BY_COLOR_GRID
UO,25-40,BTN,T6s,RAISE,green,4,UO/25-40/BTN.png,VERIFIED_BY_COLOR_GRID
UO,25-40,BTN,T5s,RAISE,green,4,UO/25-40/BTN.png,VERIFIED_BY_COLOR_GRID
UO,25-40,BTN,T4s,RAISE,green,4,UO/25-40/BTN.png,VERIFIED_BY_COLOR_GRID
UO,25-40,BTN,T3s,RAISE,green,4,UO/25-40/BTN.png,VERIFIED_BY_COLOR_GRID
UO,25-40,BTN,T2s,RAISE,green,4,UO/25-40/BTN.png,VERIFIED_BY_COLOR_GRID
UO,25-40,BTN,A9o,RAISE,green,12,UO/25-40/BTN.png,VERIFIED_BY_COLOR_GRID
UO,25-40,BTN,K9o,RAISE,green,12,UO/25-40/BTN.png,VERIFIED_BY_COLOR_GRID
UO,25-40,BTN,Q9o,RAISE,green,12,UO/25-40/BTN.png,VERIFIED_BY_COLOR_GRID
UO,25-40,BTN,J9o,RAISE,green,12,UO/25-40/BTN.png,VERIFIED_BY_COLOR_GRID
UO,25-40,BTN,T9o,RAISE,green,12,UO/25-40/BTN.png,VERIFIED_BY_COLOR_GRID
UO,25-40,BTN,99,RAISE,green,6,UO/25-40/BTN.png,VERIFIED_BY_COLOR_GRID
UO,25-40,BTN,98s,RAISE,green,4,UO/25-40/BTN.png,VERIFIED_BY_COLOR_GRID
UO,25-40,BTN,97s,RAISE,green,4,UO/25-40/BTN.png,VERIFIED_BY_COLOR_GRID
UO,25-40,BTN,96s,RAISE,green,4,UO/25-40/BTN.png,VERIFIED_BY_COLOR_GRID
UO,25-40,BTN,95s,RAISE,green,4,UO/25-40/BTN.png,VERIFIED_BY_COLOR_GRID
UO,25-40,BTN,94s,RAISE,green,4,UO/25-40/BTN.png,VERIFIED_BY_COLOR_GRID
UO,25-40,BTN,93s,RAISE,green,4,UO/25-40/BTN.png,VERIFIED_BY_COLOR_GRID
UO,25-40,BTN,92s,RAISE,green,4,UO/25-40/BTN.png,VERIFIED_BY_COLOR_GRID
UO,25-40,BTN,A8o,RAISE,green,12,UO/25-40/BTN.png,VERIFIED_BY_COLOR_GRID
UO,25-40,BTN,K8o,RAISE,green,12,UO/25-40/BTN.png,VERIFIED_BY_COLOR_GRID
UO,25-40,BTN,Q8o,RAISE,green,12,UO/25-40/BTN.png,VERIFIED_BY_COLOR_GRID
UO,25-40,BTN,J8o,RAISE,green,12,UO/25-40/BTN.png,VERIFIED_BY_COLOR_GRID
UO,25-40,BTN,T8o,RAISE,green,12,UO/25-40/BTN.png,VERIFIED_BY_COLOR_GRID
UO,25-40,BTN,98o,RAISE,green,12,UO/25-40/BTN.png,VERIFIED_BY_COLOR_GRID
UO,25-40,BTN,88,RAISE,green,6,UO/25-40/BTN.png,VERIFIED_BY_COLOR_GRID
UO,25-40,BTN,87s,RAISE,green,4,UO/25-40/BTN.png,VERIFIED_BY_COLOR_GRID
UO,25-40,BTN,86s,RAISE,green,4,UO/25-40/BTN.png,VERIFIED_BY_COLOR_GRID
UO,25-40,BTN,85s,RAISE,green,4,UO/25-40/BTN.png,VERIFIED_BY_COLOR_GRID
UO,25-40,BTN,84s,RAISE,green,4,UO/25-40/BTN.png,VERIFIED_BY_COLOR_GRID
UO,25-40,BTN,83s,RAISE,green,4,UO/25-40/BTN.png,VERIFIED_BY_COLOR_GRID
UO,25-40,BTN,82s,RAISE,green,4,UO/25-40/BTN.png,VERIFIED_BY_COLOR_GRID
UO,25-40,BTN,A7o,RAISE,green,12,UO/25-40/BTN.png,VERIFIED_BY_COLOR_GRID
UO,25-40,BTN,K7o,RAISE,green,12,UO/25-40/BTN.png,VERIFIED_BY_COLOR_GRID
UO,25-40,BTN,Q7o,LOW_PLAYABILITY,cyan,12,UO/25-40/BTN.png,VERIFIED_BY_COLOR_GRID
UO,25-40,BTN,J7o,LOW_PLAYABILITY,cyan,12,UO/25-40/BTN.png,VERIFIED_BY_COLOR_GRID
UO,25-40,BTN,T7o,LOW_PLAYABILITY,cyan,12,UO/25-40/BTN.png,VERIFIED_BY_COLOR_GRID
UO,25-40,BTN,97o,LOW_PLAYABILITY,cyan,12,UO/25-40/BTN.png,VERIFIED_BY_COLOR_GRID
UO,25-40,BTN,87o,RAISE,green,12,UO/25-40/BTN.png,VERIFIED_BY_COLOR_GRID
UO,25-40,BTN,77,RAISE,green,6,UO/25-40/BTN.png,VERIFIED_BY_COLOR_GRID
UO,25-40,BTN,76s,RAISE,green,4,UO/25-40/BTN.png,VERIFIED_BY_COLOR_GRID
UO,25-40,BTN,75s,RAISE,green,4,UO/25-40/BTN.png,VERIFIED_BY_COLOR_GRID
UO,25-40,BTN,74s,RAISE,green,4,UO/25-40/BTN.png,VERIFIED_BY_COLOR_GRID
UO,25-40,BTN,73s,RAISE,green,4,UO/25-40/BTN.png,VERIFIED_BY_COLOR_GRID
UO,25-40,BTN,72s,RAISE,green,4,UO/25-40/BTN.png,VERIFIED_BY_COLOR_GRID
UO,25-40,BTN,A6o,RAISE,green,12,UO/25-40/BTN.png,VERIFIED_BY_COLOR_GRID
UO,25-40,BTN,K6o,RAISE,green,12,UO/25-40/BTN.png,VERIFIED_BY_COLOR_GRID
UO,25-40,BTN,Q6o,LOW_PLAYABILITY,cyan,12,UO/25-40/BTN.png,VERIFIED_BY_COLOR_GRID
UO,25-40,BTN,J6o,LOW_PLAYABILITY,cyan,12,UO/25-40/BTN.png,VERIFIED_BY_COLOR_GRID
UO,25-40,BTN,T6o,LOW_PLAYABILITY,cyan,12,UO/25-40/BTN.png,VERIFIED_BY_COLOR_GRID
UO,25-40,BTN,96o,LOW_PLAYABILITY,cyan,12,UO/25-40/BTN.png,VERIFIED_BY_COLOR_GRID
UO,25-40,BTN,86o,LOW_PLAYABILITY,cyan,12,UO/25-40/BTN.png,VERIFIED_BY_COLOR_GRID
UO,25-40,BTN,76o,RAISE,green,12,UO/25-40/BTN.png,VERIFIED_BY_COLOR_GRID
UO,25-40,BTN,66,RAISE,green,6,UO/25-40/BTN.png,VERIFIED_BY_COLOR_GRID
UO,25-40,BTN,65s,RAISE,green,4,UO/25-40/BTN.png,VERIFIED_BY_COLOR_GRID
UO,25-40,BTN,64s,RAISE,green,4,UO/25-40/BTN.png,VERIFIED_BY_COLOR_GRID
UO,25-40,BTN,63s,RAISE,green,4,UO/25-40/BTN.png,VERIFIED_BY_COLOR_GRID
UO,25-40,BTN,62s,RAISE,green,4,UO/25-40/BTN.png,VERIFIED_BY_COLOR_GRID
UO,25-40,BTN,A5o,RAISE,green,12,UO/25-40/BTN.png,VERIFIED_BY_COLOR_GRID
UO,25-40,BTN,K5o,RAISE,green,12,UO/25-40/BTN.png,VERIFIED_BY_COLOR_GRID
UO,25-40,BTN,Q5o,LOW_PLAYABILITY,cyan,12,UO/25-40/BTN.png,VERIFIED_BY_COLOR_GRID
UO,25-40,BTN,J5o,LOW_PLAYABILITY,cyan,12,UO/25-40/BTN.png,VERIFIED_BY_COLOR_GRID
UO,25-40,BTN,T5o,LOW_PLAYABILITY,cyan,12,UO/25-40/BTN.png,VERIFIED_BY_COLOR_GRID
UO,25-40,BTN,95o,LOW_PLAYABILITY,cyan,12,UO/25-40/BTN.png,VERIFIED_BY_COLOR_GRID
UO,25-40,BTN,85o,LOW_PLAYABILITY,cyan,12,UO/25-40/BTN.png,VERIFIED_BY_COLOR_GRID
UO,25-40,BTN,75o,LOW_PLAYABILITY,cyan,12,UO/25-40/BTN.png,VERIFIED_BY_COLOR_GRID
UO,25-40,BTN,65o,RAISE,green,12,UO/25-40/BTN.png,VERIFIED_BY_COLOR_GRID
UO,25-40,BTN,55,RAISE,green,6,UO/25-40/BTN.png,VERIFIED_BY_COLOR_GRID
UO,25-40,BTN,54s,RAISE,green,4,UO/25-40/BTN.png,VERIFIED_BY_COLOR_GRID
UO,25-40,BTN,53s,RAISE,green,4,UO/25-40/BTN.png,VERIFIED_BY_COLOR_GRID
UO,25-40,BTN,52s,RAISE,green,4,UO/25-40/BTN.png,VERIFIED_BY_COLOR_GRID
UO,25-40,BTN,A4o,RAISE,green,12,UO/25-40/BTN.png,VERIFIED_BY_COLOR_GRID
UO,25-40,BTN,K4o,LOW_PLAYABILITY,cyan,12,UO/25-40/BTN.png,VERIFIED_BY_COLOR_GRID
UO,25-40,BTN,Q4o,LOW_PLAYABILITY,cyan,12,UO/25-40/BTN.png,VERIFIED_BY_COLOR_GRID
UO,25-40,BTN,J4o,LOW_PLAYABILITY,cyan,12,UO/25-40/BTN.png,VERIFIED_BY_COLOR_GRID
UO,25-40,BTN,T4o,LOW_PLAYABILITY,cyan,12,UO/25-40/BTN.png,VERIFIED_BY_COLOR_GRID
UO,25-40,BTN,94o,LOW_PLAYABILITY,cyan,12,UO/25-40/BTN.png,VERIFIED_BY_COLOR_GRID
UO,25-40,BTN,84o,LOW_PLAYABILITY,cyan,12,UO/25-40/BTN.png,VERIFIED_BY_COLOR_GRID
UO,25-40,BTN,74o,LOW_PLAYABILITY,cyan,12,UO/25-40/BTN.png,VERIFIED_BY_COLOR_GRID
UO,25-40,BTN,64o,LOW_PLAYABILITY,cyan,12,UO/25-40/BTN.png,VERIFIED_BY_COLOR_GRID
UO,25-40,BTN,54o,LOW_PLAYABILITY,cyan,12,UO/25-40/BTN.png,VERIFIED_BY_COLOR_GRID
UO,25-40,BTN,44,RAISE,green,6,UO/25-40/BTN.png,VERIFIED_BY_COLOR_GRID
UO,25-40,BTN,43s,RAISE,green,4,UO/25-40/BTN.png,VERIFIED_BY_COLOR_GRID
UO,25-40,BTN,42s,RAISE,green,4,UO/25-40/BTN.png,VERIFIED_BY_COLOR_GRID
UO,25-40,BTN,A3o,RAISE,green,12,UO/25-40/BTN.png,VERIFIED_BY_COLOR_GRID
UO,25-40,BTN,K3o,LOW_PLAYABILITY,cyan,12,UO/25-40/BTN.png,VERIFIED_BY_COLOR_GRID
UO,25-40,BTN,Q3o,LOW_PLAYABILITY,cyan,12,UO/25-40/BTN.png,VERIFIED_BY_COLOR_GRID
UO,25-40,BTN,J3o,LOW_PLAYABILITY,cyan,12,UO/25-40/BTN.png,VERIFIED_BY_COLOR_GRID
UO,25-40,BTN,T3o,LOW_PLAYABILITY,cyan,12,UO/25-40/BTN.png,VERIFIED_BY_COLOR_GRID
UO,25-40,BTN,93o,LOW_PLAYABILITY,cyan,12,UO/25-40/BTN.png,VERIFIED_BY_COLOR_GRID
UO,25-40,BTN,83o,LOW_PLAYABILITY,cyan,12,UO/25-40/BTN.png,VERIFIED_BY_COLOR_GRID
UO,25-40,BTN,73o,LOW_PLAYABILITY,cyan,12,UO/25-40/BTN.png,VERIFIED_BY_COLOR_GRID
UO,25-40,BTN,63o,LOW_PLAYABILITY,cyan,12,UO/25-40/BTN.png,VERIFIED_BY_COLOR_GRID
UO,25-40,BTN,53o,LOW_PLAYABILITY,cyan,12,UO/25-40/BTN.png,VERIFIED_BY_COLOR_GRID
UO,25-40,BTN,43o,LOW_PLAYABILITY,cyan,12,UO/25-40/BTN.png,VERIFIED_BY_COLOR_GRID
UO,25-40,BTN,33,RAISE,green,6,UO/25-40/BTN.png,VERIFIED_BY_COLOR_GRID
UO,25-40,BTN,32s,RAISE,green,4,UO/25-40/BTN.png,VERIFIED_BY_COLOR_GRID
UO,25-40,BTN,A2o,RAISE,green,12,UO/25-40/BTN.png,VERIFIED_BY_COLOR_GRID
UO,25-40,BTN,K2o,LOW_PLAYABILITY,cyan,12,UO/25-40/BTN.png,VERIFIED_BY_COLOR_GRID
UO,25-40,BTN,Q2o,LOW_PLAYABILITY,cyan,12,UO/25-40/BTN.png,VERIFIED_BY_COLOR_GRID
UO,25-40,BTN,J2o,LOW_PLAYABILITY,cyan,12,UO/25-40/BTN.png,VERIFIED_BY_COLOR_GRID
UO,25-40,BTN,T2o,LOW_PLAYABILITY,cyan,12,UO/25-40/BTN.png,VERIFIED_BY_COLOR_GRID
UO,25-40,BTN,92o,LOW_PLAYABILITY,cyan,12,UO/25-40/BTN.png,VERIFIED_BY_COLOR_GRID
UO,25-40,BTN,82o,LOW_PLAYABILITY,cyan,12,UO/25-40/BTN.png,VERIFIED_BY_COLOR_GRID
UO,25-40,BTN,72o,LOW_PLAYABILITY,cyan,12,UO/25-40/BTN.png,VERIFIED_BY_COLOR_GRID
UO,25-40,BTN,62o,LOW_PLAYABILITY,cyan,12,UO/25-40/BTN.png,VERIFIED_BY_COLOR_GRID
UO,25-40,BTN,52o,LOW_PLAYABILITY,cyan,12,UO/25-40/BTN.png,VERIFIED_BY_COLOR_GRID
UO,25-40,BTN,42o,LOW_PLAYABILITY,cyan,12,UO/25-40/BTN.png,VERIFIED_BY_COLOR_GRID
UO,25-40,BTN,32o,LOW_PLAYABILITY,cyan,12,UO/25-40/BTN.png,VERIFIED_BY_COLOR_GRID
UO,25-40,BTN,22,RAISE,green,6,UO/25-40/BTN.png,VERIFIED_BY_COLOR_GRID
UO,40+,EP,AA,RAISE,green,6,UO/40+/EP.png,VERIFIED_BY_COLOR_GRID
UO,40+,EP,AKs,RAISE,green,4,UO/40+/EP.png,VERIFIED_BY_COLOR_GRID
UO,40+,EP,AQs,RAISE,green,4,UO/40+/EP.png,VERIFIED_BY_COLOR_GRID
UO,40+,EP,AJs,RAISE,green,4,UO/40+/EP.png,VERIFIED_BY_COLOR_GRID
UO,40+,EP,ATs,RAISE,green,4,UO/40+/EP.png,VERIFIED_BY_COLOR_GRID
UO,40+,EP,A9s,RAISE,green,4,UO/40+/EP.png,VERIFIED_BY_COLOR_GRID
UO,40+,EP,A8s,RAISE,green,4,UO/40+/EP.png,VERIFIED_BY_COLOR_GRID
UO,40+,EP,A7s,RAISE,green,4,UO/40+/EP.png,VERIFIED_BY_COLOR_GRID
UO,40+,EP,A6s,LOW_PLAYABILITY,cyan,4,UO/40+/EP.png,VERIFIED_BY_COLOR_GRID
UO,40+,EP,A5s,LOW_PLAYABILITY,cyan,4,UO/40+/EP.png,VERIFIED_BY_COLOR_GRID
UO,40+,EP,A4s,LOW_PLAYABILITY,cyan,4,UO/40+/EP.png,VERIFIED_BY_COLOR_GRID
UO,40+,EP,A3s,LOW_PLAYABILITY,cyan,4,UO/40+/EP.png,VERIFIED_BY_COLOR_GRID
UO,40+,EP,A2s,LOW_PLAYABILITY,cyan,4,UO/40+/EP.png,VERIFIED_BY_COLOR_GRID
UO,40+,EP,AKo,RAISE,green,12,UO/40+/EP.png,VERIFIED_BY_COLOR_GRID
UO,40+,EP,KK,RAISE,green,6,UO/40+/EP.png,VERIFIED_BY_COLOR_GRID
UO,40+,EP,KQs,RAISE,green,4,UO/40+/EP.png,VERIFIED_BY_COLOR_GRID
UO,40+,EP,KJs,RAISE,green,4,UO/40+/EP.png,VERIFIED_BY_COLOR_GRID
UO,40+,EP,KTs,RAISE,green,4,UO/40+/EP.png,VERIFIED_BY_COLOR_GRID
UO,40+,EP,K9s,RAISE,green,4,UO/40+/EP.png,VERIFIED_BY_COLOR_GRID
UO,40+,EP,K8s,UNSELECTED,gray,4,UO/40+/EP.png,VERIFIED_BY_COLOR_GRID
UO,40+,EP,K7s,UNSELECTED,gray,4,UO/40+/EP.png,VERIFIED_BY_COLOR_GRID
UO,40+,EP,K6s,UNSELECTED,gray,4,UO/40+/EP.png,VERIFIED_BY_COLOR_GRID
UO,40+,EP,K5s,UNSELECTED,gray,4,UO/40+/EP.png,VERIFIED_BY_COLOR_GRID
UO,40+,EP,K4s,UNSELECTED,gray,4,UO/40+/EP.png,VERIFIED_BY_COLOR_GRID
UO,40+,EP,K3s,UNSELECTED,gray,4,UO/40+/EP.png,VERIFIED_BY_COLOR_GRID
UO,40+,EP,K2s,UNSELECTED,gray,4,UO/40+/EP.png,VERIFIED_BY_COLOR_GRID
UO,40+,EP,AQo,RAISE,green,12,UO/40+/EP.png,VERIFIED_BY_COLOR_GRID
UO,40+,EP,KQo,RAISE,green,12,UO/40+/EP.png,VERIFIED_BY_COLOR_GRID
UO,40+,EP,QQ,RAISE,green,6,UO/40+/EP.png,VERIFIED_BY_COLOR_GRID
UO,40+,EP,QJs,RAISE,green,4,UO/40+/EP.png,VERIFIED_BY_COLOR_GRID
UO,40+,EP,QTs,RAISE,green,4,UO/40+/EP.png,VERIFIED_BY_COLOR_GRID
UO,40+,EP,Q9s,RAISE,green,4,UO/40+/EP.png,VERIFIED_BY_COLOR_GRID
UO,40+,EP,Q8s,UNSELECTED,gray,4,UO/40+/EP.png,VERIFIED_BY_COLOR_GRID
UO,40+,EP,Q7s,UNSELECTED,gray,4,UO/40+/EP.png,VERIFIED_BY_COLOR_GRID
UO,40+,EP,Q6s,UNSELECTED,gray,4,UO/40+/EP.png,VERIFIED_BY_COLOR_GRID
UO,40+,EP,Q5s,UNSELECTED,gray,4,UO/40+/EP.png,VERIFIED_BY_COLOR_GRID
UO,40+,EP,Q4s,UNSELECTED,gray,4,UO/40+/EP.png,VERIFIED_BY_COLOR_GRID
UO,40+,EP,Q3s,UNSELECTED,gray,4,UO/40+/EP.png,VERIFIED_BY_COLOR_GRID
UO,40+,EP,Q2s,UNSELECTED,gray,4,UO/40+/EP.png,VERIFIED_BY_COLOR_GRID
UO,40+,EP,AJo,RAISE,green,12,UO/40+/EP.png,VERIFIED_BY_COLOR_GRID
UO,40+,EP,KJo,RAISE,green,12,UO/40+/EP.png,VERIFIED_BY_COLOR_GRID
UO,40+,EP,QJo,LOW_PLAYABILITY,cyan,12,UO/40+/EP.png,VERIFIED_BY_COLOR_GRID
UO,40+,EP,JJ,RAISE,green,6,UO/40+/EP.png,VERIFIED_BY_COLOR_GRID
UO,40+,EP,JTs,RAISE,green,4,UO/40+/EP.png,VERIFIED_BY_COLOR_GRID
UO,40+,EP,J9s,LOW_PLAYABILITY,cyan,4,UO/40+/EP.png,VERIFIED_BY_COLOR_GRID
UO,40+,EP,J8s,UNSELECTED,gray,4,UO/40+/EP.png,VERIFIED_BY_COLOR_GRID
UO,40+,EP,J7s,UNSELECTED,gray,4,UO/40+/EP.png,VERIFIED_BY_COLOR_GRID
UO,40+,EP,J6s,UNSELECTED,gray,4,UO/40+/EP.png,VERIFIED_BY_COLOR_GRID
UO,40+,EP,J5s,UNSELECTED,gray,4,UO/40+/EP.png,VERIFIED_BY_COLOR_GRID
UO,40+,EP,J4s,UNSELECTED,gray,4,UO/40+/EP.png,VERIFIED_BY_COLOR_GRID
UO,40+,EP,J3s,UNSELECTED,gray,4,UO/40+/EP.png,VERIFIED_BY_COLOR_GRID
UO,40+,EP,J2s,UNSELECTED,gray,4,UO/40+/EP.png,VERIFIED_BY_COLOR_GRID
UO,40+,EP,ATo,RAISE,green,12,UO/40+/EP.png,VERIFIED_BY_COLOR_GRID
UO,40+,EP,KTo,LOW_PLAYABILITY,cyan,12,UO/40+/EP.png,VERIFIED_BY_COLOR_GRID
UO,40+,EP,QTo,LOW_PLAYABILITY,cyan,12,UO/40+/EP.png,VERIFIED_BY_COLOR_GRID
UO,40+,EP,JTo,RAISE,green,12,UO/40+/EP.png,VERIFIED_BY_COLOR_GRID
UO,40+,EP,TT,RAISE,green,6,UO/40+/EP.png,VERIFIED_BY_COLOR_GRID
UO,40+,EP,T9s,LOW_PLAYABILITY,cyan,4,UO/40+/EP.png,VERIFIED_BY_COLOR_GRID
UO,40+,EP,T8s,UNSELECTED,gray,4,UO/40+/EP.png,VERIFIED_BY_COLOR_GRID
UO,40+,EP,T7s,UNSELECTED,gray,4,UO/40+/EP.png,VERIFIED_BY_COLOR_GRID
UO,40+,EP,T6s,UNSELECTED,gray,4,UO/40+/EP.png,VERIFIED_BY_COLOR_GRID
UO,40+,EP,T5s,UNSELECTED,gray,4,UO/40+/EP.png,VERIFIED_BY_COLOR_GRID
UO,40+,EP,T4s,UNSELECTED,gray,4,UO/40+/EP.png,VERIFIED_BY_COLOR_GRID
UO,40+,EP,T3s,UNSELECTED,gray,4,UO/40+/EP.png,VERIFIED_BY_COLOR_GRID
UO,40+,EP,T2s,UNSELECTED,gray,4,UO/40+/EP.png,VERIFIED_BY_COLOR_GRID
UO,40+,EP,A9o,LOW_PLAYABILITY,cyan,12,UO/40+/EP.png,VERIFIED_BY_COLOR_GRID
UO,40+,EP,K9o,LOW_PLAYABILITY,cyan,12,UO/40+/EP.png,VERIFIED_BY_COLOR_GRID
UO,40+,EP,Q9o,UNSELECTED,gray,12,UO/40+/EP.png,VERIFIED_BY_COLOR_GRID
UO,40+,EP,J9o,UNSELECTED,gray,12,UO/40+/EP.png,VERIFIED_BY_COLOR_GRID
UO,40+,EP,T9o,RAISE,green,12,UO/40+/EP.png,VERIFIED_BY_COLOR_GRID
UO,40+,EP,99,RAISE,green,6,UO/40+/EP.png,VERIFIED_BY_COLOR_GRID
UO,40+,EP,98s,LOW_PLAYABILITY,cyan,4,UO/40+/EP.png,VERIFIED_BY_COLOR_GRID
UO,40+,EP,97s,UNSELECTED,gray,4,UO/40+/EP.png,VERIFIED_BY_COLOR_GRID
UO,40+,EP,96s,UNSELECTED,gray,4,UO/40+/EP.png,VERIFIED_BY_COLOR_GRID
UO,40+,EP,95s,UNSELECTED,gray,4,UO/40+/EP.png,VERIFIED_BY_COLOR_GRID
UO,40+,EP,94s,UNSELECTED,gray,4,UO/40+/EP.png,VERIFIED_BY_COLOR_GRID
UO,40+,EP,93s,UNSELECTED,gray,4,UO/40+/EP.png,VERIFIED_BY_COLOR_GRID
UO,40+,EP,92s,UNSELECTED,gray,4,UO/40+/EP.png,VERIFIED_BY_COLOR_GRID
UO,40+,EP,A8o,LOW_PLAYABILITY,cyan,12,UO/40+/EP.png,VERIFIED_BY_COLOR_GRID
UO,40+,EP,K8o,UNSELECTED,gray,12,UO/40+/EP.png,VERIFIED_BY_COLOR_GRID
UO,40+,EP,Q8o,UNSELECTED,gray,12,UO/40+/EP.png,VERIFIED_BY_COLOR_GRID
UO,40+,EP,J8o,UNSELECTED,gray,12,UO/40+/EP.png,VERIFIED_BY_COLOR_GRID
UO,40+,EP,T8o,UNSELECTED,gray,12,UO/40+/EP.png,VERIFIED_BY_COLOR_GRID
UO,40+,EP,98o,RAISE,green,12,UO/40+/EP.png,VERIFIED_BY_COLOR_GRID
UO,40+,EP,88,RAISE,green,6,UO/40+/EP.png,VERIFIED_BY_COLOR_GRID
UO,40+,EP,87s,UNSELECTED,gray,4,UO/40+/EP.png,VERIFIED_BY_COLOR_GRID
UO,40+,EP,86s,UNSELECTED,gray,4,UO/40+/EP.png,VERIFIED_BY_COLOR_GRID
UO,40+,EP,85s,UNSELECTED,gray,4,UO/40+/EP.png,VERIFIED_BY_COLOR_GRID
UO,40+,EP,84s,UNSELECTED,gray,4,UO/40+/EP.png,VERIFIED_BY_COLOR_GRID
UO,40+,EP,83s,UNSELECTED,gray,4,UO/40+/EP.png,VERIFIED_BY_COLOR_GRID
UO,40+,EP,82s,UNSELECTED,gray,4,UO/40+/EP.png,VERIFIED_BY_COLOR_GRID
UO,40+,EP,A7o,UNSELECTED,gray,12,UO/40+/EP.png,VERIFIED_BY_COLOR_GRID
UO,40+,EP,K7o,UNSELECTED,gray,12,UO/40+/EP.png,VERIFIED_BY_COLOR_GRID
UO,40+,EP,Q7o,UNSELECTED,gray,12,UO/40+/EP.png,VERIFIED_BY_COLOR_GRID
UO,40+,EP,J7o,UNSELECTED,gray,12,UO/40+/EP.png,VERIFIED_BY_COLOR_GRID
UO,40+,EP,T7o,UNSELECTED,gray,12,UO/40+/EP.png,VERIFIED_BY_COLOR_GRID
UO,40+,EP,97o,UNSELECTED,gray,12,UO/40+/EP.png,VERIFIED_BY_COLOR_GRID
UO,40+,EP,87o,RAISE,green,12,UO/40+/EP.png,VERIFIED_BY_COLOR_GRID
UO,40+,EP,77,RAISE,green,6,UO/40+/EP.png,VERIFIED_BY_COLOR_GRID
UO,40+,EP,76s,UNSELECTED,gray,4,UO/40+/EP.png,VERIFIED_BY_COLOR_GRID
UO,40+,EP,75s,UNSELECTED,gray,4,UO/40+/EP.png,VERIFIED_BY_COLOR_GRID
UO,40+,EP,74s,UNSELECTED,gray,4,UO/40+/EP.png,VERIFIED_BY_COLOR_GRID
UO,40+,EP,73s,UNSELECTED,gray,4,UO/40+/EP.png,VERIFIED_BY_COLOR_GRID
UO,40+,EP,72s,UNSELECTED,gray,4,UO/40+/EP.png,VERIFIED_BY_COLOR_GRID
UO,40+,EP,A6o,UNSELECTED,gray,12,UO/40+/EP.png,VERIFIED_BY_COLOR_GRID
UO,40+,EP,K6o,UNSELECTED,gray,12,UO/40+/EP.png,VERIFIED_BY_COLOR_GRID
UO,40+,EP,Q6o,UNSELECTED,gray,12,UO/40+/EP.png,VERIFIED_BY_COLOR_GRID
UO,40+,EP,J6o,UNSELECTED,gray,12,UO/40+/EP.png,VERIFIED_BY_COLOR_GRID
UO,40+,EP,T6o,UNSELECTED,gray,12,UO/40+/EP.png,VERIFIED_BY_COLOR_GRID
UO,40+,EP,96o,UNSELECTED,gray,12,UO/40+/EP.png,VERIFIED_BY_COLOR_GRID
UO,40+,EP,86o,UNSELECTED,gray,12,UO/40+/EP.png,VERIFIED_BY_COLOR_GRID
UO,40+,EP,76o,RAISE,green,12,UO/40+/EP.png,VERIFIED_BY_COLOR_GRID
UO,40+,EP,66,RAISE,green,6,UO/40+/EP.png,VERIFIED_BY_COLOR_GRID
UO,40+,EP,65s,UNSELECTED,gray,4,UO/40+/EP.png,VERIFIED_BY_COLOR_GRID
UO,40+,EP,64s,UNSELECTED,gray,4,UO/40+/EP.png,VERIFIED_BY_COLOR_GRID
UO,40+,EP,63s,UNSELECTED,gray,4,UO/40+/EP.png,VERIFIED_BY_COLOR_GRID
UO,40+,EP,62s,UNSELECTED,gray,4,UO/40+/EP.png,VERIFIED_BY_COLOR_GRID
UO,40+,EP,A5o,UNSELECTED,gray,12,UO/40+/EP.png,VERIFIED_BY_COLOR_GRID
UO,40+,EP,K5o,UNSELECTED,gray,12,UO/40+/EP.png,VERIFIED_BY_COLOR_GRID
UO,40+,EP,Q5o,UNSELECTED,gray,12,UO/40+/EP.png,VERIFIED_BY_COLOR_GRID
UO,40+,EP,J5o,UNSELECTED,gray,12,UO/40+/EP.png,VERIFIED_BY_COLOR_GRID
UO,40+,EP,T5o,UNSELECTED,gray,12,UO/40+/EP.png,VERIFIED_BY_COLOR_GRID
UO,40+,EP,95o,UNSELECTED,gray,12,UO/40+/EP.png,VERIFIED_BY_COLOR_GRID
UO,40+,EP,85o,UNSELECTED,gray,12,UO/40+/EP.png,VERIFIED_BY_COLOR_GRID
UO,40+,EP,75o,UNSELECTED,gray,12,UO/40+/EP.png,VERIFIED_BY_COLOR_GRID
UO,40+,EP,65o,RAISE,green,12,UO/40+/EP.png,VERIFIED_BY_COLOR_GRID
UO,40+,EP,55,RAISE,green,6,UO/40+/EP.png,VERIFIED_BY_COLOR_GRID
UO,40+,EP,54s,UNSELECTED,gray,4,UO/40+/EP.png,VERIFIED_BY_COLOR_GRID
UO,40+,EP,53s,UNSELECTED,gray,4,UO/40+/EP.png,VERIFIED_BY_COLOR_GRID
UO,40+,EP,52s,UNSELECTED,gray,4,UO/40+/EP.png,VERIFIED_BY_COLOR_GRID
UO,40+,EP,A4o,UNSELECTED,gray,12,UO/40+/EP.png,VERIFIED_BY_COLOR_GRID
UO,40+,EP,K4o,UNSELECTED,gray,12,UO/40+/EP.png,VERIFIED_BY_COLOR_GRID
UO,40+,EP,Q4o,UNSELECTED,gray,12,UO/40+/EP.png,VERIFIED_BY_COLOR_GRID
UO,40+,EP,J4o,UNSELECTED,gray,12,UO/40+/EP.png,VERIFIED_BY_COLOR_GRID
UO,40+,EP,T4o,UNSELECTED,gray,12,UO/40+/EP.png,VERIFIED_BY_COLOR_GRID
UO,40+,EP,94o,UNSELECTED,gray,12,UO/40+/EP.png,VERIFIED_BY_COLOR_GRID
UO,40+,EP,84o,UNSELECTED,gray,12,UO/40+/EP.png,VERIFIED_BY_COLOR_GRID
UO,40+,EP,74o,UNSELECTED,gray,12,UO/40+/EP.png,VERIFIED_BY_COLOR_GRID
UO,40+,EP,64o,UNSELECTED,gray,12,UO/40+/EP.png,VERIFIED_BY_COLOR_GRID
UO,40+,EP,54o,RAISE,green,12,UO/40+/EP.png,VERIFIED_BY_COLOR_GRID
UO,40+,EP,44,RAISE,green,6,UO/40+/EP.png,VERIFIED_BY_COLOR_GRID
UO,40+,EP,43s,UNSELECTED,gray,4,UO/40+/EP.png,VERIFIED_BY_COLOR_GRID
UO,40+,EP,42s,UNSELECTED,gray,4,UO/40+/EP.png,VERIFIED_BY_COLOR_GRID
UO,40+,EP,A3o,UNSELECTED,gray,12,UO/40+/EP.png,VERIFIED_BY_COLOR_GRID
UO,40+,EP,K3o,UNSELECTED,gray,12,UO/40+/EP.png,VERIFIED_BY_COLOR_GRID
UO,40+,EP,Q3o,UNSELECTED,gray,12,UO/40+/EP.png,VERIFIED_BY_COLOR_GRID
UO,40+,EP,J3o,UNSELECTED,gray,12,UO/40+/EP.png,VERIFIED_BY_COLOR_GRID
UO,40+,EP,T3o,UNSELECTED,gray,12,UO/40+/EP.png,VERIFIED_BY_COLOR_GRID
UO,40+,EP,93o,UNSELECTED,gray,12,UO/40+/EP.png,VERIFIED_BY_COLOR_GRID
UO,40+,EP,83o,UNSELECTED,gray,12,UO/40+/EP.png,VERIFIED_BY_COLOR_GRID
UO,40+,EP,73o,UNSELECTED,gray,12,UO/40+/EP.png,VERIFIED_BY_COLOR_GRID
UO,40+,EP,63o,UNSELECTED,gray,12,UO/40+/EP.png,VERIFIED_BY_COLOR_GRID
UO,40+,EP,53o,UNSELECTED,gray,12,UO/40+/EP.png,VERIFIED_BY_COLOR_GRID
UO,40+,EP,43o,RAISE,green,12,UO/40+/EP.png,VERIFIED_BY_COLOR_GRID
UO,40+,EP,33,LOW_PLAYABILITY,cyan,6,UO/40+/EP.png,VERIFIED_BY_COLOR_GRID
UO,40+,EP,32s,UNSELECTED,gray,4,UO/40+/EP.png,VERIFIED_BY_COLOR_GRID
UO,40+,EP,A2o,UNSELECTED,gray,12,UO/40+/EP.png,VERIFIED_BY_COLOR_GRID
UO,40+,EP,K2o,UNSELECTED,gray,12,UO/40+/EP.png,VERIFIED_BY_COLOR_GRID
UO,40+,EP,Q2o,UNSELECTED,gray,12,UO/40+/EP.png,VERIFIED_BY_COLOR_GRID
UO,40+,EP,J2o,UNSELECTED,gray,12,UO/40+/EP.png,VERIFIED_BY_COLOR_GRID
UO,40+,EP,T2o,UNSELECTED,gray,12,UO/40+/EP.png,VERIFIED_BY_COLOR_GRID
UO,40+,EP,92o,UNSELECTED,gray,12,UO/40+/EP.png,VERIFIED_BY_COLOR_GRID
UO,40+,EP,82o,UNSELECTED,gray,12,UO/40+/EP.png,VERIFIED_BY_COLOR_GRID
UO,40+,EP,72o,UNSELECTED,gray,12,UO/40+/EP.png,VERIFIED_BY_COLOR_GRID
UO,40+,EP,62o,UNSELECTED,gray,12,UO/40+/EP.png,VERIFIED_BY_COLOR_GRID
UO,40+,EP,52o,UNSELECTED,gray,12,UO/40+/EP.png,VERIFIED_BY_COLOR_GRID
UO,40+,EP,42o,UNSELECTED,gray,12,UO/40+/EP.png,VERIFIED_BY_COLOR_GRID
UO,40+,EP,32o,LOW_PLAYABILITY,cyan,12,UO/40+/EP.png,VERIFIED_BY_COLOR_GRID
UO,40+,EP,22,LOW_PLAYABILITY,cyan,6,UO/40+/EP.png,VERIFIED_BY_COLOR_GRID
UO,40+,MP,AA,RAISE,green,6,UO/40+/MP.png,VERIFIED_BY_COLOR_GRID
UO,40+,MP,AKs,RAISE,green,4,UO/40+/MP.png,VERIFIED_BY_COLOR_GRID
UO,40+,MP,AQs,RAISE,green,4,UO/40+/MP.png,VERIFIED_BY_COLOR_GRID
UO,40+,MP,AJs,RAISE,green,4,UO/40+/MP.png,VERIFIED_BY_COLOR_GRID
UO,40+,MP,ATs,RAISE,green,4,UO/40+/MP.png,VERIFIED_BY_COLOR_GRID
UO,40+,MP,A9s,RAISE,green,4,UO/40+/MP.png,VERIFIED_BY_COLOR_GRID
UO,40+,MP,A8s,RAISE,green,4,UO/40+/MP.png,VERIFIED_BY_COLOR_GRID
UO,40+,MP,A7s,RAISE,green,4,UO/40+/MP.png,VERIFIED_BY_COLOR_GRID
UO,40+,MP,A6s,RAISE,green,4,UO/40+/MP.png,VERIFIED_BY_COLOR_GRID
UO,40+,MP,A5s,RAISE,green,4,UO/40+/MP.png,VERIFIED_BY_COLOR_GRID
UO,40+,MP,A4s,RAISE,green,4,UO/40+/MP.png,VERIFIED_BY_COLOR_GRID
UO,40+,MP,A3s,RAISE,green,4,UO/40+/MP.png,VERIFIED_BY_COLOR_GRID
UO,40+,MP,A2s,RAISE,green,4,UO/40+/MP.png,VERIFIED_BY_COLOR_GRID
UO,40+,MP,AKo,RAISE,green,12,UO/40+/MP.png,VERIFIED_BY_COLOR_GRID
UO,40+,MP,KK,RAISE,green,6,UO/40+/MP.png,VERIFIED_BY_COLOR_GRID
UO,40+,MP,KQs,RAISE,green,4,UO/40+/MP.png,VERIFIED_BY_COLOR_GRID
UO,40+,MP,KJs,RAISE,green,4,UO/40+/MP.png,VERIFIED_BY_COLOR_GRID
UO,40+,MP,KTs,RAISE,green,4,UO/40+/MP.png,VERIFIED_BY_COLOR_GRID
UO,40+,MP,K9s,RAISE,green,4,UO/40+/MP.png,VERIFIED_BY_COLOR_GRID
UO,40+,MP,K8s,LOW_PLAYABILITY,cyan,4,UO/40+/MP.png,VERIFIED_BY_COLOR_GRID
UO,40+,MP,K7s,UNSELECTED,gray,4,UO/40+/MP.png,VERIFIED_BY_COLOR_GRID
UO,40+,MP,K6s,UNSELECTED,gray,4,UO/40+/MP.png,VERIFIED_BY_COLOR_GRID
UO,40+,MP,K5s,UNSELECTED,gray,4,UO/40+/MP.png,VERIFIED_BY_COLOR_GRID
UO,40+,MP,K4s,UNSELECTED,gray,4,UO/40+/MP.png,VERIFIED_BY_COLOR_GRID
UO,40+,MP,K3s,UNSELECTED,gray,4,UO/40+/MP.png,VERIFIED_BY_COLOR_GRID
UO,40+,MP,K2s,UNSELECTED,gray,4,UO/40+/MP.png,VERIFIED_BY_COLOR_GRID
UO,40+,MP,AQo,RAISE,green,12,UO/40+/MP.png,VERIFIED_BY_COLOR_GRID
UO,40+,MP,KQo,RAISE,green,12,UO/40+/MP.png,VERIFIED_BY_COLOR_GRID
UO,40+,MP,QQ,RAISE,green,6,UO/40+/MP.png,VERIFIED_BY_COLOR_GRID
UO,40+,MP,QJs,RAISE,green,4,UO/40+/MP.png,VERIFIED_BY_COLOR_GRID
UO,40+,MP,QTs,RAISE,green,4,UO/40+/MP.png,VERIFIED_BY_COLOR_GRID
UO,40+,MP,Q9s,RAISE,green,4,UO/40+/MP.png,VERIFIED_BY_COLOR_GRID
UO,40+,MP,Q8s,LOW_PLAYABILITY,cyan,4,UO/40+/MP.png,VERIFIED_BY_COLOR_GRID
UO,40+,MP,Q7s,UNSELECTED,gray,4,UO/40+/MP.png,VERIFIED_BY_COLOR_GRID
UO,40+,MP,Q6s,UNSELECTED,gray,4,UO/40+/MP.png,VERIFIED_BY_COLOR_GRID
UO,40+,MP,Q5s,UNSELECTED,gray,4,UO/40+/MP.png,VERIFIED_BY_COLOR_GRID
UO,40+,MP,Q4s,UNSELECTED,gray,4,UO/40+/MP.png,VERIFIED_BY_COLOR_GRID
UO,40+,MP,Q3s,UNSELECTED,gray,4,UO/40+/MP.png,VERIFIED_BY_COLOR_GRID
UO,40+,MP,Q2s,UNSELECTED,gray,4,UO/40+/MP.png,VERIFIED_BY_COLOR_GRID
UO,40+,MP,AJo,RAISE,green,12,UO/40+/MP.png,VERIFIED_BY_COLOR_GRID
UO,40+,MP,KJo,RAISE,green,12,UO/40+/MP.png,VERIFIED_BY_COLOR_GRID
UO,40+,MP,QJo,RAISE,green,12,UO/40+/MP.png,VERIFIED_BY_COLOR_GRID
UO,40+,MP,JJ,RAISE,green,6,UO/40+/MP.png,VERIFIED_BY_COLOR_GRID
UO,40+,MP,JTs,RAISE,green,4,UO/40+/MP.png,VERIFIED_BY_COLOR_GRID
UO,40+,MP,J9s,RAISE,green,4,UO/40+/MP.png,VERIFIED_BY_COLOR_GRID
UO,40+,MP,J8s,LOW_PLAYABILITY,cyan,4,UO/40+/MP.png,VERIFIED_BY_COLOR_GRID
UO,40+,MP,J7s,UNSELECTED,gray,4,UO/40+/MP.png,VERIFIED_BY_COLOR_GRID
UO,40+,MP,J6s,UNSELECTED,gray,4,UO/40+/MP.png,VERIFIED_BY_COLOR_GRID
UO,40+,MP,J5s,UNSELECTED,gray,4,UO/40+/MP.png,VERIFIED_BY_COLOR_GRID
UO,40+,MP,J4s,UNSELECTED,gray,4,UO/40+/MP.png,VERIFIED_BY_COLOR_GRID
UO,40+,MP,J3s,UNSELECTED,gray,4,UO/40+/MP.png,VERIFIED_BY_COLOR_GRID
UO,40+,MP,J2s,UNSELECTED,gray,4,UO/40+/MP.png,VERIFIED_BY_COLOR_GRID
UO,40+,MP,ATo,RAISE,green,12,UO/40+/MP.png,VERIFIED_BY_COLOR_GRID
UO,40+,MP,KTo,RAISE,green,12,UO/40+/MP.png,VERIFIED_BY_COLOR_GRID
UO,40+,MP,QTo,LOW_PLAYABILITY,cyan,12,UO/40+/MP.png,VERIFIED_BY_COLOR_GRID
UO,40+,MP,JTo,LOW_PLAYABILITY,cyan,12,UO/40+/MP.png,VERIFIED_BY_COLOR_GRID
UO,40+,MP,TT,RAISE,green,6,UO/40+/MP.png,VERIFIED_BY_COLOR_GRID
UO,40+,MP,T9s,RAISE,green,4,UO/40+/MP.png,VERIFIED_BY_COLOR_GRID
UO,40+,MP,T8s,LOW_PLAYABILITY,cyan,4,UO/40+/MP.png,VERIFIED_BY_COLOR_GRID
UO,40+,MP,T7s,UNSELECTED,gray,4,UO/40+/MP.png,VERIFIED_BY_COLOR_GRID
UO,40+,MP,T6s,UNSELECTED,gray,4,UO/40+/MP.png,VERIFIED_BY_COLOR_GRID
UO,40+,MP,T5s,UNSELECTED,gray,4,UO/40+/MP.png,VERIFIED_BY_COLOR_GRID
UO,40+,MP,T4s,UNSELECTED,gray,4,UO/40+/MP.png,VERIFIED_BY_COLOR_GRID
UO,40+,MP,T3s,UNSELECTED,gray,4,UO/40+/MP.png,VERIFIED_BY_COLOR_GRID
UO,40+,MP,T2s,UNSELECTED,gray,4,UO/40+/MP.png,VERIFIED_BY_COLOR_GRID
UO,40+,MP,A9o,RAISE,green,12,UO/40+/MP.png,VERIFIED_BY_COLOR_GRID
UO,40+,MP,K9o,UNSELECTED,gray,12,UO/40+/MP.png,VERIFIED_BY_COLOR_GRID
UO,40+,MP,Q9o,UNSELECTED,gray,12,UO/40+/MP.png,VERIFIED_BY_COLOR_GRID
UO,40+,MP,J9o,UNSELECTED,gray,12,UO/40+/MP.png,VERIFIED_BY_COLOR_GRID
UO,40+,MP,T9o,UNSELECTED,gray,12,UO/40+/MP.png,VERIFIED_BY_COLOR_GRID
UO,40+,MP,99,RAISE,green,6,UO/40+/MP.png,VERIFIED_BY_COLOR_GRID
UO,40+,MP,98s,RAISE,green,4,UO/40+/MP.png,VERIFIED_BY_COLOR_GRID
UO,40+,MP,97s,RAISE,green,4,UO/40+/MP.png,VERIFIED_BY_COLOR_GRID
UO,40+,MP,96s,UNSELECTED,gray,4,UO/40+/MP.png,VERIFIED_BY_COLOR_GRID
UO,40+,MP,95s,UNSELECTED,gray,4,UO/40+/MP.png,VERIFIED_BY_COLOR_GRID
UO,40+,MP,94s,UNSELECTED,gray,4,UO/40+/MP.png,VERIFIED_BY_COLOR_GRID
UO,40+,MP,93s,UNSELECTED,gray,4,UO/40+/MP.png,VERIFIED_BY_COLOR_GRID
UO,40+,MP,92s,UNSELECTED,gray,4,UO/40+/MP.png,VERIFIED_BY_COLOR_GRID
UO,40+,MP,A8o,LOW_PLAYABILITY,cyan,12,UO/40+/MP.png,VERIFIED_BY_COLOR_GRID
UO,40+,MP,K8o,UNSELECTED,gray,12,UO/40+/MP.png,VERIFIED_BY_COLOR_GRID
UO,40+,MP,Q8o,UNSELECTED,gray,12,UO/40+/MP.png,VERIFIED_BY_COLOR_GRID
UO,40+,MP,J8o,UNSELECTED,gray,12,UO/40+/MP.png,VERIFIED_BY_COLOR_GRID
UO,40+,MP,T8o,UNSELECTED,gray,12,UO/40+/MP.png,VERIFIED_BY_COLOR_GRID
UO,40+,MP,98o,UNSELECTED,gray,12,UO/40+/MP.png,VERIFIED_BY_COLOR_GRID
UO,40+,MP,88,RAISE,green,6,UO/40+/MP.png,VERIFIED_BY_COLOR_GRID
UO,40+,MP,87s,RAISE,green,4,UO/40+/MP.png,VERIFIED_BY_COLOR_GRID
UO,40+,MP,86s,LOW_PLAYABILITY,cyan,4,UO/40+/MP.png,VERIFIED_BY_COLOR_GRID
UO,40+,MP,85s,UNSELECTED,gray,4,UO/40+/MP.png,VERIFIED_BY_COLOR_GRID
UO,40+,MP,84s,UNSELECTED,gray,4,UO/40+/MP.png,VERIFIED_BY_COLOR_GRID
UO,40+,MP,83s,UNSELECTED,gray,4,UO/40+/MP.png,VERIFIED_BY_COLOR_GRID
UO,40+,MP,82s,UNSELECTED,gray,4,UO/40+/MP.png,VERIFIED_BY_COLOR_GRID
UO,40+,MP,A7o,UNSELECTED,gray,12,UO/40+/MP.png,VERIFIED_BY_COLOR_GRID
UO,40+,MP,K7o,UNSELECTED,gray,12,UO/40+/MP.png,VERIFIED_BY_COLOR_GRID
UO,40+,MP,Q7o,UNSELECTED,gray,12,UO/40+/MP.png,VERIFIED_BY_COLOR_GRID
UO,40+,MP,J7o,UNSELECTED,gray,12,UO/40+/MP.png,VERIFIED_BY_COLOR_GRID
UO,40+,MP,T7o,UNSELECTED,gray,12,UO/40+/MP.png,VERIFIED_BY_COLOR_GRID
UO,40+,MP,97o,UNSELECTED,gray,12,UO/40+/MP.png,VERIFIED_BY_COLOR_GRID
UO,40+,MP,87o,UNSELECTED,gray,12,UO/40+/MP.png,VERIFIED_BY_COLOR_GRID
UO,40+,MP,77,RAISE,green,6,UO/40+/MP.png,VERIFIED_BY_COLOR_GRID
UO,40+,MP,76s,RAISE,green,4,UO/40+/MP.png,VERIFIED_BY_COLOR_GRID
UO,40+,MP,75s,LOW_PLAYABILITY,cyan,4,UO/40+/MP.png,VERIFIED_BY_COLOR_GRID
UO,40+,MP,74s,UNSELECTED,gray,4,UO/40+/MP.png,VERIFIED_BY_COLOR_GRID
UO,40+,MP,73s,UNSELECTED,gray,4,UO/40+/MP.png,VERIFIED_BY_COLOR_GRID
UO,40+,MP,72s,UNSELECTED,gray,4,UO/40+/MP.png,VERIFIED_BY_COLOR_GRID
UO,40+,MP,A6o,UNSELECTED,gray,12,UO/40+/MP.png,VERIFIED_BY_COLOR_GRID
UO,40+,MP,K6o,UNSELECTED,gray,12,UO/40+/MP.png,VERIFIED_BY_COLOR_GRID
UO,40+,MP,Q6o,UNSELECTED,gray,12,UO/40+/MP.png,VERIFIED_BY_COLOR_GRID
UO,40+,MP,J6o,UNSELECTED,gray,12,UO/40+/MP.png,VERIFIED_BY_COLOR_GRID
UO,40+,MP,T6o,UNSELECTED,gray,12,UO/40+/MP.png,VERIFIED_BY_COLOR_GRID
UO,40+,MP,96o,UNSELECTED,gray,12,UO/40+/MP.png,VERIFIED_BY_COLOR_GRID
UO,40+,MP,86o,UNSELECTED,gray,12,UO/40+/MP.png,VERIFIED_BY_COLOR_GRID
UO,40+,MP,76o,UNSELECTED,gray,12,UO/40+/MP.png,VERIFIED_BY_COLOR_GRID
UO,40+,MP,66,RAISE,green,6,UO/40+/MP.png,VERIFIED_BY_COLOR_GRID
UO,40+,MP,65s,RAISE,green,4,UO/40+/MP.png,VERIFIED_BY_COLOR_GRID
UO,40+,MP,64s,UNSELECTED,gray,4,UO/40+/MP.png,VERIFIED_BY_COLOR_GRID
UO,40+,MP,63s,UNSELECTED,gray,4,UO/40+/MP.png,VERIFIED_BY_COLOR_GRID
UO,40+,MP,62s,UNSELECTED,gray,4,UO/40+/MP.png,VERIFIED_BY_COLOR_GRID
UO,40+,MP,A5o,UNSELECTED,gray,12,UO/40+/MP.png,VERIFIED_BY_COLOR_GRID
UO,40+,MP,K5o,UNSELECTED,gray,12,UO/40+/MP.png,VERIFIED_BY_COLOR_GRID
UO,40+,MP,Q5o,UNSELECTED,gray,12,UO/40+/MP.png,VERIFIED_BY_COLOR_GRID
UO,40+,MP,J5o,UNSELECTED,gray,12,UO/40+/MP.png,VERIFIED_BY_COLOR_GRID
UO,40+,MP,T5o,UNSELECTED,gray,12,UO/40+/MP.png,VERIFIED_BY_COLOR_GRID
UO,40+,MP,95o,UNSELECTED,gray,12,UO/40+/MP.png,VERIFIED_BY_COLOR_GRID
UO,40+,MP,85o,UNSELECTED,gray,12,UO/40+/MP.png,VERIFIED_BY_COLOR_GRID
UO,40+,MP,75o,UNSELECTED,gray,12,UO/40+/MP.png,VERIFIED_BY_COLOR_GRID
UO,40+,MP,65o,UNSELECTED,gray,12,UO/40+/MP.png,VERIFIED_BY_COLOR_GRID
UO,40+,MP,55,RAISE,green,6,UO/40+/MP.png,VERIFIED_BY_COLOR_GRID
UO,40+,MP,54s,RAISE,green,4,UO/40+/MP.png,VERIFIED_BY_COLOR_GRID
UO,40+,MP,53s,UNSELECTED,gray,4,UO/40+/MP.png,VERIFIED_BY_COLOR_GRID
UO,40+,MP,52s,UNSELECTED,gray,4,UO/40+/MP.png,VERIFIED_BY_COLOR_GRID
UO,40+,MP,A4o,UNSELECTED,gray,12,UO/40+/MP.png,VERIFIED_BY_COLOR_GRID
UO,40+,MP,K4o,UNSELECTED,gray,12,UO/40+/MP.png,VERIFIED_BY_COLOR_GRID
UO,40+,MP,Q4o,UNSELECTED,gray,12,UO/40+/MP.png,VERIFIED_BY_COLOR_GRID
UO,40+,MP,J4o,UNSELECTED,gray,12,UO/40+/MP.png,VERIFIED_BY_COLOR_GRID
UO,40+,MP,T4o,UNSELECTED,gray,12,UO/40+/MP.png,VERIFIED_BY_COLOR_GRID
UO,40+,MP,94o,UNSELECTED,gray,12,UO/40+/MP.png,VERIFIED_BY_COLOR_GRID
UO,40+,MP,84o,UNSELECTED,gray,12,UO/40+/MP.png,VERIFIED_BY_COLOR_GRID
UO,40+,MP,74o,UNSELECTED,gray,12,UO/40+/MP.png,VERIFIED_BY_COLOR_GRID
UO,40+,MP,64o,UNSELECTED,gray,12,UO/40+/MP.png,VERIFIED_BY_COLOR_GRID
UO,40+,MP,54o,UNSELECTED,gray,12,UO/40+/MP.png,VERIFIED_BY_COLOR_GRID
UO,40+,MP,44,RAISE,green,6,UO/40+/MP.png,VERIFIED_BY_COLOR_GRID
UO,40+,MP,43s,RAISE,green,4,UO/40+/MP.png,VERIFIED_BY_COLOR_GRID
UO,40+,MP,42s,UNSELECTED,gray,4,UO/40+/MP.png,VERIFIED_BY_COLOR_GRID
UO,40+,MP,A3o,UNSELECTED,gray,12,UO/40+/MP.png,VERIFIED_BY_COLOR_GRID
UO,40+,MP,K3o,UNSELECTED,gray,12,UO/40+/MP.png,VERIFIED_BY_COLOR_GRID
UO,40+,MP,Q3o,UNSELECTED,gray,12,UO/40+/MP.png,VERIFIED_BY_COLOR_GRID
UO,40+,MP,J3o,UNSELECTED,gray,12,UO/40+/MP.png,VERIFIED_BY_COLOR_GRID
UO,40+,MP,T3o,UNSELECTED,gray,12,UO/40+/MP.png,VERIFIED_BY_COLOR_GRID
UO,40+,MP,93o,UNSELECTED,gray,12,UO/40+/MP.png,VERIFIED_BY_COLOR_GRID
UO,40+,MP,83o,UNSELECTED,gray,12,UO/40+/MP.png,VERIFIED_BY_COLOR_GRID
UO,40+,MP,73o,UNSELECTED,gray,12,UO/40+/MP.png,VERIFIED_BY_COLOR_GRID
UO,40+,MP,63o,UNSELECTED,gray,12,UO/40+/MP.png,VERIFIED_BY_COLOR_GRID
UO,40+,MP,53o,UNSELECTED,gray,12,UO/40+/MP.png,VERIFIED_BY_COLOR_GRID
UO,40+,MP,43o,UNSELECTED,gray,12,UO/40+/MP.png,VERIFIED_BY_COLOR_GRID
UO,40+,MP,33,UNSELECTED,gray,6,UO/40+/MP.png,VERIFIED_BY_COLOR_GRID
UO,40+,MP,32s,RAISE,green,4,UO/40+/MP.png,VERIFIED_BY_COLOR_GRID
UO,40+,MP,A2o,UNSELECTED,gray,12,UO/40+/MP.png,VERIFIED_BY_COLOR_GRID
UO,40+,MP,K2o,UNSELECTED,gray,12,UO/40+/MP.png,VERIFIED_BY_COLOR_GRID
UO,40+,MP,Q2o,UNSELECTED,gray,12,UO/40+/MP.png,VERIFIED_BY_COLOR_GRID
UO,40+,MP,J2o,UNSELECTED,gray,12,UO/40+/MP.png,VERIFIED_BY_COLOR_GRID
UO,40+,MP,T2o,UNSELECTED,gray,12,UO/40+/MP.png,VERIFIED_BY_COLOR_GRID
UO,40+,MP,92o,UNSELECTED,gray,12,UO/40+/MP.png,VERIFIED_BY_COLOR_GRID
UO,40+,MP,82o,UNSELECTED,gray,12,UO/40+/MP.png,VERIFIED_BY_COLOR_GRID
UO,40+,MP,72o,UNSELECTED,gray,12,UO/40+/MP.png,VERIFIED_BY_COLOR_GRID
UO,40+,MP,62o,UNSELECTED,gray,12,UO/40+/MP.png,VERIFIED_BY_COLOR_GRID
UO,40+,MP,52o,UNSELECTED,gray,12,UO/40+/MP.png,VERIFIED_BY_COLOR_GRID
UO,40+,MP,42o,UNSELECTED,gray,12,UO/40+/MP.png,VERIFIED_BY_COLOR_GRID
UO,40+,MP,32o,UNSELECTED,gray,12,UO/40+/MP.png,VERIFIED_BY_COLOR_GRID
UO,40+,MP,22,UNSELECTED,gray,6,UO/40+/MP.png,VERIFIED_BY_COLOR_GRID
UO,40+,LJ,AA,RAISE,green,6,UO/40+/LJ.png,VERIFIED_BY_COLOR_GRID
UO,40+,LJ,AKs,RAISE,green,4,UO/40+/LJ.png,VERIFIED_BY_COLOR_GRID
UO,40+,LJ,AQs,RAISE,green,4,UO/40+/LJ.png,VERIFIED_BY_COLOR_GRID
UO,40+,LJ,AJs,RAISE,green,4,UO/40+/LJ.png,VERIFIED_BY_COLOR_GRID
UO,40+,LJ,ATs,RAISE,green,4,UO/40+/LJ.png,VERIFIED_BY_COLOR_GRID
UO,40+,LJ,A9s,RAISE,green,4,UO/40+/LJ.png,VERIFIED_BY_COLOR_GRID
UO,40+,LJ,A8s,RAISE,green,4,UO/40+/LJ.png,VERIFIED_BY_COLOR_GRID
UO,40+,LJ,A7s,RAISE,green,4,UO/40+/LJ.png,VERIFIED_BY_COLOR_GRID
UO,40+,LJ,A6s,RAISE,green,4,UO/40+/LJ.png,VERIFIED_BY_COLOR_GRID
UO,40+,LJ,A5s,RAISE,green,4,UO/40+/LJ.png,VERIFIED_BY_COLOR_GRID
UO,40+,LJ,A4s,RAISE,green,4,UO/40+/LJ.png,VERIFIED_BY_COLOR_GRID
UO,40+,LJ,A3s,RAISE,green,4,UO/40+/LJ.png,VERIFIED_BY_COLOR_GRID
UO,40+,LJ,A2s,RAISE,green,4,UO/40+/LJ.png,VERIFIED_BY_COLOR_GRID
UO,40+,LJ,AKo,RAISE,green,12,UO/40+/LJ.png,VERIFIED_BY_COLOR_GRID
UO,40+,LJ,KK,RAISE,green,6,UO/40+/LJ.png,VERIFIED_BY_COLOR_GRID
UO,40+,LJ,KQs,RAISE,green,4,UO/40+/LJ.png,VERIFIED_BY_COLOR_GRID
UO,40+,LJ,KJs,RAISE,green,4,UO/40+/LJ.png,VERIFIED_BY_COLOR_GRID
UO,40+,LJ,KTs,RAISE,green,4,UO/40+/LJ.png,VERIFIED_BY_COLOR_GRID
UO,40+,LJ,K9s,RAISE,green,4,UO/40+/LJ.png,VERIFIED_BY_COLOR_GRID
UO,40+,LJ,K8s,RAISE,green,4,UO/40+/LJ.png,VERIFIED_BY_COLOR_GRID
UO,40+,LJ,K7s,UNSELECTED,gray,4,UO/40+/LJ.png,VERIFIED_BY_COLOR_GRID
UO,40+,LJ,K6s,UNSELECTED,gray,4,UO/40+/LJ.png,VERIFIED_BY_COLOR_GRID
UO,40+,LJ,K5s,UNSELECTED,gray,4,UO/40+/LJ.png,VERIFIED_BY_COLOR_GRID
UO,40+,LJ,K4s,UNSELECTED,gray,4,UO/40+/LJ.png,VERIFIED_BY_COLOR_GRID
UO,40+,LJ,K3s,UNSELECTED,gray,4,UO/40+/LJ.png,VERIFIED_BY_COLOR_GRID
UO,40+,LJ,K2s,UNSELECTED,gray,4,UO/40+/LJ.png,VERIFIED_BY_COLOR_GRID
UO,40+,LJ,AQo,RAISE,green,12,UO/40+/LJ.png,VERIFIED_BY_COLOR_GRID
UO,40+,LJ,KQo,RAISE,green,12,UO/40+/LJ.png,VERIFIED_BY_COLOR_GRID
UO,40+,LJ,QQ,RAISE,green,6,UO/40+/LJ.png,VERIFIED_BY_COLOR_GRID
UO,40+,LJ,QJs,RAISE,green,4,UO/40+/LJ.png,VERIFIED_BY_COLOR_GRID
UO,40+,LJ,QTs,RAISE,green,4,UO/40+/LJ.png,VERIFIED_BY_COLOR_GRID
UO,40+,LJ,Q9s,RAISE,green,4,UO/40+/LJ.png,VERIFIED_BY_COLOR_GRID
UO,40+,LJ,Q8s,RAISE,green,4,UO/40+/LJ.png,VERIFIED_BY_COLOR_GRID
UO,40+,LJ,Q7s,UNSELECTED,gray,4,UO/40+/LJ.png,VERIFIED_BY_COLOR_GRID
UO,40+,LJ,Q6s,UNSELECTED,gray,4,UO/40+/LJ.png,VERIFIED_BY_COLOR_GRID
UO,40+,LJ,Q5s,UNSELECTED,gray,4,UO/40+/LJ.png,VERIFIED_BY_COLOR_GRID
UO,40+,LJ,Q4s,UNSELECTED,gray,4,UO/40+/LJ.png,VERIFIED_BY_COLOR_GRID
UO,40+,LJ,Q3s,UNSELECTED,gray,4,UO/40+/LJ.png,VERIFIED_BY_COLOR_GRID
UO,40+,LJ,Q2s,UNSELECTED,gray,4,UO/40+/LJ.png,VERIFIED_BY_COLOR_GRID
UO,40+,LJ,AJo,RAISE,green,12,UO/40+/LJ.png,VERIFIED_BY_COLOR_GRID
UO,40+,LJ,KJo,RAISE,green,12,UO/40+/LJ.png,VERIFIED_BY_COLOR_GRID
UO,40+,LJ,QJo,RAISE,green,12,UO/40+/LJ.png,VERIFIED_BY_COLOR_GRID
UO,40+,LJ,JJ,RAISE,green,6,UO/40+/LJ.png,VERIFIED_BY_COLOR_GRID
UO,40+,LJ,JTs,RAISE,green,4,UO/40+/LJ.png,VERIFIED_BY_COLOR_GRID
UO,40+,LJ,J9s,RAISE,green,4,UO/40+/LJ.png,VERIFIED_BY_COLOR_GRID
UO,40+,LJ,J8s,RAISE,green,4,UO/40+/LJ.png,VERIFIED_BY_COLOR_GRID
UO,40+,LJ,J7s,UNSELECTED,gray,4,UO/40+/LJ.png,VERIFIED_BY_COLOR_GRID
UO,40+,LJ,J6s,UNSELECTED,gray,4,UO/40+/LJ.png,VERIFIED_BY_COLOR_GRID
UO,40+,LJ,J5s,UNSELECTED,gray,4,UO/40+/LJ.png,VERIFIED_BY_COLOR_GRID
UO,40+,LJ,J4s,UNSELECTED,gray,4,UO/40+/LJ.png,VERIFIED_BY_COLOR_GRID
UO,40+,LJ,J3s,UNSELECTED,gray,4,UO/40+/LJ.png,VERIFIED_BY_COLOR_GRID
UO,40+,LJ,J2s,UNSELECTED,gray,4,UO/40+/LJ.png,VERIFIED_BY_COLOR_GRID
UO,40+,LJ,ATo,RAISE,green,12,UO/40+/LJ.png,VERIFIED_BY_COLOR_GRID
UO,40+,LJ,KTo,RAISE,green,12,UO/40+/LJ.png,VERIFIED_BY_COLOR_GRID
UO,40+,LJ,QTo,LOW_PLAYABILITY,cyan,12,UO/40+/LJ.png,VERIFIED_BY_COLOR_GRID
UO,40+,LJ,JTo,LOW_PLAYABILITY,cyan,12,UO/40+/LJ.png,VERIFIED_BY_COLOR_GRID
UO,40+,LJ,TT,RAISE,green,6,UO/40+/LJ.png,VERIFIED_BY_COLOR_GRID
UO,40+,LJ,T9s,RAISE,green,4,UO/40+/LJ.png,VERIFIED_BY_COLOR_GRID
UO,40+,LJ,T8s,RAISE,green,4,UO/40+/LJ.png,VERIFIED_BY_COLOR_GRID
UO,40+,LJ,T7s,UNSELECTED,gray,4,UO/40+/LJ.png,VERIFIED_BY_COLOR_GRID
UO,40+,LJ,T6s,UNSELECTED,gray,4,UO/40+/LJ.png,VERIFIED_BY_COLOR_GRID
UO,40+,LJ,T5s,UNSELECTED,gray,4,UO/40+/LJ.png,VERIFIED_BY_COLOR_GRID
UO,40+,LJ,T4s,UNSELECTED,gray,4,UO/40+/LJ.png,VERIFIED_BY_COLOR_GRID
UO,40+,LJ,T3s,UNSELECTED,gray,4,UO/40+/LJ.png,VERIFIED_BY_COLOR_GRID
UO,40+,LJ,T2s,UNSELECTED,gray,4,UO/40+/LJ.png,VERIFIED_BY_COLOR_GRID
UO,40+,LJ,A9o,RAISE,green,12,UO/40+/LJ.png,VERIFIED_BY_COLOR_GRID
UO,40+,LJ,K9o,RAISE,green,12,UO/40+/LJ.png,VERIFIED_BY_COLOR_GRID
UO,40+,LJ,Q9o,LOW_PLAYABILITY,cyan,12,UO/40+/LJ.png,VERIFIED_BY_COLOR_GRID
UO,40+,LJ,J9o,LOW_PLAYABILITY,cyan,12,UO/40+/LJ.png,VERIFIED_BY_COLOR_GRID
UO,40+,LJ,T9o,RAISE,green,12,UO/40+/LJ.png,VERIFIED_BY_COLOR_GRID
UO,40+,LJ,99,RAISE,green,6,UO/40+/LJ.png,VERIFIED_BY_COLOR_GRID
UO,40+,LJ,98s,RAISE,green,4,UO/40+/LJ.png,VERIFIED_BY_COLOR_GRID
UO,40+,LJ,97s,UNSELECTED,gray,4,UO/40+/LJ.png,VERIFIED_BY_COLOR_GRID
UO,40+,LJ,96s,UNSELECTED,gray,4,UO/40+/LJ.png,VERIFIED_BY_COLOR_GRID
UO,40+,LJ,95s,UNSELECTED,gray,4,UO/40+/LJ.png,VERIFIED_BY_COLOR_GRID
UO,40+,LJ,94s,UNSELECTED,gray,4,UO/40+/LJ.png,VERIFIED_BY_COLOR_GRID
UO,40+,LJ,93s,UNSELECTED,gray,4,UO/40+/LJ.png,VERIFIED_BY_COLOR_GRID
UO,40+,LJ,92s,UNSELECTED,gray,4,UO/40+/LJ.png,VERIFIED_BY_COLOR_GRID
UO,40+,LJ,A8o,LOW_PLAYABILITY,cyan,12,UO/40+/LJ.png,VERIFIED_BY_COLOR_GRID
UO,40+,LJ,K8o,UNSELECTED,gray,12,UO/40+/LJ.png,VERIFIED_BY_COLOR_GRID
UO,40+,LJ,Q8o,UNSELECTED,gray,12,UO/40+/LJ.png,VERIFIED_BY_COLOR_GRID
UO,40+,LJ,J8o,UNSELECTED,gray,12,UO/40+/LJ.png,VERIFIED_BY_COLOR_GRID
UO,40+,LJ,T8o,UNSELECTED,gray,12,UO/40+/LJ.png,VERIFIED_BY_COLOR_GRID
UO,40+,LJ,98o,RAISE,green,12,UO/40+/LJ.png,VERIFIED_BY_COLOR_GRID
UO,40+,LJ,88,RAISE,green,6,UO/40+/LJ.png,VERIFIED_BY_COLOR_GRID
UO,40+,LJ,87s,RAISE,green,4,UO/40+/LJ.png,VERIFIED_BY_COLOR_GRID
UO,40+,LJ,86s,UNSELECTED,gray,4,UO/40+/LJ.png,VERIFIED_BY_COLOR_GRID
UO,40+,LJ,85s,UNSELECTED,gray,4,UO/40+/LJ.png,VERIFIED_BY_COLOR_GRID
UO,40+,LJ,84s,UNSELECTED,gray,4,UO/40+/LJ.png,VERIFIED_BY_COLOR_GRID
UO,40+,LJ,83s,UNSELECTED,gray,4,UO/40+/LJ.png,VERIFIED_BY_COLOR_GRID
UO,40+,LJ,82s,UNSELECTED,gray,4,UO/40+/LJ.png,VERIFIED_BY_COLOR_GRID
UO,40+,LJ,A7o,LOW_PLAYABILITY,cyan,12,UO/40+/LJ.png,VERIFIED_BY_COLOR_GRID
UO,40+,LJ,K7o,UNSELECTED,gray,12,UO/40+/LJ.png,VERIFIED_BY_COLOR_GRID
UO,40+,LJ,Q7o,UNSELECTED,gray,12,UO/40+/LJ.png,VERIFIED_BY_COLOR_GRID
UO,40+,LJ,J7o,UNSELECTED,gray,12,UO/40+/LJ.png,VERIFIED_BY_COLOR_GRID
UO,40+,LJ,T7o,UNSELECTED,gray,12,UO/40+/LJ.png,VERIFIED_BY_COLOR_GRID
UO,40+,LJ,97o,UNSELECTED,gray,12,UO/40+/LJ.png,VERIFIED_BY_COLOR_GRID
UO,40+,LJ,87o,RAISE,green,12,UO/40+/LJ.png,VERIFIED_BY_COLOR_GRID
UO,40+,LJ,77,RAISE,green,6,UO/40+/LJ.png,VERIFIED_BY_COLOR_GRID
UO,40+,LJ,76s,LOW_PLAYABILITY,cyan,4,UO/40+/LJ.png,VERIFIED_BY_COLOR_GRID
UO,40+,LJ,75s,UNSELECTED,gray,4,UO/40+/LJ.png,VERIFIED_BY_COLOR_GRID
UO,40+,LJ,74s,UNSELECTED,gray,4,UO/40+/LJ.png,VERIFIED_BY_COLOR_GRID
UO,40+,LJ,73s,UNSELECTED,gray,4,UO/40+/LJ.png,VERIFIED_BY_COLOR_GRID
UO,40+,LJ,72s,UNSELECTED,gray,4,UO/40+/LJ.png,VERIFIED_BY_COLOR_GRID
UO,40+,LJ,A6o,LOW_PLAYABILITY,cyan,12,UO/40+/LJ.png,VERIFIED_BY_COLOR_GRID
UO,40+,LJ,K6o,UNSELECTED,gray,12,UO/40+/LJ.png,VERIFIED_BY_COLOR_GRID
UO,40+,LJ,Q6o,UNSELECTED,gray,12,UO/40+/LJ.png,VERIFIED_BY_COLOR_GRID
UO,40+,LJ,J6o,UNSELECTED,gray,12,UO/40+/LJ.png,VERIFIED_BY_COLOR_GRID
UO,40+,LJ,T6o,UNSELECTED,gray,12,UO/40+/LJ.png,VERIFIED_BY_COLOR_GRID
UO,40+,LJ,96o,UNSELECTED,gray,12,UO/40+/LJ.png,VERIFIED_BY_COLOR_GRID
UO,40+,LJ,86o,UNSELECTED,gray,12,UO/40+/LJ.png,VERIFIED_BY_COLOR_GRID
UO,40+,LJ,76o,RAISE,green,12,UO/40+/LJ.png,VERIFIED_BY_COLOR_GRID
UO,40+,LJ,66,RAISE,green,6,UO/40+/LJ.png,VERIFIED_BY_COLOR_GRID
UO,40+,LJ,65s,LOW_PLAYABILITY,cyan,4,UO/40+/LJ.png,VERIFIED_BY_COLOR_GRID
UO,40+,LJ,64s,UNSELECTED,gray,4,UO/40+/LJ.png,VERIFIED_BY_COLOR_GRID
UO,40+,LJ,63s,UNSELECTED,gray,4,UO/40+/LJ.png,VERIFIED_BY_COLOR_GRID
UO,40+,LJ,62s,UNSELECTED,gray,4,UO/40+/LJ.png,VERIFIED_BY_COLOR_GRID
UO,40+,LJ,A5o,UNSELECTED,gray,12,UO/40+/LJ.png,VERIFIED_BY_COLOR_GRID
UO,40+,LJ,K5o,UNSELECTED,gray,12,UO/40+/LJ.png,VERIFIED_BY_COLOR_GRID
UO,40+,LJ,Q5o,UNSELECTED,gray,12,UO/40+/LJ.png,VERIFIED_BY_COLOR_GRID
UO,40+,LJ,J5o,UNSELECTED,gray,12,UO/40+/LJ.png,VERIFIED_BY_COLOR_GRID
UO,40+,LJ,T5o,UNSELECTED,gray,12,UO/40+/LJ.png,VERIFIED_BY_COLOR_GRID
UO,40+,LJ,95o,UNSELECTED,gray,12,UO/40+/LJ.png,VERIFIED_BY_COLOR_GRID
UO,40+,LJ,85o,UNSELECTED,gray,12,UO/40+/LJ.png,VERIFIED_BY_COLOR_GRID
UO,40+,LJ,75o,UNSELECTED,gray,12,UO/40+/LJ.png,VERIFIED_BY_COLOR_GRID
UO,40+,LJ,65o,RAISE,green,12,UO/40+/LJ.png,VERIFIED_BY_COLOR_GRID
UO,40+,LJ,55,RAISE,green,6,UO/40+/LJ.png,VERIFIED_BY_COLOR_GRID
UO,40+,LJ,54s,UNSELECTED,gray,4,UO/40+/LJ.png,VERIFIED_BY_COLOR_GRID
UO,40+,LJ,53s,UNSELECTED,gray,4,UO/40+/LJ.png,VERIFIED_BY_COLOR_GRID
UO,40+,LJ,52s,UNSELECTED,gray,4,UO/40+/LJ.png,VERIFIED_BY_COLOR_GRID
UO,40+,LJ,A4o,UNSELECTED,gray,12,UO/40+/LJ.png,VERIFIED_BY_COLOR_GRID
UO,40+,LJ,K4o,UNSELECTED,gray,12,UO/40+/LJ.png,VERIFIED_BY_COLOR_GRID
UO,40+,LJ,Q4o,UNSELECTED,gray,12,UO/40+/LJ.png,VERIFIED_BY_COLOR_GRID
UO,40+,LJ,J4o,UNSELECTED,gray,12,UO/40+/LJ.png,VERIFIED_BY_COLOR_GRID
UO,40+,LJ,T4o,UNSELECTED,gray,12,UO/40+/LJ.png,VERIFIED_BY_COLOR_GRID
UO,40+,LJ,94o,UNSELECTED,gray,12,UO/40+/LJ.png,VERIFIED_BY_COLOR_GRID
UO,40+,LJ,84o,UNSELECTED,gray,12,UO/40+/LJ.png,VERIFIED_BY_COLOR_GRID
UO,40+,LJ,74o,UNSELECTED,gray,12,UO/40+/LJ.png,VERIFIED_BY_COLOR_GRID
UO,40+,LJ,64o,UNSELECTED,gray,12,UO/40+/LJ.png,VERIFIED_BY_COLOR_GRID
UO,40+,LJ,54o,RAISE,green,12,UO/40+/LJ.png,VERIFIED_BY_COLOR_GRID
UO,40+,LJ,44,RAISE,green,6,UO/40+/LJ.png,VERIFIED_BY_COLOR_GRID
UO,40+,LJ,43s,UNSELECTED,gray,4,UO/40+/LJ.png,VERIFIED_BY_COLOR_GRID
UO,40+,LJ,42s,UNSELECTED,gray,4,UO/40+/LJ.png,VERIFIED_BY_COLOR_GRID
UO,40+,LJ,A3o,UNSELECTED,gray,12,UO/40+/LJ.png,VERIFIED_BY_COLOR_GRID
UO,40+,LJ,K3o,UNSELECTED,gray,12,UO/40+/LJ.png,VERIFIED_BY_COLOR_GRID
UO,40+,LJ,Q3o,UNSELECTED,gray,12,UO/40+/LJ.png,VERIFIED_BY_COLOR_GRID
UO,40+,LJ,J3o,UNSELECTED,gray,12,UO/40+/LJ.png,VERIFIED_BY_COLOR_GRID
UO,40+,LJ,T3o,UNSELECTED,gray,12,UO/40+/LJ.png,VERIFIED_BY_COLOR_GRID
UO,40+,LJ,93o,UNSELECTED,gray,12,UO/40+/LJ.png,VERIFIED_BY_COLOR_GRID
UO,40+,LJ,83o,UNSELECTED,gray,12,UO/40+/LJ.png,VERIFIED_BY_COLOR_GRID
UO,40+,LJ,73o,UNSELECTED,gray,12,UO/40+/LJ.png,VERIFIED_BY_COLOR_GRID
UO,40+,LJ,63o,UNSELECTED,gray,12,UO/40+/LJ.png,VERIFIED_BY_COLOR_GRID
UO,40+,LJ,53o,UNSELECTED,gray,12,UO/40+/LJ.png,VERIFIED_BY_COLOR_GRID
UO,40+,LJ,43o,RAISE,green,12,UO/40+/LJ.png,VERIFIED_BY_COLOR_GRID
UO,40+,LJ,33,RAISE,green,6,UO/40+/LJ.png,VERIFIED_BY_COLOR_GRID
UO,40+,LJ,32s,UNSELECTED,gray,4,UO/40+/LJ.png,VERIFIED_BY_COLOR_GRID
UO,40+,LJ,A2o,UNSELECTED,gray,12,UO/40+/LJ.png,VERIFIED_BY_COLOR_GRID
UO,40+,LJ,K2o,UNSELECTED,gray,12,UO/40+/LJ.png,VERIFIED_BY_COLOR_GRID
UO,40+,LJ,Q2o,UNSELECTED,gray,12,UO/40+/LJ.png,VERIFIED_BY_COLOR_GRID
UO,40+,LJ,J2o,UNSELECTED,gray,12,UO/40+/LJ.png,VERIFIED_BY_COLOR_GRID
UO,40+,LJ,T2o,UNSELECTED,gray,12,UO/40+/LJ.png,VERIFIED_BY_COLOR_GRID
UO,40+,LJ,92o,UNSELECTED,gray,12,UO/40+/LJ.png,VERIFIED_BY_COLOR_GRID
UO,40+,LJ,82o,UNSELECTED,gray,12,UO/40+/LJ.png,VERIFIED_BY_COLOR_GRID
UO,40+,LJ,72o,UNSELECTED,gray,12,UO/40+/LJ.png,VERIFIED_BY_COLOR_GRID
UO,40+,LJ,62o,UNSELECTED,gray,12,UO/40+/LJ.png,VERIFIED_BY_COLOR_GRID
UO,40+,LJ,52o,UNSELECTED,gray,12,UO/40+/LJ.png,VERIFIED_BY_COLOR_GRID
UO,40+,LJ,42o,UNSELECTED,gray,12,UO/40+/LJ.png,VERIFIED_BY_COLOR_GRID
UO,40+,LJ,32o,RAISE,green,12,UO/40+/LJ.png,VERIFIED_BY_COLOR_GRID
UO,40+,LJ,22,RAISE,green,6,UO/40+/LJ.png,VERIFIED_BY_COLOR_GRID
UO,40+,HJ,AA,RAISE,green,6,UO/40+/HJ.png,VERIFIED_BY_COLOR_GRID
UO,40+,HJ,AKs,RAISE,green,4,UO/40+/HJ.png,VERIFIED_BY_COLOR_GRID
UO,40+,HJ,AQs,RAISE,green,4,UO/40+/HJ.png,VERIFIED_BY_COLOR_GRID
UO,40+,HJ,AJs,RAISE,green,4,UO/40+/HJ.png,VERIFIED_BY_COLOR_GRID
UO,40+,HJ,ATs,RAISE,green,4,UO/40+/HJ.png,VERIFIED_BY_COLOR_GRID
UO,40+,HJ,A9s,RAISE,green,4,UO/40+/HJ.png,VERIFIED_BY_COLOR_GRID
UO,40+,HJ,A8s,RAISE,green,4,UO/40+/HJ.png,VERIFIED_BY_COLOR_GRID
UO,40+,HJ,A7s,RAISE,green,4,UO/40+/HJ.png,VERIFIED_BY_COLOR_GRID
UO,40+,HJ,A6s,RAISE,green,4,UO/40+/HJ.png,VERIFIED_BY_COLOR_GRID
UO,40+,HJ,A5s,RAISE,green,4,UO/40+/HJ.png,VERIFIED_BY_COLOR_GRID
UO,40+,HJ,A4s,RAISE,green,4,UO/40+/HJ.png,VERIFIED_BY_COLOR_GRID
UO,40+,HJ,A3s,RAISE,green,4,UO/40+/HJ.png,VERIFIED_BY_COLOR_GRID
UO,40+,HJ,A2s,RAISE,green,4,UO/40+/HJ.png,VERIFIED_BY_COLOR_GRID
UO,40+,HJ,AKo,RAISE,green,12,UO/40+/HJ.png,VERIFIED_BY_COLOR_GRID
UO,40+,HJ,KK,RAISE,green,6,UO/40+/HJ.png,VERIFIED_BY_COLOR_GRID
UO,40+,HJ,KQs,RAISE,green,4,UO/40+/HJ.png,VERIFIED_BY_COLOR_GRID
UO,40+,HJ,KJs,RAISE,green,4,UO/40+/HJ.png,VERIFIED_BY_COLOR_GRID
UO,40+,HJ,KTs,RAISE,green,4,UO/40+/HJ.png,VERIFIED_BY_COLOR_GRID
UO,40+,HJ,K9s,RAISE,green,4,UO/40+/HJ.png,VERIFIED_BY_COLOR_GRID
UO,40+,HJ,K8s,RAISE,green,4,UO/40+/HJ.png,VERIFIED_BY_COLOR_GRID
UO,40+,HJ,K7s,LOW_PLAYABILITY,cyan,4,UO/40+/HJ.png,VERIFIED_BY_COLOR_GRID
UO,40+,HJ,K6s,LOW_PLAYABILITY,cyan,4,UO/40+/HJ.png,VERIFIED_BY_COLOR_GRID
UO,40+,HJ,K5s,UNSELECTED,gray,4,UO/40+/HJ.png,VERIFIED_BY_COLOR_GRID
UO,40+,HJ,K4s,UNSELECTED,gray,4,UO/40+/HJ.png,VERIFIED_BY_COLOR_GRID
UO,40+,HJ,K3s,UNSELECTED,gray,4,UO/40+/HJ.png,VERIFIED_BY_COLOR_GRID
UO,40+,HJ,K2s,UNSELECTED,gray,4,UO/40+/HJ.png,VERIFIED_BY_COLOR_GRID
UO,40+,HJ,AQo,RAISE,green,12,UO/40+/HJ.png,VERIFIED_BY_COLOR_GRID
UO,40+,HJ,KQo,RAISE,green,12,UO/40+/HJ.png,VERIFIED_BY_COLOR_GRID
UO,40+,HJ,QQ,RAISE,green,6,UO/40+/HJ.png,VERIFIED_BY_COLOR_GRID
UO,40+,HJ,QJs,RAISE,green,4,UO/40+/HJ.png,VERIFIED_BY_COLOR_GRID
UO,40+,HJ,QTs,RAISE,green,4,UO/40+/HJ.png,VERIFIED_BY_COLOR_GRID
UO,40+,HJ,Q9s,RAISE,green,4,UO/40+/HJ.png,VERIFIED_BY_COLOR_GRID
UO,40+,HJ,Q8s,RAISE,green,4,UO/40+/HJ.png,VERIFIED_BY_COLOR_GRID
UO,40+,HJ,Q7s,UNSELECTED,gray,4,UO/40+/HJ.png,VERIFIED_BY_COLOR_GRID
UO,40+,HJ,Q6s,UNSELECTED,gray,4,UO/40+/HJ.png,VERIFIED_BY_COLOR_GRID
UO,40+,HJ,Q5s,UNSELECTED,gray,4,UO/40+/HJ.png,VERIFIED_BY_COLOR_GRID
UO,40+,HJ,Q4s,UNSELECTED,gray,4,UO/40+/HJ.png,VERIFIED_BY_COLOR_GRID
UO,40+,HJ,Q3s,UNSELECTED,gray,4,UO/40+/HJ.png,VERIFIED_BY_COLOR_GRID
UO,40+,HJ,Q2s,UNSELECTED,gray,4,UO/40+/HJ.png,VERIFIED_BY_COLOR_GRID
UO,40+,HJ,AJo,RAISE,green,12,UO/40+/HJ.png,VERIFIED_BY_COLOR_GRID
UO,40+,HJ,KJo,RAISE,green,12,UO/40+/HJ.png,VERIFIED_BY_COLOR_GRID
UO,40+,HJ,QJo,RAISE,green,12,UO/40+/HJ.png,VERIFIED_BY_COLOR_GRID
UO,40+,HJ,JJ,RAISE,green,6,UO/40+/HJ.png,VERIFIED_BY_COLOR_GRID
UO,40+,HJ,JTs,RAISE,green,4,UO/40+/HJ.png,VERIFIED_BY_COLOR_GRID
UO,40+,HJ,J9s,RAISE,green,4,UO/40+/HJ.png,VERIFIED_BY_COLOR_GRID
UO,40+,HJ,J8s,RAISE,green,4,UO/40+/HJ.png,VERIFIED_BY_COLOR_GRID
UO,40+,HJ,J7s,UNSELECTED,gray,4,UO/40+/HJ.png,VERIFIED_BY_COLOR_GRID
UO,40+,HJ,J6s,UNSELECTED,gray,4,UO/40+/HJ.png,VERIFIED_BY_COLOR_GRID
UO,40+,HJ,J5s,UNSELECTED,gray,4,UO/40+/HJ.png,VERIFIED_BY_COLOR_GRID
UO,40+,HJ,J4s,UNSELECTED,gray,4,UO/40+/HJ.png,VERIFIED_BY_COLOR_GRID
UO,40+,HJ,J3s,UNSELECTED,gray,4,UO/40+/HJ.png,VERIFIED_BY_COLOR_GRID
UO,40+,HJ,J2s,UNSELECTED,gray,4,UO/40+/HJ.png,VERIFIED_BY_COLOR_GRID
UO,40+,HJ,ATo,RAISE,green,12,UO/40+/HJ.png,VERIFIED_BY_COLOR_GRID
UO,40+,HJ,KTo,RAISE,green,12,UO/40+/HJ.png,VERIFIED_BY_COLOR_GRID
UO,40+,HJ,QTo,LOW_PLAYABILITY,cyan,12,UO/40+/HJ.png,VERIFIED_BY_COLOR_GRID
UO,40+,HJ,JTo,LOW_PLAYABILITY,cyan,12,UO/40+/HJ.png,VERIFIED_BY_COLOR_GRID
UO,40+,HJ,TT,RAISE,green,6,UO/40+/HJ.png,VERIFIED_BY_COLOR_GRID
UO,40+,HJ,T9s,RAISE,green,4,UO/40+/HJ.png,VERIFIED_BY_COLOR_GRID
UO,40+,HJ,T8s,RAISE,green,4,UO/40+/HJ.png,VERIFIED_BY_COLOR_GRID
UO,40+,HJ,T7s,UNSELECTED,gray,4,UO/40+/HJ.png,VERIFIED_BY_COLOR_GRID
UO,40+,HJ,T6s,UNSELECTED,gray,4,UO/40+/HJ.png,VERIFIED_BY_COLOR_GRID
UO,40+,HJ,T5s,UNSELECTED,gray,4,UO/40+/HJ.png,VERIFIED_BY_COLOR_GRID
UO,40+,HJ,T4s,UNSELECTED,gray,4,UO/40+/HJ.png,VERIFIED_BY_COLOR_GRID
UO,40+,HJ,T3s,UNSELECTED,gray,4,UO/40+/HJ.png,VERIFIED_BY_COLOR_GRID
UO,40+,HJ,T2s,UNSELECTED,gray,4,UO/40+/HJ.png,VERIFIED_BY_COLOR_GRID
UO,40+,HJ,A9o,RAISE,green,12,UO/40+/HJ.png,VERIFIED_BY_COLOR_GRID
UO,40+,HJ,K9o,RAISE,green,12,UO/40+/HJ.png,VERIFIED_BY_COLOR_GRID
UO,40+,HJ,Q9o,LOW_PLAYABILITY,cyan,12,UO/40+/HJ.png,VERIFIED_BY_COLOR_GRID
UO,40+,HJ,J9o,LOW_PLAYABILITY,cyan,12,UO/40+/HJ.png,VERIFIED_BY_COLOR_GRID
UO,40+,HJ,T9o,RAISE,green,12,UO/40+/HJ.png,VERIFIED_BY_COLOR_GRID
UO,40+,HJ,99,RAISE,green,6,UO/40+/HJ.png,VERIFIED_BY_COLOR_GRID
UO,40+,HJ,98s,RAISE,green,4,UO/40+/HJ.png,VERIFIED_BY_COLOR_GRID
UO,40+,HJ,97s,LOW_PLAYABILITY,cyan,4,UO/40+/HJ.png,VERIFIED_BY_COLOR_GRID
UO,40+,HJ,96s,UNSELECTED,gray,4,UO/40+/HJ.png,VERIFIED_BY_COLOR_GRID
UO,40+,HJ,95s,UNSELECTED,gray,4,UO/40+/HJ.png,VERIFIED_BY_COLOR_GRID
UO,40+,HJ,94s,UNSELECTED,gray,4,UO/40+/HJ.png,VERIFIED_BY_COLOR_GRID
UO,40+,HJ,93s,UNSELECTED,gray,4,UO/40+/HJ.png,VERIFIED_BY_COLOR_GRID
UO,40+,HJ,92s,UNSELECTED,gray,4,UO/40+/HJ.png,VERIFIED_BY_COLOR_GRID
UO,40+,HJ,A8o,LOW_PLAYABILITY,cyan,12,UO/40+/HJ.png,VERIFIED_BY_COLOR_GRID
UO,40+,HJ,K8o,UNSELECTED,gray,12,UO/40+/HJ.png,VERIFIED_BY_COLOR_GRID
UO,40+,HJ,Q8o,UNSELECTED,gray,12,UO/40+/HJ.png,VERIFIED_BY_COLOR_GRID
UO,40+,HJ,J8o,UNSELECTED,gray,12,UO/40+/HJ.png,VERIFIED_BY_COLOR_GRID
UO,40+,HJ,T8o,UNSELECTED,gray,12,UO/40+/HJ.png,VERIFIED_BY_COLOR_GRID
UO,40+,HJ,98o,RAISE,green,12,UO/40+/HJ.png,VERIFIED_BY_COLOR_GRID
UO,40+,HJ,88,RAISE,green,6,UO/40+/HJ.png,VERIFIED_BY_COLOR_GRID
UO,40+,HJ,87s,RAISE,green,4,UO/40+/HJ.png,VERIFIED_BY_COLOR_GRID
UO,40+,HJ,86s,LOW_PLAYABILITY,cyan,4,UO/40+/HJ.png,VERIFIED_BY_COLOR_GRID
UO,40+,HJ,85s,UNSELECTED,gray,4,UO/40+/HJ.png,VERIFIED_BY_COLOR_GRID
UO,40+,HJ,84s,UNSELECTED,gray,4,UO/40+/HJ.png,VERIFIED_BY_COLOR_GRID
UO,40+,HJ,83s,UNSELECTED,gray,4,UO/40+/HJ.png,VERIFIED_BY_COLOR_GRID
UO,40+,HJ,82s,UNSELECTED,gray,4,UO/40+/HJ.png,VERIFIED_BY_COLOR_GRID
UO,40+,HJ,A7o,LOW_PLAYABILITY,cyan,12,UO/40+/HJ.png,VERIFIED_BY_COLOR_GRID
UO,40+,HJ,K7o,UNSELECTED,gray,12,UO/40+/HJ.png,VERIFIED_BY_COLOR_GRID
UO,40+,HJ,Q7o,UNSELECTED,gray,12,UO/40+/HJ.png,VERIFIED_BY_COLOR_GRID
UO,40+,HJ,J7o,UNSELECTED,gray,12,UO/40+/HJ.png,VERIFIED_BY_COLOR_GRID
UO,40+,HJ,T7o,UNSELECTED,gray,12,UO/40+/HJ.png,VERIFIED_BY_COLOR_GRID
UO,40+,HJ,97o,UNSELECTED,gray,12,UO/40+/HJ.png,VERIFIED_BY_COLOR_GRID
UO,40+,HJ,87o,RAISE,green,12,UO/40+/HJ.png,VERIFIED_BY_COLOR_GRID
UO,40+,HJ,77,RAISE,green,6,UO/40+/HJ.png,VERIFIED_BY_COLOR_GRID
UO,40+,HJ,76s,LOW_PLAYABILITY,cyan,4,UO/40+/HJ.png,VERIFIED_BY_COLOR_GRID
UO,40+,HJ,75s,LOW_PLAYABILITY,cyan,4,UO/40+/HJ.png,VERIFIED_BY_COLOR_GRID
UO,40+,HJ,74s,UNSELECTED,gray,4,UO/40+/HJ.png,VERIFIED_BY_COLOR_GRID
UO,40+,HJ,73s,UNSELECTED,gray,4,UO/40+/HJ.png,VERIFIED_BY_COLOR_GRID
UO,40+,HJ,72s,UNSELECTED,gray,4,UO/40+/HJ.png,VERIFIED_BY_COLOR_GRID
UO,40+,HJ,A6o,LOW_PLAYABILITY,cyan,12,UO/40+/HJ.png,VERIFIED_BY_COLOR_GRID
UO,40+,HJ,K6o,UNSELECTED,gray,12,UO/40+/HJ.png,VERIFIED_BY_COLOR_GRID
UO,40+,HJ,Q6o,UNSELECTED,gray,12,UO/40+/HJ.png,VERIFIED_BY_COLOR_GRID
UO,40+,HJ,J6o,UNSELECTED,gray,12,UO/40+/HJ.png,VERIFIED_BY_COLOR_GRID
UO,40+,HJ,T6o,UNSELECTED,gray,12,UO/40+/HJ.png,VERIFIED_BY_COLOR_GRID
UO,40+,HJ,96o,UNSELECTED,gray,12,UO/40+/HJ.png,VERIFIED_BY_COLOR_GRID
UO,40+,HJ,86o,UNSELECTED,gray,12,UO/40+/HJ.png,VERIFIED_BY_COLOR_GRID
UO,40+,HJ,76o,RAISE,green,12,UO/40+/HJ.png,VERIFIED_BY_COLOR_GRID
UO,40+,HJ,66,RAISE,green,6,UO/40+/HJ.png,VERIFIED_BY_COLOR_GRID
UO,40+,HJ,65s,LOW_PLAYABILITY,cyan,4,UO/40+/HJ.png,VERIFIED_BY_COLOR_GRID
UO,40+,HJ,64s,LOW_PLAYABILITY,cyan,4,UO/40+/HJ.png,VERIFIED_BY_COLOR_GRID
UO,40+,HJ,63s,UNSELECTED,gray,4,UO/40+/HJ.png,VERIFIED_BY_COLOR_GRID
UO,40+,HJ,62s,UNSELECTED,gray,4,UO/40+/HJ.png,VERIFIED_BY_COLOR_GRID
UO,40+,HJ,A5o,UNSELECTED,gray,12,UO/40+/HJ.png,VERIFIED_BY_COLOR_GRID
UO,40+,HJ,K5o,UNSELECTED,gray,12,UO/40+/HJ.png,VERIFIED_BY_COLOR_GRID
UO,40+,HJ,Q5o,UNSELECTED,gray,12,UO/40+/HJ.png,VERIFIED_BY_COLOR_GRID
UO,40+,HJ,J5o,UNSELECTED,gray,12,UO/40+/HJ.png,VERIFIED_BY_COLOR_GRID
UO,40+,HJ,T5o,UNSELECTED,gray,12,UO/40+/HJ.png,VERIFIED_BY_COLOR_GRID
UO,40+,HJ,95o,UNSELECTED,gray,12,UO/40+/HJ.png,VERIFIED_BY_COLOR_GRID
UO,40+,HJ,85o,UNSELECTED,gray,12,UO/40+/HJ.png,VERIFIED_BY_COLOR_GRID
UO,40+,HJ,75o,UNSELECTED,gray,12,UO/40+/HJ.png,VERIFIED_BY_COLOR_GRID
UO,40+,HJ,65o,RAISE,green,12,UO/40+/HJ.png,VERIFIED_BY_COLOR_GRID
UO,40+,HJ,55,RAISE,green,6,UO/40+/HJ.png,VERIFIED_BY_COLOR_GRID
UO,40+,HJ,54s,LOW_PLAYABILITY,cyan,4,UO/40+/HJ.png,VERIFIED_BY_COLOR_GRID
UO,40+,HJ,53s,UNSELECTED,gray,4,UO/40+/HJ.png,VERIFIED_BY_COLOR_GRID
UO,40+,HJ,52s,UNSELECTED,gray,4,UO/40+/HJ.png,VERIFIED_BY_COLOR_GRID
UO,40+,HJ,A4o,UNSELECTED,gray,12,UO/40+/HJ.png,VERIFIED_BY_COLOR_GRID
UO,40+,HJ,K4o,UNSELECTED,gray,12,UO/40+/HJ.png,VERIFIED_BY_COLOR_GRID
UO,40+,HJ,Q4o,UNSELECTED,gray,12,UO/40+/HJ.png,VERIFIED_BY_COLOR_GRID
UO,40+,HJ,J4o,UNSELECTED,gray,12,UO/40+/HJ.png,VERIFIED_BY_COLOR_GRID
UO,40+,HJ,T4o,UNSELECTED,gray,12,UO/40+/HJ.png,VERIFIED_BY_COLOR_GRID
UO,40+,HJ,94o,UNSELECTED,gray,12,UO/40+/HJ.png,VERIFIED_BY_COLOR_GRID
UO,40+,HJ,84o,UNSELECTED,gray,12,UO/40+/HJ.png,VERIFIED_BY_COLOR_GRID
UO,40+,HJ,74o,UNSELECTED,gray,12,UO/40+/HJ.png,VERIFIED_BY_COLOR_GRID
UO,40+,HJ,64o,UNSELECTED,gray,12,UO/40+/HJ.png,VERIFIED_BY_COLOR_GRID
UO,40+,HJ,54o,RAISE,green,12,UO/40+/HJ.png,VERIFIED_BY_COLOR_GRID
UO,40+,HJ,44,RAISE,green,6,UO/40+/HJ.png,VERIFIED_BY_COLOR_GRID
UO,40+,HJ,43s,UNSELECTED,gray,4,UO/40+/HJ.png,VERIFIED_BY_COLOR_GRID
UO,40+,HJ,42s,UNSELECTED,gray,4,UO/40+/HJ.png,VERIFIED_BY_COLOR_GRID
UO,40+,HJ,A3o,UNSELECTED,gray,12,UO/40+/HJ.png,VERIFIED_BY_COLOR_GRID
UO,40+,HJ,K3o,UNSELECTED,gray,12,UO/40+/HJ.png,VERIFIED_BY_COLOR_GRID
UO,40+,HJ,Q3o,UNSELECTED,gray,12,UO/40+/HJ.png,VERIFIED_BY_COLOR_GRID
UO,40+,HJ,J3o,UNSELECTED,gray,12,UO/40+/HJ.png,VERIFIED_BY_COLOR_GRID
UO,40+,HJ,T3o,UNSELECTED,gray,12,UO/40+/HJ.png,VERIFIED_BY_COLOR_GRID
UO,40+,HJ,93o,UNSELECTED,gray,12,UO/40+/HJ.png,VERIFIED_BY_COLOR_GRID
UO,40+,HJ,83o,UNSELECTED,gray,12,UO/40+/HJ.png,VERIFIED_BY_COLOR_GRID
UO,40+,HJ,73o,UNSELECTED,gray,12,UO/40+/HJ.png,VERIFIED_BY_COLOR_GRID
UO,40+,HJ,63o,UNSELECTED,gray,12,UO/40+/HJ.png,VERIFIED_BY_COLOR_GRID
UO,40+,HJ,53o,UNSELECTED,gray,12,UO/40+/HJ.png,VERIFIED_BY_COLOR_GRID
UO,40+,HJ,43o,RAISE,green,12,UO/40+/HJ.png,VERIFIED_BY_COLOR_GRID
UO,40+,HJ,33,RAISE,green,6,UO/40+/HJ.png,VERIFIED_BY_COLOR_GRID
UO,40+,HJ,32s,UNSELECTED,gray,4,UO/40+/HJ.png,VERIFIED_BY_COLOR_GRID
UO,40+,HJ,A2o,UNSELECTED,gray,12,UO/40+/HJ.png,VERIFIED_BY_COLOR_GRID
UO,40+,HJ,K2o,UNSELECTED,gray,12,UO/40+/HJ.png,VERIFIED_BY_COLOR_GRID
UO,40+,HJ,Q2o,UNSELECTED,gray,12,UO/40+/HJ.png,VERIFIED_BY_COLOR_GRID
UO,40+,HJ,J2o,UNSELECTED,gray,12,UO/40+/HJ.png,VERIFIED_BY_COLOR_GRID
UO,40+,HJ,T2o,UNSELECTED,gray,12,UO/40+/HJ.png,VERIFIED_BY_COLOR_GRID
UO,40+,HJ,92o,UNSELECTED,gray,12,UO/40+/HJ.png,VERIFIED_BY_COLOR_GRID
UO,40+,HJ,82o,UNSELECTED,gray,12,UO/40+/HJ.png,VERIFIED_BY_COLOR_GRID
UO,40+,HJ,72o,UNSELECTED,gray,12,UO/40+/HJ.png,VERIFIED_BY_COLOR_GRID
UO,40+,HJ,62o,UNSELECTED,gray,12,UO/40+/HJ.png,VERIFIED_BY_COLOR_GRID
UO,40+,HJ,52o,UNSELECTED,gray,12,UO/40+/HJ.png,VERIFIED_BY_COLOR_GRID
UO,40+,HJ,42o,UNSELECTED,gray,12,UO/40+/HJ.png,VERIFIED_BY_COLOR_GRID
UO,40+,HJ,32o,RAISE,green,12,UO/40+/HJ.png,VERIFIED_BY_COLOR_GRID
UO,40+,HJ,22,RAISE,green,6,UO/40+/HJ.png,VERIFIED_BY_COLOR_GRID
UO,40+,CO,AA,RAISE,green,6,UO/40+/CO.png,VERIFIED_BY_COLOR_GRID
UO,40+,CO,AKs,RAISE,green,4,UO/40+/CO.png,VERIFIED_BY_COLOR_GRID
UO,40+,CO,AQs,RAISE,green,4,UO/40+/CO.png,VERIFIED_BY_COLOR_GRID
UO,40+,CO,AJs,RAISE,green,4,UO/40+/CO.png,VERIFIED_BY_COLOR_GRID
UO,40+,CO,ATs,RAISE,green,4,UO/40+/CO.png,VERIFIED_BY_COLOR_GRID
UO,40+,CO,A9s,RAISE,green,4,UO/40+/CO.png,VERIFIED_BY_COLOR_GRID
UO,40+,CO,A8s,RAISE,green,4,UO/40+/CO.png,VERIFIED_BY_COLOR_GRID
UO,40+,CO,A7s,RAISE,green,4,UO/40+/CO.png,VERIFIED_BY_COLOR_GRID
UO,40+,CO,A6s,RAISE,green,4,UO/40+/CO.png,VERIFIED_BY_COLOR_GRID
UO,40+,CO,A5s,RAISE,green,4,UO/40+/CO.png,VERIFIED_BY_COLOR_GRID
UO,40+,CO,A4s,RAISE,green,4,UO/40+/CO.png,VERIFIED_BY_COLOR_GRID
UO,40+,CO,A3s,RAISE,green,4,UO/40+/CO.png,VERIFIED_BY_COLOR_GRID
UO,40+,CO,A2s,RAISE,green,4,UO/40+/CO.png,VERIFIED_BY_COLOR_GRID
UO,40+,CO,AKo,RAISE,green,12,UO/40+/CO.png,VERIFIED_BY_COLOR_GRID
UO,40+,CO,KK,RAISE,green,6,UO/40+/CO.png,VERIFIED_BY_COLOR_GRID
UO,40+,CO,KQs,RAISE,green,4,UO/40+/CO.png,VERIFIED_BY_COLOR_GRID
UO,40+,CO,KJs,RAISE,green,4,UO/40+/CO.png,VERIFIED_BY_COLOR_GRID
UO,40+,CO,KTs,RAISE,green,4,UO/40+/CO.png,VERIFIED_BY_COLOR_GRID
UO,40+,CO,K9s,RAISE,green,4,UO/40+/CO.png,VERIFIED_BY_COLOR_GRID
UO,40+,CO,K8s,RAISE,green,4,UO/40+/CO.png,VERIFIED_BY_COLOR_GRID
UO,40+,CO,K7s,RAISE,green,4,UO/40+/CO.png,VERIFIED_BY_COLOR_GRID
UO,40+,CO,K6s,RAISE,green,4,UO/40+/CO.png,VERIFIED_BY_COLOR_GRID
UO,40+,CO,K5s,RAISE,green,4,UO/40+/CO.png,VERIFIED_BY_COLOR_GRID
UO,40+,CO,K4s,RAISE,green,4,UO/40+/CO.png,VERIFIED_BY_COLOR_GRID
UO,40+,CO,K3s,RAISE,green,4,UO/40+/CO.png,VERIFIED_BY_COLOR_GRID
UO,40+,CO,K2s,RAISE,green,4,UO/40+/CO.png,VERIFIED_BY_COLOR_GRID
UO,40+,CO,AQo,RAISE,green,12,UO/40+/CO.png,VERIFIED_BY_COLOR_GRID
UO,40+,CO,KQo,RAISE,green,12,UO/40+/CO.png,VERIFIED_BY_COLOR_GRID
UO,40+,CO,QQ,RAISE,green,6,UO/40+/CO.png,VERIFIED_BY_COLOR_GRID
UO,40+,CO,QJs,RAISE,green,4,UO/40+/CO.png,VERIFIED_BY_COLOR_GRID
UO,40+,CO,QTs,RAISE,green,4,UO/40+/CO.png,VERIFIED_BY_COLOR_GRID
UO,40+,CO,Q9s,RAISE,green,4,UO/40+/CO.png,VERIFIED_BY_COLOR_GRID
UO,40+,CO,Q8s,RAISE,green,4,UO/40+/CO.png,VERIFIED_BY_COLOR_GRID
UO,40+,CO,Q7s,RAISE,green,4,UO/40+/CO.png,VERIFIED_BY_COLOR_GRID
UO,40+,CO,Q6s,RAISE,green,4,UO/40+/CO.png,VERIFIED_BY_COLOR_GRID
UO,40+,CO,Q5s,RAISE,green,4,UO/40+/CO.png,VERIFIED_BY_COLOR_GRID
UO,40+,CO,Q4s,RAISE,green,4,UO/40+/CO.png,VERIFIED_BY_COLOR_GRID
UO,40+,CO,Q3s,RAISE,green,4,UO/40+/CO.png,VERIFIED_BY_COLOR_GRID
UO,40+,CO,Q2s,RAISE,green,4,UO/40+/CO.png,VERIFIED_BY_COLOR_GRID
UO,40+,CO,AJo,RAISE,green,12,UO/40+/CO.png,VERIFIED_BY_COLOR_GRID
UO,40+,CO,KJo,RAISE,green,12,UO/40+/CO.png,VERIFIED_BY_COLOR_GRID
UO,40+,CO,QJo,RAISE,green,12,UO/40+/CO.png,VERIFIED_BY_COLOR_GRID
UO,40+,CO,JJ,RAISE,green,6,UO/40+/CO.png,VERIFIED_BY_COLOR_GRID
UO,40+,CO,JTs,RAISE,green,4,UO/40+/CO.png,VERIFIED_BY_COLOR_GRID
UO,40+,CO,J9s,RAISE,green,4,UO/40+/CO.png,VERIFIED_BY_COLOR_GRID
UO,40+,CO,J8s,RAISE,green,4,UO/40+/CO.png,VERIFIED_BY_COLOR_GRID
UO,40+,CO,J7s,RAISE,green,4,UO/40+/CO.png,VERIFIED_BY_COLOR_GRID
UO,40+,CO,J6s,LOW_PLAYABILITY,cyan,4,UO/40+/CO.png,VERIFIED_BY_COLOR_GRID
UO,40+,CO,J5s,LOW_PLAYABILITY,cyan,4,UO/40+/CO.png,VERIFIED_BY_COLOR_GRID
UO,40+,CO,J4s,LOW_PLAYABILITY,cyan,4,UO/40+/CO.png,VERIFIED_BY_COLOR_GRID
UO,40+,CO,J3s,LOW_PLAYABILITY,cyan,4,UO/40+/CO.png,VERIFIED_BY_COLOR_GRID
UO,40+,CO,J2s,LOW_PLAYABILITY,cyan,4,UO/40+/CO.png,VERIFIED_BY_COLOR_GRID
UO,40+,CO,ATo,RAISE,green,12,UO/40+/CO.png,VERIFIED_BY_COLOR_GRID
UO,40+,CO,KTo,RAISE,green,12,UO/40+/CO.png,VERIFIED_BY_COLOR_GRID
UO,40+,CO,QTo,RAISE,green,12,UO/40+/CO.png,VERIFIED_BY_COLOR_GRID
UO,40+,CO,JTo,RAISE,green,12,UO/40+/CO.png,VERIFIED_BY_COLOR_GRID
UO,40+,CO,TT,RAISE,green,6,UO/40+/CO.png,VERIFIED_BY_COLOR_GRID
UO,40+,CO,T9s,RAISE,green,4,UO/40+/CO.png,VERIFIED_BY_COLOR_GRID
UO,40+,CO,T8s,RAISE,green,4,UO/40+/CO.png,VERIFIED_BY_COLOR_GRID
UO,40+,CO,T7s,RAISE,green,4,UO/40+/CO.png,VERIFIED_BY_COLOR_GRID
UO,40+,CO,T6s,LOW_PLAYABILITY,cyan,4,UO/40+/CO.png,VERIFIED_BY_COLOR_GRID
UO,40+,CO,T5s,LOW_PLAYABILITY,cyan,4,UO/40+/CO.png,VERIFIED_BY_COLOR_GRID
UO,40+,CO,T4s,LOW_PLAYABILITY,cyan,4,UO/40+/CO.png,VERIFIED_BY_COLOR_GRID
UO,40+,CO,T3s,LOW_PLAYABILITY,cyan,4,UO/40+/CO.png,VERIFIED_BY_COLOR_GRID
UO,40+,CO,T2s,LOW_PLAYABILITY,cyan,4,UO/40+/CO.png,VERIFIED_BY_COLOR_GRID
UO,40+,CO,A9o,RAISE,green,12,UO/40+/CO.png,VERIFIED_BY_COLOR_GRID
UO,40+,CO,K9o,RAISE,green,12,UO/40+/CO.png,VERIFIED_BY_COLOR_GRID
UO,40+,CO,Q9o,RAISE,green,12,UO/40+/CO.png,VERIFIED_BY_COLOR_GRID
UO,40+,CO,J9o,RAISE,green,12,UO/40+/CO.png,VERIFIED_BY_COLOR_GRID
UO,40+,CO,T9o,RAISE,green,12,UO/40+/CO.png,VERIFIED_BY_COLOR_GRID
UO,40+,CO,99,RAISE,green,6,UO/40+/CO.png,VERIFIED_BY_COLOR_GRID
UO,40+,CO,98s,RAISE,green,4,UO/40+/CO.png,VERIFIED_BY_COLOR_GRID
UO,40+,CO,97s,RAISE,green,4,UO/40+/CO.png,VERIFIED_BY_COLOR_GRID
UO,40+,CO,96s,LOW_PLAYABILITY,cyan,4,UO/40+/CO.png,VERIFIED_BY_COLOR_GRID
UO,40+,CO,95s,LOW_PLAYABILITY,cyan,4,UO/40+/CO.png,VERIFIED_BY_COLOR_GRID
UO,40+,CO,94s,LOW_PLAYABILITY,cyan,4,UO/40+/CO.png,VERIFIED_BY_COLOR_GRID
UO,40+,CO,93s,LOW_PLAYABILITY,cyan,4,UO/40+/CO.png,VERIFIED_BY_COLOR_GRID
UO,40+,CO,92s,LOW_PLAYABILITY,cyan,4,UO/40+/CO.png,VERIFIED_BY_COLOR_GRID
UO,40+,CO,A8o,RAISE,green,12,UO/40+/CO.png,VERIFIED_BY_COLOR_GRID
UO,40+,CO,K8o,RAISE,green,12,UO/40+/CO.png,VERIFIED_BY_COLOR_GRID
UO,40+,CO,Q8o,RAISE,green,12,UO/40+/CO.png,VERIFIED_BY_COLOR_GRID
UO,40+,CO,J8o,LOW_PLAYABILITY,cyan,12,UO/40+/CO.png,VERIFIED_BY_COLOR_GRID
UO,40+,CO,T8o,LOW_PLAYABILITY,cyan,12,UO/40+/CO.png,VERIFIED_BY_COLOR_GRID
UO,40+,CO,98o,LOW_PLAYABILITY,cyan,12,UO/40+/CO.png,VERIFIED_BY_COLOR_GRID
UO,40+,CO,88,RAISE,green,6,UO/40+/CO.png,VERIFIED_BY_COLOR_GRID
UO,40+,CO,87s,RAISE,green,4,UO/40+/CO.png,VERIFIED_BY_COLOR_GRID
UO,40+,CO,86s,RAISE,green,4,UO/40+/CO.png,VERIFIED_BY_COLOR_GRID
UO,40+,CO,85s,LOW_PLAYABILITY,cyan,4,UO/40+/CO.png,VERIFIED_BY_COLOR_GRID
UO,40+,CO,84s,LOW_PLAYABILITY,cyan,4,UO/40+/CO.png,VERIFIED_BY_COLOR_GRID
UO,40+,CO,83s,LOW_PLAYABILITY,cyan,4,UO/40+/CO.png,VERIFIED_BY_COLOR_GRID
UO,40+,CO,82s,LOW_PLAYABILITY,cyan,4,UO/40+/CO.png,VERIFIED_BY_COLOR_GRID
UO,40+,CO,A7o,RAISE,green,12,UO/40+/CO.png,VERIFIED_BY_COLOR_GRID
UO,40+,CO,K7o,RAISE,green,12,UO/40+/CO.png,VERIFIED_BY_COLOR_GRID
UO,40+,CO,Q7o,LOW_PLAYABILITY,cyan,12,UO/40+/CO.png,VERIFIED_BY_COLOR_GRID
UO,40+,CO,J7o,LOW_PLAYABILITY,cyan,12,UO/40+/CO.png,VERIFIED_BY_COLOR_GRID
UO,40+,CO,T7o,LOW_PLAYABILITY,cyan,12,UO/40+/CO.png,VERIFIED_BY_COLOR_GRID
UO,40+,CO,97o,LOW_PLAYABILITY,cyan,12,UO/40+/CO.png,VERIFIED_BY_COLOR_GRID
UO,40+,CO,87o,LOW_PLAYABILITY,cyan,12,UO/40+/CO.png,VERIFIED_BY_COLOR_GRID
UO,40+,CO,77,RAISE,green,6,UO/40+/CO.png,VERIFIED_BY_COLOR_GRID
UO,40+,CO,76s,RAISE,green,4,UO/40+/CO.png,VERIFIED_BY_COLOR_GRID
UO,40+,CO,75s,RAISE,green,4,UO/40+/CO.png,VERIFIED_BY_COLOR_GRID
UO,40+,CO,74s,LOW_PLAYABILITY,cyan,4,UO/40+/CO.png,VERIFIED_BY_COLOR_GRID
UO,40+,CO,73s,LOW_PLAYABILITY,cyan,4,UO/40+/CO.png,VERIFIED_BY_COLOR_GRID
UO,40+,CO,72s,LOW_PLAYABILITY,cyan,4,UO/40+/CO.png,VERIFIED_BY_COLOR_GRID
UO,40+,CO,A6o,RAISE,green,12,UO/40+/CO.png,VERIFIED_BY_COLOR_GRID
UO,40+,CO,K6o,LOW_PLAYABILITY,cyan,12,UO/40+/CO.png,VERIFIED_BY_COLOR_GRID
UO,40+,CO,Q6o,LOW_PLAYABILITY,cyan,12,UO/40+/CO.png,VERIFIED_BY_COLOR_GRID
UO,40+,CO,J6o,UNSELECTED,gray,12,UO/40+/CO.png,VERIFIED_BY_COLOR_GRID
UO,40+,CO,T6o,UNSELECTED,gray,12,UO/40+/CO.png,VERIFIED_BY_COLOR_GRID
UO,40+,CO,96o,UNSELECTED,gray,12,UO/40+/CO.png,VERIFIED_BY_COLOR_GRID
UO,40+,CO,86o,LOW_PLAYABILITY,cyan,12,UO/40+/CO.png,VERIFIED_BY_COLOR_GRID
UO,40+,CO,76o,LOW_PLAYABILITY,cyan,12,UO/40+/CO.png,VERIFIED_BY_COLOR_GRID
UO,40+,CO,66,RAISE,green,6,UO/40+/CO.png,VERIFIED_BY_COLOR_GRID
UO,40+,CO,65s,RAISE,green,4,UO/40+/CO.png,VERIFIED_BY_COLOR_GRID
UO,40+,CO,64s,RAISE,green,4,UO/40+/CO.png,VERIFIED_BY_COLOR_GRID
UO,40+,CO,63s,LOW_PLAYABILITY,cyan,4,UO/40+/CO.png,VERIFIED_BY_COLOR_GRID
UO,40+,CO,62s,LOW_PLAYABILITY,cyan,4,UO/40+/CO.png,VERIFIED_BY_COLOR_GRID
UO,40+,CO,A5o,RAISE,green,12,UO/40+/CO.png,VERIFIED_BY_COLOR_GRID
UO,40+,CO,K5o,LOW_PLAYABILITY,cyan,12,UO/40+/CO.png,VERIFIED_BY_COLOR_GRID
UO,40+,CO,Q5o,LOW_PLAYABILITY,cyan,12,UO/40+/CO.png,VERIFIED_BY_COLOR_GRID
UO,40+,CO,J5o,UNSELECTED,gray,12,UO/40+/CO.png,VERIFIED_BY_COLOR_GRID
UO,40+,CO,T5o,UNSELECTED,gray,12,UO/40+/CO.png,VERIFIED_BY_COLOR_GRID
UO,40+,CO,95o,UNSELECTED,gray,12,UO/40+/CO.png,VERIFIED_BY_COLOR_GRID
UO,40+,CO,85o,UNSELECTED,gray,12,UO/40+/CO.png,VERIFIED_BY_COLOR_GRID
UO,40+,CO,75o,LOW_PLAYABILITY,cyan,12,UO/40+/CO.png,VERIFIED_BY_COLOR_GRID
UO,40+,CO,65o,LOW_PLAYABILITY,cyan,12,UO/40+/CO.png,VERIFIED_BY_COLOR_GRID
UO,40+,CO,55,RAISE,green,6,UO/40+/CO.png,VERIFIED_BY_COLOR_GRID
UO,40+,CO,54s,RAISE,green,4,UO/40+/CO.png,VERIFIED_BY_COLOR_GRID
UO,40+,CO,53s,RAISE,green,4,UO/40+/CO.png,VERIFIED_BY_COLOR_GRID
UO,40+,CO,52s,LOW_PLAYABILITY,cyan,4,UO/40+/CO.png,VERIFIED_BY_COLOR_GRID
UO,40+,CO,A4o,RAISE,green,12,UO/40+/CO.png,VERIFIED_BY_COLOR_GRID
UO,40+,CO,K4o,LOW_PLAYABILITY,cyan,12,UO/40+/CO.png,VERIFIED_BY_COLOR_GRID
UO,40+,CO,Q4o,LOW_PLAYABILITY,cyan,12,UO/40+/CO.png,VERIFIED_BY_COLOR_GRID
UO,40+,CO,J4o,UNSELECTED,gray,12,UO/40+/CO.png,VERIFIED_BY_COLOR_GRID
UO,40+,CO,T4o,UNSELECTED,gray,12,UO/40+/CO.png,VERIFIED_BY_COLOR_GRID
UO,40+,CO,94o,UNSELECTED,gray,12,UO/40+/CO.png,VERIFIED_BY_COLOR_GRID
UO,40+,CO,84o,UNSELECTED,gray,12,UO/40+/CO.png,VERIFIED_BY_COLOR_GRID
UO,40+,CO,74o,UNSELECTED,gray,12,UO/40+/CO.png,VERIFIED_BY_COLOR_GRID
UO,40+,CO,64o,LOW_PLAYABILITY,cyan,12,UO/40+/CO.png,VERIFIED_BY_COLOR_GRID
UO,40+,CO,54o,RAISE,green,12,UO/40+/CO.png,VERIFIED_BY_COLOR_GRID
UO,40+,CO,44,RAISE,green,6,UO/40+/CO.png,VERIFIED_BY_COLOR_GRID
UO,40+,CO,43s,RAISE,green,4,UO/40+/CO.png,VERIFIED_BY_COLOR_GRID
UO,40+,CO,42s,LOW_PLAYABILITY,cyan,4,UO/40+/CO.png,VERIFIED_BY_COLOR_GRID
UO,40+,CO,A3o,RAISE,green,12,UO/40+/CO.png,VERIFIED_BY_COLOR_GRID
UO,40+,CO,K3o,LOW_PLAYABILITY,cyan,12,UO/40+/CO.png,VERIFIED_BY_COLOR_GRID
UO,40+,CO,Q3o,UNSELECTED,gray,12,UO/40+/CO.png,VERIFIED_BY_COLOR_GRID
UO,40+,CO,J3o,UNSELECTED,gray,12,UO/40+/CO.png,VERIFIED_BY_COLOR_GRID
UO,40+,CO,T3o,UNSELECTED,gray,12,UO/40+/CO.png,VERIFIED_BY_COLOR_GRID
UO,40+,CO,93o,UNSELECTED,gray,12,UO/40+/CO.png,VERIFIED_BY_COLOR_GRID
UO,40+,CO,83o,UNSELECTED,gray,12,UO/40+/CO.png,VERIFIED_BY_COLOR_GRID
UO,40+,CO,73o,UNSELECTED,gray,12,UO/40+/CO.png,VERIFIED_BY_COLOR_GRID
UO,40+,CO,63o,UNSELECTED,gray,12,UO/40+/CO.png,VERIFIED_BY_COLOR_GRID
UO,40+,CO,53o,UNSELECTED,gray,12,UO/40+/CO.png,VERIFIED_BY_COLOR_GRID
UO,40+,CO,43o,RAISE,green,12,UO/40+/CO.png,VERIFIED_BY_COLOR_GRID
UO,40+,CO,33,RAISE,green,6,UO/40+/CO.png,VERIFIED_BY_COLOR_GRID
UO,40+,CO,32s,LOW_PLAYABILITY,cyan,4,UO/40+/CO.png,VERIFIED_BY_COLOR_GRID
UO,40+,CO,A2o,RAISE,green,12,UO/40+/CO.png,VERIFIED_BY_COLOR_GRID
UO,40+,CO,K2o,LOW_PLAYABILITY,cyan,12,UO/40+/CO.png,VERIFIED_BY_COLOR_GRID
UO,40+,CO,Q2o,UNSELECTED,gray,12,UO/40+/CO.png,VERIFIED_BY_COLOR_GRID
UO,40+,CO,J2o,UNSELECTED,gray,12,UO/40+/CO.png,VERIFIED_BY_COLOR_GRID
UO,40+,CO,T2o,UNSELECTED,gray,12,UO/40+/CO.png,VERIFIED_BY_COLOR_GRID
UO,40+,CO,92o,UNSELECTED,gray,12,UO/40+/CO.png,VERIFIED_BY_COLOR_GRID
UO,40+,CO,82o,UNSELECTED,gray,12,UO/40+/CO.png,VERIFIED_BY_COLOR_GRID
UO,40+,CO,72o,UNSELECTED,gray,12,UO/40+/CO.png,VERIFIED_BY_COLOR_GRID
UO,40+,CO,62o,UNSELECTED,gray,12,UO/40+/CO.png,VERIFIED_BY_COLOR_GRID
UO,40+,CO,52o,UNSELECTED,gray,12,UO/40+/CO.png,VERIFIED_BY_COLOR_GRID
UO,40+,CO,42o,UNSELECTED,gray,12,UO/40+/CO.png,VERIFIED_BY_COLOR_GRID
UO,40+,CO,32o,RAISE,green,12,UO/40+/CO.png,VERIFIED_BY_COLOR_GRID
UO,40+,CO,22,RAISE,green,6,UO/40+/CO.png,VERIFIED_BY_COLOR_GRID
UO,40+,BTN,AA,RAISE,green,6,UO/40+/BTN.png,VERIFIED_BY_COLOR_GRID
UO,40+,BTN,AKs,RAISE,green,4,UO/40+/BTN.png,VERIFIED_BY_COLOR_GRID
UO,40+,BTN,AQs,RAISE,green,4,UO/40+/BTN.png,VERIFIED_BY_COLOR_GRID
UO,40+,BTN,AJs,RAISE,green,4,UO/40+/BTN.png,VERIFIED_BY_COLOR_GRID
UO,40+,BTN,ATs,RAISE,green,4,UO/40+/BTN.png,VERIFIED_BY_COLOR_GRID
UO,40+,BTN,A9s,RAISE,green,4,UO/40+/BTN.png,VERIFIED_BY_COLOR_GRID
UO,40+,BTN,A8s,RAISE,green,4,UO/40+/BTN.png,VERIFIED_BY_COLOR_GRID
UO,40+,BTN,A7s,RAISE,green,4,UO/40+/BTN.png,VERIFIED_BY_COLOR_GRID
UO,40+,BTN,A6s,RAISE,green,4,UO/40+/BTN.png,VERIFIED_BY_COLOR_GRID
UO,40+,BTN,A5s,RAISE,green,4,UO/40+/BTN.png,VERIFIED_BY_COLOR_GRID
UO,40+,BTN,A4s,RAISE,green,4,UO/40+/BTN.png,VERIFIED_BY_COLOR_GRID
UO,40+,BTN,A3s,RAISE,green,4,UO/40+/BTN.png,VERIFIED_BY_COLOR_GRID
UO,40+,BTN,A2s,RAISE,green,4,UO/40+/BTN.png,VERIFIED_BY_COLOR_GRID
UO,40+,BTN,AKo,RAISE,green,12,UO/40+/BTN.png,VERIFIED_BY_COLOR_GRID
UO,40+,BTN,KK,RAISE,green,6,UO/40+/BTN.png,VERIFIED_BY_COLOR_GRID
UO,40+,BTN,KQs,RAISE,green,4,UO/40+/BTN.png,VERIFIED_BY_COLOR_GRID
UO,40+,BTN,KJs,RAISE,green,4,UO/40+/BTN.png,VERIFIED_BY_COLOR_GRID
UO,40+,BTN,KTs,RAISE,green,4,UO/40+/BTN.png,VERIFIED_BY_COLOR_GRID
UO,40+,BTN,K9s,RAISE,green,4,UO/40+/BTN.png,VERIFIED_BY_COLOR_GRID
UO,40+,BTN,K8s,RAISE,green,4,UO/40+/BTN.png,VERIFIED_BY_COLOR_GRID
UO,40+,BTN,K7s,RAISE,green,4,UO/40+/BTN.png,VERIFIED_BY_COLOR_GRID
UO,40+,BTN,K6s,RAISE,green,4,UO/40+/BTN.png,VERIFIED_BY_COLOR_GRID
UO,40+,BTN,K5s,RAISE,green,4,UO/40+/BTN.png,VERIFIED_BY_COLOR_GRID
UO,40+,BTN,K4s,RAISE,green,4,UO/40+/BTN.png,VERIFIED_BY_COLOR_GRID
UO,40+,BTN,K3s,RAISE,green,4,UO/40+/BTN.png,VERIFIED_BY_COLOR_GRID
UO,40+,BTN,K2s,RAISE,green,4,UO/40+/BTN.png,VERIFIED_BY_COLOR_GRID
UO,40+,BTN,AQo,RAISE,green,12,UO/40+/BTN.png,VERIFIED_BY_COLOR_GRID
UO,40+,BTN,KQo,RAISE,green,12,UO/40+/BTN.png,VERIFIED_BY_COLOR_GRID
UO,40+,BTN,QQ,RAISE,green,6,UO/40+/BTN.png,VERIFIED_BY_COLOR_GRID
UO,40+,BTN,QJs,RAISE,green,4,UO/40+/BTN.png,VERIFIED_BY_COLOR_GRID
UO,40+,BTN,QTs,RAISE,green,4,UO/40+/BTN.png,VERIFIED_BY_COLOR_GRID
UO,40+,BTN,Q9s,RAISE,green,4,UO/40+/BTN.png,VERIFIED_BY_COLOR_GRID
UO,40+,BTN,Q8s,RAISE,green,4,UO/40+/BTN.png,VERIFIED_BY_COLOR_GRID
UO,40+,BTN,Q7s,RAISE,green,4,UO/40+/BTN.png,VERIFIED_BY_COLOR_GRID
UO,40+,BTN,Q6s,RAISE,green,4,UO/40+/BTN.png,VERIFIED_BY_COLOR_GRID
UO,40+,BTN,Q5s,RAISE,green,4,UO/40+/BTN.png,VERIFIED_BY_COLOR_GRID
UO,40+,BTN,Q4s,RAISE,green,4,UO/40+/BTN.png,VERIFIED_BY_COLOR_GRID
UO,40+,BTN,Q3s,RAISE,green,4,UO/40+/BTN.png,VERIFIED_BY_COLOR_GRID
UO,40+,BTN,Q2s,RAISE,green,4,UO/40+/BTN.png,VERIFIED_BY_COLOR_GRID
UO,40+,BTN,AJo,RAISE,green,12,UO/40+/BTN.png,VERIFIED_BY_COLOR_GRID
UO,40+,BTN,KJo,RAISE,green,12,UO/40+/BTN.png,VERIFIED_BY_COLOR_GRID
UO,40+,BTN,QJo,RAISE,green,12,UO/40+/BTN.png,VERIFIED_BY_COLOR_GRID
UO,40+,BTN,JJ,RAISE,green,6,UO/40+/BTN.png,VERIFIED_BY_COLOR_GRID
UO,40+,BTN,JTs,RAISE,green,4,UO/40+/BTN.png,VERIFIED_BY_COLOR_GRID
UO,40+,BTN,J9s,RAISE,green,4,UO/40+/BTN.png,VERIFIED_BY_COLOR_GRID
UO,40+,BTN,J8s,RAISE,green,4,UO/40+/BTN.png,VERIFIED_BY_COLOR_GRID
UO,40+,BTN,J7s,RAISE,green,4,UO/40+/BTN.png,VERIFIED_BY_COLOR_GRID
UO,40+,BTN,J6s,RAISE,green,4,UO/40+/BTN.png,VERIFIED_BY_COLOR_GRID
UO,40+,BTN,J5s,RAISE,green,4,UO/40+/BTN.png,VERIFIED_BY_COLOR_GRID
UO,40+,BTN,J4s,RAISE,green,4,UO/40+/BTN.png,VERIFIED_BY_COLOR_GRID
UO,40+,BTN,J3s,RAISE,green,4,UO/40+/BTN.png,VERIFIED_BY_COLOR_GRID
UO,40+,BTN,J2s,RAISE,green,4,UO/40+/BTN.png,VERIFIED_BY_COLOR_GRID
UO,40+,BTN,ATo,RAISE,green,12,UO/40+/BTN.png,VERIFIED_BY_COLOR_GRID
UO,40+,BTN,KTo,RAISE,green,12,UO/40+/BTN.png,VERIFIED_BY_COLOR_GRID
UO,40+,BTN,QTo,RAISE,green,12,UO/40+/BTN.png,VERIFIED_BY_COLOR_GRID
UO,40+,BTN,JTo,RAISE,green,12,UO/40+/BTN.png,VERIFIED_BY_COLOR_GRID
UO,40+,BTN,TT,RAISE,green,6,UO/40+/BTN.png,VERIFIED_BY_COLOR_GRID
UO,40+,BTN,T9s,RAISE,green,4,UO/40+/BTN.png,VERIFIED_BY_COLOR_GRID
UO,40+,BTN,T8s,RAISE,green,4,UO/40+/BTN.png,VERIFIED_BY_COLOR_GRID
UO,40+,BTN,T7s,RAISE,green,4,UO/40+/BTN.png,VERIFIED_BY_COLOR_GRID
UO,40+,BTN,T6s,RAISE,green,4,UO/40+/BTN.png,VERIFIED_BY_COLOR_GRID
UO,40+,BTN,T5s,RAISE,green,4,UO/40+/BTN.png,VERIFIED_BY_COLOR_GRID
UO,40+,BTN,T4s,RAISE,green,4,UO/40+/BTN.png,VERIFIED_BY_COLOR_GRID
UO,40+,BTN,T3s,RAISE,green,4,UO/40+/BTN.png,VERIFIED_BY_COLOR_GRID
UO,40+,BTN,T2s,RAISE,green,4,UO/40+/BTN.png,VERIFIED_BY_COLOR_GRID
UO,40+,BTN,A9o,RAISE,green,12,UO/40+/BTN.png,VERIFIED_BY_COLOR_GRID
UO,40+,BTN,K9o,RAISE,green,12,UO/40+/BTN.png,VERIFIED_BY_COLOR_GRID
UO,40+,BTN,Q9o,RAISE,green,12,UO/40+/BTN.png,VERIFIED_BY_COLOR_GRID
UO,40+,BTN,J9o,RAISE,green,12,UO/40+/BTN.png,VERIFIED_BY_COLOR_GRID
UO,40+,BTN,T9o,RAISE,green,12,UO/40+/BTN.png,VERIFIED_BY_COLOR_GRID
UO,40+,BTN,99,RAISE,green,6,UO/40+/BTN.png,VERIFIED_BY_COLOR_GRID
UO,40+,BTN,98s,RAISE,green,4,UO/40+/BTN.png,VERIFIED_BY_COLOR_GRID
UO,40+,BTN,97s,RAISE,green,4,UO/40+/BTN.png,VERIFIED_BY_COLOR_GRID
UO,40+,BTN,96s,RAISE,green,4,UO/40+/BTN.png,VERIFIED_BY_COLOR_GRID
UO,40+,BTN,95s,RAISE,green,4,UO/40+/BTN.png,VERIFIED_BY_COLOR_GRID
UO,40+,BTN,94s,RAISE,green,4,UO/40+/BTN.png,VERIFIED_BY_COLOR_GRID
UO,40+,BTN,93s,RAISE,green,4,UO/40+/BTN.png,VERIFIED_BY_COLOR_GRID
UO,40+,BTN,92s,RAISE,green,4,UO/40+/BTN.png,VERIFIED_BY_COLOR_GRID
UO,40+,BTN,A8o,RAISE,green,12,UO/40+/BTN.png,VERIFIED_BY_COLOR_GRID
UO,40+,BTN,K8o,RAISE,green,12,UO/40+/BTN.png,VERIFIED_BY_COLOR_GRID
UO,40+,BTN,Q8o,RAISE,green,12,UO/40+/BTN.png,VERIFIED_BY_COLOR_GRID
UO,40+,BTN,J8o,RAISE,green,12,UO/40+/BTN.png,VERIFIED_BY_COLOR_GRID
UO,40+,BTN,T8o,RAISE,green,12,UO/40+/BTN.png,VERIFIED_BY_COLOR_GRID
UO,40+,BTN,98o,RAISE,green,12,UO/40+/BTN.png,VERIFIED_BY_COLOR_GRID
UO,40+,BTN,88,RAISE,green,6,UO/40+/BTN.png,VERIFIED_BY_COLOR_GRID
UO,40+,BTN,87s,RAISE,green,4,UO/40+/BTN.png,VERIFIED_BY_COLOR_GRID
UO,40+,BTN,86s,RAISE,green,4,UO/40+/BTN.png,VERIFIED_BY_COLOR_GRID
UO,40+,BTN,85s,RAISE,green,4,UO/40+/BTN.png,VERIFIED_BY_COLOR_GRID
UO,40+,BTN,84s,RAISE,green,4,UO/40+/BTN.png,VERIFIED_BY_COLOR_GRID
UO,40+,BTN,83s,RAISE,green,4,UO/40+/BTN.png,VERIFIED_BY_COLOR_GRID
UO,40+,BTN,82s,RAISE,green,4,UO/40+/BTN.png,VERIFIED_BY_COLOR_GRID
UO,40+,BTN,A7o,RAISE,green,12,UO/40+/BTN.png,VERIFIED_BY_COLOR_GRID
UO,40+,BTN,K7o,RAISE,green,12,UO/40+/BTN.png,VERIFIED_BY_COLOR_GRID
UO,40+,BTN,Q7o,RAISE,green,12,UO/40+/BTN.png,VERIFIED_BY_COLOR_GRID
UO,40+,BTN,J7o,LOW_PLAYABILITY,cyan,12,UO/40+/BTN.png,VERIFIED_BY_COLOR_GRID
UO,40+,BTN,T7o,LOW_PLAYABILITY,cyan,12,UO/40+/BTN.png,VERIFIED_BY_COLOR_GRID
UO,40+,BTN,97o,LOW_PLAYABILITY,cyan,12,UO/40+/BTN.png,VERIFIED_BY_COLOR_GRID
UO,40+,BTN,87o,RAISE,green,12,UO/40+/BTN.png,VERIFIED_BY_COLOR_GRID
UO,40+,BTN,77,RAISE,green,6,UO/40+/BTN.png,VERIFIED_BY_COLOR_GRID
UO,40+,BTN,76s,RAISE,green,4,UO/40+/BTN.png,VERIFIED_BY_COLOR_GRID
UO,40+,BTN,75s,RAISE,green,4,UO/40+/BTN.png,VERIFIED_BY_COLOR_GRID
UO,40+,BTN,74s,RAISE,green,4,UO/40+/BTN.png,VERIFIED_BY_COLOR_GRID
UO,40+,BTN,73s,RAISE,green,4,UO/40+/BTN.png,VERIFIED_BY_COLOR_GRID
UO,40+,BTN,72s,RAISE,green,4,UO/40+/BTN.png,VERIFIED_BY_COLOR_GRID
UO,40+,BTN,A6o,RAISE,green,12,UO/40+/BTN.png,VERIFIED_BY_COLOR_GRID
UO,40+,BTN,K6o,RAISE,green,12,UO/40+/BTN.png,VERIFIED_BY_COLOR_GRID
UO,40+,BTN,Q6o,RAISE,green,12,UO/40+/BTN.png,VERIFIED_BY_COLOR_GRID
UO,40+,BTN,J6o,LOW_PLAYABILITY,cyan,12,UO/40+/BTN.png,VERIFIED_BY_COLOR_GRID
UO,40+,BTN,T6o,LOW_PLAYABILITY,cyan,12,UO/40+/BTN.png,VERIFIED_BY_COLOR_GRID
UO,40+,BTN,96o,LOW_PLAYABILITY,cyan,12,UO/40+/BTN.png,VERIFIED_BY_COLOR_GRID
UO,40+,BTN,86o,LOW_PLAYABILITY,cyan,12,UO/40+/BTN.png,VERIFIED_BY_COLOR_GRID
UO,40+,BTN,76o,RAISE,green,12,UO/40+/BTN.png,VERIFIED_BY_COLOR_GRID
UO,40+,BTN,66,RAISE,green,6,UO/40+/BTN.png,VERIFIED_BY_COLOR_GRID
UO,40+,BTN,65s,RAISE,green,4,UO/40+/BTN.png,VERIFIED_BY_COLOR_GRID
UO,40+,BTN,64s,RAISE,green,4,UO/40+/BTN.png,VERIFIED_BY_COLOR_GRID
UO,40+,BTN,63s,RAISE,green,4,UO/40+/BTN.png,VERIFIED_BY_COLOR_GRID
UO,40+,BTN,62s,RAISE,green,4,UO/40+/BTN.png,VERIFIED_BY_COLOR_GRID
UO,40+,BTN,A5o,RAISE,green,12,UO/40+/BTN.png,VERIFIED_BY_COLOR_GRID
UO,40+,BTN,K5o,RAISE,green,12,UO/40+/BTN.png,VERIFIED_BY_COLOR_GRID
UO,40+,BTN,Q5o,LOW_PLAYABILITY,cyan,12,UO/40+/BTN.png,VERIFIED_BY_COLOR_GRID
UO,40+,BTN,J5o,LOW_PLAYABILITY,cyan,12,UO/40+/BTN.png,VERIFIED_BY_COLOR_GRID
UO,40+,BTN,T5o,LOW_PLAYABILITY,cyan,12,UO/40+/BTN.png,VERIFIED_BY_COLOR_GRID
UO,40+,BTN,95o,LOW_PLAYABILITY,cyan,12,UO/40+/BTN.png,VERIFIED_BY_COLOR_GRID
UO,40+,BTN,85o,LOW_PLAYABILITY,cyan,12,UO/40+/BTN.png,VERIFIED_BY_COLOR_GRID
UO,40+,BTN,75o,LOW_PLAYABILITY,cyan,12,UO/40+/BTN.png,VERIFIED_BY_COLOR_GRID
UO,40+,BTN,65o,RAISE,green,12,UO/40+/BTN.png,VERIFIED_BY_COLOR_GRID
UO,40+,BTN,55,RAISE,green,6,UO/40+/BTN.png,VERIFIED_BY_COLOR_GRID
UO,40+,BTN,54s,RAISE,green,4,UO/40+/BTN.png,VERIFIED_BY_COLOR_GRID
UO,40+,BTN,53s,RAISE,green,4,UO/40+/BTN.png,VERIFIED_BY_COLOR_GRID
UO,40+,BTN,52s,RAISE,green,4,UO/40+/BTN.png,VERIFIED_BY_COLOR_GRID
UO,40+,BTN,A4o,RAISE,green,12,UO/40+/BTN.png,VERIFIED_BY_COLOR_GRID
UO,40+,BTN,K4o,RAISE,green,12,UO/40+/BTN.png,VERIFIED_BY_COLOR_GRID
UO,40+,BTN,Q4o,LOW_PLAYABILITY,cyan,12,UO/40+/BTN.png,VERIFIED_BY_COLOR_GRID
UO,40+,BTN,J4o,LOW_PLAYABILITY,cyan,12,UO/40+/BTN.png,VERIFIED_BY_COLOR_GRID
UO,40+,BTN,T4o,LOW_PLAYABILITY,cyan,12,UO/40+/BTN.png,VERIFIED_BY_COLOR_GRID
UO,40+,BTN,94o,LOW_PLAYABILITY,cyan,12,UO/40+/BTN.png,VERIFIED_BY_COLOR_GRID
UO,40+,BTN,84o,LOW_PLAYABILITY,cyan,12,UO/40+/BTN.png,VERIFIED_BY_COLOR_GRID
UO,40+,BTN,74o,LOW_PLAYABILITY,cyan,12,UO/40+/BTN.png,VERIFIED_BY_COLOR_GRID
UO,40+,BTN,64o,LOW_PLAYABILITY,cyan,12,UO/40+/BTN.png,VERIFIED_BY_COLOR_GRID
UO,40+,BTN,54o,LOW_PLAYABILITY,cyan,12,UO/40+/BTN.png,VERIFIED_BY_COLOR_GRID
UO,40+,BTN,44,RAISE,green,6,UO/40+/BTN.png,VERIFIED_BY_COLOR_GRID
UO,40+,BTN,43s,RAISE,green,4,UO/40+/BTN.png,VERIFIED_BY_COLOR_GRID
UO,40+,BTN,42s,RAISE,green,4,UO/40+/BTN.png,VERIFIED_BY_COLOR_GRID
UO,40+,BTN,A3o,RAISE,green,12,UO/40+/BTN.png,VERIFIED_BY_COLOR_GRID
UO,40+,BTN,K3o,RAISE,green,12,UO/40+/BTN.png,VERIFIED_BY_COLOR_GRID
UO,40+,BTN,Q3o,LOW_PLAYABILITY,cyan,12,UO/40+/BTN.png,VERIFIED_BY_COLOR_GRID
UO,40+,BTN,J3o,LOW_PLAYABILITY,cyan,12,UO/40+/BTN.png,VERIFIED_BY_COLOR_GRID
UO,40+,BTN,T3o,LOW_PLAYABILITY,cyan,12,UO/40+/BTN.png,VERIFIED_BY_COLOR_GRID
UO,40+,BTN,93o,LOW_PLAYABILITY,cyan,12,UO/40+/BTN.png,VERIFIED_BY_COLOR_GRID
UO,40+,BTN,83o,LOW_PLAYABILITY,cyan,12,UO/40+/BTN.png,VERIFIED_BY_COLOR_GRID
UO,40+,BTN,73o,LOW_PLAYABILITY,cyan,12,UO/40+/BTN.png,VERIFIED_BY_COLOR_GRID
UO,40+,BTN,63o,LOW_PLAYABILITY,cyan,12,UO/40+/BTN.png,VERIFIED_BY_COLOR_GRID
UO,40+,BTN,53o,LOW_PLAYABILITY,cyan,12,UO/40+/BTN.png,VERIFIED_BY_COLOR_GRID
UO,40+,BTN,43o,LOW_PLAYABILITY,cyan,12,UO/40+/BTN.png,VERIFIED_BY_COLOR_GRID
UO,40+,BTN,33,RAISE,green,6,UO/40+/BTN.png,VERIFIED_BY_COLOR_GRID
UO,40+,BTN,32s,RAISE,green,4,UO/40+/BTN.png,VERIFIED_BY_COLOR_GRID
UO,40+,BTN,A2o,RAISE,green,12,UO/40+/BTN.png,VERIFIED_BY_COLOR_GRID
UO,40+,BTN,K2o,RAISE,green,12,UO/40+/BTN.png,VERIFIED_BY_COLOR_GRID
UO,40+,BTN,Q2o,LOW_PLAYABILITY,cyan,12,UO/40+/BTN.png,VERIFIED_BY_COLOR_GRID
UO,40+,BTN,J2o,LOW_PLAYABILITY,cyan,12,UO/40+/BTN.png,VERIFIED_BY_COLOR_GRID
UO,40+,BTN,T2o,LOW_PLAYABILITY,cyan,12,UO/40+/BTN.png,VERIFIED_BY_COLOR_GRID
UO,40+,BTN,92o,LOW_PLAYABILITY,cyan,12,UO/40+/BTN.png,VERIFIED_BY_COLOR_GRID
UO,40+,BTN,82o,LOW_PLAYABILITY,cyan,12,UO/40+/BTN.png,VERIFIED_BY_COLOR_GRID
UO,40+,BTN,72o,LOW_PLAYABILITY,cyan,12,UO/40+/BTN.png,VERIFIED_BY_COLOR_GRID
UO,40+,BTN,62o,LOW_PLAYABILITY,cyan,12,UO/40+/BTN.png,VERIFIED_BY_COLOR_GRID
UO,40+,BTN,52o,LOW_PLAYABILITY,cyan,12,UO/40+/BTN.png,VERIFIED_BY_COLOR_GRID
UO,40+,BTN,42o,LOW_PLAYABILITY,cyan,12,UO/40+/BTN.png,VERIFIED_BY_COLOR_GRID
UO,40+,BTN,32o,LOW_PLAYABILITY,cyan,12,UO/40+/BTN.png,VERIFIED_BY_COLOR_GRID
UO,40+,BTN,22,RAISE,green,6,UO/40+/BTN.png,VERIFIED_BY_COLOR_GRID
